after_stage,rank,rider,cumulative_s,gap_s,stages_completed,status
1,1,J. VINGEGAARD,1307,0,1,DERIVED_REPRODUCIBLE
1,2,F. GANNA,1315,8,1,DERIVED_REPRODUCIBLE
1,3,T. POGACAR,1319,12,1,DERIVED_REPRODUCIBLE
1,4,J. AYUSO,1323,16,1,DERIVED_REPRODUCIBLE
1,5,R. EVENEPOEL,1326,19,1,DERIVED_REPRODUCIBLE
1,6,I. DEL TORO,1333,26,1,DERIVED_REPRODUCIBLE
1,7,D. PIGANZOLI,1335,28,1,DERIVED_REPRODUCIBLE
1,8,F. LIPOWITZ,1342,35,1,DERIVED_REPRODUCIBLE
1,9,T. FOSS,1345,38,1,DERIVED_REPRODUCIBLE
1,10,M. VAN DER POEL,1346,39,1,DERIVED_REPRODUCIBLE
1,11,P. SEIXAS,1346,39,1,DERIVED_REPRODUCIBLE
1,12,R. GREGOIRE,1348,41,1,DERIVED_REPRODUCIBLE
1,13,A. TIBERI,1354,47,1,DERIVED_REPRODUCIBLE
1,14,M. RICCITELLO,1357,50,1,DERIVED_REPRODUCIBLE
1,15,L. MARTINEZ,1357,50,1,DERIVED_REPRODUCIBLE
1,16,M. MATTHEWS,1358,51,1,DERIVED_REPRODUCIBLE
1,17,A. BAUDIN,1364,57,1,DERIVED_REPRODUCIBLE
1,18,T. PIDCOCK,1364,57,1,DERIVED_REPRODUCIBLE
1,19,I. VAN WILDER,1365,58,1,DERIVED_REPRODUCIBLE
1,20,T. JOHANNESSEN,1367,60,1,DERIVED_REPRODUCIBLE
1,21,T. ARENSMAN,1368,61,1,DERIVED_REPRODUCIBLE
1,22,J. JEGAT,1369,62,1,DERIVED_REPRODUCIBLE
1,23,M. VACEK,1379,72,1,DERIVED_REPRODUCIBLE
1,24,A. MOLENAAR,1379,72,1,DERIVED_REPRODUCIBLE
1,25,Y. VOISARD,1381,74,1,DERIVED_REPRODUCIBLE
1,26,K. VAUQUELIN,1381,74,1,DERIVED_REPRODUCIBLE
1,27,G. BENNETT,1383,76,1,DERIVED_REPRODUCIBLE
1,28,I. IZAGIRRE,1384,77,1,DERIVED_REPRODUCIBLE
1,29,R. GARCIA,1385,78,1,DERIVED_REPRODUCIBLE
1,30,J. ALAPHILIPPE,1392,85,1,DERIVED_REPRODUCIBLE
1,31,T. TRÆEN,1396,89,1,DERIVED_REPRODUCIBLE
1,32,G. STEINHAUSER,1397,90,1,DERIVED_REPRODUCIBLE
1,33,M. SKJELMOSE,1400,93,1,DERIVED_REPRODUCIBLE
1,34,L. VAN EETVELT,1403,96,1,DERIVED_REPRODUCIBLE
1,35,R. CARAPAZ,1403,96,1,DERIVED_REPRODUCIBLE
1,36,J. PARRA,1405,98,1,DERIVED_REPRODUCIBLE
1,37,P. CASTRILLO,1418,111,1,DERIVED_REPRODUCIBLE
1,38,J. CEPEDA,1418,111,1,DERIVED_REPRODUCIBLE
1,39,A. BALDERSTONE,1419,112,1,DERIVED_REPRODUCIBLE
1,40,C. UIJTDEBROEKS,1420,113,1,DERIVED_REPRODUCIBLE
1,41,R. DHONDT,1422,115,1,DERIVED_REPRODUCIBLE
1,42,L. PLAPP,1424,117,1,DERIVED_REPRODUCIBLE
1,43,S. KUSS,1425,118,1,DERIVED_REPRODUCIBLE
1,44,A. PARET PEINTRE,1429,122,1,DERIVED_REPRODUCIBLE
1,45,D. GEE,1430,123,1,DERIVED_REPRODUCIBLE
1,46,M. VAN GILS,1431,124,1,DERIVED_REPRODUCIBLE
1,47,M. LE BERRE,1433,126,1,DERIVED_REPRODUCIBLE
1,48,D. VAN BAARLE,1433,126,1,DERIVED_REPRODUCIBLE
1,49,S. QUINN,1435,128,1,DERIVED_REPRODUCIBLE
1,50,J. BERCKMOES,1437,130,1,DERIVED_REPRODUCIBLE
1,51,D. GODON,1437,130,1,DERIVED_REPRODUCIBLE
1,52,E. VERSTRYNGE,1438,131,1,DERIVED_REPRODUCIBLE
1,53,J. TARLING,1441,134,1,DERIVED_REPRODUCIBLE
1,54,S. HIGUITA,1445,138,1,DERIVED_REPRODUCIBLE
1,55,J. HINDLEY,1451,144,1,DERIVED_REPRODUCIBLE
1,56,M. HIRSCHI,1452,145,1,DERIVED_REPRODUCIBLE
1,57,B. MCNULTY,1453,146,1,DERIVED_REPRODUCIBLE
1,58,M. JORGENSON,1457,150,1,DERIVED_REPRODUCIBLE
1,59,C. BRAZ AFONSO,1457,150,1,DERIVED_REPRODUCIBLE
1,60,F. VAN DEN BROEK,1460,153,1,DERIVED_REPRODUCIBLE
1,61,M. HEßMANN,1463,156,1,DERIVED_REPRODUCIBLE
1,62,N. OLIVEIRA,1463,156,1,DERIVED_REPRODUCIBLE
1,63,N. BREUILLARD,1464,157,1,DERIVED_REPRODUCIBLE
1,64,M. VERCHER,1464,157,1,DERIVED_REPRODUCIBLE
1,65,A. KIRSCH,1465,158,1,DERIVED_REPRODUCIBLE
1,66,R. DEBRUYNE,1467,160,1,DERIVED_REPRODUCIBLE
1,67,Q. HERMANS,1470,163,1,DERIVED_REPRODUCIBLE
1,68,J. STUYVEN,1473,166,1,DERIVED_REPRODUCIBLE
1,69,J. ROMO,1473,166,1,DERIVED_REPRODUCIBLE
1,70,H. TEJADA,1473,166,1,DERIVED_REPRODUCIBLE
1,71,V. PARET PEINTRE,1473,166,1,DERIVED_REPRODUCIBLE
1,72,F. GROSSSCHARTNER,1481,174,1,DERIVED_REPRODUCIBLE
1,73,M. KWIATKOWSKI,1487,180,1,DERIVED_REPRODUCIBLE
1,74,T. WELLENS,1489,182,1,DERIVED_REPRODUCIBLE
1,75,P. BITTNER,1492,185,1,DERIVED_REPRODUCIBLE
1,76,F. BIESTERBOS,1492,185,1,DERIVED_REPRODUCIBLE
1,77,J. DEGENKOLB,1492,185,1,DERIVED_REPRODUCIBLE
1,78,W. BARGUIL,1492,185,1,DERIVED_REPRODUCIBLE
1,79,J. VAN DEN BERG,1492,185,1,DERIVED_REPRODUCIBLE
1,80,E. BERNAL,1493,186,1,DERIVED_REPRODUCIBLE
1,81,T. MARSMAN,1497,190,1,DERIVED_REPRODUCIBLE
1,82,M. KANTER,1497,190,1,DERIVED_REPRODUCIBLE
1,83,B. GIRMAY,1497,190,1,DERIVED_REPRODUCIBLE
1,84,K. ASGREEN,1498,191,1,DERIVED_REPRODUCIBLE
1,85,B. HEALY,1498,191,1,DERIVED_REPRODUCIBLE
1,86,D. CARUSO,1499,192,1,DERIVED_REPRODUCIBLE
1,87,A. CHARMIG,1499,192,1,DERIVED_REPRODUCIBLE
1,88,V. VAN MECHELEN,1500,193,1,DERIVED_REPRODUCIBLE
1,89,T. VAN ASBROECK,1501,194,1,DERIVED_REPRODUCIBLE
1,90,M. FRIGO,1501,194,1,DERIVED_REPRODUCIBLE
1,91,K. NEILANDS,1501,194,1,DERIVED_REPRODUCIBLE
1,92,L. ASKEY,1501,194,1,DERIVED_REPRODUCIBLE
1,93,B. THOMAS,1502,195,1,DERIVED_REPRODUCIBLE
1,94,C. RUSSO,1502,195,1,DERIVED_REPRODUCIBLE
1,95,E. COSTIOU,1502,195,1,DERIVED_REPRODUCIBLE
1,96,L. GERMANI,1502,195,1,DERIVED_REPRODUCIBLE
1,97,N. MÄRKL,1503,196,1,DERIVED_REPRODUCIBLE
1,98,Q. PACHER,1505,198,1,DERIVED_REPRODUCIBLE
1,99,T. BENOOT,1506,199,1,DERIVED_REPRODUCIBLE
1,100,D. HOWSON,1508,201,1,DERIVED_REPRODUCIBLE
1,101,F. WRIGHT,1509,202,1,DERIVED_REPRODUCIBLE
1,102,E. RUBIO,1512,205,1,DERIVED_REPRODUCIBLE
1,103,M. STORER,1514,207,1,DERIVED_REPRODUCIBLE
1,104,B. ARMIRAIL,1515,208,1,DERIVED_REPRODUCIBLE
1,105,L. VERVAEKE,1515,208,1,DERIVED_REPRODUCIBLE
1,106,V. CAMPENAERTS,1515,208,1,DERIVED_REPRODUCIBLE
1,107,F. VERMEERSCH,1515,208,1,DERIVED_REPRODUCIBLE
1,108,H. ARTZ,1516,209,1,DERIVED_REPRODUCIBLE
1,109,X. AZPARREN IRURZUN,1517,210,1,DERIVED_REPRODUCIBLE
1,110,X. MEURISSE,1517,210,1,DERIVED_REPRODUCIBLE
1,111,G. MARTIN GUYONNET,1521,214,1,DERIVED_REPRODUCIBLE
1,112,C. BERTHET,1521,214,1,DERIVED_REPRODUCIBLE
1,113,J. STEWART,1523,216,1,DERIVED_REPRODUCIBLE
1,114,S. BERWICK,1525,218,1,DERIVED_REPRODUCIBLE
1,115,S. OLDANI,1525,218,1,DERIVED_REPRODUCIBLE
1,116,A. DELETTRE,1528,221,1,DERIVED_REPRODUCIBLE
1,117,M. WALKER,1530,223,1,DERIVED_REPRODUCIBLE
1,118,A. DE KLEIJN,1532,225,1,DERIVED_REPRODUCIBLE
1,119,R. PLUIMERS,1532,225,1,DERIVED_REPRODUCIBLE
1,120,A. JOHANNESSEN,1537,230,1,DERIVED_REPRODUCIBLE
1,121,A. ARANBURU,1541,234,1,DERIVED_REPRODUCIBLE
1,122,M. LOUVEL,1542,235,1,DERIVED_REPRODUCIBLE
1,123,J. ABRAHAMSEN,1542,235,1,DERIVED_REPRODUCIBLE
1,124,M. CORT NIELSEN,1542,235,1,DERIVED_REPRODUCIBLE
1,125,M. MOHORIC,1543,236,1,DERIVED_REPRODUCIBLE
1,126,E. PLANCKAERT,1545,238,1,DERIVED_REPRODUCIBLE
1,127,A. SKAARSETH,1546,239,1,DERIVED_REPRODUCIBLE
1,128,N. PRODHOMME,1548,241,1,DERIVED_REPRODUCIBLE
1,129,A. TURGIS,1550,243,1,DERIVED_REPRODUCIBLE
1,130,F. GAVIRIA,1552,245,1,DERIVED_REPRODUCIBLE
1,131,M. CATTANEO,1553,246,1,DERIVED_REPRODUCIBLE
1,132,G. ZIMMERMANN,1553,246,1,DERIVED_REPRODUCIBLE
1,133,J. TRATNIK,1553,246,1,DERIVED_REPRODUCIBLE
1,134,B. VEISTROFFER,1555,248,1,DERIVED_REPRODUCIBLE
1,135,L. SLOCK,1555,248,1,DERIVED_REPRODUCIBLE
1,136,L. CRAPS,1555,248,1,DERIVED_REPRODUCIBLE
1,137,A. DE LIE,1556,249,1,DERIVED_REPRODUCIBLE
1,138,H. PAGE,1557,250,1,DERIVED_REPRODUCIBLE
1,139,J. BIERMANS,1557,250,1,DERIVED_REPRODUCIBLE
1,140,J. OTRUBA,1559,252,1,DERIVED_REPRODUCIBLE
1,141,O. KOOIJ,1559,252,1,DERIVED_REPRODUCIBLE
1,142,D. HOOLE,1559,252,1,DERIVED_REPRODUCIBLE
1,143,S. WAERENSKJOLD,1562,255,1,DERIVED_REPRODUCIBLE
1,144,R. STANNARD,1562,255,1,DERIVED_REPRODUCIBLE
1,145,T. SKUJINS,1563,256,1,DERIVED_REPRODUCIBLE
1,146,C. HARPER,1568,261,1,DERIVED_REPRODUCIBLE
1,147,C. VERONA,1569,262,1,DERIVED_REPRODUCIBLE
1,148,M. PEDERSEN,1569,262,1,DERIVED_REPRODUCIBLE
1,149,Q. SIMMONS,1570,263,1,DERIVED_REPRODUCIBLE
1,150,E. AFFINI,1570,263,1,DERIVED_REPRODUCIBLE
1,151,P. HAGENES,1570,263,1,DERIVED_REPRODUCIBLE
1,152,P. EENKHOORN,1573,266,1,DERIVED_REPRODUCIBLE
1,153,A. YATES,1574,267,1,DERIVED_REPRODUCIBLE
1,154,N. POLITT,1574,267,1,DERIVED_REPRODUCIBLE
1,155,B. VAN MOER,1574,267,1,DERIVED_REPRODUCIBLE
1,156,J. NICOLAU,1575,268,1,DERIVED_REPRODUCIBLE
1,157,C. BOL,1578,271,1,DERIVED_REPRODUCIBLE
1,158,M. FRETIN,1579,272,1,DERIVED_REPRODUCIBLE
1,159,B. O'CONNOR,1580,273,1,DERIVED_REPRODUCIBLE
1,160,F. ENGELHARDT,1580,273,1,DERIVED_REPRODUCIBLE
1,161,K. O’BRIEN,1580,273,1,DERIVED_REPRODUCIBLE
1,162,J. DELBOVE,1581,274,1,DERIVED_REPRODUCIBLE
1,163,M. SCHMID,1582,275,1,DERIVED_REPRODUCIBLE
1,164,P. BAUHAUS,1584,277,1,DERIVED_REPRODUCIBLE
1,165,A. GATE,1584,277,1,DERIVED_REPRODUCIBLE
1,166,K. GRADEK,1584,277,1,DERIVED_REPRODUCIBLE
1,167,M. TEUNISSEN,1593,286,1,DERIVED_REPRODUCIBLE
1,168,D. BALLERINI,1593,286,1,DERIVED_REPRODUCIBLE
1,169,B. VAN LERBERGHE,1596,289,1,DERIVED_REPRODUCIBLE
1,170,T. MERLIER,1596,289,1,DERIVED_REPRODUCIBLE
1,171,P. ACKERMANN,1598,291,1,DERIVED_REPRODUCIBLE
1,172,L. DURBRIDGE,1598,291,1,DERIVED_REPRODUCIBLE
1,173,T. GUERNALEC,1599,292,1,DERIVED_REPRODUCIBLE
1,174,N. VINOKUROV,1601,294,1,DERIVED_REPRODUCIBLE
1,175,M. TRENTIN,1613,306,1,DERIVED_REPRODUCIBLE
1,176,M. HALLER,1613,306,1,DERIVED_REPRODUCIBLE
1,177,S. DILLIER,1614,307,1,DERIVED_REPRODUCIBLE
1,178,J. PHILIPSEN,1614,307,1,DERIVED_REPRODUCIBLE
1,179,J. RICKAERT,1615,308,1,DERIVED_REPRODUCIBLE
1,180,M. VALGREN,1615,308,1,DERIVED_REPRODUCIBLE
1,181,N. DENZ,1620,313,1,DERIVED_REPRODUCIBLE
1,182,T. VAN DIJKE,1624,317,1,DERIVED_REPRODUCIBLE
1,183,P. ALLEGAERT,1640,333,1,DERIVED_REPRODUCIBLE
1,184,S. VELASCO,1665,358,1,DERIVED_REPRODUCIBLE
2,1,J. VINGEGAARD,14508,0,2,DERIVED_REPRODUCIBLE
2,2,T. POGACAR,14514,6,2,DERIVED_REPRODUCIBLE
2,3,R. EVENEPOEL,14523,15,2,DERIVED_REPRODUCIBLE
2,4,I. DEL TORO,14524,16,2,DERIVED_REPRODUCIBLE
2,5,J. AYUSO,14527,19,2,DERIVED_REPRODUCIBLE
2,6,P. SEIXAS,14550,42,2,DERIVED_REPRODUCIBLE
2,7,R. GREGOIRE,14552,44,2,DERIVED_REPRODUCIBLE
2,8,F. LIPOWITZ,14553,45,2,DERIVED_REPRODUCIBLE
2,9,L. MARTINEZ,14561,53,2,DERIVED_REPRODUCIBLE
2,10,T. PIDCOCK,14568,60,2,DERIVED_REPRODUCIBLE
2,11,I. VAN WILDER,14569,61,2,DERIVED_REPRODUCIBLE
2,12,T. JOHANNESSEN,14571,63,2,DERIVED_REPRODUCIBLE
2,13,A. BAUDIN,14575,67,2,DERIVED_REPRODUCIBLE
2,14,T. FOSS,14589,81,2,DERIVED_REPRODUCIBLE
2,15,M. VAN DER POEL,14594,86,2,DERIVED_REPRODUCIBLE
2,16,M. SKJELMOSE,14604,96,2,DERIVED_REPRODUCIBLE
2,17,D. PIGANZOLI,14606,98,2,DERIVED_REPRODUCIBLE
2,18,L. VAN EETVELT,14607,99,2,DERIVED_REPRODUCIBLE
2,19,R. CARAPAZ,14611,103,2,DERIVED_REPRODUCIBLE
2,20,T. ARENSMAN,14616,108,2,DERIVED_REPRODUCIBLE
2,21,J. JEGAT,14640,132,2,DERIVED_REPRODUCIBLE
2,22,C. UIJTDEBROEKS,14648,140,2,DERIVED_REPRODUCIBLE
2,23,Y. VOISARD,14652,144,2,DERIVED_REPRODUCIBLE
2,24,I. IZAGIRRE,14656,148,2,DERIVED_REPRODUCIBLE
2,25,J. PARRA,14660,152,2,DERIVED_REPRODUCIBLE
2,26,S. HIGUITA,14689,181,2,DERIVED_REPRODUCIBLE
2,27,A. BALDERSTONE,14698,190,2,DERIVED_REPRODUCIBLE
2,28,T. TRÆEN,14712,204,2,DERIVED_REPRODUCIBLE
2,29,H. TEJADA,14725,217,2,DERIVED_REPRODUCIBLE
2,30,S. QUINN,14735,227,2,DERIVED_REPRODUCIBLE
2,31,E. BERNAL,14741,233,2,DERIVED_REPRODUCIBLE
2,32,J. ROMO,14752,244,2,DERIVED_REPRODUCIBLE
2,33,J. HINDLEY,14767,259,2,DERIVED_REPRODUCIBLE
2,34,A. ARANBURU,14791,283,2,DERIVED_REPRODUCIBLE
2,35,A. YATES,14814,306,2,DERIVED_REPRODUCIBLE
2,36,T. BENOOT,14822,314,2,DERIVED_REPRODUCIBLE
2,37,J. DELBOVE,14878,370,2,DERIVED_REPRODUCIBLE
2,38,M. VACEK,14882,374,2,DERIVED_REPRODUCIBLE
2,39,M. RICCITELLO,14889,381,2,DERIVED_REPRODUCIBLE
2,40,A. TIBERI,14899,391,2,DERIVED_REPRODUCIBLE
2,41,G. BENNETT,14915,407,2,DERIVED_REPRODUCIBLE
2,42,B. MCNULTY,14956,448,2,DERIVED_REPRODUCIBLE
2,43,L. PLAPP,14956,448,2,DERIVED_REPRODUCIBLE
2,44,D. GEE,14962,454,2,DERIVED_REPRODUCIBLE
2,45,K. VAUQUELIN,14994,486,2,DERIVED_REPRODUCIBLE
2,46,M. JORGENSON,15021,513,2,DERIVED_REPRODUCIBLE
2,47,Q. HERMANS,15028,520,2,DERIVED_REPRODUCIBLE
2,48,S. KUSS,15038,530,2,DERIVED_REPRODUCIBLE
2,49,G. MARTIN GUYONNET,15053,545,2,DERIVED_REPRODUCIBLE
2,50,C. BRAZ AFONSO,15093,585,2,DERIVED_REPRODUCIBLE
2,51,B. O'CONNOR,15112,604,2,DERIVED_REPRODUCIBLE
2,52,B. ARMIRAIL,15128,620,2,DERIVED_REPRODUCIBLE
2,53,A. JOHANNESSEN,15150,642,2,DERIVED_REPRODUCIBLE
2,54,M. SCHMID,15164,656,2,DERIVED_REPRODUCIBLE
2,55,G. STEINHAUSER,15166,658,2,DERIVED_REPRODUCIBLE
2,56,R. DHONDT,15191,683,2,DERIVED_REPRODUCIBLE
2,57,E. VERSTRYNGE,15207,699,2,DERIVED_REPRODUCIBLE
2,58,M. HIRSCHI,15221,713,2,DERIVED_REPRODUCIBLE
2,59,R. DEBRUYNE,15248,740,2,DERIVED_REPRODUCIBLE
2,60,R. GARCIA,15252,744,2,DERIVED_REPRODUCIBLE
2,61,J. ALAPHILIPPE,15259,751,2,DERIVED_REPRODUCIBLE
2,62,A. SKAARSETH,15267,759,2,DERIVED_REPRODUCIBLE
2,63,M. MATTHEWS,15276,768,2,DERIVED_REPRODUCIBLE
2,64,L. VERVAEKE,15284,776,2,DERIVED_REPRODUCIBLE
2,65,S. BERWICK,15294,786,2,DERIVED_REPRODUCIBLE
2,66,M. VAN GILS,15298,790,2,DERIVED_REPRODUCIBLE
2,67,D. VAN BAARLE,15300,792,2,DERIVED_REPRODUCIBLE
2,68,R. PLUIMERS,15301,793,2,DERIVED_REPRODUCIBLE
2,69,J. TARLING,15308,800,2,DERIVED_REPRODUCIBLE
2,70,N. PRODHOMME,15317,809,2,DERIVED_REPRODUCIBLE
2,71,G. ZIMMERMANN,15322,814,2,DERIVED_REPRODUCIBLE
2,72,L. CRAPS,15324,816,2,DERIVED_REPRODUCIBLE
2,73,Q. PACHER,15330,822,2,DERIVED_REPRODUCIBLE
2,74,N. OLIVEIRA,15330,822,2,DERIVED_REPRODUCIBLE
2,75,N. BREUILLARD,15331,823,2,DERIVED_REPRODUCIBLE
2,76,M. VERCHER,15331,823,2,DERIVED_REPRODUCIBLE
2,77,C. HARPER,15337,829,2,DERIVED_REPRODUCIBLE
2,78,P. EENKHOORN,15342,834,2,DERIVED_REPRODUCIBLE
2,79,M. KWIATKOWSKI,15354,846,2,DERIVED_REPRODUCIBLE
2,80,A. PARET PEINTRE,15358,850,2,DERIVED_REPRODUCIBLE
2,81,M. LE BERRE,15362,854,2,DERIVED_REPRODUCIBLE
2,82,D. CARUSO,15366,858,2,DERIVED_REPRODUCIBLE
2,83,M. FRIGO,15368,860,2,DERIVED_REPRODUCIBLE
2,84,B. THOMAS,15369,861,2,DERIVED_REPRODUCIBLE
2,85,E. COSTIOU,15369,861,2,DERIVED_REPRODUCIBLE
2,86,L. GERMANI,15369,861,2,DERIVED_REPRODUCIBLE
2,87,J. BERCKMOES,15374,866,2,DERIVED_REPRODUCIBLE
2,88,X. MEURISSE,15384,876,2,DERIVED_REPRODUCIBLE
2,89,A. DELETTRE,15395,887,2,DERIVED_REPRODUCIBLE
2,90,F. GANNA,15399,891,2,DERIVED_REPRODUCIBLE
2,91,M. HEßMANN,15400,892,2,DERIVED_REPRODUCIBLE
2,92,V. PARET PEINTRE,15402,894,2,DERIVED_REPRODUCIBLE
2,93,F. GROSSSCHARTNER,15410,902,2,DERIVED_REPRODUCIBLE
2,94,A. MOLENAAR,15416,908,2,DERIVED_REPRODUCIBLE
2,95,T. WELLENS,15418,910,2,DERIVED_REPRODUCIBLE
2,96,M. CATTANEO,15420,912,2,DERIVED_REPRODUCIBLE
2,97,K. ASGREEN,15427,919,2,DERIVED_REPRODUCIBLE
2,98,R. STANNARD,15429,921,2,DERIVED_REPRODUCIBLE
2,99,C. RUSSO,15431,923,2,DERIVED_REPRODUCIBLE
2,100,P. CASTRILLO,15432,924,2,DERIVED_REPRODUCIBLE
2,101,J. CEPEDA,15432,924,2,DERIVED_REPRODUCIBLE
2,102,N. MÄRKL,15432,924,2,DERIVED_REPRODUCIBLE
2,103,B. HEALY,15435,927,2,DERIVED_REPRODUCIBLE
2,104,J. NICOLAU,15437,929,2,DERIVED_REPRODUCIBLE
2,105,V. CAMPENAERTS,15444,936,2,DERIVED_REPRODUCIBLE
2,106,D. GODON,15451,943,2,DERIVED_REPRODUCIBLE
2,107,L. ASKEY,15452,944,2,DERIVED_REPRODUCIBLE
2,108,M. TEUNISSEN,15460,952,2,DERIVED_REPRODUCIBLE
2,109,L. DURBRIDGE,15465,957,2,DERIVED_REPRODUCIBLE
2,110,T. GUERNALEC,15466,958,2,DERIVED_REPRODUCIBLE
2,111,M. WALKER,15467,959,2,DERIVED_REPRODUCIBLE
2,112,J. STUYVEN,15487,979,2,DERIVED_REPRODUCIBLE
2,113,F. VAN DEN BROEK,15497,989,2,DERIVED_REPRODUCIBLE
2,114,C. VERONA,15498,990,2,DERIVED_REPRODUCIBLE
2,115,A. KIRSCH,15502,994,2,DERIVED_REPRODUCIBLE
2,116,P. BITTNER,15506,998,2,DERIVED_REPRODUCIBLE
2,117,F. BIESTERBOS,15506,998,2,DERIVED_REPRODUCIBLE
2,118,J. DEGENKOLB,15506,998,2,DERIVED_REPRODUCIBLE
2,119,W. BARGUIL,15506,998,2,DERIVED_REPRODUCIBLE
2,120,T. MARSMAN,15511,1003,2,DERIVED_REPRODUCIBLE
2,121,M. KANTER,15511,1003,2,DERIVED_REPRODUCIBLE
2,122,A. GATE,15513,1005,2,DERIVED_REPRODUCIBLE
2,123,A. CHARMIG,15513,1005,2,DERIVED_REPRODUCIBLE
2,124,E. PLANCKAERT,15513,1005,2,DERIVED_REPRODUCIBLE
2,125,T. VAN ASBROECK,15515,1007,2,DERIVED_REPRODUCIBLE
2,126,K. NEILANDS,15515,1007,2,DERIVED_REPRODUCIBLE
2,127,D. HOWSON,15522,1014,2,DERIVED_REPRODUCIBLE
2,128,E. RUBIO,15526,1018,2,DERIVED_REPRODUCIBLE
2,129,M. STORER,15528,1020,2,DERIVED_REPRODUCIBLE
2,130,J. VAN DEN BERG,15529,1021,2,DERIVED_REPRODUCIBLE
2,131,F. VERMEERSCH,15529,1021,2,DERIVED_REPRODUCIBLE
2,132,X. AZPARREN IRURZUN,15531,1023,2,DERIVED_REPRODUCIBLE
2,133,B. GIRMAY,15534,1026,2,DERIVED_REPRODUCIBLE
2,134,S. OLDANI,15539,1031,2,DERIVED_REPRODUCIBLE
2,135,J. RICKAERT,15544,1036,2,DERIVED_REPRODUCIBLE
2,136,M. VALGREN,15552,1044,2,DERIVED_REPRODUCIBLE
2,137,M. LOUVEL,15556,1048,2,DERIVED_REPRODUCIBLE
2,138,J. ABRAHAMSEN,15556,1048,2,DERIVED_REPRODUCIBLE
2,139,J. STEWART,15560,1052,2,DERIVED_REPRODUCIBLE
2,140,V. VAN MECHELEN,15561,1053,2,DERIVED_REPRODUCIBLE
2,141,A. TURGIS,15564,1056,2,DERIVED_REPRODUCIBLE
2,142,F. GAVIRIA,15566,1058,2,DERIVED_REPRODUCIBLE
2,143,A. DE KLEIJN,15569,1061,2,DERIVED_REPRODUCIBLE
2,144,F. WRIGHT,15570,1062,2,DERIVED_REPRODUCIBLE
2,145,H. PAGE,15571,1063,2,DERIVED_REPRODUCIBLE
2,146,J. BIERMANS,15571,1063,2,DERIVED_REPRODUCIBLE
2,147,J. OTRUBA,15573,1065,2,DERIVED_REPRODUCIBLE
2,148,D. HOOLE,15573,1065,2,DERIVED_REPRODUCIBLE
2,149,M. CORT NIELSEN,15575,1067,2,DERIVED_REPRODUCIBLE
2,150,T. SKUJINS,15577,1069,2,DERIVED_REPRODUCIBLE
2,151,M. MOHORIC,15580,1072,2,DERIVED_REPRODUCIBLE
2,152,N. POLITT,15588,1080,2,DERIVED_REPRODUCIBLE
2,153,B. VAN MOER,15588,1080,2,DERIVED_REPRODUCIBLE
2,154,J. TRATNIK,15590,1082,2,DERIVED_REPRODUCIBLE
2,155,F. ENGELHARDT,15594,1086,2,DERIVED_REPRODUCIBLE
2,156,M. PEDERSEN,15606,1098,2,DERIVED_REPRODUCIBLE
2,157,M. FRETIN,15606,1098,2,DERIVED_REPRODUCIBLE
2,158,Q. SIMMONS,15607,1099,2,DERIVED_REPRODUCIBLE
2,159,T. MERLIER,15610,1102,2,DERIVED_REPRODUCIBLE
2,160,N. VINOKUROV,15615,1107,2,DERIVED_REPRODUCIBLE
2,161,P. BAUHAUS,15621,1113,2,DERIVED_REPRODUCIBLE
2,162,K. GRADEK,15621,1113,2,DERIVED_REPRODUCIBLE
2,163,S. DILLIER,15628,1120,2,DERIVED_REPRODUCIBLE
2,164,J. PHILIPSEN,15628,1120,2,DERIVED_REPRODUCIBLE
2,165,N. DENZ,15634,1126,2,DERIVED_REPRODUCIBLE
2,166,P. ACKERMANN,15635,1127,2,DERIVED_REPRODUCIBLE
2,167,T. VAN DIJKE,15638,1130,2,DERIVED_REPRODUCIBLE
2,168,H. ARTZ,15646,1138,2,DERIVED_REPRODUCIBLE
2,169,S. WAERENSKJOLD,15669,1161,2,DERIVED_REPRODUCIBLE
2,170,P. HAGENES,15673,1165,2,DERIVED_REPRODUCIBLE
2,171,P. ALLEGAERT,15677,1169,2,DERIVED_REPRODUCIBLE
2,172,B. VAN LERBERGHE,15688,1180,2,DERIVED_REPRODUCIBLE
2,173,S. VELASCO,15702,1194,2,DERIVED_REPRODUCIBLE
2,174,D. BALLERINI,15738,1230,2,DERIVED_REPRODUCIBLE
2,175,M. TRENTIN,15743,1235,2,DERIVED_REPRODUCIBLE
2,176,L. SLOCK,15749,1241,2,DERIVED_REPRODUCIBLE
2,177,E. AFFINI,15778,1270,2,DERIVED_REPRODUCIBLE
2,178,M. HALLER,15782,1274,2,DERIVED_REPRODUCIBLE
2,179,O. KOOIJ,15848,1340,2,DERIVED_REPRODUCIBLE
2,180,K. O’BRIEN,15850,1342,2,DERIVED_REPRODUCIBLE
2,181,B. VEISTROFFER,15861,1353,2,DERIVED_REPRODUCIBLE
2,182,A. DE LIE,15862,1354,2,DERIVED_REPRODUCIBLE
2,183,C. BOL,15867,1359,2,DERIVED_REPRODUCIBLE
3,1,T. POGACAR,31615,0,3,DERIVED_REPRODUCIBLE
3,2,J. VINGEGAARD,31615,0,3,DERIVED_REPRODUCIBLE
3,3,R. EVENEPOEL,31638,23,3,DERIVED_REPRODUCIBLE
3,4,I. DEL TORO,31639,24,3,DERIVED_REPRODUCIBLE
3,5,J. AYUSO,31642,27,3,DERIVED_REPRODUCIBLE
3,6,P. SEIXAS,31663,48,3,DERIVED_REPRODUCIBLE
3,7,F. LIPOWITZ,31668,53,3,DERIVED_REPRODUCIBLE
3,8,L. MARTINEZ,31684,69,3,DERIVED_REPRODUCIBLE
3,9,T. JOHANNESSEN,31686,71,3,DERIVED_REPRODUCIBLE
3,10,I. VAN WILDER,31692,77,3,DERIVED_REPRODUCIBLE
3,11,T. PIDCOCK,31697,82,3,DERIVED_REPRODUCIBLE
3,12,R. CARAPAZ,31720,105,3,DERIVED_REPRODUCIBLE
3,13,L. VAN EETVELT,31722,107,3,DERIVED_REPRODUCIBLE
3,14,M. SKJELMOSE,31725,110,3,DERIVED_REPRODUCIBLE
3,15,D. PIGANZOLI,31750,135,3,DERIVED_REPRODUCIBLE
3,16,T. ARENSMAN,31754,139,3,DERIVED_REPRODUCIBLE
3,17,J. JEGAT,31763,148,3,DERIVED_REPRODUCIBLE
3,18,S. HIGUITA,31818,203,3,DERIVED_REPRODUCIBLE
3,19,C. UIJTDEBROEKS,31819,204,3,DERIVED_REPRODUCIBLE
3,20,Y. VOISARD,31845,230,3,DERIVED_REPRODUCIBLE
3,21,E. BERNAL,31870,255,3,DERIVED_REPRODUCIBLE
3,22,J. PARRA,31876,261,3,DERIVED_REPRODUCIBLE
3,23,H. TEJADA,31893,278,3,DERIVED_REPRODUCIBLE
3,24,T. TRÆEN,31921,306,3,DERIVED_REPRODUCIBLE
3,25,A. BAUDIN,31934,319,3,DERIVED_REPRODUCIBLE
3,26,S. QUINN,31949,334,3,DERIVED_REPRODUCIBLE
3,27,T. BENOOT,31960,345,3,DERIVED_REPRODUCIBLE
3,28,A. YATES,31975,360,3,DERIVED_REPRODUCIBLE
3,29,J. HINDLEY,31976,361,3,DERIVED_REPRODUCIBLE
3,30,A. TIBERI,32052,437,3,DERIVED_REPRODUCIBLE
3,31,M. VACEK,32151,536,3,DERIVED_REPRODUCIBLE
3,32,S. KUSS,32199,584,3,DERIVED_REPRODUCIBLE
3,33,B. MCNULTY,32210,595,3,DERIVED_REPRODUCIBLE
3,34,G. MARTIN GUYONNET,32230,615,3,DERIVED_REPRODUCIBLE
3,35,G. BENNETT,32268,653,3,DERIVED_REPRODUCIBLE
3,36,M. JORGENSON,32294,679,3,DERIVED_REPRODUCIBLE
3,37,R. DEBRUYNE,32407,792,3,DERIVED_REPRODUCIBLE
3,38,M. VAN GILS,32562,947,3,DERIVED_REPRODUCIBLE
3,39,N. PRODHOMME,32581,966,3,DERIVED_REPRODUCIBLE
3,40,I. IZAGIRRE,32582,967,3,DERIVED_REPRODUCIBLE
3,41,A. SKAARSETH,32585,970,3,DERIVED_REPRODUCIBLE
3,42,P. CASTRILLO,32603,988,3,DERIVED_REPRODUCIBLE
3,43,A. PARET PEINTRE,32603,988,3,DERIVED_REPRODUCIBLE
3,44,C. HARPER,32609,994,3,DERIVED_REPRODUCIBLE
3,45,R. GARCIA,32619,1004,3,DERIVED_REPRODUCIBLE
3,46,A. BALDERSTONE,32624,1009,3,DERIVED_REPRODUCIBLE
3,47,N. BREUILLARD,32635,1020,3,DERIVED_REPRODUCIBLE
3,48,V. PARET PEINTRE,32693,1078,3,DERIVED_REPRODUCIBLE
3,49,C. VERONA,32816,1201,3,DERIVED_REPRODUCIBLE
3,50,F. GROSSSCHARTNER,32823,1208,3,DERIVED_REPRODUCIBLE
3,51,R. GREGOIRE,32881,1266,3,DERIVED_REPRODUCIBLE
3,52,Q. SIMMONS,32887,1272,3,DERIVED_REPRODUCIBLE
3,53,D. GEE,32888,1273,3,DERIVED_REPRODUCIBLE
3,54,M. VERCHER,32898,1283,3,DERIVED_REPRODUCIBLE
3,55,K. VAUQUELIN,32920,1305,3,DERIVED_REPRODUCIBLE
3,56,Q. HERMANS,32954,1339,3,DERIVED_REPRODUCIBLE
3,57,C. BRAZ AFONSO,33019,1404,3,DERIVED_REPRODUCIBLE
3,58,J. ROMO,33081,1466,3,DERIVED_REPRODUCIBLE
3,59,M. HIRSCHI,33147,1532,3,DERIVED_REPRODUCIBLE
3,60,M. VAN DER POEL,33162,1547,3,DERIVED_REPRODUCIBLE
3,61,J. DELBOVE,33230,1615,3,DERIVED_REPRODUCIBLE
3,62,N. OLIVEIRA,33256,1641,3,DERIVED_REPRODUCIBLE
3,63,D. CARUSO,33292,1677,3,DERIVED_REPRODUCIBLE
3,64,L. GERMANI,33295,1680,3,DERIVED_REPRODUCIBLE
3,65,X. MEURISSE,33310,1695,3,DERIVED_REPRODUCIBLE
3,66,A. ARANBURU,33311,1696,3,DERIVED_REPRODUCIBLE
3,67,M. CATTANEO,33346,1731,3,DERIVED_REPRODUCIBLE
3,68,K. ASGREEN,33353,1738,3,DERIVED_REPRODUCIBLE
3,69,V. CAMPENAERTS,33370,1755,3,DERIVED_REPRODUCIBLE
3,70,B. O'CONNOR,33445,1830,3,DERIVED_REPRODUCIBLE
3,71,E. RUBIO,33452,1837,3,DERIVED_REPRODUCIBLE
3,72,M. STORER,33454,1839,3,DERIVED_REPRODUCIBLE
3,73,T. SKUJINS,33503,1888,3,DERIVED_REPRODUCIBLE
3,74,L. PLAPP,33504,1889,3,DERIVED_REPRODUCIBLE
3,75,V. VAN MECHELEN,33506,1891,3,DERIVED_REPRODUCIBLE
3,76,M. SCHMID,33563,1948,3,DERIVED_REPRODUCIBLE
3,77,M. MATTHEWS,33584,1969,3,DERIVED_REPRODUCIBLE
3,78,S. BERWICK,33637,2022,3,DERIVED_REPRODUCIBLE
3,79,G. ZIMMERMANN,33651,2036,3,DERIVED_REPRODUCIBLE
3,80,D. VAN BAARLE,33652,2037,3,DERIVED_REPRODUCIBLE
3,81,P. EENKHOORN,33671,2056,3,DERIVED_REPRODUCIBLE
3,82,G. STEINHAUSER,33677,2062,3,DERIVED_REPRODUCIBLE
3,83,M. LE BERRE,33691,2076,3,DERIVED_REPRODUCIBLE
3,84,E. VERSTRYNGE,33697,2082,3,DERIVED_REPRODUCIBLE
3,85,M. CORT NIELSEN,33744,2129,3,DERIVED_REPRODUCIBLE
3,86,A. DELETTRE,33747,2132,3,DERIVED_REPRODUCIBLE
3,87,T. WELLENS,33747,2132,3,DERIVED_REPRODUCIBLE
3,88,J. CEPEDA,33761,2146,3,DERIVED_REPRODUCIBLE
3,89,L. VERVAEKE,33774,2159,3,DERIVED_REPRODUCIBLE
3,90,S. VELASCO,33791,2176,3,DERIVED_REPRODUCIBLE
3,91,R. PLUIMERS,33791,2176,3,DERIVED_REPRODUCIBLE
3,92,B. HEALY,33806,2191,3,DERIVED_REPRODUCIBLE
3,93,Q. PACHER,33820,2205,3,DERIVED_REPRODUCIBLE
3,94,J. STUYVEN,33849,2234,3,DERIVED_REPRODUCIBLE
3,95,J. ABRAHAMSEN,33864,2249,3,DERIVED_REPRODUCIBLE
3,96,J. BERCKMOES,33864,2249,3,DERIVED_REPRODUCIBLE
3,97,L. CRAPS,33867,2252,3,DERIVED_REPRODUCIBLE
3,98,E. COSTIOU,33870,2255,3,DERIVED_REPRODUCIBLE
3,99,S. OLDANI,33882,2267,3,DERIVED_REPRODUCIBLE
3,100,T. FOSS,33890,2275,3,DERIVED_REPRODUCIBLE
3,101,N. POLITT,33891,2276,3,DERIVED_REPRODUCIBLE
3,102,M. FRIGO,33895,2280,3,DERIVED_REPRODUCIBLE
3,103,J. OTRUBA,33916,2301,3,DERIVED_REPRODUCIBLE
3,104,R. STANNARD,33919,2304,3,DERIVED_REPRODUCIBLE
3,105,C. RUSSO,33921,2306,3,DERIVED_REPRODUCIBLE
3,106,B. THOMAS,33933,2318,3,DERIVED_REPRODUCIBLE
3,107,M. TEUNISSEN,33950,2335,3,DERIVED_REPRODUCIBLE
3,108,L. DURBRIDGE,33955,2340,3,DERIVED_REPRODUCIBLE
3,109,T. GUERNALEC,33977,2362,3,DERIVED_REPRODUCIBLE
3,110,M. HEßMANN,33979,2364,3,DERIVED_REPRODUCIBLE
3,111,A. GATE,34003,2388,3,DERIVED_REPRODUCIBLE
3,112,A. CHARMIG,34003,2388,3,DERIVED_REPRODUCIBLE
3,113,M. WALKER,34010,2395,3,DERIVED_REPRODUCIBLE
3,114,D. HOWSON,34012,2397,3,DERIVED_REPRODUCIBLE
3,115,J. NICOLAU,34016,2401,3,DERIVED_REPRODUCIBLE
3,116,W. BARGUIL,34033,2418,3,DERIVED_REPRODUCIBLE
3,117,F. VAN DEN BROEK,34034,2419,3,DERIVED_REPRODUCIBLE
3,118,K. NEILANDS,34058,2443,3,DERIVED_REPRODUCIBLE
3,119,J. RICKAERT,34059,2444,3,DERIVED_REPRODUCIBLE
3,120,M. MOHORIC,34070,2455,3,DERIVED_REPRODUCIBLE
3,121,M. VALGREN,34072,2457,3,DERIVED_REPRODUCIBLE
3,122,E. PLANCKAERT,34081,2466,3,DERIVED_REPRODUCIBLE
3,123,F. ENGELHARDT,34084,2469,3,DERIVED_REPRODUCIBLE
3,124,A. TURGIS,34095,2480,3,DERIVED_REPRODUCIBLE
3,125,X. AZPARREN IRURZUN,34099,2484,3,DERIVED_REPRODUCIBLE
3,126,M. KANTER,34102,2487,3,DERIVED_REPRODUCIBLE
3,127,B. GIRMAY,34115,2500,3,DERIVED_REPRODUCIBLE
3,128,S. DILLIER,34118,2503,3,DERIVED_REPRODUCIBLE
3,129,N. DENZ,34124,2509,3,DERIVED_REPRODUCIBLE
3,130,B. VAN MOER,34131,2516,3,DERIVED_REPRODUCIBLE
3,131,D. HOOLE,34152,2537,3,DERIVED_REPRODUCIBLE
3,132,J. TRATNIK,34154,2539,3,DERIVED_REPRODUCIBLE
3,133,F. VERMEERSCH,34162,2547,3,DERIVED_REPRODUCIBLE
3,134,M. PEDERSEN,34185,2570,3,DERIVED_REPRODUCIBLE
3,135,M. RICCITELLO,34190,2575,3,DERIVED_REPRODUCIBLE
3,136,J. PHILIPSEN,34196,2581,3,DERIVED_REPRODUCIBLE
3,137,M. TRENTIN,34343,2728,3,DERIVED_REPRODUCIBLE
3,138,N. VINOKUROV,34346,2731,3,DERIVED_REPRODUCIBLE
3,139,S. WAERENSKJOLD,34351,2736,3,DERIVED_REPRODUCIBLE
3,140,B. ARMIRAIL,34429,2814,3,DERIVED_REPRODUCIBLE
3,141,A. JOHANNESSEN,34451,2836,3,DERIVED_REPRODUCIBLE
3,142,A. KIRSCH,34487,2872,3,DERIVED_REPRODUCIBLE
3,143,J. ALAPHILIPPE,34557,2942,3,DERIVED_REPRODUCIBLE
3,144,R. DHONDT,34589,2974,3,DERIVED_REPRODUCIBLE
3,145,M. KWIATKOWSKI,34655,3040,3,DERIVED_REPRODUCIBLE
3,146,J. TARLING,34709,3094,3,DERIVED_REPRODUCIBLE
3,147,A. MOLENAAR,34714,3099,3,DERIVED_REPRODUCIBLE
3,148,N. MÄRKL,34733,3118,3,DERIVED_REPRODUCIBLE
3,149,D. GODON,34752,3137,3,DERIVED_REPRODUCIBLE
3,150,L. ASKEY,34753,3138,3,DERIVED_REPRODUCIBLE
3,151,F. GANNA,34800,3185,3,DERIVED_REPRODUCIBLE
3,152,P. BITTNER,34807,3192,3,DERIVED_REPRODUCIBLE
3,153,F. BIESTERBOS,34807,3192,3,DERIVED_REPRODUCIBLE
3,154,J. DEGENKOLB,34807,3192,3,DERIVED_REPRODUCIBLE
3,155,T. MARSMAN,34812,3197,3,DERIVED_REPRODUCIBLE
3,156,T. VAN ASBROECK,34813,3198,3,DERIVED_REPRODUCIBLE
3,157,J. VAN DEN BERG,34830,3215,3,DERIVED_REPRODUCIBLE
3,158,M. LOUVEL,34854,3239,3,DERIVED_REPRODUCIBLE
3,159,J. STEWART,34861,3246,3,DERIVED_REPRODUCIBLE
3,160,F. GAVIRIA,34867,3252,3,DERIVED_REPRODUCIBLE
3,161,H. PAGE,34872,3257,3,DERIVED_REPRODUCIBLE
3,162,J. BIERMANS,34872,3257,3,DERIVED_REPRODUCIBLE
3,163,M. FRETIN,34907,3292,3,DERIVED_REPRODUCIBLE
3,164,T. MERLIER,34911,3296,3,DERIVED_REPRODUCIBLE
3,165,P. BAUHAUS,34922,3307,3,DERIVED_REPRODUCIBLE
3,166,K. GRADEK,34922,3307,3,DERIVED_REPRODUCIBLE
3,167,P. ACKERMANN,34936,3321,3,DERIVED_REPRODUCIBLE
3,168,T. VAN DIJKE,34939,3324,3,DERIVED_REPRODUCIBLE
3,169,F. WRIGHT,34942,3327,3,DERIVED_REPRODUCIBLE
3,170,H. ARTZ,34947,3332,3,DERIVED_REPRODUCIBLE
3,171,P. HAGENES,34974,3359,3,DERIVED_REPRODUCIBLE
3,172,P. ALLEGAERT,34978,3363,3,DERIVED_REPRODUCIBLE
3,173,B. VAN LERBERGHE,34989,3374,3,DERIVED_REPRODUCIBLE
3,174,L. SLOCK,35062,3447,3,DERIVED_REPRODUCIBLE
3,175,E. AFFINI,35079,3464,3,DERIVED_REPRODUCIBLE
3,176,D. BALLERINI,35109,3494,3,DERIVED_REPRODUCIBLE
3,177,O. KOOIJ,35149,3534,3,DERIVED_REPRODUCIBLE
3,178,A. DE KLEIJN,35156,3541,3,DERIVED_REPRODUCIBLE
3,179,B. VEISTROFFER,35159,3544,3,DERIVED_REPRODUCIBLE
3,180,C. BOL,35168,3553,3,DERIVED_REPRODUCIBLE
3,181,M. HALLER,35185,3570,3,DERIVED_REPRODUCIBLE
3,182,K. O’BRIEN,35272,3657,3,DERIVED_REPRODUCIBLE
4,1,T. TRÆEN,46966,0,4,DERIVED_REPRODUCIBLE
4,2,S. QUINN,46994,28,4,DERIVED_REPRODUCIBLE
4,3,M. VACEK,47196,230,4,DERIVED_REPRODUCIBLE
4,4,T. POGACAR,47439,473,4,DERIVED_REPRODUCIBLE
4,5,J. VINGEGAARD,47439,473,4,DERIVED_REPRODUCIBLE
4,6,R. DEBRUYNE,47452,486,4,DERIVED_REPRODUCIBLE
4,7,R. EVENEPOEL,47462,496,4,DERIVED_REPRODUCIBLE
4,8,I. DEL TORO,47463,497,4,DERIVED_REPRODUCIBLE
4,9,J. AYUSO,47466,500,4,DERIVED_REPRODUCIBLE
4,10,P. SEIXAS,47487,521,4,DERIVED_REPRODUCIBLE
4,11,F. LIPOWITZ,47492,526,4,DERIVED_REPRODUCIBLE
4,12,L. MARTINEZ,47508,542,4,DERIVED_REPRODUCIBLE
4,13,T. JOHANNESSEN,47510,544,4,DERIVED_REPRODUCIBLE
4,14,I. VAN WILDER,47516,550,4,DERIVED_REPRODUCIBLE
4,15,T. PIDCOCK,47521,555,4,DERIVED_REPRODUCIBLE
4,16,R. CARAPAZ,47544,578,4,DERIVED_REPRODUCIBLE
4,17,L. VAN EETVELT,47546,580,4,DERIVED_REPRODUCIBLE
4,18,M. SKJELMOSE,47549,583,4,DERIVED_REPRODUCIBLE
4,19,D. PIGANZOLI,47574,608,4,DERIVED_REPRODUCIBLE
4,20,T. ARENSMAN,47578,612,4,DERIVED_REPRODUCIBLE
4,21,J. JEGAT,47587,621,4,DERIVED_REPRODUCIBLE
4,22,S. HIGUITA,47642,676,4,DERIVED_REPRODUCIBLE
4,23,C. UIJTDEBROEKS,47643,677,4,DERIVED_REPRODUCIBLE
4,24,P. CASTRILLO,47648,682,4,DERIVED_REPRODUCIBLE
4,25,R. GARCIA,47660,694,4,DERIVED_REPRODUCIBLE
4,26,Y. VOISARD,47669,703,4,DERIVED_REPRODUCIBLE
4,27,E. BERNAL,47694,728,4,DERIVED_REPRODUCIBLE
4,28,J. PARRA,47700,734,4,DERIVED_REPRODUCIBLE
4,29,H. TEJADA,47717,751,4,DERIVED_REPRODUCIBLE
4,30,A. BAUDIN,47758,792,4,DERIVED_REPRODUCIBLE
4,31,I. IZAGIRRE,47774,808,4,DERIVED_REPRODUCIBLE
4,32,T. BENOOT,47784,818,4,DERIVED_REPRODUCIBLE
4,33,A. YATES,47799,833,4,DERIVED_REPRODUCIBLE
4,34,J. HINDLEY,47800,834,4,DERIVED_REPRODUCIBLE
4,35,A. TIBERI,47876,910,4,DERIVED_REPRODUCIBLE
4,36,Q. SIMMONS,47926,960,4,DERIVED_REPRODUCIBLE
4,37,K. VAUQUELIN,47965,999,4,DERIVED_REPRODUCIBLE
4,38,S. KUSS,48023,1057,4,DERIVED_REPRODUCIBLE
4,39,B. MCNULTY,48034,1068,4,DERIVED_REPRODUCIBLE
4,40,G. MARTIN GUYONNET,48054,1088,4,DERIVED_REPRODUCIBLE
4,41,R. GREGOIRE,48073,1107,4,DERIVED_REPRODUCIBLE
4,42,G. BENNETT,48092,1126,4,DERIVED_REPRODUCIBLE
4,43,M. JORGENSON,48118,1152,4,DERIVED_REPRODUCIBLE
4,44,Q. HERMANS,48146,1180,4,DERIVED_REPRODUCIBLE
4,45,M. VAN GILS,48386,1420,4,DERIVED_REPRODUCIBLE
4,46,N. PRODHOMME,48405,1439,4,DERIVED_REPRODUCIBLE
4,47,A. SKAARSETH,48409,1443,4,DERIVED_REPRODUCIBLE
4,48,A. PARET PEINTRE,48427,1461,4,DERIVED_REPRODUCIBLE
4,49,C. HARPER,48433,1467,4,DERIVED_REPRODUCIBLE
4,50,A. BALDERSTONE,48448,1482,4,DERIVED_REPRODUCIBLE
4,51,N. BREUILLARD,48459,1493,4,DERIVED_REPRODUCIBLE
4,52,V. PARET PEINTRE,48517,1551,4,DERIVED_REPRODUCIBLE
4,53,C. VERONA,48640,1674,4,DERIVED_REPRODUCIBLE
4,54,F. GROSSSCHARTNER,48647,1681,4,DERIVED_REPRODUCIBLE
4,55,V. VAN MECHELEN,48698,1732,4,DERIVED_REPRODUCIBLE
4,56,D. GEE,48712,1746,4,DERIVED_REPRODUCIBLE
4,57,M. VERCHER,48722,1756,4,DERIVED_REPRODUCIBLE
4,58,M. MATTHEWS,48776,1810,4,DERIVED_REPRODUCIBLE
4,59,G. ZIMMERMANN,48843,1877,4,DERIVED_REPRODUCIBLE
4,60,C. BRAZ AFONSO,48843,1877,4,DERIVED_REPRODUCIBLE
4,61,J. ROMO,48905,1939,4,DERIVED_REPRODUCIBLE
4,62,A. DELETTRE,48939,1973,4,DERIVED_REPRODUCIBLE
4,63,M. FRIGO,48940,1974,4,DERIVED_REPRODUCIBLE
4,64,M. HIRSCHI,48971,2005,4,DERIVED_REPRODUCIBLE
4,65,M. VAN DER POEL,48986,2020,4,DERIVED_REPRODUCIBLE
4,66,J. STUYVEN,49041,2075,4,DERIVED_REPRODUCIBLE
4,67,J. DELBOVE,49054,2088,4,DERIVED_REPRODUCIBLE
4,68,N. OLIVEIRA,49080,2114,4,DERIVED_REPRODUCIBLE
4,69,D. CARUSO,49116,2150,4,DERIVED_REPRODUCIBLE
4,70,L. GERMANI,49119,2153,4,DERIVED_REPRODUCIBLE
4,71,X. MEURISSE,49134,2168,4,DERIVED_REPRODUCIBLE
4,72,M. CATTANEO,49170,2204,4,DERIVED_REPRODUCIBLE
4,73,K. ASGREEN,49177,2211,4,DERIVED_REPRODUCIBLE
4,74,P. EENKHOORN,49190,2224,4,DERIVED_REPRODUCIBLE
4,75,V. CAMPENAERTS,49194,2228,4,DERIVED_REPRODUCIBLE
4,76,J. NICOLAU,49208,2242,4,DERIVED_REPRODUCIBLE
4,77,M. PEDERSEN,49220,2254,4,DERIVED_REPRODUCIBLE
4,78,A. ARANBURU,49220,2254,4,DERIVED_REPRODUCIBLE
4,79,F. VAN DEN BROEK,49226,2260,4,DERIVED_REPRODUCIBLE
4,80,B. O'CONNOR,49269,2303,4,DERIVED_REPRODUCIBLE
4,81,E. RUBIO,49276,2310,4,DERIVED_REPRODUCIBLE
4,82,M. STORER,49278,2312,4,DERIVED_REPRODUCIBLE
4,83,N. DENZ,49316,2350,4,DERIVED_REPRODUCIBLE
4,84,T. SKUJINS,49327,2361,4,DERIVED_REPRODUCIBLE
4,85,L. PLAPP,49328,2362,4,DERIVED_REPRODUCIBLE
4,86,M. SCHMID,49387,2421,4,DERIVED_REPRODUCIBLE
4,87,E. COSTIOU,49393,2427,4,DERIVED_REPRODUCIBLE
4,88,S. BERWICK,49461,2495,4,DERIVED_REPRODUCIBLE
4,89,M. LE BERRE,49515,2549,4,DERIVED_REPRODUCIBLE
4,90,E. VERSTRYNGE,49521,2555,4,DERIVED_REPRODUCIBLE
4,91,M. CORT NIELSEN,49568,2602,4,DERIVED_REPRODUCIBLE
4,92,T. WELLENS,49571,2605,4,DERIVED_REPRODUCIBLE
4,93,G. STEINHAUSER,49579,2613,4,DERIVED_REPRODUCIBLE
4,94,J. CEPEDA,49585,2619,4,DERIVED_REPRODUCIBLE
4,95,M. VALGREN,49595,2629,4,DERIVED_REPRODUCIBLE
4,96,L. VERVAEKE,49598,2632,4,DERIVED_REPRODUCIBLE
4,97,E. PLANCKAERT,49604,2638,4,DERIVED_REPRODUCIBLE
4,98,S. VELASCO,49615,2649,4,DERIVED_REPRODUCIBLE
4,99,R. PLUIMERS,49615,2649,4,DERIVED_REPRODUCIBLE
4,100,B. HEALY,49630,2664,4,DERIVED_REPRODUCIBLE
4,101,Q. PACHER,49644,2678,4,DERIVED_REPRODUCIBLE
4,102,B. VAN MOER,49654,2688,4,DERIVED_REPRODUCIBLE
4,103,J. TRATNIK,49677,2711,4,DERIVED_REPRODUCIBLE
4,104,J. ABRAHAMSEN,49688,2722,4,DERIVED_REPRODUCIBLE
4,105,J. BERCKMOES,49688,2722,4,DERIVED_REPRODUCIBLE
4,106,L. CRAPS,49691,2725,4,DERIVED_REPRODUCIBLE
4,107,T. FOSS,49714,2748,4,DERIVED_REPRODUCIBLE
4,108,N. POLITT,49715,2749,4,DERIVED_REPRODUCIBLE
4,109,J. OTRUBA,49740,2774,4,DERIVED_REPRODUCIBLE
4,110,R. STANNARD,49743,2777,4,DERIVED_REPRODUCIBLE
4,111,C. RUSSO,49745,2779,4,DERIVED_REPRODUCIBLE
4,112,B. THOMAS,49757,2791,4,DERIVED_REPRODUCIBLE
4,113,L. DURBRIDGE,49779,2813,4,DERIVED_REPRODUCIBLE
4,114,T. GUERNALEC,49801,2835,4,DERIVED_REPRODUCIBLE
4,115,M. HEßMANN,49803,2837,4,DERIVED_REPRODUCIBLE
4,116,A. GATE,49827,2861,4,DERIVED_REPRODUCIBLE
4,117,A. CHARMIG,49827,2861,4,DERIVED_REPRODUCIBLE
4,118,M. WALKER,49834,2868,4,DERIVED_REPRODUCIBLE
4,119,D. HOWSON,49836,2870,4,DERIVED_REPRODUCIBLE
4,120,W. BARGUIL,49857,2891,4,DERIVED_REPRODUCIBLE
4,121,K. NEILANDS,49882,2916,4,DERIVED_REPRODUCIBLE
4,122,J. RICKAERT,49883,2917,4,DERIVED_REPRODUCIBLE
4,123,M. MOHORIC,49894,2928,4,DERIVED_REPRODUCIBLE
4,124,A. MOLENAAR,49906,2940,4,DERIVED_REPRODUCIBLE
4,125,F. ENGELHARDT,49908,2942,4,DERIVED_REPRODUCIBLE
4,126,A. TURGIS,49919,2953,4,DERIVED_REPRODUCIBLE
4,127,X. AZPARREN IRURZUN,49923,2957,4,DERIVED_REPRODUCIBLE
4,128,S. DILLIER,49942,2976,4,DERIVED_REPRODUCIBLE
4,129,D. HOOLE,49976,3010,4,DERIVED_REPRODUCIBLE
4,130,A. KIRSCH,50006,3040,4,DERIVED_REPRODUCIBLE
4,131,M. RICCITELLO,50014,3048,4,DERIVED_REPRODUCIBLE
4,132,D. VAN BAARLE,50058,3092,4,DERIVED_REPRODUCIBLE
4,133,B. ARMIRAIL,50253,3287,4,DERIVED_REPRODUCIBLE
4,134,S. OLDANI,50255,3289,4,DERIVED_REPRODUCIBLE
4,135,A. JOHANNESSEN,50275,3309,4,DERIVED_REPRODUCIBLE
4,136,N. VINOKUROV,50281,3315,4,DERIVED_REPRODUCIBLE
4,137,M. TEUNISSEN,50323,3357,4,DERIVED_REPRODUCIBLE
4,138,J. ALAPHILIPPE,50381,3415,4,DERIVED_REPRODUCIBLE
4,139,R. DHONDT,50413,3447,4,DERIVED_REPRODUCIBLE
4,140,M. KANTER,50475,3509,4,DERIVED_REPRODUCIBLE
4,141,M. KWIATKOWSKI,50479,3513,4,DERIVED_REPRODUCIBLE
4,142,B. GIRMAY,50488,3522,4,DERIVED_REPRODUCIBLE
4,143,F. VERMEERSCH,50535,3569,4,DERIVED_REPRODUCIBLE
4,144,N. MÄRKL,50557,3591,4,DERIVED_REPRODUCIBLE
4,145,J. PHILIPSEN,50602,3636,4,DERIVED_REPRODUCIBLE
4,146,F. BIESTERBOS,50631,3665,4,DERIVED_REPRODUCIBLE
4,147,T. MARSMAN,50636,3670,4,DERIVED_REPRODUCIBLE
4,148,T. VAN ASBROECK,50637,3671,4,DERIVED_REPRODUCIBLE
4,149,H. PAGE,50696,3730,4,DERIVED_REPRODUCIBLE
4,150,J. BIERMANS,50696,3730,4,DERIVED_REPRODUCIBLE
4,151,S. WAERENSKJOLD,50724,3758,4,DERIVED_REPRODUCIBLE
4,152,T. VAN DIJKE,50763,3797,4,DERIVED_REPRODUCIBLE
4,153,F. WRIGHT,50766,3800,4,DERIVED_REPRODUCIBLE
4,154,P. HAGENES,50798,3832,4,DERIVED_REPRODUCIBLE
4,155,M. TRENTIN,50901,3935,4,DERIVED_REPRODUCIBLE
4,156,E. AFFINI,50903,3937,4,DERIVED_REPRODUCIBLE
4,157,B. VEISTROFFER,50983,4017,4,DERIVED_REPRODUCIBLE
4,158,D. GODON,51125,4159,4,DERIVED_REPRODUCIBLE
4,159,L. ASKEY,51126,4160,4,DERIVED_REPRODUCIBLE
4,160,J. TARLING,51163,4197,4,DERIVED_REPRODUCIBLE
4,161,F. GANNA,51173,4207,4,DERIVED_REPRODUCIBLE
4,162,P. BITTNER,51180,4214,4,DERIVED_REPRODUCIBLE
4,163,J. DEGENKOLB,51180,4214,4,DERIVED_REPRODUCIBLE
4,164,J. VAN DEN BERG,51203,4237,4,DERIVED_REPRODUCIBLE
4,165,M. LOUVEL,51227,4261,4,DERIVED_REPRODUCIBLE
4,166,J. STEWART,51234,4268,4,DERIVED_REPRODUCIBLE
4,167,F. GAVIRIA,51240,4274,4,DERIVED_REPRODUCIBLE
4,168,M. FRETIN,51280,4314,4,DERIVED_REPRODUCIBLE
4,169,T. MERLIER,51284,4318,4,DERIVED_REPRODUCIBLE
4,170,P. BAUHAUS,51295,4329,4,DERIVED_REPRODUCIBLE
4,171,K. GRADEK,51295,4329,4,DERIVED_REPRODUCIBLE
4,172,P. ACKERMANN,51342,4376,4,DERIVED_REPRODUCIBLE
4,173,P. ALLEGAERT,51351,4385,4,DERIVED_REPRODUCIBLE
4,174,H. ARTZ,51353,4387,4,DERIVED_REPRODUCIBLE
4,175,B. VAN LERBERGHE,51395,4429,4,DERIVED_REPRODUCIBLE
4,176,L. SLOCK,51468,4502,4,DERIVED_REPRODUCIBLE
4,177,D. BALLERINI,51482,4516,4,DERIVED_REPRODUCIBLE
4,178,O. KOOIJ,51522,4556,4,DERIVED_REPRODUCIBLE
4,179,C. BOL,51541,4575,4,DERIVED_REPRODUCIBLE
4,180,A. DE KLEIJN,51714,4748,4,DERIVED_REPRODUCIBLE
4,181,M. HALLER,51743,4777,4,DERIVED_REPRODUCIBLE
5,1,T. TRÆEN,59527,0,5,DERIVED_REPRODUCIBLE
5,2,S. QUINN,59555,28,5,DERIVED_REPRODUCIBLE
5,3,M. VACEK,59757,230,5,DERIVED_REPRODUCIBLE
5,4,T. POGACAR,60000,473,5,DERIVED_REPRODUCIBLE
5,5,J. VINGEGAARD,60000,473,5,DERIVED_REPRODUCIBLE
5,6,R. DEBRUYNE,60013,486,5,DERIVED_REPRODUCIBLE
5,7,R. EVENEPOEL,60023,496,5,DERIVED_REPRODUCIBLE
5,8,I. DEL TORO,60024,497,5,DERIVED_REPRODUCIBLE
5,9,J. AYUSO,60027,500,5,DERIVED_REPRODUCIBLE
5,10,P. SEIXAS,60048,521,5,DERIVED_REPRODUCIBLE
5,11,F. LIPOWITZ,60053,526,5,DERIVED_REPRODUCIBLE
5,12,L. MARTINEZ,60069,542,5,DERIVED_REPRODUCIBLE
5,13,T. JOHANNESSEN,60071,544,5,DERIVED_REPRODUCIBLE
5,14,I. VAN WILDER,60077,550,5,DERIVED_REPRODUCIBLE
5,15,T. PIDCOCK,60082,555,5,DERIVED_REPRODUCIBLE
5,16,R. CARAPAZ,60105,578,5,DERIVED_REPRODUCIBLE
5,17,M. SKJELMOSE,60110,583,5,DERIVED_REPRODUCIBLE
5,18,D. PIGANZOLI,60135,608,5,DERIVED_REPRODUCIBLE
5,19,T. ARENSMAN,60139,612,5,DERIVED_REPRODUCIBLE
5,20,L. VAN EETVELT,60140,613,5,DERIVED_REPRODUCIBLE
5,21,J. JEGAT,60148,621,5,DERIVED_REPRODUCIBLE
5,22,S. HIGUITA,60203,676,5,DERIVED_REPRODUCIBLE
5,23,C. UIJTDEBROEKS,60204,677,5,DERIVED_REPRODUCIBLE
5,24,R. GARCIA,60221,694,5,DERIVED_REPRODUCIBLE
5,25,Y. VOISARD,60230,703,5,DERIVED_REPRODUCIBLE
5,26,E. BERNAL,60255,728,5,DERIVED_REPRODUCIBLE
5,27,J. PARRA,60261,734,5,DERIVED_REPRODUCIBLE
5,28,H. TEJADA,60278,751,5,DERIVED_REPRODUCIBLE
5,29,P. CASTRILLO,60291,764,5,DERIVED_REPRODUCIBLE
5,30,I. IZAGIRRE,60335,808,5,DERIVED_REPRODUCIBLE
5,31,A. YATES,60360,833,5,DERIVED_REPRODUCIBLE
5,32,A. TIBERI,60437,910,5,DERIVED_REPRODUCIBLE
5,33,A. BAUDIN,60460,933,5,DERIVED_REPRODUCIBLE
5,34,J. HINDLEY,60468,941,5,DERIVED_REPRODUCIBLE
5,35,T. BENOOT,60486,959,5,DERIVED_REPRODUCIBLE
5,36,Q. SIMMONS,60520,993,5,DERIVED_REPRODUCIBLE
5,37,K. VAUQUELIN,60526,999,5,DERIVED_REPRODUCIBLE
5,38,B. MCNULTY,60595,1068,5,DERIVED_REPRODUCIBLE
5,39,G. MARTIN GUYONNET,60615,1088,5,DERIVED_REPRODUCIBLE
5,40,S. KUSS,60617,1090,5,DERIVED_REPRODUCIBLE
5,41,M. JORGENSON,60679,1152,5,DERIVED_REPRODUCIBLE
5,42,G. BENNETT,60686,1159,5,DERIVED_REPRODUCIBLE
5,43,R. GREGOIRE,60725,1198,5,DERIVED_REPRODUCIBLE
5,44,Q. HERMANS,60740,1213,5,DERIVED_REPRODUCIBLE
5,45,M. VAN GILS,60947,1420,5,DERIVED_REPRODUCIBLE
5,46,N. PRODHOMME,60999,1472,5,DERIVED_REPRODUCIBLE
5,47,A. SKAARSETH,61003,1476,5,DERIVED_REPRODUCIBLE
5,48,A. BALDERSTONE,61126,1599,5,DERIVED_REPRODUCIBLE
5,49,C. HARPER,61180,1653,5,DERIVED_REPRODUCIBLE
5,50,N. BREUILLARD,61206,1679,5,DERIVED_REPRODUCIBLE
5,51,F. GROSSSCHARTNER,61208,1681,5,DERIVED_REPRODUCIBLE
5,52,V. PARET PEINTRE,61219,1692,5,DERIVED_REPRODUCIBLE
5,53,C. VERONA,61234,1707,5,DERIVED_REPRODUCIBLE
5,54,D. GEE,61306,1779,5,DERIVED_REPRODUCIBLE
5,55,A. PARET PEINTRE,61312,1785,5,DERIVED_REPRODUCIBLE
5,56,V. VAN MECHELEN,61388,1861,5,DERIVED_REPRODUCIBLE
5,57,G. ZIMMERMANN,61404,1877,5,DERIVED_REPRODUCIBLE
5,58,M. VERCHER,61424,1897,5,DERIVED_REPRODUCIBLE
5,59,C. BRAZ AFONSO,61495,1968,5,DERIVED_REPRODUCIBLE
5,60,J. ROMO,61523,1996,5,DERIVED_REPRODUCIBLE
5,61,A. DELETTRE,61582,2055,5,DERIVED_REPRODUCIBLE
5,62,J. DELBOVE,61615,2088,5,DERIVED_REPRODUCIBLE
5,63,M. VAN DER POEL,61664,2137,5,DERIVED_REPRODUCIBLE
5,64,N. OLIVEIRA,61674,2147,5,DERIVED_REPRODUCIBLE
5,65,L. GERMANI,61680,2153,5,DERIVED_REPRODUCIBLE
5,66,M. FRIGO,61687,2160,5,DERIVED_REPRODUCIBLE
5,67,M. HIRSCHI,61718,2191,5,DERIVED_REPRODUCIBLE
5,68,X. MEURISSE,61728,2201,5,DERIVED_REPRODUCIBLE
5,69,M. CATTANEO,61731,2204,5,DERIVED_REPRODUCIBLE
5,70,M. MATTHEWS,61735,2208,5,DERIVED_REPRODUCIBLE
5,71,M. PEDERSEN,61767,2240,5,DERIVED_REPRODUCIBLE
5,72,B. O'CONNOR,61830,2303,5,DERIVED_REPRODUCIBLE
5,73,E. RUBIO,61837,2310,5,DERIVED_REPRODUCIBLE
5,74,K. ASGREEN,61855,2328,5,DERIVED_REPRODUCIBLE
5,75,D. CARUSO,61863,2336,5,DERIVED_REPRODUCIBLE
5,76,T. SKUJINS,61888,2361,5,DERIVED_REPRODUCIBLE
5,77,F. VAN DEN BROEK,61904,2377,5,DERIVED_REPRODUCIBLE
5,78,N. DENZ,61910,2383,5,DERIVED_REPRODUCIBLE
5,79,J. STUYVEN,61918,2391,5,DERIVED_REPRODUCIBLE
5,80,A. ARANBURU,61922,2395,5,DERIVED_REPRODUCIBLE
5,81,P. EENKHOORN,61937,2410,5,DERIVED_REPRODUCIBLE
5,82,J. NICOLAU,62025,2498,5,DERIVED_REPRODUCIBLE
5,83,M. STORER,62025,2498,5,DERIVED_REPRODUCIBLE
5,84,V. CAMPENAERTS,62031,2504,5,DERIVED_REPRODUCIBLE
5,85,M. SCHMID,62055,2528,5,DERIVED_REPRODUCIBLE
5,86,L. PLAPP,62075,2548,5,DERIVED_REPRODUCIBLE
5,87,M. LE BERRE,62076,2549,5,DERIVED_REPRODUCIBLE
5,88,E. COSTIOU,62140,2613,5,DERIVED_REPRODUCIBLE
5,89,J. CEPEDA,62146,2619,5,DERIVED_REPRODUCIBLE
5,90,R. PLUIMERS,62162,2635,5,DERIVED_REPRODUCIBLE
5,91,M. CORT NIELSEN,62162,2635,5,DERIVED_REPRODUCIBLE
5,92,T. WELLENS,62165,2638,5,DERIVED_REPRODUCIBLE
5,93,E. PLANCKAERT,62191,2664,5,DERIVED_REPRODUCIBLE
5,94,J. BERCKMOES,62235,2708,5,DERIVED_REPRODUCIBLE
5,95,B. VAN MOER,62248,2721,5,DERIVED_REPRODUCIBLE
5,96,E. VERSTRYNGE,62268,2741,5,DERIVED_REPRODUCIBLE
5,97,T. FOSS,62275,2748,5,DERIVED_REPRODUCIBLE
5,98,N. POLITT,62276,2749,5,DERIVED_REPRODUCIBLE
5,99,S. BERWICK,62278,2751,5,DERIVED_REPRODUCIBLE
5,100,J. ABRAHAMSEN,62282,2755,5,DERIVED_REPRODUCIBLE
5,101,L. CRAPS,62285,2758,5,DERIVED_REPRODUCIBLE
5,102,C. RUSSO,62292,2765,5,DERIVED_REPRODUCIBLE
5,103,B. HEALY,62308,2781,5,DERIVED_REPRODUCIBLE
5,104,Q. PACHER,62322,2795,5,DERIVED_REPRODUCIBLE
5,105,G. STEINHAUSER,62326,2799,5,DERIVED_REPRODUCIBLE
5,106,M. VALGREN,62342,2815,5,DERIVED_REPRODUCIBLE
5,107,R. STANNARD,62354,2827,5,DERIVED_REPRODUCIBLE
5,108,S. VELASCO,62362,2835,5,DERIVED_REPRODUCIBLE
5,109,A. GATE,62381,2854,5,DERIVED_REPRODUCIBLE
5,110,J. TRATNIK,62424,2897,5,DERIVED_REPRODUCIBLE
5,111,J. RICKAERT,62444,2917,5,DERIVED_REPRODUCIBLE
5,112,A. TURGIS,62466,2939,5,DERIVED_REPRODUCIBLE
5,113,L. VERVAEKE,62475,2948,5,DERIVED_REPRODUCIBLE
5,114,K. NEILANDS,62476,2949,5,DERIVED_REPRODUCIBLE
5,115,T. GUERNALEC,62479,2952,5,DERIVED_REPRODUCIBLE
5,116,B. THOMAS,62485,2958,5,DERIVED_REPRODUCIBLE
5,117,X. AZPARREN IRURZUN,62517,2990,5,DERIVED_REPRODUCIBLE
5,118,M. MOHORIC,62520,2993,5,DERIVED_REPRODUCIBLE
5,119,L. DURBRIDGE,62526,2999,5,DERIVED_REPRODUCIBLE
5,120,A. CHARMIG,62529,3002,5,DERIVED_REPRODUCIBLE
5,121,W. BARGUIL,62535,3008,5,DERIVED_REPRODUCIBLE
5,122,D. HOOLE,62537,3010,5,DERIVED_REPRODUCIBLE
5,123,M. HEßMANN,62550,3023,5,DERIVED_REPRODUCIBLE
5,124,F. ENGELHARDT,62551,3024,5,DERIVED_REPRODUCIBLE
5,125,M. WALKER,62581,3054,5,DERIVED_REPRODUCIBLE
5,126,D. HOWSON,62583,3056,5,DERIVED_REPRODUCIBLE
5,127,J. OTRUBA,62584,3057,5,DERIVED_REPRODUCIBLE
5,128,A. KIRSCH,62684,3157,5,DERIVED_REPRODUCIBLE
5,129,S. DILLIER,62689,3162,5,DERIVED_REPRODUCIBLE
5,130,M. RICCITELLO,62716,3189,5,DERIVED_REPRODUCIBLE
5,131,B. ARMIRAIL,62814,3287,5,DERIVED_REPRODUCIBLE
5,132,M. TEUNISSEN,62870,3343,5,DERIVED_REPRODUCIBLE
5,133,A. MOLENAAR,62873,3346,5,DERIVED_REPRODUCIBLE
5,134,N. VINOKUROV,62875,3348,5,DERIVED_REPRODUCIBLE
5,135,D. VAN BAARLE,62935,3408,5,DERIVED_REPRODUCIBLE
5,136,J. ALAPHILIPPE,62975,3448,5,DERIVED_REPRODUCIBLE
5,137,A. JOHANNESSEN,62977,3450,5,DERIVED_REPRODUCIBLE
5,138,M. KANTER,63016,3489,5,DERIVED_REPRODUCIBLE
5,139,B. GIRMAY,63035,3508,5,DERIVED_REPRODUCIBLE
5,140,M. KWIATKOWSKI,63090,3563,5,DERIVED_REPRODUCIBLE
5,141,R. DHONDT,63091,3564,5,DERIVED_REPRODUCIBLE
5,142,S. OLDANI,63099,3572,5,DERIVED_REPRODUCIBLE
5,143,J. PHILIPSEN,63149,3622,5,DERIVED_REPRODUCIBLE
5,144,F. VERMEERSCH,63161,3634,5,DERIVED_REPRODUCIBLE
5,145,F. BIESTERBOS,63192,3665,5,DERIVED_REPRODUCIBLE
5,146,T. MARSMAN,63197,3670,5,DERIVED_REPRODUCIBLE
5,147,T. VAN ASBROECK,63198,3671,5,DERIVED_REPRODUCIBLE
5,148,N. MÄRKL,63209,3682,5,DERIVED_REPRODUCIBLE
5,149,H. PAGE,63257,3730,5,DERIVED_REPRODUCIBLE
5,150,S. WAERENSKJOLD,63271,3744,5,DERIVED_REPRODUCIBLE
5,151,T. VAN DIJKE,63357,3830,5,DERIVED_REPRODUCIBLE
5,152,J. BIERMANS,63398,3871,5,DERIVED_REPRODUCIBLE
5,153,P. HAGENES,63470,3943,5,DERIVED_REPRODUCIBLE
5,154,F. WRIGHT,63513,3986,5,DERIVED_REPRODUCIBLE
5,155,E. AFFINI,63529,4002,5,DERIVED_REPRODUCIBLE
5,156,M. TRENTIN,63573,4046,5,DERIVED_REPRODUCIBLE
5,157,B. VEISTROFFER,63609,4082,5,DERIVED_REPRODUCIBLE
5,158,D. GODON,63672,4145,5,DERIVED_REPRODUCIBLE
5,159,L. ASKEY,63687,4160,5,DERIVED_REPRODUCIBLE
5,160,P. BITTNER,63727,4200,5,DERIVED_REPRODUCIBLE
5,161,J. VAN DEN BERG,63764,4237,5,DERIVED_REPRODUCIBLE
5,162,J. DEGENKOLB,63774,4247,5,DERIVED_REPRODUCIBLE
5,163,F. GAVIRIA,63787,4260,5,DERIVED_REPRODUCIBLE
5,164,F. GANNA,63799,4272,5,DERIVED_REPRODUCIBLE
5,165,M. FRETIN,63827,4300,5,DERIVED_REPRODUCIBLE
5,166,T. MERLIER,63827,4300,5,DERIVED_REPRODUCIBLE
5,167,J. STEWART,63828,4301,5,DERIVED_REPRODUCIBLE
5,168,P. BAUHAUS,63842,4315,5,DERIVED_REPRODUCIBLE
5,169,P. ACKERMANN,63889,4362,5,DERIVED_REPRODUCIBLE
5,170,H. ARTZ,63900,4373,5,DERIVED_REPRODUCIBLE
5,171,P. ALLEGAERT,63912,4385,5,DERIVED_REPRODUCIBLE
5,172,J. TARLING,63919,4392,5,DERIVED_REPRODUCIBLE
5,173,K. GRADEK,64042,4515,5,DERIVED_REPRODUCIBLE
5,174,D. BALLERINI,64043,4516,5,DERIVED_REPRODUCIBLE
5,175,O. KOOIJ,64059,4532,5,DERIVED_REPRODUCIBLE
5,176,C. BOL,64102,4575,5,DERIVED_REPRODUCIBLE
5,177,L. SLOCK,64146,4619,5,DERIVED_REPRODUCIBLE
5,178,M. LOUVEL,64172,4645,5,DERIVED_REPRODUCIBLE
5,179,B. VAN LERBERGHE,64272,4745,5,DERIVED_REPRODUCIBLE
5,180,M. HALLER,64415,4888,5,DERIVED_REPRODUCIBLE
5,181,A. DE KLEIJN,64922,5395,5,DERIVED_REPRODUCIBLE
6,1,T. POGACAR,76317,0,6,DERIVED_REPRODUCIBLE
6,2,J. VINGEGAARD,76479,162,6,DERIVED_REPRODUCIBLE
6,3,I. DEL TORO,76524,207,6,DERIVED_REPRODUCIBLE
6,4,R. EVENEPOEL,76527,210,6,DERIVED_REPRODUCIBLE
6,5,J. AYUSO,76531,214,6,DERIVED_REPRODUCIBLE
6,6,P. SEIXAS,76552,235,6,DERIVED_REPRODUCIBLE
6,7,F. LIPOWITZ,76557,240,6,DERIVED_REPRODUCIBLE
6,8,L. MARTINEZ,76578,261,6,DERIVED_REPRODUCIBLE
6,9,M. SKJELMOSE,76614,297,6,DERIVED_REPRODUCIBLE
6,10,M. VACEK,76747,430,6,DERIVED_REPRODUCIBLE
6,11,E. BERNAL,76869,552,6,DERIVED_REPRODUCIBLE
6,12,S. QUINN,76892,575,6,DERIVED_REPRODUCIBLE
6,13,T. JOHANNESSEN,76899,582,6,DERIVED_REPRODUCIBLE
6,14,I. VAN WILDER,76902,585,6,DERIVED_REPRODUCIBLE
6,15,T. PIDCOCK,76907,590,6,DERIVED_REPRODUCIBLE
6,16,D. PIGANZOLI,76963,646,6,DERIVED_REPRODUCIBLE
6,17,R. CARAPAZ,76963,646,6,DERIVED_REPRODUCIBLE
6,18,L. VAN EETVELT,76968,651,6,DERIVED_REPRODUCIBLE
6,19,J. JEGAT,76973,656,6,DERIVED_REPRODUCIBLE
6,20,R. DEBRUYNE,77003,686,6,DERIVED_REPRODUCIBLE
6,21,Y. VOISARD,77058,741,6,DERIVED_REPRODUCIBLE
6,22,H. TEJADA,77103,786,6,DERIVED_REPRODUCIBLE
6,23,P. CASTRILLO,77121,804,6,DERIVED_REPRODUCIBLE
6,24,S. KUSS,77130,813,6,DERIVED_REPRODUCIBLE
6,25,A. YATES,77188,871,6,DERIVED_REPRODUCIBLE
6,26,B. MCNULTY,77423,1106,6,DERIVED_REPRODUCIBLE
6,27,T. ARENSMAN,77476,1159,6,DERIVED_REPRODUCIBLE
6,28,T. TRÆEN,77649,1332,6,DERIVED_REPRODUCIBLE
6,29,S. HIGUITA,77789,1472,6,DERIVED_REPRODUCIBLE
6,30,T. BENOOT,77823,1506,6,DERIVED_REPRODUCIBLE
6,31,J. HINDLEY,77913,1596,6,DERIVED_REPRODUCIBLE
6,32,A. TIBERI,77940,1623,6,DERIVED_REPRODUCIBLE
6,33,C. HARPER,78080,1763,6,DERIVED_REPRODUCIBLE
6,34,J. PARRA,78148,1831,6,DERIVED_REPRODUCIBLE
6,35,G. MARTIN GUYONNET,78199,1882,6,DERIVED_REPRODUCIBLE
6,36,M. JORGENSON,78265,1948,6,DERIVED_REPRODUCIBLE
6,37,N. PRODHOMME,78336,2019,6,DERIVED_REPRODUCIBLE
6,38,I. IZAGIRRE,78393,2076,6,DERIVED_REPRODUCIBLE
6,39,R. GARCIA,78433,2116,6,DERIVED_REPRODUCIBLE
6,40,C. VERONA,78507,2190,6,DERIVED_REPRODUCIBLE
6,41,Q. HERMANS,78627,2310,6,DERIVED_REPRODUCIBLE
6,42,A. BAUDIN,78672,2355,6,DERIVED_REPRODUCIBLE
6,43,Q. SIMMONS,78732,2415,6,DERIVED_REPRODUCIBLE
6,44,K. VAUQUELIN,78738,2421,6,DERIVED_REPRODUCIBLE
6,45,M. VAN GILS,78834,2517,6,DERIVED_REPRODUCIBLE
6,46,F. GROSSSCHARTNER,78856,2539,6,DERIVED_REPRODUCIBLE
6,47,A. SKAARSETH,79215,2898,6,DERIVED_REPRODUCIBLE
6,48,A. BALDERSTONE,79300,2983,6,DERIVED_REPRODUCIBLE
6,49,V. PARET PEINTRE,79393,3076,6,DERIVED_REPRODUCIBLE
6,50,B. O'CONNOR,79478,3161,6,DERIVED_REPRODUCIBLE
6,51,D. GEE,79518,3201,6,DERIVED_REPRODUCIBLE
6,52,G. BENNETT,79541,3224,6,DERIVED_REPRODUCIBLE
6,53,R. GREGOIRE,79580,3263,6,DERIVED_REPRODUCIBLE
6,54,M. HIRSCHI,79605,3288,6,DERIVED_REPRODUCIBLE
6,55,J. ROMO,79735,3418,6,DERIVED_REPRODUCIBLE
6,56,M. CATTANEO,79789,3472,6,DERIVED_REPRODUCIBLE
6,57,J. DELBOVE,79789,3472,6,DERIVED_REPRODUCIBLE
6,58,D. CARUSO,79921,3604,6,DERIVED_REPRODUCIBLE
6,59,X. MEURISSE,79940,3623,6,DERIVED_REPRODUCIBLE
6,60,A. PARET PEINTRE,79944,3627,6,DERIVED_REPRODUCIBLE
6,61,A. DELETTRE,80002,3685,6,DERIVED_REPRODUCIBLE
6,62,E. RUBIO,80011,3694,6,DERIVED_REPRODUCIBLE
6,63,M. VERCHER,80056,3739,6,DERIVED_REPRODUCIBLE
6,64,N. BREUILLARD,80061,3744,6,DERIVED_REPRODUCIBLE
6,65,T. SKUJINS,80100,3783,6,DERIVED_REPRODUCIBLE
6,66,T. FOSS,80162,3845,6,DERIVED_REPRODUCIBLE
6,67,T. WELLENS,80223,3906,6,DERIVED_REPRODUCIBLE
6,68,M. VALGREN,80229,3912,6,DERIVED_REPRODUCIBLE
6,69,M. STORER,80237,3920,6,DERIVED_REPRODUCIBLE
6,70,V. VAN MECHELEN,80243,3926,6,DERIVED_REPRODUCIBLE
6,71,G. ZIMMERMANN,80259,3942,6,DERIVED_REPRODUCIBLE
6,72,N. OLIVEIRA,80306,3989,6,DERIVED_REPRODUCIBLE
6,73,J. CEPEDA,80320,4003,6,DERIVED_REPRODUCIBLE
6,74,C. BRAZ AFONSO,80350,4033,6,DERIVED_REPRODUCIBLE
6,75,V. CAMPENAERTS,80451,4134,6,DERIVED_REPRODUCIBLE
6,76,K. ASGREEN,80487,4170,6,DERIVED_REPRODUCIBLE
6,77,N. POLITT,80488,4171,6,DERIVED_REPRODUCIBLE
6,78,S. BERWICK,80490,4173,6,DERIVED_REPRODUCIBLE
6,79,M. LE BERRE,80496,4179,6,DERIVED_REPRODUCIBLE
6,80,M. VAN DER POEL,80519,4202,6,DERIVED_REPRODUCIBLE
6,81,L. GERMANI,80535,4218,6,DERIVED_REPRODUCIBLE
6,82,M. FRIGO,80542,4225,6,DERIVED_REPRODUCIBLE
6,83,M. MATTHEWS,80590,4273,6,DERIVED_REPRODUCIBLE
6,84,M. RICCITELLO,80603,4286,6,DERIVED_REPRODUCIBLE
6,85,L. CRAPS,80705,4388,6,DERIVED_REPRODUCIBLE
6,86,C. RUSSO,80712,4395,6,DERIVED_REPRODUCIBLE
6,87,F. VAN DEN BROEK,80759,4442,6,DERIVED_REPRODUCIBLE
6,88,N. DENZ,80765,4448,6,DERIVED_REPRODUCIBLE
6,89,J. STUYVEN,80773,4456,6,DERIVED_REPRODUCIBLE
6,90,A. ARANBURU,80777,4460,6,DERIVED_REPRODUCIBLE
6,91,M. PEDERSEN,80818,4501,6,DERIVED_REPRODUCIBLE
6,92,J. NICOLAU,80880,4563,6,DERIVED_REPRODUCIBLE
6,93,M. SCHMID,80910,4593,6,DERIVED_REPRODUCIBLE
6,94,L. PLAPP,80930,4613,6,DERIVED_REPRODUCIBLE
6,95,P. EENKHOORN,80988,4671,6,DERIVED_REPRODUCIBLE
6,96,E. COSTIOU,80995,4678,6,DERIVED_REPRODUCIBLE
6,97,R. PLUIMERS,81017,4700,6,DERIVED_REPRODUCIBLE
6,98,M. CORT NIELSEN,81017,4700,6,DERIVED_REPRODUCIBLE
6,99,E. PLANCKAERT,81046,4729,6,DERIVED_REPRODUCIBLE
6,100,J. BERCKMOES,81090,4773,6,DERIVED_REPRODUCIBLE
6,101,A. JOHANNESSEN,81099,4782,6,DERIVED_REPRODUCIBLE
6,102,B. VAN MOER,81103,4786,6,DERIVED_REPRODUCIBLE
6,103,L. VERVAEKE,81107,4790,6,DERIVED_REPRODUCIBLE
6,104,E. VERSTRYNGE,81123,4806,6,DERIVED_REPRODUCIBLE
6,105,J. ABRAHAMSEN,81137,4820,6,DERIVED_REPRODUCIBLE
6,106,F. ENGELHARDT,81156,4839,6,DERIVED_REPRODUCIBLE
6,107,B. HEALY,81163,4846,6,DERIVED_REPRODUCIBLE
6,108,Q. PACHER,81177,4860,6,DERIVED_REPRODUCIBLE
6,109,G. STEINHAUSER,81181,4864,6,DERIVED_REPRODUCIBLE
6,110,D. HOWSON,81188,4871,6,DERIVED_REPRODUCIBLE
6,111,R. STANNARD,81209,4892,6,DERIVED_REPRODUCIBLE
6,112,S. VELASCO,81217,4900,6,DERIVED_REPRODUCIBLE
6,113,A. GATE,81236,4919,6,DERIVED_REPRODUCIBLE
6,114,J. TRATNIK,81279,4962,6,DERIVED_REPRODUCIBLE
6,115,J. RICKAERT,81299,4982,6,DERIVED_REPRODUCIBLE
6,116,A. KIRSCH,81316,4999,6,DERIVED_REPRODUCIBLE
6,117,A. TURGIS,81321,5004,6,DERIVED_REPRODUCIBLE
6,118,K. NEILANDS,81331,5014,6,DERIVED_REPRODUCIBLE
6,119,T. GUERNALEC,81334,5017,6,DERIVED_REPRODUCIBLE
6,120,X. AZPARREN IRURZUN,81372,5055,6,DERIVED_REPRODUCIBLE
6,121,M. MOHORIC,81375,5058,6,DERIVED_REPRODUCIBLE
6,122,L. DURBRIDGE,81381,5064,6,DERIVED_REPRODUCIBLE
6,123,A. CHARMIG,81384,5067,6,DERIVED_REPRODUCIBLE
6,124,W. BARGUIL,81390,5073,6,DERIVED_REPRODUCIBLE
6,125,B. THOMAS,81393,5076,6,DERIVED_REPRODUCIBLE
6,126,M. HEßMANN,81405,5088,6,DERIVED_REPRODUCIBLE
6,127,M. WALKER,81436,5119,6,DERIVED_REPRODUCIBLE
6,128,B. ARMIRAIL,81446,5129,6,DERIVED_REPRODUCIBLE
6,129,D. HOOLE,81472,5155,6,DERIVED_REPRODUCIBLE
6,130,N. VINOKUROV,81507,5190,6,DERIVED_REPRODUCIBLE
6,131,D. VAN BAARLE,81567,5250,6,DERIVED_REPRODUCIBLE
6,132,J. ALAPHILIPPE,81607,5290,6,DERIVED_REPRODUCIBLE
6,133,J. OTRUBA,81635,5318,6,DERIVED_REPRODUCIBLE
6,134,M. TEUNISSEN,81725,5408,6,DERIVED_REPRODUCIBLE
6,135,S. DILLIER,81740,5423,6,DERIVED_REPRODUCIBLE
6,136,M. KANTER,81871,5554,6,DERIVED_REPRODUCIBLE
6,137,B. GIRMAY,81890,5573,6,DERIVED_REPRODUCIBLE
6,138,M. KWIATKOWSKI,81945,5628,6,DERIVED_REPRODUCIBLE
6,139,R. DHONDT,81946,5629,6,DERIVED_REPRODUCIBLE
6,140,S. OLDANI,81954,5637,6,DERIVED_REPRODUCIBLE
6,141,F. VERMEERSCH,82016,5699,6,DERIVED_REPRODUCIBLE
6,142,F. BIESTERBOS,82047,5730,6,DERIVED_REPRODUCIBLE
6,143,T. VAN ASBROECK,82053,5736,6,DERIVED_REPRODUCIBLE
6,144,H. PAGE,82112,5795,6,DERIVED_REPRODUCIBLE
6,145,S. WAERENSKJOLD,82126,5809,6,DERIVED_REPRODUCIBLE
6,146,J. PHILIPSEN,82200,5883,6,DERIVED_REPRODUCIBLE
6,147,T. VAN DIJKE,82212,5895,6,DERIVED_REPRODUCIBLE
6,148,T. MARSMAN,82248,5931,6,DERIVED_REPRODUCIBLE
6,149,J. BIERMANS,82253,5936,6,DERIVED_REPRODUCIBLE
6,150,N. MÄRKL,82260,5943,6,DERIVED_REPRODUCIBLE
6,151,P. HAGENES,82325,6008,6,DERIVED_REPRODUCIBLE
6,152,F. WRIGHT,82368,6051,6,DERIVED_REPRODUCIBLE
6,153,E. AFFINI,82384,6067,6,DERIVED_REPRODUCIBLE
6,154,M. TRENTIN,82428,6111,6,DERIVED_REPRODUCIBLE
6,155,B. VEISTROFFER,82464,6147,6,DERIVED_REPRODUCIBLE
6,156,D. GODON,82527,6210,6,DERIVED_REPRODUCIBLE
6,157,P. BITTNER,82582,6265,6,DERIVED_REPRODUCIBLE
6,158,J. VAN DEN BERG,82619,6302,6,DERIVED_REPRODUCIBLE
6,159,J. DEGENKOLB,82629,6312,6,DERIVED_REPRODUCIBLE
6,160,F. GANNA,82654,6337,6,DERIVED_REPRODUCIBLE
6,161,M. FRETIN,82682,6365,6,DERIVED_REPRODUCIBLE
6,162,J. STEWART,82683,6366,6,DERIVED_REPRODUCIBLE
6,163,L. ASKEY,82738,6421,6,DERIVED_REPRODUCIBLE
6,164,P. ACKERMANN,82744,6427,6,DERIVED_REPRODUCIBLE
6,165,H. ARTZ,82755,6438,6,DERIVED_REPRODUCIBLE
6,166,J. TARLING,82774,6457,6,DERIVED_REPRODUCIBLE
6,167,F. GAVIRIA,82838,6521,6,DERIVED_REPRODUCIBLE
6,168,T. MERLIER,82878,6561,6,DERIVED_REPRODUCIBLE
6,169,P. BAUHAUS,82893,6576,6,DERIVED_REPRODUCIBLE
6,170,K. GRADEK,82897,6580,6,DERIVED_REPRODUCIBLE
6,171,D. BALLERINI,82898,6581,6,DERIVED_REPRODUCIBLE
6,172,P. ALLEGAERT,82963,6646,6,DERIVED_REPRODUCIBLE
6,173,O. KOOIJ,82994,6677,6,DERIVED_REPRODUCIBLE
6,174,L. SLOCK,83001,6684,6,DERIVED_REPRODUCIBLE
6,175,M. LOUVEL,83027,6710,6,DERIVED_REPRODUCIBLE
6,176,C. BOL,83037,6720,6,DERIVED_REPRODUCIBLE
6,177,M. HALLER,83270,6953,6,DERIVED_REPRODUCIBLE
7,1,T. POGACAR,89777,0,7,DERIVED_REPRODUCIBLE
7,2,J. VINGEGAARD,89939,162,7,DERIVED_REPRODUCIBLE
7,3,I. DEL TORO,89984,207,7,DERIVED_REPRODUCIBLE
7,4,R. EVENEPOEL,89987,210,7,DERIVED_REPRODUCIBLE
7,5,J. AYUSO,89991,214,7,DERIVED_REPRODUCIBLE
7,6,P. SEIXAS,90012,235,7,DERIVED_REPRODUCIBLE
7,7,F. LIPOWITZ,90017,240,7,DERIVED_REPRODUCIBLE
7,8,L. MARTINEZ,90038,261,7,DERIVED_REPRODUCIBLE
7,9,M. SKJELMOSE,90074,297,7,DERIVED_REPRODUCIBLE
7,10,M. VACEK,90207,430,7,DERIVED_REPRODUCIBLE
7,11,E. BERNAL,90329,552,7,DERIVED_REPRODUCIBLE
7,12,S. QUINN,90352,575,7,DERIVED_REPRODUCIBLE
7,13,T. JOHANNESSEN,90359,582,7,DERIVED_REPRODUCIBLE
7,14,I. VAN WILDER,90362,585,7,DERIVED_REPRODUCIBLE
7,15,T. PIDCOCK,90367,590,7,DERIVED_REPRODUCIBLE
7,16,D. PIGANZOLI,90423,646,7,DERIVED_REPRODUCIBLE
7,17,L. VAN EETVELT,90428,651,7,DERIVED_REPRODUCIBLE
7,18,J. JEGAT,90433,656,7,DERIVED_REPRODUCIBLE
7,19,R. DEBRUYNE,90463,686,7,DERIVED_REPRODUCIBLE
7,20,Y. VOISARD,90518,741,7,DERIVED_REPRODUCIBLE
7,21,H. TEJADA,90563,786,7,DERIVED_REPRODUCIBLE
7,22,P. CASTRILLO,90581,804,7,DERIVED_REPRODUCIBLE
7,23,S. KUSS,90590,813,7,DERIVED_REPRODUCIBLE
7,24,R. CARAPAZ,90592,815,7,DERIVED_REPRODUCIBLE
7,25,A. YATES,90648,871,7,DERIVED_REPRODUCIBLE
7,26,B. MCNULTY,90883,1106,7,DERIVED_REPRODUCIBLE
7,27,T. ARENSMAN,90936,1159,7,DERIVED_REPRODUCIBLE
7,28,T. BENOOT,91283,1506,7,DERIVED_REPRODUCIBLE
7,29,J. HINDLEY,91373,1596,7,DERIVED_REPRODUCIBLE
7,30,S. HIGUITA,91374,1597,7,DERIVED_REPRODUCIBLE
7,31,A. TIBERI,91400,1623,7,DERIVED_REPRODUCIBLE
7,32,J. PARRA,91608,1831,7,DERIVED_REPRODUCIBLE
7,33,G. MARTIN GUYONNET,91659,1882,7,DERIVED_REPRODUCIBLE
7,34,M. JORGENSON,91725,1948,7,DERIVED_REPRODUCIBLE
7,35,C. HARPER,91740,1963,7,DERIVED_REPRODUCIBLE
7,36,N. PRODHOMME,91796,2019,7,DERIVED_REPRODUCIBLE
7,37,R. GARCIA,91893,2116,7,DERIVED_REPRODUCIBLE
7,38,C. VERONA,92030,2253,7,DERIVED_REPRODUCIBLE
7,39,I. IZAGIRRE,92042,2265,7,DERIVED_REPRODUCIBLE
7,40,Q. HERMANS,92087,2310,7,DERIVED_REPRODUCIBLE
7,41,K. VAUQUELIN,92198,2421,7,DERIVED_REPRODUCIBLE
7,42,A. BAUDIN,92291,2514,7,DERIVED_REPRODUCIBLE
7,43,M. VAN GILS,92294,2517,7,DERIVED_REPRODUCIBLE
7,44,F. GROSSSCHARTNER,92316,2539,7,DERIVED_REPRODUCIBLE
7,45,Q. SIMMONS,92330,2553,7,DERIVED_REPRODUCIBLE
7,46,A. SKAARSETH,92675,2898,7,DERIVED_REPRODUCIBLE
7,47,A. BALDERSTONE,92885,3108,7,DERIVED_REPRODUCIBLE
7,48,D. GEE,92978,3201,7,DERIVED_REPRODUCIBLE
7,49,B. O'CONNOR,93021,3244,7,DERIVED_REPRODUCIBLE
7,50,V. PARET PEINTRE,93022,3245,7,DERIVED_REPRODUCIBLE
7,51,G. BENNETT,93126,3349,7,DERIVED_REPRODUCIBLE
7,52,R. GREGOIRE,93165,3388,7,DERIVED_REPRODUCIBLE
7,53,J. ROMO,93195,3418,7,DERIVED_REPRODUCIBLE
7,54,M. HIRSCHI,93228,3451,7,DERIVED_REPRODUCIBLE
7,55,M. CATTANEO,93249,3472,7,DERIVED_REPRODUCIBLE
7,56,J. DELBOVE,93249,3472,7,DERIVED_REPRODUCIBLE
7,57,X. MEURISSE,93400,3623,7,DERIVED_REPRODUCIBLE
7,58,D. CARUSO,93464,3687,7,DERIVED_REPRODUCIBLE
7,59,A. DELETTRE,93508,3731,7,DERIVED_REPRODUCIBLE
7,60,M. VERCHER,93516,3739,7,DERIVED_REPRODUCIBLE
7,61,T. SKUJINS,93560,3783,7,DERIVED_REPRODUCIBLE
7,62,A. PARET PEINTRE,93567,3790,7,DERIVED_REPRODUCIBLE
7,63,E. RUBIO,93596,3819,7,DERIVED_REPRODUCIBLE
7,64,T. WELLENS,93683,3906,7,DERIVED_REPRODUCIBLE
7,65,N. BREUILLARD,93690,3913,7,DERIVED_REPRODUCIBLE
7,66,T. FOSS,93719,3942,7,DERIVED_REPRODUCIBLE
7,67,G. ZIMMERMANN,93719,3942,7,DERIVED_REPRODUCIBLE
7,68,N. OLIVEIRA,93766,3989,7,DERIVED_REPRODUCIBLE
7,69,M. VALGREN,93848,4071,7,DERIVED_REPRODUCIBLE
7,70,C. BRAZ AFONSO,93856,4079,7,DERIVED_REPRODUCIBLE
7,71,V. VAN MECHELEN,93872,4095,7,DERIVED_REPRODUCIBLE
7,72,M. STORER,93886,4109,7,DERIVED_REPRODUCIBLE
7,73,V. CAMPENAERTS,93911,4134,7,DERIVED_REPRODUCIBLE
7,74,K. ASGREEN,93947,4170,7,DERIVED_REPRODUCIBLE
7,75,N. POLITT,93948,4171,7,DERIVED_REPRODUCIBLE
7,76,J. CEPEDA,93949,4172,7,DERIVED_REPRODUCIBLE
7,77,M. LE BERRE,93956,4179,7,DERIVED_REPRODUCIBLE
7,78,M. VAN DER POEL,93979,4202,7,DERIVED_REPRODUCIBLE
7,79,L. GERMANI,93995,4218,7,DERIVED_REPRODUCIBLE
7,80,S. BERWICK,94119,4342,7,DERIVED_REPRODUCIBLE
7,81,L. CRAPS,94165,4388,7,DERIVED_REPRODUCIBLE
7,82,C. RUSSO,94172,4395,7,DERIVED_REPRODUCIBLE
7,83,M. RICCITELLO,94188,4411,7,DERIVED_REPRODUCIBLE
7,84,M. MATTHEWS,94188,4411,7,DERIVED_REPRODUCIBLE
7,85,N. DENZ,94225,4448,7,DERIVED_REPRODUCIBLE
7,86,J. STUYVEN,94233,4456,7,DERIVED_REPRODUCIBLE
7,87,M. PEDERSEN,94278,4501,7,DERIVED_REPRODUCIBLE
7,88,F. VAN DEN BROEK,94285,4508,7,DERIVED_REPRODUCIBLE
7,89,M. FRIGO,94309,4532,7,DERIVED_REPRODUCIBLE
7,90,A. ARANBURU,94460,4683,7,DERIVED_REPRODUCIBLE
7,91,R. PLUIMERS,94477,4700,7,DERIVED_REPRODUCIBLE
7,92,M. CORT NIELSEN,94477,4700,7,DERIVED_REPRODUCIBLE
7,93,M. SCHMID,94495,4718,7,DERIVED_REPRODUCIBLE
7,94,E. PLANCKAERT,94506,4729,7,DERIVED_REPRODUCIBLE
7,95,E. COSTIOU,94528,4751,7,DERIVED_REPRODUCIBLE
7,96,J. BERCKMOES,94550,4773,7,DERIVED_REPRODUCIBLE
7,97,L. PLAPP,94559,4782,7,DERIVED_REPRODUCIBLE
7,98,J. NICOLAU,94563,4786,7,DERIVED_REPRODUCIBLE
7,99,B. VAN MOER,94563,4786,7,DERIVED_REPRODUCIBLE
7,100,J. ABRAHAMSEN,94597,4820,7,DERIVED_REPRODUCIBLE
7,101,P. EENKHOORN,94611,4834,7,DERIVED_REPRODUCIBLE
7,102,L. VERVAEKE,94613,4836,7,DERIVED_REPRODUCIBLE
7,103,Q. PACHER,94637,4860,7,DERIVED_REPRODUCIBLE
7,104,R. STANNARD,94669,4892,7,DERIVED_REPRODUCIBLE
7,105,D. HOWSON,94677,4900,7,DERIVED_REPRODUCIBLE
7,106,A. JOHANNESSEN,94684,4907,7,DERIVED_REPRODUCIBLE
7,107,A. GATE,94696,4919,7,DERIVED_REPRODUCIBLE
7,108,F. ENGELHARDT,94699,4922,7,DERIVED_REPRODUCIBLE
7,109,J. RICKAERT,94759,4982,7,DERIVED_REPRODUCIBLE
7,110,G. STEINHAUSER,94766,4989,7,DERIVED_REPRODUCIBLE
7,111,A. TURGIS,94781,5004,7,DERIVED_REPRODUCIBLE
7,112,E. VERSTRYNGE,94783,5006,7,DERIVED_REPRODUCIBLE
7,113,S. VELASCO,94802,5025,7,DERIVED_REPRODUCIBLE
7,114,B. HEALY,94802,5025,7,DERIVED_REPRODUCIBLE
7,115,M. MOHORIC,94835,5058,7,DERIVED_REPRODUCIBLE
7,116,A. CHARMIG,94844,5067,7,DERIVED_REPRODUCIBLE
7,117,A. KIRSCH,94849,5072,7,DERIVED_REPRODUCIBLE
7,118,T. GUERNALEC,94877,5100,7,DERIVED_REPRODUCIBLE
7,119,J. TRATNIK,94908,5131,7,DERIVED_REPRODUCIBLE
7,120,W. BARGUIL,94933,5156,7,DERIVED_REPRODUCIBLE
7,121,K. NEILANDS,94950,5173,7,DERIVED_REPRODUCIBLE
7,122,N. VINOKUROV,94967,5190,7,DERIVED_REPRODUCIBLE
7,123,L. DURBRIDGE,95010,5233,7,DERIVED_REPRODUCIBLE
7,124,X. AZPARREN IRURZUN,95021,5244,7,DERIVED_REPRODUCIBLE
7,125,B. ARMIRAIL,95024,5247,7,DERIVED_REPRODUCIBLE
7,126,D. HOOLE,95057,5280,7,DERIVED_REPRODUCIBLE
7,127,M. WALKER,95059,5282,7,DERIVED_REPRODUCIBLE
7,128,M. HEßMANN,95065,5288,7,DERIVED_REPRODUCIBLE
7,129,B. THOMAS,95115,5338,7,DERIVED_REPRODUCIBLE
7,130,J. ALAPHILIPPE,95140,5363,7,DERIVED_REPRODUCIBLE
7,131,M. TEUNISSEN,95185,5408,7,DERIVED_REPRODUCIBLE
7,132,D. VAN BAARLE,95190,5413,7,DERIVED_REPRODUCIBLE
7,133,J. OTRUBA,95318,5541,7,DERIVED_REPRODUCIBLE
7,134,M. KANTER,95331,5554,7,DERIVED_REPRODUCIBLE
7,135,B. GIRMAY,95346,5569,7,DERIVED_REPRODUCIBLE
7,136,S. DILLIER,95363,5586,7,DERIVED_REPRODUCIBLE
7,137,M. KWIATKOWSKI,95405,5628,7,DERIVED_REPRODUCIBLE
7,138,S. OLDANI,95443,5666,7,DERIVED_REPRODUCIBLE
7,139,F. VERMEERSCH,95476,5699,7,DERIVED_REPRODUCIBLE
7,140,T. VAN ASBROECK,95513,5736,7,DERIVED_REPRODUCIBLE
7,141,F. BIESTERBOS,95544,5767,7,DERIVED_REPRODUCIBLE
7,142,R. DHONDT,95575,5798,7,DERIVED_REPRODUCIBLE
7,143,S. WAERENSKJOLD,95580,5803,7,DERIVED_REPRODUCIBLE
7,144,J. PHILIPSEN,95660,5883,7,DERIVED_REPRODUCIBLE
7,145,T. VAN DIJKE,95672,5895,7,DERIVED_REPRODUCIBLE
7,146,H. PAGE,95676,5899,7,DERIVED_REPRODUCIBLE
7,147,J. BIERMANS,95713,5936,7,DERIVED_REPRODUCIBLE
7,148,N. MÄRKL,95720,5943,7,DERIVED_REPRODUCIBLE
7,149,T. MARSMAN,95781,6004,7,DERIVED_REPRODUCIBLE
7,150,P. HAGENES,95785,6008,7,DERIVED_REPRODUCIBLE
7,151,F. WRIGHT,95828,6051,7,DERIVED_REPRODUCIBLE
7,152,E. AFFINI,95844,6067,7,DERIVED_REPRODUCIBLE
7,153,M. TRENTIN,95917,6140,7,DERIVED_REPRODUCIBLE
7,154,D. GODON,95987,6210,7,DERIVED_REPRODUCIBLE
7,155,P. BITTNER,96042,6265,7,DERIVED_REPRODUCIBLE
7,156,B. VEISTROFFER,96049,6272,7,DERIVED_REPRODUCIBLE
7,157,J. VAN DEN BERG,96079,6302,7,DERIVED_REPRODUCIBLE
7,158,M. FRETIN,96142,6365,7,DERIVED_REPRODUCIBLE
7,159,J. STEWART,96143,6366,7,DERIVED_REPRODUCIBLE
7,160,J. DEGENKOLB,96172,6395,7,DERIVED_REPRODUCIBLE
7,161,P. ACKERMANN,96204,6427,7,DERIVED_REPRODUCIBLE
7,162,H. ARTZ,96215,6438,7,DERIVED_REPRODUCIBLE
7,163,F. GAVIRIA,96298,6521,7,DERIVED_REPRODUCIBLE
7,164,T. MERLIER,96328,6551,7,DERIVED_REPRODUCIBLE
7,165,F. GANNA,96337,6560,7,DERIVED_REPRODUCIBLE
7,166,P. BAUHAUS,96353,6576,7,DERIVED_REPRODUCIBLE
7,167,D. BALLERINI,96358,6581,7,DERIVED_REPRODUCIBLE
7,168,J. TARLING,96372,6595,7,DERIVED_REPRODUCIBLE
7,169,L. ASKEY,96408,6631,7,DERIVED_REPRODUCIBLE
7,170,O. KOOIJ,96454,6677,7,DERIVED_REPRODUCIBLE
7,171,P. ALLEGAERT,96496,6719,7,DERIVED_REPRODUCIBLE
7,172,C. BOL,96497,6720,7,DERIVED_REPRODUCIBLE
7,173,L. SLOCK,96544,6767,7,DERIVED_REPRODUCIBLE
7,174,K. GRADEK,96546,6769,7,DERIVED_REPRODUCIBLE
7,175,M. LOUVEL,96697,6920,7,DERIVED_REPRODUCIBLE
7,176,M. HALLER,96889,7112,7,DERIVED_REPRODUCIBLE
8,1,T. POGACAR,103747,0,8,DERIVED_REPRODUCIBLE
8,2,J. VINGEGAARD,103909,162,8,DERIVED_REPRODUCIBLE
8,3,I. DEL TORO,103954,207,8,DERIVED_REPRODUCIBLE
8,4,R. EVENEPOEL,103957,210,8,DERIVED_REPRODUCIBLE
8,5,J. AYUSO,103961,214,8,DERIVED_REPRODUCIBLE
8,6,P. SEIXAS,103982,235,8,DERIVED_REPRODUCIBLE
8,7,F. LIPOWITZ,103987,240,8,DERIVED_REPRODUCIBLE
8,8,L. MARTINEZ,104008,261,8,DERIVED_REPRODUCIBLE
8,9,M. SKJELMOSE,104044,297,8,DERIVED_REPRODUCIBLE
8,10,M. VACEK,104177,430,8,DERIVED_REPRODUCIBLE
8,11,E. BERNAL,104299,552,8,DERIVED_REPRODUCIBLE
8,12,S. QUINN,104322,575,8,DERIVED_REPRODUCIBLE
8,13,T. JOHANNESSEN,104329,582,8,DERIVED_REPRODUCIBLE
8,14,I. VAN WILDER,104332,585,8,DERIVED_REPRODUCIBLE
8,15,T. PIDCOCK,104337,590,8,DERIVED_REPRODUCIBLE
8,16,D. PIGANZOLI,104393,646,8,DERIVED_REPRODUCIBLE
8,17,L. VAN EETVELT,104398,651,8,DERIVED_REPRODUCIBLE
8,18,J. JEGAT,104403,656,8,DERIVED_REPRODUCIBLE
8,19,Y. VOISARD,104488,741,8,DERIVED_REPRODUCIBLE
8,20,H. TEJADA,104533,786,8,DERIVED_REPRODUCIBLE
8,21,R. DEBRUYNE,104542,795,8,DERIVED_REPRODUCIBLE
8,22,P. CASTRILLO,104551,804,8,DERIVED_REPRODUCIBLE
8,23,S. KUSS,104560,813,8,DERIVED_REPRODUCIBLE
8,24,A. YATES,104618,871,8,DERIVED_REPRODUCIBLE
8,25,R. CARAPAZ,104671,924,8,DERIVED_REPRODUCIBLE
8,26,B. MCNULTY,104853,1106,8,DERIVED_REPRODUCIBLE
8,27,T. ARENSMAN,104941,1194,8,DERIVED_REPRODUCIBLE
8,28,T. BENOOT,105324,1577,8,DERIVED_REPRODUCIBLE
8,29,A. TIBERI,105370,1623,8,DERIVED_REPRODUCIBLE
8,30,J. HINDLEY,105378,1631,8,DERIVED_REPRODUCIBLE
8,31,S. HIGUITA,105453,1706,8,DERIVED_REPRODUCIBLE
8,32,J. PARRA,105578,1831,8,DERIVED_REPRODUCIBLE
8,33,G. MARTIN GUYONNET,105629,1882,8,DERIVED_REPRODUCIBLE
8,34,M. JORGENSON,105695,1948,8,DERIVED_REPRODUCIBLE
8,35,C. HARPER,105710,1963,8,DERIVED_REPRODUCIBLE
8,36,N. PRODHOMME,105837,2090,8,DERIVED_REPRODUCIBLE
8,37,R. GARCIA,105972,2225,8,DERIVED_REPRODUCIBLE
8,38,C. VERONA,106035,2288,8,DERIVED_REPRODUCIBLE
8,39,Q. HERMANS,106092,2345,8,DERIVED_REPRODUCIBLE
8,40,I. IZAGIRRE,106121,2374,8,DERIVED_REPRODUCIBLE
8,41,K. VAUQUELIN,106168,2421,8,DERIVED_REPRODUCIBLE
8,42,M. VAN GILS,106264,2517,8,DERIVED_REPRODUCIBLE
8,43,A. BAUDIN,106370,2623,8,DERIVED_REPRODUCIBLE
8,44,Q. SIMMONS,106371,2624,8,DERIVED_REPRODUCIBLE
8,45,F. GROSSSCHARTNER,106395,2648,8,DERIVED_REPRODUCIBLE
8,46,A. SKAARSETH,106645,2898,8,DERIVED_REPRODUCIBLE
8,47,A. BALDERSTONE,106948,3201,8,DERIVED_REPRODUCIBLE
8,48,D. GEE,106948,3201,8,DERIVED_REPRODUCIBLE
8,49,B. O'CONNOR,107100,3353,8,DERIVED_REPRODUCIBLE
8,50,V. PARET PEINTRE,107153,3406,8,DERIVED_REPRODUCIBLE
8,51,R. GREGOIRE,107170,3423,8,DERIVED_REPRODUCIBLE
8,52,J. ROMO,107200,3453,8,DERIVED_REPRODUCIBLE
8,53,G. BENNETT,107205,3458,8,DERIVED_REPRODUCIBLE
8,54,M. CATTANEO,107219,3472,8,DERIVED_REPRODUCIBLE
8,55,J. DELBOVE,107219,3472,8,DERIVED_REPRODUCIBLE
8,56,M. HIRSCHI,107307,3560,8,DERIVED_REPRODUCIBLE
8,57,X. MEURISSE,107426,3679,8,DERIVED_REPRODUCIBLE
8,58,D. CARUSO,107434,3687,8,DERIVED_REPRODUCIBLE
8,59,A. DELETTRE,107478,3731,8,DERIVED_REPRODUCIBLE
8,60,T. SKUJINS,107530,3783,8,DERIVED_REPRODUCIBLE
8,61,A. PARET PEINTRE,107537,3790,8,DERIVED_REPRODUCIBLE
8,62,M. VERCHER,107595,3848,8,DERIVED_REPRODUCIBLE
8,63,E. RUBIO,107629,3882,8,DERIVED_REPRODUCIBLE
8,64,G. ZIMMERMANN,107724,3977,8,DERIVED_REPRODUCIBLE
8,65,N. OLIVEIRA,107736,3989,8,DERIVED_REPRODUCIBLE
8,66,T. WELLENS,107762,4015,8,DERIVED_REPRODUCIBLE
8,67,T. FOSS,107798,4051,8,DERIVED_REPRODUCIBLE
8,68,N. BREUILLARD,107800,4053,8,DERIVED_REPRODUCIBLE
8,69,V. VAN MECHELEN,107842,4095,8,DERIVED_REPRODUCIBLE
8,70,C. BRAZ AFONSO,107861,4114,8,DERIVED_REPRODUCIBLE
8,71,V. CAMPENAERTS,107881,4134,8,DERIVED_REPRODUCIBLE
8,72,N. POLITT,107918,4171,8,DERIVED_REPRODUCIBLE
8,73,M. LE BERRE,107926,4179,8,DERIVED_REPRODUCIBLE
8,74,M. VALGREN,107927,4180,8,DERIVED_REPRODUCIBLE
8,75,M. VAN DER POEL,107949,4202,8,DERIVED_REPRODUCIBLE
8,76,L. GERMANI,107965,4218,8,DERIVED_REPRODUCIBLE
8,77,K. ASGREEN,107980,4233,8,DERIVED_REPRODUCIBLE
8,78,J. CEPEDA,108028,4281,8,DERIVED_REPRODUCIBLE
8,79,M. STORER,108092,4345,8,DERIVED_REPRODUCIBLE
8,80,C. RUSSO,108142,4395,8,DERIVED_REPRODUCIBLE
8,81,L. CRAPS,108183,4436,8,DERIVED_REPRODUCIBLE
8,82,S. BERWICK,108198,4451,8,DERIVED_REPRODUCIBLE
8,83,J. STUYVEN,108203,4456,8,DERIVED_REPRODUCIBLE
8,84,N. DENZ,108230,4483,8,DERIVED_REPRODUCIBLE
8,85,M. PEDERSEN,108248,4501,8,DERIVED_REPRODUCIBLE
8,86,F. VAN DEN BROEK,108255,4508,8,DERIVED_REPRODUCIBLE
8,87,M. RICCITELLO,108267,4520,8,DERIVED_REPRODUCIBLE
8,88,M. MATTHEWS,108267,4520,8,DERIVED_REPRODUCIBLE
8,89,R. PLUIMERS,108447,4700,8,DERIVED_REPRODUCIBLE
8,90,M. CORT NIELSEN,108447,4700,8,DERIVED_REPRODUCIBLE
8,91,M. SCHMID,108465,4718,8,DERIVED_REPRODUCIBLE
8,92,E. PLANCKAERT,108511,4764,8,DERIVED_REPRODUCIBLE
8,93,M. FRIGO,108515,4768,8,DERIVED_REPRODUCIBLE
8,94,J. BERCKMOES,108520,4773,8,DERIVED_REPRODUCIBLE
8,95,A. ARANBURU,108539,4792,8,DERIVED_REPRODUCIBLE
8,96,J. ABRAHAMSEN,108567,4820,8,DERIVED_REPRODUCIBLE
8,97,L. VERVAEKE,108583,4836,8,DERIVED_REPRODUCIBLE
8,98,B. VAN MOER,108596,4849,8,DERIVED_REPRODUCIBLE
8,99,E. COSTIOU,108607,4860,8,DERIVED_REPRODUCIBLE
8,100,Q. PACHER,108607,4860,8,DERIVED_REPRODUCIBLE
8,101,R. STANNARD,108639,4892,8,DERIVED_REPRODUCIBLE
8,102,A. TURGIS,108751,5004,8,DERIVED_REPRODUCIBLE
8,103,D. HOWSON,108756,5009,8,DERIVED_REPRODUCIBLE
8,104,A. JOHANNESSEN,108763,5016,8,DERIVED_REPRODUCIBLE
8,105,J. RICKAERT,108764,5017,8,DERIVED_REPRODUCIBLE
8,106,L. PLAPP,108765,5018,8,DERIVED_REPRODUCIBLE
8,107,F. ENGELHARDT,108770,5023,8,DERIVED_REPRODUCIBLE
8,108,A. GATE,108775,5028,8,DERIVED_REPRODUCIBLE
8,109,M. MOHORIC,108805,5058,8,DERIVED_REPRODUCIBLE
8,110,A. CHARMIG,108814,5067,8,DERIVED_REPRODUCIBLE
8,111,J. NICOLAU,108818,5071,8,DERIVED_REPRODUCIBLE
8,112,A. KIRSCH,108819,5072,8,DERIVED_REPRODUCIBLE
8,113,G. STEINHAUSER,108845,5098,8,DERIVED_REPRODUCIBLE
8,114,S. VELASCO,108881,5134,8,DERIVED_REPRODUCIBLE
8,115,B. HEALY,108881,5134,8,DERIVED_REPRODUCIBLE
8,116,K. NEILANDS,108920,5173,8,DERIVED_REPRODUCIBLE
8,117,P. EENKHOORN,108925,5178,8,DERIVED_REPRODUCIBLE
8,118,J. TRATNIK,108987,5240,8,DERIVED_REPRODUCIBLE
8,119,W. BARGUIL,109012,5265,8,DERIVED_REPRODUCIBLE
8,120,M. HEßMANN,109035,5288,8,DERIVED_REPRODUCIBLE
8,121,T. GUERNALEC,109083,5336,8,DERIVED_REPRODUCIBLE
8,122,L. DURBRIDGE,109089,5342,8,DERIVED_REPRODUCIBLE
8,123,X. AZPARREN IRURZUN,109100,5353,8,DERIVED_REPRODUCIBLE
8,124,B. ARMIRAIL,109103,5356,8,DERIVED_REPRODUCIBLE
8,125,E. VERSTRYNGE,109125,5378,8,DERIVED_REPRODUCIBLE
8,126,D. HOOLE,109136,5389,8,DERIVED_REPRODUCIBLE
8,127,M. WALKER,109138,5391,8,DERIVED_REPRODUCIBLE
8,128,N. VINOKUROV,109143,5396,8,DERIVED_REPRODUCIBLE
8,129,M. TEUNISSEN,109155,5408,8,DERIVED_REPRODUCIBLE
8,130,B. THOMAS,109194,5447,8,DERIVED_REPRODUCIBLE
8,131,M. KANTER,109301,5554,8,DERIVED_REPRODUCIBLE
8,132,B. GIRMAY,109310,5563,8,DERIVED_REPRODUCIBLE
8,133,D. VAN BAARLE,109321,5574,8,DERIVED_REPRODUCIBLE
8,134,J. ALAPHILIPPE,109346,5599,8,DERIVED_REPRODUCIBLE
8,135,M. KWIATKOWSKI,109375,5628,8,DERIVED_REPRODUCIBLE
8,136,J. OTRUBA,109397,5650,8,DERIVED_REPRODUCIBLE
8,137,S. OLDANI,109413,5666,8,DERIVED_REPRODUCIBLE
8,138,F. VERMEERSCH,109446,5699,8,DERIVED_REPRODUCIBLE
8,139,T. VAN ASBROECK,109483,5736,8,DERIVED_REPRODUCIBLE
8,140,F. BIESTERBOS,109549,5802,8,DERIVED_REPRODUCIBLE
8,141,S. WAERENSKJOLD,109550,5803,8,DERIVED_REPRODUCIBLE
8,142,S. DILLIER,109569,5822,8,DERIVED_REPRODUCIBLE
8,143,J. PHILIPSEN,109630,5883,8,DERIVED_REPRODUCIBLE
8,144,T. VAN DIJKE,109642,5895,8,DERIVED_REPRODUCIBLE
8,145,R. DHONDT,109654,5907,8,DERIVED_REPRODUCIBLE
8,146,N. MÄRKL,109690,5943,8,DERIVED_REPRODUCIBLE
8,147,H. PAGE,109694,5947,8,DERIVED_REPRODUCIBLE
8,148,P. HAGENES,109755,6008,8,DERIVED_REPRODUCIBLE
8,149,J. BIERMANS,109763,6016,8,DERIVED_REPRODUCIBLE
8,150,F. WRIGHT,109798,6051,8,DERIVED_REPRODUCIBLE
8,151,E. AFFINI,109814,6067,8,DERIVED_REPRODUCIBLE
8,152,T. MARSMAN,109860,6113,8,DERIVED_REPRODUCIBLE
8,153,M. TRENTIN,109922,6175,8,DERIVED_REPRODUCIBLE
8,154,D. GODON,109957,6210,8,DERIVED_REPRODUCIBLE
8,155,P. BITTNER,110012,6265,8,DERIVED_REPRODUCIBLE
8,156,M. FRETIN,110112,6365,8,DERIVED_REPRODUCIBLE
8,157,B. VEISTROFFER,110128,6381,8,DERIVED_REPRODUCIBLE
8,158,J. VAN DEN BERG,110158,6411,8,DERIVED_REPRODUCIBLE
8,159,P. ACKERMANN,110174,6427,8,DERIVED_REPRODUCIBLE
8,160,J. STEWART,110176,6429,8,DERIVED_REPRODUCIBLE
8,161,H. ARTZ,110185,6438,8,DERIVED_REPRODUCIBLE
8,162,J. DEGENKOLB,110231,6484,8,DERIVED_REPRODUCIBLE
8,163,F. GAVIRIA,110268,6521,8,DERIVED_REPRODUCIBLE
8,164,T. MERLIER,110288,6541,8,DERIVED_REPRODUCIBLE
8,165,F. GANNA,110307,6560,8,DERIVED_REPRODUCIBLE
8,166,P. BAUHAUS,110323,6576,8,DERIVED_REPRODUCIBLE
8,167,L. ASKEY,110378,6631,8,DERIVED_REPRODUCIBLE
8,168,D. BALLERINI,110417,6670,8,DERIVED_REPRODUCIBLE
8,169,O. KOOIJ,110420,6673,8,DERIVED_REPRODUCIBLE
8,170,J. TARLING,110451,6704,8,DERIVED_REPRODUCIBLE
8,171,C. BOL,110467,6720,8,DERIVED_REPRODUCIBLE
8,172,P. ALLEGAERT,110514,6767,8,DERIVED_REPRODUCIBLE
8,173,L. SLOCK,110594,6847,8,DERIVED_REPRODUCIBLE
8,174,K. GRADEK,110617,6870,8,DERIVED_REPRODUCIBLE
8,175,M. LOUVEL,110903,7156,8,DERIVED_REPRODUCIBLE
8,176,M. HALLER,111040,7293,8,DERIVED_REPRODUCIBLE
9,1,T. POGACAR,116224,0,9,DERIVED_REPRODUCIBLE
9,2,J. VINGEGAARD,116386,162,9,DERIVED_REPRODUCIBLE
9,3,I. DEL TORO,116431,207,9,DERIVED_REPRODUCIBLE
9,4,R. EVENEPOEL,116434,210,9,DERIVED_REPRODUCIBLE
9,5,J. AYUSO,116438,214,9,DERIVED_REPRODUCIBLE
9,6,P. SEIXAS,116459,235,9,DERIVED_REPRODUCIBLE
9,7,F. LIPOWITZ,116464,240,9,DERIVED_REPRODUCIBLE
9,8,L. MARTINEZ,116485,261,9,DERIVED_REPRODUCIBLE
9,9,M. SKJELMOSE,116521,297,9,DERIVED_REPRODUCIBLE
9,10,E. BERNAL,116776,552,9,DERIVED_REPRODUCIBLE
9,11,T. JOHANNESSEN,116794,570,9,DERIVED_REPRODUCIBLE
9,12,S. QUINN,116799,575,9,DERIVED_REPRODUCIBLE
9,13,T. PIDCOCK,116804,580,9,DERIVED_REPRODUCIBLE
9,14,I. VAN WILDER,116809,585,9,DERIVED_REPRODUCIBLE
9,15,D. PIGANZOLI,116870,646,9,DERIVED_REPRODUCIBLE
9,16,L. VAN EETVELT,116875,651,9,DERIVED_REPRODUCIBLE
9,17,J. JEGAT,116880,656,9,DERIVED_REPRODUCIBLE
9,18,Y. VOISARD,116965,741,9,DERIVED_REPRODUCIBLE
9,19,R. DEBRUYNE,117019,795,9,DERIVED_REPRODUCIBLE
9,20,S. KUSS,117037,813,9,DERIVED_REPRODUCIBLE
9,21,P. CASTRILLO,117041,817,9,DERIVED_REPRODUCIBLE
9,22,A. YATES,117095,871,9,DERIVED_REPRODUCIBLE
9,23,R. CARAPAZ,117148,924,9,DERIVED_REPRODUCIBLE
9,24,M. VACEK,117242,1018,9,DERIVED_REPRODUCIBLE
9,25,B. MCNULTY,117346,1122,9,DERIVED_REPRODUCIBLE
9,26,H. TEJADA,117598,1374,9,DERIVED_REPRODUCIBLE
9,27,T. BENOOT,117801,1577,9,DERIVED_REPRODUCIBLE
9,28,M. JORGENSON,118198,1974,9,DERIVED_REPRODUCIBLE
9,29,N. PRODHOMME,118350,2126,9,DERIVED_REPRODUCIBLE
9,30,T. ARENSMAN,118456,2232,9,DERIVED_REPRODUCIBLE
9,31,C. VERONA,118617,2393,9,DERIVED_REPRODUCIBLE
9,32,I. IZAGIRRE,118669,2445,9,DERIVED_REPRODUCIBLE
9,33,K. VAUQUELIN,118681,2457,9,DERIVED_REPRODUCIBLE
9,34,G. MARTIN GUYONNET,118694,2470,9,DERIVED_REPRODUCIBLE
9,35,C. HARPER,118775,2551,9,DERIVED_REPRODUCIBLE
9,36,A. BAUDIN,118841,2617,9,DERIVED_REPRODUCIBLE
9,37,A. TIBERI,118885,2661,9,DERIVED_REPRODUCIBLE
9,38,F. GROSSSCHARTNER,118893,2669,9,DERIVED_REPRODUCIBLE
9,39,J. HINDLEY,118893,2669,9,DERIVED_REPRODUCIBLE
9,40,S. HIGUITA,118968,2744,9,DERIVED_REPRODUCIBLE
9,41,Q. SIMMONS,119082,2858,9,DERIVED_REPRODUCIBLE
9,42,J. PARRA,119093,2869,9,DERIVED_REPRODUCIBLE
9,43,Q. HERMANS,119157,2933,9,DERIVED_REPRODUCIBLE
9,44,R. GARCIA,119487,3263,9,DERIVED_REPRODUCIBLE
9,45,D. GEE,119615,3391,9,DERIVED_REPRODUCIBLE
9,46,V. PARET PEINTRE,119630,3406,9,DERIVED_REPRODUCIBLE
9,47,M. HIRSCHI,119784,3560,9,DERIVED_REPRODUCIBLE
9,48,E. RUBIO,120106,3882,9,DERIVED_REPRODUCIBLE
9,49,A. SKAARSETH,120160,3936,9,DERIVED_REPRODUCIBLE
9,50,B. O'CONNOR,120170,3946,9,DERIVED_REPRODUCIBLE
9,51,T. WELLENS,120260,4036,9,DERIVED_REPRODUCIBLE
9,52,N. BREUILLARD,120277,4053,9,DERIVED_REPRODUCIBLE
9,53,J. DELBOVE,120284,4060,9,DERIVED_REPRODUCIBLE
9,54,C. BRAZ AFONSO,120338,4114,9,DERIVED_REPRODUCIBLE
9,55,M. VAN GILS,120341,4117,9,DERIVED_REPRODUCIBLE
9,56,M. VAN DER POEL,120410,4186,9,DERIVED_REPRODUCIBLE
9,57,A. BALDERSTONE,120463,4239,9,DERIVED_REPRODUCIBLE
9,58,A. DELETTRE,120543,4319,9,DERIVED_REPRODUCIBLE
9,59,L. CRAPS,120660,4436,9,DERIVED_REPRODUCIBLE
9,60,R. GREGOIRE,120685,4461,9,DERIVED_REPRODUCIBLE
9,61,J. ROMO,120715,4491,9,DERIVED_REPRODUCIBLE
9,62,G. BENNETT,120720,4496,9,DERIVED_REPRODUCIBLE
9,63,M. PEDERSEN,120725,4501,9,DERIVED_REPRODUCIBLE
9,64,T. FOSS,120730,4506,9,DERIVED_REPRODUCIBLE
9,65,M. CATTANEO,120734,4510,9,DERIVED_REPRODUCIBLE
9,66,M. MATTHEWS,120744,4520,9,DERIVED_REPRODUCIBLE
9,67,X. MEURISSE,120941,4717,9,DERIVED_REPRODUCIBLE
9,68,D. CARUSO,120949,4725,9,DERIVED_REPRODUCIBLE
9,69,A. ARANBURU,121016,4792,9,DERIVED_REPRODUCIBLE
9,70,A. PARET PEINTRE,121052,4828,9,DERIVED_REPRODUCIBLE
9,71,E. COSTIOU,121084,4860,9,DERIVED_REPRODUCIBLE
9,72,M. VERCHER,121110,4886,9,DERIVED_REPRODUCIBLE
9,73,G. ZIMMERMANN,121239,5015,9,DERIVED_REPRODUCIBLE
9,74,N. OLIVEIRA,121251,5027,9,DERIVED_REPRODUCIBLE
9,75,J. STUYVEN,121268,5044,9,DERIVED_REPRODUCIBLE
9,76,F. VAN DEN BROEK,121320,5096,9,DERIVED_REPRODUCIBLE
9,77,V. VAN MECHELEN,121357,5133,9,DERIVED_REPRODUCIBLE
9,78,V. CAMPENAERTS,121396,5172,9,DERIVED_REPRODUCIBLE
9,79,N. POLITT,121433,5209,9,DERIVED_REPRODUCIBLE
9,80,M. LE BERRE,121441,5217,9,DERIVED_REPRODUCIBLE
9,81,M. VALGREN,121442,5218,9,DERIVED_REPRODUCIBLE
9,82,L. GERMANI,121480,5256,9,DERIVED_REPRODUCIBLE
9,83,K. ASGREEN,121495,5271,9,DERIVED_REPRODUCIBLE
9,84,J. CEPEDA,121543,5319,9,DERIVED_REPRODUCIBLE
9,85,T. SKUJINS,121607,5383,9,DERIVED_REPRODUCIBLE
9,86,L. VERVAEKE,121648,5424,9,DERIVED_REPRODUCIBLE
9,87,Q. PACHER,121672,5448,9,DERIVED_REPRODUCIBLE
9,88,S. BERWICK,121723,5499,9,DERIVED_REPRODUCIBLE
9,89,N. DENZ,121745,5521,9,DERIVED_REPRODUCIBLE
9,90,M. RICCITELLO,121782,5558,9,DERIVED_REPRODUCIBLE
9,91,R. PLUIMERS,121962,5738,9,DERIVED_REPRODUCIBLE
9,92,M. SCHMID,121980,5756,9,DERIVED_REPRODUCIBLE
9,93,J. BERCKMOES,122035,5811,9,DERIVED_REPRODUCIBLE
9,94,J. ABRAHAMSEN,122082,5858,9,DERIVED_REPRODUCIBLE
9,95,B. VAN MOER,122111,5887,9,DERIVED_REPRODUCIBLE
9,96,R. STANNARD,122154,5930,9,DERIVED_REPRODUCIBLE
9,97,M. STORER,122169,5945,9,DERIVED_REPRODUCIBLE
9,98,C. RUSSO,122219,5995,9,DERIVED_REPRODUCIBLE
9,99,D. HOWSON,122271,6047,9,DERIVED_REPRODUCIBLE
9,100,A. JOHANNESSEN,122278,6054,9,DERIVED_REPRODUCIBLE
9,101,L. PLAPP,122280,6056,9,DERIVED_REPRODUCIBLE
9,102,F. ENGELHARDT,122285,6061,9,DERIVED_REPRODUCIBLE
9,103,M. MOHORIC,122320,6096,9,DERIVED_REPRODUCIBLE
9,104,A. CHARMIG,122329,6105,9,DERIVED_REPRODUCIBLE
9,105,A. KIRSCH,122349,6125,9,DERIVED_REPRODUCIBLE
9,106,B. HEALY,122396,6172,9,DERIVED_REPRODUCIBLE
9,107,J. TRATNIK,122502,6278,9,DERIVED_REPRODUCIBLE
9,108,M. CORT NIELSEN,122524,6300,9,DERIVED_REPRODUCIBLE
9,109,W. BARGUIL,122527,6303,9,DERIVED_REPRODUCIBLE
9,110,M. HEßMANN,122550,6326,9,DERIVED_REPRODUCIBLE
9,111,E. PLANCKAERT,122588,6364,9,DERIVED_REPRODUCIBLE
9,112,M. FRIGO,122592,6368,9,DERIVED_REPRODUCIBLE
9,113,T. GUERNALEC,122598,6374,9,DERIVED_REPRODUCIBLE
9,114,L. DURBRIDGE,122604,6380,9,DERIVED_REPRODUCIBLE
9,115,X. AZPARREN IRURZUN,122615,6391,9,DERIVED_REPRODUCIBLE
9,116,B. ARMIRAIL,122618,6394,9,DERIVED_REPRODUCIBLE
9,117,E. VERSTRYNGE,122640,6416,9,DERIVED_REPRODUCIBLE
9,118,M. WALKER,122653,6429,9,DERIVED_REPRODUCIBLE
9,119,M. TEUNISSEN,122670,6446,9,DERIVED_REPRODUCIBLE
9,120,B. THOMAS,122724,6500,9,DERIVED_REPRODUCIBLE
9,121,F. GANNA,122784,6560,9,DERIVED_REPRODUCIBLE
9,122,P. HAGENES,122825,6601,9,DERIVED_REPRODUCIBLE
9,123,A. TURGIS,122828,6604,9,DERIVED_REPRODUCIBLE
9,124,D. VAN BAARLE,122836,6612,9,DERIVED_REPRODUCIBLE
9,125,J. RICKAERT,122850,6626,9,DERIVED_REPRODUCIBLE
9,126,A. GATE,122852,6628,9,DERIVED_REPRODUCIBLE
9,127,J. ALAPHILIPPE,122876,6652,9,DERIVED_REPRODUCIBLE
9,128,M. KWIATKOWSKI,122890,6666,9,DERIVED_REPRODUCIBLE
9,129,J. NICOLAU,122904,6680,9,DERIVED_REPRODUCIBLE
9,130,J. OTRUBA,122912,6688,9,DERIVED_REPRODUCIBLE
9,131,G. STEINHAUSER,122931,6707,9,DERIVED_REPRODUCIBLE
9,132,F. VERMEERSCH,122961,6737,9,DERIVED_REPRODUCIBLE
9,133,S. VELASCO,122967,6743,9,DERIVED_REPRODUCIBLE
9,134,K. NEILANDS,122997,6773,9,DERIVED_REPRODUCIBLE
9,135,P. EENKHOORN,123002,6778,9,DERIVED_REPRODUCIBLE
9,136,D. GODON,123022,6798,9,DERIVED_REPRODUCIBLE
9,137,F. BIESTERBOS,123064,6840,9,DERIVED_REPRODUCIBLE
9,138,S. WAERENSKJOLD,123065,6841,9,DERIVED_REPRODUCIBLE
9,139,H. PAGE,123209,6985,9,DERIVED_REPRODUCIBLE
9,140,D. HOOLE,123213,6989,9,DERIVED_REPRODUCIBLE
9,141,N. VINOKUROV,123220,6996,9,DERIVED_REPRODUCIBLE
9,142,H. ARTZ,123250,7026,9,DERIVED_REPRODUCIBLE
9,143,F. WRIGHT,123313,7089,9,DERIVED_REPRODUCIBLE
9,144,M. KANTER,123387,7163,9,DERIVED_REPRODUCIBLE
9,145,B. GIRMAY,123396,7172,9,DERIVED_REPRODUCIBLE
9,146,M. TRENTIN,123437,7213,9,DERIVED_REPRODUCIBLE
9,147,S. OLDANI,123490,7266,9,DERIVED_REPRODUCIBLE
9,148,T. VAN ASBROECK,123569,7345,9,DERIVED_REPRODUCIBLE
9,149,B. VEISTROFFER,123643,7419,9,DERIVED_REPRODUCIBLE
9,150,S. DILLIER,123646,7422,9,DERIVED_REPRODUCIBLE
9,151,J. PHILIPSEN,123716,7492,9,DERIVED_REPRODUCIBLE
9,152,T. VAN DIJKE,123719,7495,9,DERIVED_REPRODUCIBLE
9,153,R. DHONDT,123740,7516,9,DERIVED_REPRODUCIBLE
9,154,N. MÄRKL,123767,7543,9,DERIVED_REPRODUCIBLE
9,155,J. BIERMANS,123840,7616,9,DERIVED_REPRODUCIBLE
9,156,E. AFFINI,123891,7667,9,DERIVED_REPRODUCIBLE
9,157,T. MARSMAN,123937,7713,9,DERIVED_REPRODUCIBLE
9,158,J. TARLING,123966,7742,9,DERIVED_REPRODUCIBLE
9,159,P. BITTNER,124089,7865,9,DERIVED_REPRODUCIBLE
9,160,L. SLOCK,124109,7885,9,DERIVED_REPRODUCIBLE
9,161,M. FRETIN,124189,7965,9,DERIVED_REPRODUCIBLE
9,162,J. VAN DEN BERG,124244,8020,9,DERIVED_REPRODUCIBLE
9,163,P. ACKERMANN,124251,8027,9,DERIVED_REPRODUCIBLE
9,164,J. STEWART,124262,8038,9,DERIVED_REPRODUCIBLE
9,165,J. DEGENKOLB,124317,8093,9,DERIVED_REPRODUCIBLE
9,166,F. GAVIRIA,124354,8130,9,DERIVED_REPRODUCIBLE
9,167,T. MERLIER,124374,8150,9,DERIVED_REPRODUCIBLE
9,168,P. BAUHAUS,124409,8185,9,DERIVED_REPRODUCIBLE
9,169,L. ASKEY,124464,8240,9,DERIVED_REPRODUCIBLE
9,170,D. BALLERINI,124503,8279,9,DERIVED_REPRODUCIBLE
9,171,O. KOOIJ,124506,8282,9,DERIVED_REPRODUCIBLE
9,172,C. BOL,124544,8320,9,DERIVED_REPRODUCIBLE
9,173,M. HALLER,124555,8331,9,DERIVED_REPRODUCIBLE
9,174,P. ALLEGAERT,124591,8367,9,DERIVED_REPRODUCIBLE
9,175,K. GRADEK,124694,8470,9,DERIVED_REPRODUCIBLE
9,176,M. LOUVEL,124989,8765,9,DERIVED_REPRODUCIBLE
10,1,T. POGACAR,130502,0,10,DERIVED_REPRODUCIBLE
10,2,J. VINGEGAARD,130718,216,10,DERIVED_REPRODUCIBLE
10,3,R. EVENEPOEL,130748,246,10,DERIVED_REPRODUCIBLE
10,4,J. AYUSO,130764,262,10,DERIVED_REPRODUCIBLE
10,5,P. SEIXAS,130777,275,10,DERIVED_REPRODUCIBLE
10,6,F. LIPOWITZ,130786,284,10,DERIVED_REPRODUCIBLE
10,7,I. DEL TORO,130810,308,10,DERIVED_REPRODUCIBLE
10,8,M. SKJELMOSE,130847,345,10,DERIVED_REPRODUCIBLE
10,9,L. MARTINEZ,130896,394,10,DERIVED_REPRODUCIBLE
10,10,T. PIDCOCK,131211,709,10,DERIVED_REPRODUCIBLE
10,11,E. BERNAL,131237,735,10,DERIVED_REPRODUCIBLE
10,12,I. VAN WILDER,131265,763,10,DERIVED_REPRODUCIBLE
10,13,D. PIGANZOLI,131320,818,10,DERIVED_REPRODUCIBLE
10,14,T. JOHANNESSEN,131392,890,10,DERIVED_REPRODUCIBLE
10,15,S. QUINN,131410,908,10,DERIVED_REPRODUCIBLE
10,16,Y. VOISARD,131438,936,10,DERIVED_REPRODUCIBLE
10,17,R. DEBRUYNE,131475,973,10,DERIVED_REPRODUCIBLE
10,18,R. CARAPAZ,131565,1063,10,DERIVED_REPRODUCIBLE
10,19,J. JEGAT,131578,1076,10,DERIVED_REPRODUCIBLE
10,20,A. YATES,131608,1106,10,DERIVED_REPRODUCIBLE
10,21,P. CASTRILLO,131734,1232,10,DERIVED_REPRODUCIBLE
10,22,S. KUSS,131754,1252,10,DERIVED_REPRODUCIBLE
10,23,B. MCNULTY,132063,1561,10,DERIVED_REPRODUCIBLE
10,24,T. BENOOT,132499,1997,10,DERIVED_REPRODUCIBLE
10,25,L. VAN EETVELT,132795,2293,10,DERIVED_REPRODUCIBLE
10,26,N. PRODHOMME,133050,2548,10,DERIVED_REPRODUCIBLE
10,27,M. JORGENSON,133252,2750,10,DERIVED_REPRODUCIBLE
10,28,C. VERONA,133315,2813,10,DERIVED_REPRODUCIBLE
10,29,H. TEJADA,133395,2893,10,DERIVED_REPRODUCIBLE
10,30,T. ARENSMAN,133510,3008,10,DERIVED_REPRODUCIBLE
10,31,J. HINDLEY,133610,3108,10,DERIVED_REPRODUCIBLE
10,32,M. VACEK,133701,3199,10,DERIVED_REPRODUCIBLE
10,33,Q. HERMANS,134211,3709,10,DERIVED_REPRODUCIBLE
10,34,A. BAUDIN,134412,3910,10,DERIVED_REPRODUCIBLE
10,35,F. GROSSSCHARTNER,134464,3962,10,DERIVED_REPRODUCIBLE
10,36,K. VAUQUELIN,134478,3976,10,DERIVED_REPRODUCIBLE
10,37,Q. SIMMONS,134653,4151,10,DERIVED_REPRODUCIBLE
10,38,D. GEE,134669,4167,10,DERIVED_REPRODUCIBLE
10,39,S. HIGUITA,134765,4263,10,DERIVED_REPRODUCIBLE
10,40,E. RUBIO,134806,4304,10,DERIVED_REPRODUCIBLE
10,41,J. PARRA,134890,4388,10,DERIVED_REPRODUCIBLE
10,42,A. TIBERI,134914,4412,10,DERIVED_REPRODUCIBLE
10,43,C. HARPER,135018,4516,10,DERIVED_REPRODUCIBLE
10,44,I. IZAGIRRE,135128,4626,10,DERIVED_REPRODUCIBLE
10,45,G. MARTIN GUYONNET,135153,4651,10,DERIVED_REPRODUCIBLE
10,46,V. PARET PEINTRE,135201,4699,10,DERIVED_REPRODUCIBLE
10,47,R. GARCIA,135295,4793,10,DERIVED_REPRODUCIBLE
10,48,M. HIRSCHI,135355,4853,10,DERIVED_REPRODUCIBLE
10,49,N. BREUILLARD,135486,4984,10,DERIVED_REPRODUCIBLE
10,50,T. FOSS,135784,5282,10,DERIVED_REPRODUCIBLE
10,51,T. WELLENS,135954,5452,10,DERIVED_REPRODUCIBLE
10,52,A. SKAARSETH,135957,5455,10,DERIVED_REPRODUCIBLE
10,53,B. O'CONNOR,135967,5465,10,DERIVED_REPRODUCIBLE
10,54,J. DELBOVE,136081,5579,10,DERIVED_REPRODUCIBLE
10,55,C. BRAZ AFONSO,136135,5633,10,DERIVED_REPRODUCIBLE
10,56,M. VAN GILS,136138,5636,10,DERIVED_REPRODUCIBLE
10,57,A. BALDERSTONE,136260,5758,10,DERIVED_REPRODUCIBLE
10,58,J. ROMO,136367,5865,10,DERIVED_REPRODUCIBLE
10,59,A. PARET PEINTRE,136473,5971,10,DERIVED_REPRODUCIBLE
10,60,M. RICCITELLO,136480,5978,10,DERIVED_REPRODUCIBLE
10,61,R. GREGOIRE,136482,5980,10,DERIVED_REPRODUCIBLE
10,62,M. CATTANEO,136531,6029,10,DERIVED_REPRODUCIBLE
10,63,L. CRAPS,136580,6078,10,DERIVED_REPRODUCIBLE
10,64,D. CARUSO,136746,6244,10,DERIVED_REPRODUCIBLE
10,65,X. MEURISSE,136850,6348,10,DERIVED_REPRODUCIBLE
10,66,M. VAN DER POEL,136869,6367,10,DERIVED_REPRODUCIBLE
10,67,E. COSTIOU,137004,6502,10,DERIVED_REPRODUCIBLE
10,68,A. DELETTRE,137020,6518,10,DERIVED_REPRODUCIBLE
10,69,G. ZIMMERMANN,137155,6653,10,DERIVED_REPRODUCIBLE
10,70,M. PEDERSEN,137184,6682,10,DERIVED_REPRODUCIBLE
10,71,J. STUYVEN,137188,6686,10,DERIVED_REPRODUCIBLE
10,72,M. MATTHEWS,137203,6701,10,DERIVED_REPRODUCIBLE
10,73,G. BENNETT,137218,6716,10,DERIVED_REPRODUCIBLE
10,74,L. GERMANI,137277,6775,10,DERIVED_REPRODUCIBLE
10,75,M. LE BERRE,137361,6859,10,DERIVED_REPRODUCIBLE
10,76,M. VALGREN,137362,6860,10,DERIVED_REPRODUCIBLE
10,77,T. SKUJINS,137421,6919,10,DERIVED_REPRODUCIBLE
10,78,L. VERVAEKE,137445,6943,10,DERIVED_REPRODUCIBLE
10,79,J. CEPEDA,137463,6961,10,DERIVED_REPRODUCIBLE
10,80,Q. PACHER,137469,6967,10,DERIVED_REPRODUCIBLE
10,81,A. ARANBURU,137475,6973,10,DERIVED_REPRODUCIBLE
10,82,M. VERCHER,137493,6991,10,DERIVED_REPRODUCIBLE
10,83,M. SCHMID,137777,7275,10,DERIVED_REPRODUCIBLE
10,84,V. VAN MECHELEN,137793,7291,10,DERIVED_REPRODUCIBLE
10,85,F. VAN DEN BROEK,137797,7295,10,DERIVED_REPRODUCIBLE
10,86,N. OLIVEIRA,137823,7321,10,DERIVED_REPRODUCIBLE
10,87,N. POLITT,137892,7390,10,DERIVED_REPRODUCIBLE
10,88,R. PLUIMERS,137915,7413,10,DERIVED_REPRODUCIBLE
10,89,K. ASGREEN,137954,7452,10,DERIVED_REPRODUCIBLE
10,90,V. CAMPENAERTS,137974,7472,10,DERIVED_REPRODUCIBLE
10,91,B. HEALY,137996,7494,10,DERIVED_REPRODUCIBLE
10,92,C. RUSSO,138016,7514,10,DERIVED_REPRODUCIBLE
10,93,A. JOHANNESSEN,138075,7573,10,DERIVED_REPRODUCIBLE
10,94,L. PLAPP,138094,7592,10,DERIVED_REPRODUCIBLE
10,95,A. CHARMIG,138126,7624,10,DERIVED_REPRODUCIBLE
10,96,D. HOWSON,138191,7689,10,DERIVED_REPRODUCIBLE
10,97,N. DENZ,138204,7702,10,DERIVED_REPRODUCIBLE
10,98,B. ARMIRAIL,138415,7913,10,DERIVED_REPRODUCIBLE
10,99,J. TRATNIK,138422,7920,10,DERIVED_REPRODUCIBLE
10,100,J. ABRAHAMSEN,138474,7972,10,DERIVED_REPRODUCIBLE
10,101,B. VAN MOER,138481,7979,10,DERIVED_REPRODUCIBLE
10,102,S. BERWICK,138512,8010,10,DERIVED_REPRODUCIBLE
10,103,M. WALKER,138601,8099,10,DERIVED_REPRODUCIBLE
10,104,J. BERCKMOES,138613,8111,10,DERIVED_REPRODUCIBLE
10,105,R. STANNARD,138631,8129,10,DERIVED_REPRODUCIBLE
10,106,F. ENGELHARDT,138744,8242,10,DERIVED_REPRODUCIBLE
10,107,M. STORER,138747,8245,10,DERIVED_REPRODUCIBLE
10,108,A. KIRSCH,138808,8306,10,DERIVED_REPRODUCIBLE
10,109,M. MOHORIC,138818,8316,10,DERIVED_REPRODUCIBLE
10,110,W. BARGUIL,138897,8395,10,DERIVED_REPRODUCIBLE
10,111,M. CORT NIELSEN,139001,8499,10,DERIVED_REPRODUCIBLE
10,112,M. HEßMANN,139009,8507,10,DERIVED_REPRODUCIBLE
10,113,M. FRIGO,139051,8549,10,DERIVED_REPRODUCIBLE
10,114,T. GUERNALEC,139057,8555,10,DERIVED_REPRODUCIBLE
10,115,L. DURBRIDGE,139063,8561,10,DERIVED_REPRODUCIBLE
10,116,X. AZPARREN IRURZUN,139074,8572,10,DERIVED_REPRODUCIBLE
10,117,E. VERSTRYNGE,139099,8597,10,DERIVED_REPRODUCIBLE
10,118,M. TEUNISSEN,139129,8627,10,DERIVED_REPRODUCIBLE
10,119,A. TURGIS,139211,8709,10,DERIVED_REPRODUCIBLE
10,120,B. THOMAS,139211,8709,10,DERIVED_REPRODUCIBLE
10,121,F. GANNA,139261,8759,10,DERIVED_REPRODUCIBLE
10,122,P. HAGENES,139284,8782,10,DERIVED_REPRODUCIBLE
10,123,E. PLANCKAERT,139285,8783,10,DERIVED_REPRODUCIBLE
10,124,A. GATE,139311,8809,10,DERIVED_REPRODUCIBLE
10,125,J. NICOLAU,139381,8879,10,DERIVED_REPRODUCIBLE
10,126,J. OTRUBA,139389,8887,10,DERIVED_REPRODUCIBLE
10,127,F. VERMEERSCH,139420,8918,10,DERIVED_REPRODUCIBLE
10,128,M. KWIATKOWSKI,139427,8925,10,DERIVED_REPRODUCIBLE
10,129,S. VELASCO,139444,8942,10,DERIVED_REPRODUCIBLE
10,130,J. ALAPHILIPPE,139448,8946,10,DERIVED_REPRODUCIBLE
10,131,J. RICKAERT,139462,8960,10,DERIVED_REPRODUCIBLE
10,132,D. GODON,139481,8979,10,DERIVED_REPRODUCIBLE
10,133,G. STEINHAUSER,139570,9068,10,DERIVED_REPRODUCIBLE
10,134,N. VINOKUROV,139612,9110,10,DERIVED_REPRODUCIBLE
10,135,D. VAN BAARLE,139625,9123,10,DERIVED_REPRODUCIBLE
10,136,K. NEILANDS,139636,9134,10,DERIVED_REPRODUCIBLE
10,137,H. PAGE,139668,9166,10,DERIVED_REPRODUCIBLE
10,138,F. BIESTERBOS,139703,9201,10,DERIVED_REPRODUCIBLE
10,139,F. WRIGHT,139772,9270,10,DERIVED_REPRODUCIBLE
10,140,P. EENKHOORN,139791,9289,10,DERIVED_REPRODUCIBLE
10,141,S. WAERENSKJOLD,139858,9356,10,DERIVED_REPRODUCIBLE
10,142,H. ARTZ,139872,9370,10,DERIVED_REPRODUCIBLE
10,143,D. HOOLE,139922,9420,10,DERIVED_REPRODUCIBLE
10,144,S. OLDANI,139949,9447,10,DERIVED_REPRODUCIBLE
10,145,M. KANTER,140084,9582,10,DERIVED_REPRODUCIBLE
10,146,B. GIRMAY,140110,9608,10,DERIVED_REPRODUCIBLE
10,147,T. VAN DIJKE,140178,9676,10,DERIVED_REPRODUCIBLE
10,148,T. VAN ASBROECK,140229,9727,10,DERIVED_REPRODUCIBLE
10,149,S. DILLIER,140343,9841,10,DERIVED_REPRODUCIBLE
10,150,E. AFFINI,140368,9866,10,DERIVED_REPRODUCIBLE
10,151,N. MÄRKL,140406,9904,10,DERIVED_REPRODUCIBLE
10,152,J. PHILIPSEN,140430,9928,10,DERIVED_REPRODUCIBLE
10,153,B. VEISTROFFER,140432,9930,10,DERIVED_REPRODUCIBLE
10,154,R. DHONDT,140454,9952,10,DERIVED_REPRODUCIBLE
10,155,J. TARLING,140503,10001,10,DERIVED_REPRODUCIBLE
10,156,J. BIERMANS,140554,10052,10,DERIVED_REPRODUCIBLE
10,157,L. SLOCK,140568,10066,10,DERIVED_REPRODUCIBLE
10,158,T. MARSMAN,140651,10149,10,DERIVED_REPRODUCIBLE
10,159,P. BITTNER,140728,10226,10,DERIVED_REPRODUCIBLE
10,160,P. ACKERMANN,140890,10388,10,DERIVED_REPRODUCIBLE
10,161,M. FRETIN,140903,10401,10,DERIVED_REPRODUCIBLE
10,162,J. VAN DEN BERG,140941,10439,10,DERIVED_REPRODUCIBLE
10,163,J. DEGENKOLB,140956,10454,10,DERIVED_REPRODUCIBLE
10,164,J. STEWART,140973,10471,10,DERIVED_REPRODUCIBLE
10,165,M. HALLER,141032,10530,10,DERIVED_REPRODUCIBLE
10,166,F. GAVIRIA,141143,10641,10,DERIVED_REPRODUCIBLE
10,167,T. MERLIER,141163,10661,10,DERIVED_REPRODUCIBLE
10,168,L. ASKEY,141178,10676,10,DERIVED_REPRODUCIBLE
10,169,P. BAUHAUS,141198,10696,10,DERIVED_REPRODUCIBLE
10,170,O. KOOIJ,141215,10713,10,DERIVED_REPRODUCIBLE
10,171,D. BALLERINI,141217,10715,10,DERIVED_REPRODUCIBLE
10,172,C. BOL,141258,10756,10,DERIVED_REPRODUCIBLE
10,173,P. ALLEGAERT,141288,10786,10,DERIVED_REPRODUCIBLE
10,174,K. GRADEK,141374,10872,10,DERIVED_REPRODUCIBLE
10,175,M. LOUVEL,141649,11147,10,DERIVED_REPRODUCIBLE
11,1,T. POGACAR,141908,0,11,DERIVED_REPRODUCIBLE
11,2,J. VINGEGAARD,142124,216,11,DERIVED_REPRODUCIBLE
11,3,R. EVENEPOEL,142154,246,11,DERIVED_REPRODUCIBLE
11,4,J. AYUSO,142170,262,11,DERIVED_REPRODUCIBLE
11,5,P. SEIXAS,142183,275,11,DERIVED_REPRODUCIBLE
11,6,F. LIPOWITZ,142192,284,11,DERIVED_REPRODUCIBLE
11,7,I. DEL TORO,142216,308,11,DERIVED_REPRODUCIBLE
11,8,M. SKJELMOSE,142253,345,11,DERIVED_REPRODUCIBLE
11,9,L. MARTINEZ,142302,394,11,DERIVED_REPRODUCIBLE
11,10,T. PIDCOCK,142617,709,11,DERIVED_REPRODUCIBLE
11,11,E. BERNAL,142643,735,11,DERIVED_REPRODUCIBLE
11,12,I. VAN WILDER,142671,763,11,DERIVED_REPRODUCIBLE
11,13,D. PIGANZOLI,142726,818,11,DERIVED_REPRODUCIBLE
11,14,T. JOHANNESSEN,142798,890,11,DERIVED_REPRODUCIBLE
11,15,S. QUINN,142816,908,11,DERIVED_REPRODUCIBLE
11,16,Y. VOISARD,142844,936,11,DERIVED_REPRODUCIBLE
11,17,R. DEBRUYNE,142881,973,11,DERIVED_REPRODUCIBLE
11,18,R. CARAPAZ,142971,1063,11,DERIVED_REPRODUCIBLE
11,19,J. JEGAT,142984,1076,11,DERIVED_REPRODUCIBLE
11,20,A. YATES,143014,1106,11,DERIVED_REPRODUCIBLE
11,21,P. CASTRILLO,143140,1232,11,DERIVED_REPRODUCIBLE
11,22,S. KUSS,143160,1252,11,DERIVED_REPRODUCIBLE
11,23,B. MCNULTY,143469,1561,11,DERIVED_REPRODUCIBLE
11,24,T. BENOOT,143905,1997,11,DERIVED_REPRODUCIBLE
11,25,L. VAN EETVELT,144234,2326,11,DERIVED_REPRODUCIBLE
11,26,N. PRODHOMME,144456,2548,11,DERIVED_REPRODUCIBLE
11,27,C. VERONA,144721,2813,11,DERIVED_REPRODUCIBLE
11,28,M. JORGENSON,144790,2882,11,DERIVED_REPRODUCIBLE
11,29,T. ARENSMAN,144916,3008,11,DERIVED_REPRODUCIBLE
11,30,H. TEJADA,144957,3049,11,DERIVED_REPRODUCIBLE
11,31,J. HINDLEY,145052,3144,11,DERIVED_REPRODUCIBLE
11,32,M. VACEK,145107,3199,11,DERIVED_REPRODUCIBLE
11,33,Q. HERMANS,145617,3709,11,DERIVED_REPRODUCIBLE
11,34,A. BAUDIN,145854,3946,11,DERIVED_REPRODUCIBLE
11,35,F. GROSSSCHARTNER,145870,3962,11,DERIVED_REPRODUCIBLE
11,36,K. VAUQUELIN,145884,3976,11,DERIVED_REPRODUCIBLE
11,37,Q. SIMMONS,146059,4151,11,DERIVED_REPRODUCIBLE
11,38,D. GEE,146075,4167,11,DERIVED_REPRODUCIBLE
11,39,E. RUBIO,146212,4304,11,DERIVED_REPRODUCIBLE
11,40,S. HIGUITA,146231,4323,11,DERIVED_REPRODUCIBLE
11,41,J. PARRA,146296,4388,11,DERIVED_REPRODUCIBLE
11,42,A. TIBERI,146320,4412,11,DERIVED_REPRODUCIBLE
11,43,G. MARTIN GUYONNET,146559,4651,11,DERIVED_REPRODUCIBLE
11,44,I. IZAGIRRE,146570,4662,11,DERIVED_REPRODUCIBLE
11,45,V. PARET PEINTRE,146643,4735,11,DERIVED_REPRODUCIBLE
11,46,R. GARCIA,146701,4793,11,DERIVED_REPRODUCIBLE
11,47,M. HIRSCHI,146797,4889,11,DERIVED_REPRODUCIBLE
11,48,N. BREUILLARD,146997,5089,11,DERIVED_REPRODUCIBLE
11,49,T. FOSS,147226,5318,11,DERIVED_REPRODUCIBLE
11,50,A. SKAARSETH,147363,5455,11,DERIVED_REPRODUCIBLE
11,51,T. WELLENS,147393,5485,11,DERIVED_REPRODUCIBLE
11,52,B. O'CONNOR,147433,5525,11,DERIVED_REPRODUCIBLE
11,53,J. DELBOVE,147487,5579,11,DERIVED_REPRODUCIBLE
11,54,C. BRAZ AFONSO,147541,5633,11,DERIVED_REPRODUCIBLE
11,55,M. VAN GILS,147544,5636,11,DERIVED_REPRODUCIBLE
11,56,A. BALDERSTONE,147666,5758,11,DERIVED_REPRODUCIBLE
11,57,J. ROMO,147773,5865,11,DERIVED_REPRODUCIBLE
11,58,A. PARET PEINTRE,147879,5971,11,DERIVED_REPRODUCIBLE
11,59,M. RICCITELLO,147886,5978,11,DERIVED_REPRODUCIBLE
11,60,R. GREGOIRE,147888,5980,11,DERIVED_REPRODUCIBLE
11,61,M. CATTANEO,147937,6029,11,DERIVED_REPRODUCIBLE
11,62,L. CRAPS,148022,6114,11,DERIVED_REPRODUCIBLE
11,63,D. CARUSO,148152,6244,11,DERIVED_REPRODUCIBLE
11,64,X. MEURISSE,148256,6348,11,DERIVED_REPRODUCIBLE
11,65,M. VAN DER POEL,148275,6367,11,DERIVED_REPRODUCIBLE
11,66,E. COSTIOU,148410,6502,11,DERIVED_REPRODUCIBLE
11,67,A. DELETTRE,148426,6518,11,DERIVED_REPRODUCIBLE
11,68,M. PEDERSEN,148590,6682,11,DERIVED_REPRODUCIBLE
11,69,J. STUYVEN,148594,6686,11,DERIVED_REPRODUCIBLE
11,70,M. MATTHEWS,148645,6737,11,DERIVED_REPRODUCIBLE
11,71,L. GERMANI,148683,6775,11,DERIVED_REPRODUCIBLE
11,72,M. VALGREN,148768,6860,11,DERIVED_REPRODUCIBLE
11,73,M. LE BERRE,148827,6919,11,DERIVED_REPRODUCIBLE
11,74,T. SKUJINS,148827,6919,11,DERIVED_REPRODUCIBLE
11,75,L. VERVAEKE,148851,6943,11,DERIVED_REPRODUCIBLE
11,76,Q. PACHER,148875,6967,11,DERIVED_REPRODUCIBLE
11,77,M. VERCHER,148899,6991,11,DERIVED_REPRODUCIBLE
11,78,J. CEPEDA,148905,6997,11,DERIVED_REPRODUCIBLE
11,79,A. ARANBURU,148941,7033,11,DERIVED_REPRODUCIBLE
11,80,G. BENNETT,149013,7105,11,DERIVED_REPRODUCIBLE
11,81,G. ZIMMERMANN,149017,7109,11,DERIVED_REPRODUCIBLE
11,82,M. SCHMID,149183,7275,11,DERIVED_REPRODUCIBLE
11,83,N. OLIVEIRA,149265,7357,11,DERIVED_REPRODUCIBLE
11,84,N. POLITT,149298,7390,11,DERIVED_REPRODUCIBLE
11,85,V. VAN MECHELEN,149313,7405,11,DERIVED_REPRODUCIBLE
11,86,R. PLUIMERS,149321,7413,11,DERIVED_REPRODUCIBLE
11,87,F. VAN DEN BROEK,149335,7427,11,DERIVED_REPRODUCIBLE
11,88,K. ASGREEN,149360,7452,11,DERIVED_REPRODUCIBLE
11,89,V. CAMPENAERTS,149416,7508,11,DERIVED_REPRODUCIBLE
11,90,C. RUSSO,149422,7514,11,DERIVED_REPRODUCIBLE
11,91,B. HEALY,149462,7554,11,DERIVED_REPRODUCIBLE
11,92,A. JOHANNESSEN,149481,7573,11,DERIVED_REPRODUCIBLE
11,93,L. PLAPP,149536,7628,11,DERIVED_REPRODUCIBLE
11,94,A. CHARMIG,149568,7660,11,DERIVED_REPRODUCIBLE
11,95,N. DENZ,149610,7702,11,DERIVED_REPRODUCIBLE
11,96,D. HOWSON,149633,7725,11,DERIVED_REPRODUCIBLE
11,97,B. ARMIRAIL,149821,7913,11,DERIVED_REPRODUCIBLE
11,98,J. TRATNIK,149864,7956,11,DERIVED_REPRODUCIBLE
11,99,J. ABRAHAMSEN,149880,7972,11,DERIVED_REPRODUCIBLE
11,100,B. VAN MOER,149887,7979,11,DERIVED_REPRODUCIBLE
11,101,J. BERCKMOES,150019,8111,11,DERIVED_REPRODUCIBLE
11,102,R. STANNARD,150037,8129,11,DERIVED_REPRODUCIBLE
11,103,S. BERWICK,150050,8142,11,DERIVED_REPRODUCIBLE
11,104,M. WALKER,150067,8159,11,DERIVED_REPRODUCIBLE
11,105,F. ENGELHARDT,150186,8278,11,DERIVED_REPRODUCIBLE
11,106,M. MOHORIC,150224,8316,11,DERIVED_REPRODUCIBLE
11,107,A. KIRSCH,150250,8342,11,DERIVED_REPRODUCIBLE
11,108,W. BARGUIL,150303,8395,11,DERIVED_REPRODUCIBLE
11,109,M. STORER,150309,8401,11,DERIVED_REPRODUCIBLE
11,110,M. CORT NIELSEN,150407,8499,11,DERIVED_REPRODUCIBLE
11,111,M. HEßMANN,150451,8543,11,DERIVED_REPRODUCIBLE
11,112,T. GUERNALEC,150463,8555,11,DERIVED_REPRODUCIBLE
11,113,M. FRIGO,150493,8585,11,DERIVED_REPRODUCIBLE
11,114,L. DURBRIDGE,150505,8597,11,DERIVED_REPRODUCIBLE
11,115,M. TEUNISSEN,150535,8627,11,DERIVED_REPRODUCIBLE
11,116,X. AZPARREN IRURZUN,150540,8632,11,DERIVED_REPRODUCIBLE
11,117,E. VERSTRYNGE,150541,8633,11,DERIVED_REPRODUCIBLE
11,118,A. TURGIS,150617,8709,11,DERIVED_REPRODUCIBLE
11,119,B. THOMAS,150653,8745,11,DERIVED_REPRODUCIBLE
11,120,P. HAGENES,150690,8782,11,DERIVED_REPRODUCIBLE
11,121,E. PLANCKAERT,150691,8783,11,DERIVED_REPRODUCIBLE
11,122,F. GANNA,150703,8795,11,DERIVED_REPRODUCIBLE
11,123,A. GATE,150717,8809,11,DERIVED_REPRODUCIBLE
11,124,J. NICOLAU,150823,8915,11,DERIVED_REPRODUCIBLE
11,125,F. VERMEERSCH,150826,8918,11,DERIVED_REPRODUCIBLE
11,126,J. OTRUBA,150831,8923,11,DERIVED_REPRODUCIBLE
11,127,M. KWIATKOWSKI,150833,8925,11,DERIVED_REPRODUCIBLE
11,128,J. RICKAERT,150868,8960,11,DERIVED_REPRODUCIBLE
11,129,S. VELASCO,150886,8978,11,DERIVED_REPRODUCIBLE
11,130,D. GODON,150887,8979,11,DERIVED_REPRODUCIBLE
11,131,G. STEINHAUSER,151012,9104,11,DERIVED_REPRODUCIBLE
11,132,K. NEILANDS,151042,9134,11,DERIVED_REPRODUCIBLE
11,133,H. PAGE,151074,9166,11,DERIVED_REPRODUCIBLE
11,134,F. BIESTERBOS,151109,9201,11,DERIVED_REPRODUCIBLE
11,135,F. WRIGHT,151178,9270,11,DERIVED_REPRODUCIBLE
11,136,N. VINOKUROV,151214,9306,11,DERIVED_REPRODUCIBLE
11,137,S. WAERENSKJOLD,151254,9346,11,DERIVED_REPRODUCIBLE
11,138,D. VAN BAARLE,151276,9368,11,DERIVED_REPRODUCIBLE
11,139,H. ARTZ,151278,9370,11,DERIVED_REPRODUCIBLE
11,140,J. ALAPHILIPPE,151310,9402,11,DERIVED_REPRODUCIBLE
11,141,S. OLDANI,151355,9447,11,DERIVED_REPRODUCIBLE
11,142,D. HOOLE,151364,9456,11,DERIVED_REPRODUCIBLE
11,143,M. KANTER,151490,9582,11,DERIVED_REPRODUCIBLE
11,144,B. GIRMAY,151516,9608,11,DERIVED_REPRODUCIBLE
11,145,T. VAN DIJKE,151584,9676,11,DERIVED_REPRODUCIBLE
11,146,P. EENKHOORN,151586,9678,11,DERIVED_REPRODUCIBLE
11,147,T. VAN ASBROECK,151671,9763,11,DERIVED_REPRODUCIBLE
11,148,E. AFFINI,151774,9866,11,DERIVED_REPRODUCIBLE
11,149,S. DILLIER,151785,9877,11,DERIVED_REPRODUCIBLE
11,150,N. MÄRKL,151812,9904,11,DERIVED_REPRODUCIBLE
11,151,J. PHILIPSEN,151832,9924,11,DERIVED_REPRODUCIBLE
11,152,B. VEISTROFFER,151838,9930,11,DERIVED_REPRODUCIBLE
11,153,J. TARLING,151909,10001,11,DERIVED_REPRODUCIBLE
11,154,R. DHONDT,151920,10012,11,DERIVED_REPRODUCIBLE
11,155,J. BIERMANS,151960,10052,11,DERIVED_REPRODUCIBLE
11,156,L. SLOCK,151974,10066,11,DERIVED_REPRODUCIBLE
11,157,T. MARSMAN,152057,10149,11,DERIVED_REPRODUCIBLE
11,158,P. BITTNER,152134,10226,11,DERIVED_REPRODUCIBLE
11,159,P. ACKERMANN,152296,10388,11,DERIVED_REPRODUCIBLE
11,160,M. FRETIN,152309,10401,11,DERIVED_REPRODUCIBLE
11,161,J. VAN DEN BERG,152347,10439,11,DERIVED_REPRODUCIBLE
11,162,J. STEWART,152379,10471,11,DERIVED_REPRODUCIBLE
11,163,J. DEGENKOLB,152391,10483,11,DERIVED_REPRODUCIBLE
11,164,M. HALLER,152438,10530,11,DERIVED_REPRODUCIBLE
11,165,F. GAVIRIA,152549,10641,11,DERIVED_REPRODUCIBLE
11,166,T. MERLIER,152569,10661,11,DERIVED_REPRODUCIBLE
11,167,P. BAUHAUS,152604,10696,11,DERIVED_REPRODUCIBLE
11,168,O. KOOIJ,152615,10707,11,DERIVED_REPRODUCIBLE
11,169,L. ASKEY,152620,10712,11,DERIVED_REPRODUCIBLE
11,170,D. BALLERINI,152623,10715,11,DERIVED_REPRODUCIBLE
11,171,C. BOL,152664,10756,11,DERIVED_REPRODUCIBLE
11,172,P. ALLEGAERT,152694,10786,11,DERIVED_REPRODUCIBLE
11,173,K. GRADEK,152780,10872,11,DERIVED_REPRODUCIBLE
11,174,M. LOUVEL,153055,11147,11,DERIVED_REPRODUCIBLE
12,1,T. POGACAR,155041,0,12,DERIVED_REPRODUCIBLE
12,2,J. VINGEGAARD,155257,216,12,DERIVED_REPRODUCIBLE
12,3,R. EVENEPOEL,155287,246,12,DERIVED_REPRODUCIBLE
12,4,J. AYUSO,155303,262,12,DERIVED_REPRODUCIBLE
12,5,P. SEIXAS,155316,275,12,DERIVED_REPRODUCIBLE
12,6,F. LIPOWITZ,155325,284,12,DERIVED_REPRODUCIBLE
12,7,I. DEL TORO,155349,308,12,DERIVED_REPRODUCIBLE
12,8,M. SKJELMOSE,155386,345,12,DERIVED_REPRODUCIBLE
12,9,L. MARTINEZ,155435,394,12,DERIVED_REPRODUCIBLE
12,10,T. PIDCOCK,155750,709,12,DERIVED_REPRODUCIBLE
12,11,E. BERNAL,155776,735,12,DERIVED_REPRODUCIBLE
12,12,I. VAN WILDER,155804,763,12,DERIVED_REPRODUCIBLE
12,13,D. PIGANZOLI,155859,818,12,DERIVED_REPRODUCIBLE
12,14,T. JOHANNESSEN,155931,890,12,DERIVED_REPRODUCIBLE
12,15,S. QUINN,155949,908,12,DERIVED_REPRODUCIBLE
12,16,Y. VOISARD,155977,936,12,DERIVED_REPRODUCIBLE
12,17,R. DEBRUYNE,156014,973,12,DERIVED_REPRODUCIBLE
12,18,R. CARAPAZ,156104,1063,12,DERIVED_REPRODUCIBLE
12,19,J. JEGAT,156117,1076,12,DERIVED_REPRODUCIBLE
12,20,A. YATES,156147,1106,12,DERIVED_REPRODUCIBLE
12,21,P. CASTRILLO,156273,1232,12,DERIVED_REPRODUCIBLE
12,22,S. KUSS,156293,1252,12,DERIVED_REPRODUCIBLE
12,23,B. MCNULTY,156602,1561,12,DERIVED_REPRODUCIBLE
12,24,T. BENOOT,157038,1997,12,DERIVED_REPRODUCIBLE
12,25,L. VAN EETVELT,157367,2326,12,DERIVED_REPRODUCIBLE
12,26,N. PRODHOMME,157589,2548,12,DERIVED_REPRODUCIBLE
12,27,C. VERONA,157854,2813,12,DERIVED_REPRODUCIBLE
12,28,T. ARENSMAN,158049,3008,12,DERIVED_REPRODUCIBLE
12,29,J. HINDLEY,158185,3144,12,DERIVED_REPRODUCIBLE
12,30,M. VACEK,158240,3199,12,DERIVED_REPRODUCIBLE
12,31,H. TEJADA,158296,3255,12,DERIVED_REPRODUCIBLE
12,32,M. JORGENSON,158389,3348,12,DERIVED_REPRODUCIBLE
12,33,Q. HERMANS,158750,3709,12,DERIVED_REPRODUCIBLE
12,34,A. BAUDIN,158987,3946,12,DERIVED_REPRODUCIBLE
12,35,F. GROSSSCHARTNER,159003,3962,12,DERIVED_REPRODUCIBLE
12,36,K. VAUQUELIN,159017,3976,12,DERIVED_REPRODUCIBLE
12,37,Q. SIMMONS,159192,4151,12,DERIVED_REPRODUCIBLE
12,38,D. GEE,159208,4167,12,DERIVED_REPRODUCIBLE
12,39,E. RUBIO,159345,4304,12,DERIVED_REPRODUCIBLE
12,40,S. HIGUITA,159364,4323,12,DERIVED_REPRODUCIBLE
12,41,J. PARRA,159429,4388,12,DERIVED_REPRODUCIBLE
12,42,A. TIBERI,159453,4412,12,DERIVED_REPRODUCIBLE
12,43,G. MARTIN GUYONNET,159692,4651,12,DERIVED_REPRODUCIBLE
12,44,I. IZAGIRRE,159703,4662,12,DERIVED_REPRODUCIBLE
12,45,R. GARCIA,159834,4793,12,DERIVED_REPRODUCIBLE
12,46,M. HIRSCHI,159930,4889,12,DERIVED_REPRODUCIBLE
12,47,V. PARET PEINTRE,160113,5072,12,DERIVED_REPRODUCIBLE
12,48,N. BREUILLARD,160130,5089,12,DERIVED_REPRODUCIBLE
12,49,T. FOSS,160359,5318,12,DERIVED_REPRODUCIBLE
12,50,A. SKAARSETH,160496,5455,12,DERIVED_REPRODUCIBLE
12,51,B. O'CONNOR,160566,5525,12,DERIVED_REPRODUCIBLE
12,52,J. DELBOVE,160620,5579,12,DERIVED_REPRODUCIBLE
12,53,C. BRAZ AFONSO,160674,5633,12,DERIVED_REPRODUCIBLE
12,54,M. VAN GILS,160677,5636,12,DERIVED_REPRODUCIBLE
12,55,A. BALDERSTONE,160799,5758,12,DERIVED_REPRODUCIBLE
12,56,J. ROMO,160906,5865,12,DERIVED_REPRODUCIBLE
12,57,T. WELLENS,160992,5951,12,DERIVED_REPRODUCIBLE
12,58,A. PARET PEINTRE,161012,5971,12,DERIVED_REPRODUCIBLE
12,59,M. RICCITELLO,161019,5978,12,DERIVED_REPRODUCIBLE
12,60,R. GREGOIRE,161021,5980,12,DERIVED_REPRODUCIBLE
12,61,M. CATTANEO,161070,6029,12,DERIVED_REPRODUCIBLE
12,62,L. CRAPS,161155,6114,12,DERIVED_REPRODUCIBLE
12,63,D. CARUSO,161285,6244,12,DERIVED_REPRODUCIBLE
12,64,X. MEURISSE,161389,6348,12,DERIVED_REPRODUCIBLE
12,65,M. VAN DER POEL,161408,6367,12,DERIVED_REPRODUCIBLE
12,66,A. DELETTRE,161559,6518,12,DERIVED_REPRODUCIBLE
12,67,M. PEDERSEN,161723,6682,12,DERIVED_REPRODUCIBLE
12,68,J. STUYVEN,161727,6686,12,DERIVED_REPRODUCIBLE
12,69,M. MATTHEWS,161778,6737,12,DERIVED_REPRODUCIBLE
12,70,L. GERMANI,161816,6775,12,DERIVED_REPRODUCIBLE
12,71,M. VALGREN,161901,6860,12,DERIVED_REPRODUCIBLE
12,72,M. LE BERRE,161960,6919,12,DERIVED_REPRODUCIBLE
12,73,T. SKUJINS,161960,6919,12,DERIVED_REPRODUCIBLE
12,74,L. VERVAEKE,161984,6943,12,DERIVED_REPRODUCIBLE
12,75,Q. PACHER,162008,6967,12,DERIVED_REPRODUCIBLE
12,76,E. COSTIOU,162009,6968,12,DERIVED_REPRODUCIBLE
12,77,M. VERCHER,162032,6991,12,DERIVED_REPRODUCIBLE
12,78,J. CEPEDA,162038,6997,12,DERIVED_REPRODUCIBLE
12,79,A. ARANBURU,162074,7033,12,DERIVED_REPRODUCIBLE
12,80,G. ZIMMERMANN,162150,7109,12,DERIVED_REPRODUCIBLE
12,81,M. SCHMID,162316,7275,12,DERIVED_REPRODUCIBLE
12,82,N. OLIVEIRA,162398,7357,12,DERIVED_REPRODUCIBLE
12,83,N. POLITT,162431,7390,12,DERIVED_REPRODUCIBLE
12,84,V. VAN MECHELEN,162446,7405,12,DERIVED_REPRODUCIBLE
12,85,R. PLUIMERS,162454,7413,12,DERIVED_REPRODUCIBLE
12,86,F. VAN DEN BROEK,162468,7427,12,DERIVED_REPRODUCIBLE
12,87,K. ASGREEN,162493,7452,12,DERIVED_REPRODUCIBLE
12,88,V. CAMPENAERTS,162549,7508,12,DERIVED_REPRODUCIBLE
12,89,C. RUSSO,162555,7514,12,DERIVED_REPRODUCIBLE
12,90,B. HEALY,162595,7554,12,DERIVED_REPRODUCIBLE
12,91,G. BENNETT,162612,7571,12,DERIVED_REPRODUCIBLE
12,92,A. JOHANNESSEN,162614,7573,12,DERIVED_REPRODUCIBLE
12,93,L. PLAPP,162669,7628,12,DERIVED_REPRODUCIBLE
12,94,A. CHARMIG,162701,7660,12,DERIVED_REPRODUCIBLE
12,95,D. HOWSON,162766,7725,12,DERIVED_REPRODUCIBLE
12,96,B. ARMIRAIL,162954,7913,12,DERIVED_REPRODUCIBLE
12,97,J. TRATNIK,162997,7956,12,DERIVED_REPRODUCIBLE
12,98,J. ABRAHAMSEN,163013,7972,12,DERIVED_REPRODUCIBLE
12,99,B. VAN MOER,163020,7979,12,DERIVED_REPRODUCIBLE
12,100,N. DENZ,163080,8039,12,DERIVED_REPRODUCIBLE
12,101,J. BERCKMOES,163152,8111,12,DERIVED_REPRODUCIBLE
12,102,R. STANNARD,163170,8129,12,DERIVED_REPRODUCIBLE
12,103,M. WALKER,163200,8159,12,DERIVED_REPRODUCIBLE
12,104,F. ENGELHARDT,163319,8278,12,DERIVED_REPRODUCIBLE
12,105,M. MOHORIC,163357,8316,12,DERIVED_REPRODUCIBLE
12,106,A. KIRSCH,163383,8342,12,DERIVED_REPRODUCIBLE
12,107,S. BERWICK,163389,8348,12,DERIVED_REPRODUCIBLE
12,108,W. BARGUIL,163436,8395,12,DERIVED_REPRODUCIBLE
12,109,M. CORT NIELSEN,163540,8499,12,DERIVED_REPRODUCIBLE
12,110,M. HEßMANN,163584,8543,12,DERIVED_REPRODUCIBLE
12,111,T. GUERNALEC,163596,8555,12,DERIVED_REPRODUCIBLE
12,112,M. FRIGO,163626,8585,12,DERIVED_REPRODUCIBLE
12,113,L. DURBRIDGE,163638,8597,12,DERIVED_REPRODUCIBLE
12,114,M. STORER,163648,8607,12,DERIVED_REPRODUCIBLE
12,115,M. TEUNISSEN,163668,8627,12,DERIVED_REPRODUCIBLE
12,116,A. TURGIS,163750,8709,12,DERIVED_REPRODUCIBLE
12,117,B. THOMAS,163786,8745,12,DERIVED_REPRODUCIBLE
12,118,P. HAGENES,163823,8782,12,DERIVED_REPRODUCIBLE
12,119,E. PLANCKAERT,163824,8783,12,DERIVED_REPRODUCIBLE
12,120,A. GATE,163850,8809,12,DERIVED_REPRODUCIBLE
12,121,X. AZPARREN IRURZUN,163906,8865,12,DERIVED_REPRODUCIBLE
12,122,F. VERMEERSCH,163959,8918,12,DERIVED_REPRODUCIBLE
12,123,M. KWIATKOWSKI,163966,8925,12,DERIVED_REPRODUCIBLE
12,124,J. RICKAERT,164001,8960,12,DERIVED_REPRODUCIBLE
12,125,S. VELASCO,164019,8978,12,DERIVED_REPRODUCIBLE
12,126,D. GODON,164020,8979,12,DERIVED_REPRODUCIBLE
12,127,E. VERSTRYNGE,164140,9099,12,DERIVED_REPRODUCIBLE
12,128,H. PAGE,164207,9166,12,DERIVED_REPRODUCIBLE
12,129,F. GANNA,164274,9233,12,DERIVED_REPRODUCIBLE
12,130,F. WRIGHT,164311,9270,12,DERIVED_REPRODUCIBLE
12,131,N. VINOKUROV,164347,9306,12,DERIVED_REPRODUCIBLE
12,132,S. WAERENSKJOLD,164387,9346,12,DERIVED_REPRODUCIBLE
12,133,H. ARTZ,164411,9370,12,DERIVED_REPRODUCIBLE
12,134,J. NICOLAU,164422,9381,12,DERIVED_REPRODUCIBLE
12,135,J. OTRUBA,164430,9389,12,DERIVED_REPRODUCIBLE
12,136,S. OLDANI,164488,9447,12,DERIVED_REPRODUCIBLE
12,137,D. HOOLE,164497,9456,12,DERIVED_REPRODUCIBLE
12,138,F. BIESTERBOS,164579,9538,12,DERIVED_REPRODUCIBLE
12,139,G. STEINHAUSER,164611,9570,12,DERIVED_REPRODUCIBLE
12,140,M. KANTER,164623,9582,12,DERIVED_REPRODUCIBLE
12,141,K. NEILANDS,164641,9600,12,DERIVED_REPRODUCIBLE
12,142,B. GIRMAY,164649,9608,12,DERIVED_REPRODUCIBLE
12,143,D. VAN BAARLE,164708,9667,12,DERIVED_REPRODUCIBLE
12,144,T. VAN DIJKE,164717,9676,12,DERIVED_REPRODUCIBLE
12,145,T. VAN ASBROECK,164804,9763,12,DERIVED_REPRODUCIBLE
12,146,E. AFFINI,164907,9866,12,DERIVED_REPRODUCIBLE
12,147,J. ALAPHILIPPE,164909,9868,12,DERIVED_REPRODUCIBLE
12,148,J. PHILIPSEN,164961,9920,12,DERIVED_REPRODUCIBLE
12,149,J. TARLING,165042,10001,12,DERIVED_REPRODUCIBLE
12,150,J. BIERMANS,165093,10052,12,DERIVED_REPRODUCIBLE
12,151,L. SLOCK,165107,10066,12,DERIVED_REPRODUCIBLE
12,152,P. EENKHOORN,165185,10144,12,DERIVED_REPRODUCIBLE
12,153,T. MARSMAN,165190,10149,12,DERIVED_REPRODUCIBLE
12,154,P. BITTNER,165267,10226,12,DERIVED_REPRODUCIBLE
12,155,R. DHONDT,165309,10268,12,DERIVED_REPRODUCIBLE
12,156,S. DILLIER,165384,10343,12,DERIVED_REPRODUCIBLE
12,157,N. MÄRKL,165411,10370,12,DERIVED_REPRODUCIBLE
12,158,P. ACKERMANN,165429,10388,12,DERIVED_REPRODUCIBLE
12,159,B. VEISTROFFER,165437,10396,12,DERIVED_REPRODUCIBLE
12,160,M. FRETIN,165442,10401,12,DERIVED_REPRODUCIBLE
12,161,J. VAN DEN BERG,165480,10439,12,DERIVED_REPRODUCIBLE
12,162,J. STEWART,165512,10471,12,DERIVED_REPRODUCIBLE
12,163,J. DEGENKOLB,165524,10483,12,DERIVED_REPRODUCIBLE
12,164,M. HALLER,165571,10530,12,DERIVED_REPRODUCIBLE
12,165,F. GAVIRIA,165682,10641,12,DERIVED_REPRODUCIBLE
12,166,T. MERLIER,165692,10651,12,DERIVED_REPRODUCIBLE
12,167,P. BAUHAUS,165737,10696,12,DERIVED_REPRODUCIBLE
12,168,O. KOOIJ,165742,10701,12,DERIVED_REPRODUCIBLE
12,169,L. ASKEY,165753,10712,12,DERIVED_REPRODUCIBLE
12,170,D. BALLERINI,165756,10715,12,DERIVED_REPRODUCIBLE
12,171,C. BOL,165797,10756,12,DERIVED_REPRODUCIBLE
12,172,P. ALLEGAERT,165827,10786,12,DERIVED_REPRODUCIBLE
12,173,K. GRADEK,165913,10872,12,DERIVED_REPRODUCIBLE
12,174,M. LOUVEL,166188,11147,12,DERIVED_REPRODUCIBLE
13,1,T. POGACAR,170311,0,13,DERIVED_REPRODUCIBLE
13,2,J. VINGEGAARD,170527,216,13,DERIVED_REPRODUCIBLE
13,3,R. EVENEPOEL,170557,246,13,DERIVED_REPRODUCIBLE
13,4,T. PIDCOCK,170566,255,13,DERIVED_REPRODUCIBLE
13,5,J. AYUSO,170573,262,13,DERIVED_REPRODUCIBLE
13,6,P. SEIXAS,170586,275,13,DERIVED_REPRODUCIBLE
13,7,F. LIPOWITZ,170595,284,13,DERIVED_REPRODUCIBLE
13,8,I. DEL TORO,170619,308,13,DERIVED_REPRODUCIBLE
13,9,M. SKJELMOSE,170656,345,13,DERIVED_REPRODUCIBLE
13,10,L. MARTINEZ,170705,394,13,DERIVED_REPRODUCIBLE
13,11,J. JEGAT,170937,626,13,DERIVED_REPRODUCIBLE
13,12,E. BERNAL,171046,735,13,DERIVED_REPRODUCIBLE
13,13,I. VAN WILDER,171074,763,13,DERIVED_REPRODUCIBLE
13,14,D. PIGANZOLI,171129,818,13,DERIVED_REPRODUCIBLE
13,15,T. JOHANNESSEN,171201,890,13,DERIVED_REPRODUCIBLE
13,16,S. QUINN,171219,908,13,DERIVED_REPRODUCIBLE
13,17,Y. VOISARD,171247,936,13,DERIVED_REPRODUCIBLE
13,18,R. DEBRUYNE,171284,973,13,DERIVED_REPRODUCIBLE
13,19,R. CARAPAZ,171374,1063,13,DERIVED_REPRODUCIBLE
13,20,A. YATES,171417,1106,13,DERIVED_REPRODUCIBLE
13,21,B. MCNULTY,171422,1111,13,DERIVED_REPRODUCIBLE
13,22,S. KUSS,171563,1252,13,DERIVED_REPRODUCIBLE
13,23,P. CASTRILLO,172130,1819,13,DERIVED_REPRODUCIBLE
13,24,T. BENOOT,172308,1997,13,DERIVED_REPRODUCIBLE
13,25,N. PRODHOMME,172859,2548,13,DERIVED_REPRODUCIBLE
13,26,H. TEJADA,173108,2797,13,DERIVED_REPRODUCIBLE
13,27,C. VERONA,173124,2813,13,DERIVED_REPRODUCIBLE
13,28,L. VAN EETVELT,173224,2913,13,DERIVED_REPRODUCIBLE
13,29,T. ARENSMAN,173319,3008,13,DERIVED_REPRODUCIBLE
13,30,J. HINDLEY,173455,3144,13,DERIVED_REPRODUCIBLE
13,31,K. VAUQUELIN,173837,3526,13,DERIVED_REPRODUCIBLE
13,32,Q. HERMANS,174085,3774,13,DERIVED_REPRODUCIBLE
13,33,M. VACEK,174097,3786,13,DERIVED_REPRODUCIBLE
13,34,M. JORGENSON,174246,3935,13,DERIVED_REPRODUCIBLE
13,35,J. PARRA,174390,4079,13,DERIVED_REPRODUCIBLE
13,36,Q. SIMMONS,174462,4151,13,DERIVED_REPRODUCIBLE
13,37,D. GEE,174478,4167,13,DERIVED_REPRODUCIBLE
13,38,I. IZAGIRRE,174584,4273,13,DERIVED_REPRODUCIBLE
13,39,R. GARCIA,174709,4398,13,DERIVED_REPRODUCIBLE
13,40,M. HIRSCHI,174809,4498,13,DERIVED_REPRODUCIBLE
13,41,A. BAUDIN,174844,4533,13,DERIVED_REPRODUCIBLE
13,42,F. GROSSSCHARTNER,174860,4549,13,DERIVED_REPRODUCIBLE
13,43,G. MARTIN GUYONNET,174962,4651,13,DERIVED_REPRODUCIBLE
13,44,N. BREUILLARD,175009,4698,13,DERIVED_REPRODUCIBLE
13,45,E. RUBIO,175202,4891,13,DERIVED_REPRODUCIBLE
13,46,S. HIGUITA,175218,4907,13,DERIVED_REPRODUCIBLE
13,47,A. TIBERI,175310,4999,13,DERIVED_REPRODUCIBLE
13,48,B. O'CONNOR,175452,5141,13,DERIVED_REPRODUCIBLE
13,49,V. PARET PEINTRE,175493,5182,13,DERIVED_REPRODUCIBLE
13,50,C. BRAZ AFONSO,175494,5183,13,DERIVED_REPRODUCIBLE
13,51,M. VAN GILS,175497,5186,13,DERIVED_REPRODUCIBLE
13,52,T. FOSS,175629,5318,13,DERIVED_REPRODUCIBLE
13,53,J. DELBOVE,175637,5326,13,DERIVED_REPRODUCIBLE
13,54,T. WELLENS,175812,5501,13,DERIVED_REPRODUCIBLE
13,55,L. CRAPS,176034,5723,13,DERIVED_REPRODUCIBLE
13,56,R. GREGOIRE,176038,5727,13,DERIVED_REPRODUCIBLE
13,57,A. BALDERSTONE,176069,5758,13,DERIVED_REPRODUCIBLE
13,58,M. RICCITELLO,176289,5978,13,DERIVED_REPRODUCIBLE
13,59,M. CATTANEO,176340,6029,13,DERIVED_REPRODUCIBLE
13,60,A. SKAARSETH,176353,6042,13,DERIVED_REPRODUCIBLE
13,61,M. MATTHEWS,176657,6346,13,DERIVED_REPRODUCIBLE
13,62,X. MEURISSE,176659,6348,13,DERIVED_REPRODUCIBLE
13,63,J. ROMO,176763,6452,13,DERIVED_REPRODUCIBLE
13,64,M. VALGREN,176778,6467,13,DERIVED_REPRODUCIBLE
13,65,A. PARET PEINTRE,176869,6558,13,DERIVED_REPRODUCIBLE
13,66,A. ARANBURU,177035,6724,13,DERIVED_REPRODUCIBLE
13,67,M. SCHMID,177124,6813,13,DERIVED_REPRODUCIBLE
13,68,D. CARUSO,177142,6831,13,DERIVED_REPRODUCIBLE
13,69,M. VERCHER,177204,6893,13,DERIVED_REPRODUCIBLE
13,70,Q. PACHER,177224,6913,13,DERIVED_REPRODUCIBLE
13,71,M. VAN DER POEL,177265,6954,13,DERIVED_REPRODUCIBLE
13,72,R. PLUIMERS,177415,7104,13,DERIVED_REPRODUCIBLE
13,73,A. DELETTRE,177416,7105,13,DERIVED_REPRODUCIBLE
13,74,G. BENNETT,177491,7180,13,DERIVED_REPRODUCIBLE
13,75,L. GERMANI,177495,7184,13,DERIVED_REPRODUCIBLE
13,76,L. PLAPP,177498,7187,13,DERIVED_REPRODUCIBLE
13,77,M. PEDERSEN,177580,7269,13,DERIVED_REPRODUCIBLE
13,78,J. STUYVEN,177584,7273,13,DERIVED_REPRODUCIBLE
13,79,N. OLIVEIRA,177668,7357,13,DERIVED_REPRODUCIBLE
13,80,V. VAN MECHELEN,177731,7420,13,DERIVED_REPRODUCIBLE
13,81,B. HEALY,177803,7492,13,DERIVED_REPRODUCIBLE
13,82,K. ASGREEN,177812,7501,13,DERIVED_REPRODUCIBLE
13,83,T. SKUJINS,177817,7506,13,DERIVED_REPRODUCIBLE
13,84,V. CAMPENAERTS,177819,7508,13,DERIVED_REPRODUCIBLE
13,85,L. VERVAEKE,177841,7530,13,DERIVED_REPRODUCIBLE
13,86,E. COSTIOU,177866,7555,13,DERIVED_REPRODUCIBLE
13,87,A. JOHANNESSEN,177884,7573,13,DERIVED_REPRODUCIBLE
13,88,J. CEPEDA,177895,7584,13,DERIVED_REPRODUCIBLE
13,89,G. ZIMMERMANN,178007,7696,13,DERIVED_REPRODUCIBLE
13,90,C. RUSSO,178234,7923,13,DERIVED_REPRODUCIBLE
13,91,M. LE BERRE,178270,7959,13,DERIVED_REPRODUCIBLE
13,92,N. POLITT,178288,7977,13,DERIVED_REPRODUCIBLE
13,93,M. CORT NIELSEN,178501,8190,13,DERIVED_REPRODUCIBLE
13,94,D. HOWSON,178623,8312,13,DERIVED_REPRODUCIBLE
13,95,M. MOHORIC,178627,8316,13,DERIVED_REPRODUCIBLE
13,96,J. ABRAHAMSEN,178674,8363,13,DERIVED_REPRODUCIBLE
13,97,F. VAN DEN BROEK,178778,8467,13,DERIVED_REPRODUCIBLE
13,98,B. ARMIRAIL,178811,8500,13,DERIVED_REPRODUCIBLE
13,99,J. TRATNIK,178854,8543,13,DERIVED_REPRODUCIBLE
13,100,B. VAN MOER,178877,8566,13,DERIVED_REPRODUCIBLE
13,101,N. DENZ,178937,8626,13,DERIVED_REPRODUCIBLE
13,102,B. THOMAS,178958,8647,13,DERIVED_REPRODUCIBLE
13,103,A. CHARMIG,179011,8700,13,DERIVED_REPRODUCIBLE
13,104,M. WALKER,179057,8746,13,DERIVED_REPRODUCIBLE
13,105,P. HAGENES,179093,8782,13,DERIVED_REPRODUCIBLE
13,106,E. VERSTRYNGE,179103,8792,13,DERIVED_REPRODUCIBLE
13,107,F. ENGELHARDT,179176,8865,13,DERIVED_REPRODUCIBLE
13,108,M. HEßMANN,179245,8934,13,DERIVED_REPRODUCIBLE
13,109,S. BERWICK,179246,8935,13,DERIVED_REPRODUCIBLE
13,110,W. BARGUIL,179293,8982,13,DERIVED_REPRODUCIBLE
13,111,T. GUERNALEC,179453,9142,13,DERIVED_REPRODUCIBLE
13,112,R. STANNARD,179480,9169,13,DERIVED_REPRODUCIBLE
13,113,M. FRIGO,179483,9172,13,DERIVED_REPRODUCIBLE
13,114,L. DURBRIDGE,179495,9184,13,DERIVED_REPRODUCIBLE
13,115,M. STORER,179505,9194,13,DERIVED_REPRODUCIBLE
13,116,N. VINOKUROV,179519,9208,13,DERIVED_REPRODUCIBLE
13,117,E. PLANCKAERT,179580,9269,13,DERIVED_REPRODUCIBLE
13,118,A. KIRSCH,179693,9382,13,DERIVED_REPRODUCIBLE
13,119,X. AZPARREN IRURZUN,179763,9452,13,DERIVED_REPRODUCIBLE
13,120,S. OLDANI,179854,9543,13,DERIVED_REPRODUCIBLE
13,121,J. RICKAERT,179858,9547,13,DERIVED_REPRODUCIBLE
13,122,S. VELASCO,179876,9565,13,DERIVED_REPRODUCIBLE
13,123,M. TEUNISSEN,179978,9667,13,DERIVED_REPRODUCIBLE
13,124,T. VAN DIJKE,180029,9718,13,DERIVED_REPRODUCIBLE
13,125,A. TURGIS,180060,9749,13,DERIVED_REPRODUCIBLE
13,126,H. PAGE,180064,9753,13,DERIVED_REPRODUCIBLE
13,127,F. VERMEERSCH,180129,9818,13,DERIVED_REPRODUCIBLE
13,128,F. GANNA,180131,9820,13,DERIVED_REPRODUCIBLE
13,129,M. KWIATKOWSKI,180136,9825,13,DERIVED_REPRODUCIBLE
13,130,A. GATE,180160,9849,13,DERIVED_REPRODUCIBLE
13,131,F. WRIGHT,180168,9857,13,DERIVED_REPRODUCIBLE
13,132,J. NICOLAU,180279,9968,13,DERIVED_REPRODUCIBLE
13,133,J. OTRUBA,180287,9976,13,DERIVED_REPRODUCIBLE
13,134,R. DHONDT,180326,10015,13,DERIVED_REPRODUCIBLE
13,135,D. GODON,180335,10024,13,DERIVED_REPRODUCIBLE
13,136,D. HOOLE,180354,10043,13,DERIVED_REPRODUCIBLE
13,137,G. STEINHAUSER,180468,10157,13,DERIVED_REPRODUCIBLE
13,138,K. NEILANDS,180498,10187,13,DERIVED_REPRODUCIBLE
13,139,B. GIRMAY,180501,10190,13,DERIVED_REPRODUCIBLE
13,140,S. WAERENSKJOLD,180557,10246,13,DERIVED_REPRODUCIBLE
13,141,T. VAN ASBROECK,180661,10350,13,DERIVED_REPRODUCIBLE
13,142,H. ARTZ,180721,10410,13,DERIVED_REPRODUCIBLE
13,143,E. AFFINI,180764,10453,13,DERIVED_REPRODUCIBLE
13,144,J. ALAPHILIPPE,180766,10455,13,DERIVED_REPRODUCIBLE
13,145,J. PHILIPSEN,180818,10507,13,DERIVED_REPRODUCIBLE
13,146,M. KANTER,180933,10622,13,DERIVED_REPRODUCIBLE
13,147,L. SLOCK,180964,10653,13,DERIVED_REPRODUCIBLE
13,148,D. VAN BAARLE,181007,10696,13,DERIVED_REPRODUCIBLE
13,149,P. EENKHOORN,181042,10731,13,DERIVED_REPRODUCIBLE
13,150,T. MARSMAN,181047,10736,13,DERIVED_REPRODUCIBLE
13,151,P. BITTNER,181124,10813,13,DERIVED_REPRODUCIBLE
13,152,J. TARLING,181212,10901,13,DERIVED_REPRODUCIBLE
13,153,S. DILLIER,181241,10930,13,DERIVED_REPRODUCIBLE
13,154,N. MÄRKL,181268,10957,13,DERIVED_REPRODUCIBLE
13,155,P. ACKERMANN,181286,10975,13,DERIVED_REPRODUCIBLE
13,156,J. STEWART,181369,11058,13,DERIVED_REPRODUCIBLE
13,157,J. DEGENKOLB,181381,11070,13,DERIVED_REPRODUCIBLE
13,158,J. BIERMANS,181403,11092,13,DERIVED_REPRODUCIBLE
13,159,M. HALLER,181428,11117,13,DERIVED_REPRODUCIBLE
13,160,D. BALLERINI,181608,11297,13,DERIVED_REPRODUCIBLE
13,161,P. ALLEGAERT,181684,11373,13,DERIVED_REPRODUCIBLE
13,162,B. VEISTROFFER,181747,11436,13,DERIVED_REPRODUCIBLE
13,163,M. FRETIN,181752,11441,13,DERIVED_REPRODUCIBLE
13,164,J. VAN DEN BERG,181790,11479,13,DERIVED_REPRODUCIBLE
13,165,T. MERLIER,182002,11691,13,DERIVED_REPRODUCIBLE
13,166,M. LOUVEL,182045,11734,13,DERIVED_REPRODUCIBLE
13,167,P. BAUHAUS,182047,11736,13,DERIVED_REPRODUCIBLE
13,168,O. KOOIJ,182052,11741,13,DERIVED_REPRODUCIBLE
13,169,L. ASKEY,182063,11752,13,DERIVED_REPRODUCIBLE
13,170,C. BOL,182107,11796,13,DERIVED_REPRODUCIBLE
13,171,K. GRADEK,182223,11912,13,DERIVED_REPRODUCIBLE
14,1,T. POGACAR,184708,0,14,DERIVED_REPRODUCIBLE
14,2,J. VINGEGAARD,184978,270,14,DERIVED_REPRODUCIBLE
14,3,R. EVENEPOEL,185012,304,14,DERIVED_REPRODUCIBLE
14,4,P. SEIXAS,185027,319,14,DERIVED_REPRODUCIBLE
14,5,J. AYUSO,185030,322,14,DERIVED_REPRODUCIBLE
14,6,F. LIPOWITZ,185052,344,14,DERIVED_REPRODUCIBLE
14,7,I. DEL TORO,185058,350,14,DERIVED_REPRODUCIBLE
14,8,M. SKJELMOSE,185163,455,14,DERIVED_REPRODUCIBLE
14,9,T. PIDCOCK,185187,479,14,DERIVED_REPRODUCIBLE
14,10,L. MARTINEZ,185213,505,14,DERIVED_REPRODUCIBLE
14,11,E. BERNAL,185663,955,14,DERIVED_REPRODUCIBLE
14,12,J. JEGAT,185671,963,14,DERIVED_REPRODUCIBLE
14,13,I. VAN WILDER,185691,983,14,DERIVED_REPRODUCIBLE
14,14,T. JOHANNESSEN,185708,1000,14,DERIVED_REPRODUCIBLE
14,15,R. CARAPAZ,185859,1151,14,DERIVED_REPRODUCIBLE
14,16,D. PIGANZOLI,185863,1155,14,DERIVED_REPRODUCIBLE
14,17,Y. VOISARD,185864,1156,14,DERIVED_REPRODUCIBLE
14,18,A. YATES,186034,1326,14,DERIVED_REPRODUCIBLE
14,19,S. KUSS,186180,1472,14,DERIVED_REPRODUCIBLE
14,20,B. MCNULTY,186856,2148,14,DERIVED_REPRODUCIBLE
14,21,S. QUINN,187215,2507,14,DERIVED_REPRODUCIBLE
14,22,T. BENOOT,187500,2792,14,DERIVED_REPRODUCIBLE
14,23,N. PRODHOMME,187857,3149,14,DERIVED_REPRODUCIBLE
14,24,J. HINDLEY,188477,3769,14,DERIVED_REPRODUCIBLE
14,25,C. VERONA,188585,3877,14,DERIVED_REPRODUCIBLE
14,26,P. CASTRILLO,188680,3972,14,DERIVED_REPRODUCIBLE
14,27,T. ARENSMAN,188999,4291,14,DERIVED_REPRODUCIBLE
14,28,L. VAN EETVELT,189032,4324,14,DERIVED_REPRODUCIBLE
14,29,D. GEE,189095,4387,14,DERIVED_REPRODUCIBLE
14,30,Q. SIMMONS,189576,4868,14,DERIVED_REPRODUCIBLE
14,31,M. JORGENSON,189707,4999,14,DERIVED_REPRODUCIBLE
14,32,H. TEJADA,189731,5023,14,DERIVED_REPRODUCIBLE
14,33,K. VAUQUELIN,189833,5125,14,DERIVED_REPRODUCIBLE
14,34,E. RUBIO,189936,5228,14,DERIVED_REPRODUCIBLE
14,35,Q. HERMANS,190150,5442,14,DERIVED_REPRODUCIBLE
14,36,F. GROSSSCHARTNER,190453,5745,14,DERIVED_REPRODUCIBLE
14,37,V. PARET PEINTRE,190621,5913,14,DERIVED_REPRODUCIBLE
14,38,M. VACEK,190627,5919,14,DERIVED_REPRODUCIBLE
14,39,B. O'CONNOR,190644,5936,14,DERIVED_REPRODUCIBLE
14,40,M. HIRSCHI,190805,6097,14,DERIVED_REPRODUCIBLE
14,41,R. GARCIA,190880,6172,14,DERIVED_REPRODUCIBLE
14,42,M. VAN GILS,190929,6221,14,DERIVED_REPRODUCIBLE
14,43,J. PARRA,190940,6232,14,DERIVED_REPRODUCIBLE
14,44,I. IZAGIRRE,191068,6360,14,DERIVED_REPRODUCIBLE
14,45,T. FOSS,191090,6382,14,DERIVED_REPRODUCIBLE
14,46,G. MARTIN GUYONNET,191133,6425,14,DERIVED_REPRODUCIBLE
14,47,S. HIGUITA,191214,6506,14,DERIVED_REPRODUCIBLE
14,48,A. TIBERI,191306,6598,14,DERIVED_REPRODUCIBLE
14,49,A. BAUDIN,191328,6620,14,DERIVED_REPRODUCIBLE
14,50,M. RICCITELLO,191481,6773,14,DERIVED_REPRODUCIBLE
14,51,N. BREUILLARD,191559,6851,14,DERIVED_REPRODUCIBLE
14,52,T. WELLENS,191648,6940,14,DERIVED_REPRODUCIBLE
14,53,C. BRAZ AFONSO,191665,6957,14,DERIVED_REPRODUCIBLE
14,54,M. CATTANEO,191801,7093,14,DERIVED_REPRODUCIBLE
14,55,X. MEURISSE,192199,7491,14,DERIVED_REPRODUCIBLE
14,56,R. GREGOIRE,192209,7501,14,DERIVED_REPRODUCIBLE
14,57,L. CRAPS,192277,7569,14,DERIVED_REPRODUCIBLE
14,58,J. DELBOVE,192315,7607,14,DERIVED_REPRODUCIBLE
14,59,M. SCHMID,192316,7608,14,DERIVED_REPRODUCIBLE
14,60,A. SKAARSETH,192349,7641,14,DERIVED_REPRODUCIBLE
14,61,A. BALDERSTONE,192553,7845,14,DERIVED_REPRODUCIBLE
14,62,A. PARET PEINTRE,192677,7969,14,DERIVED_REPRODUCIBLE
14,63,M. VALGREN,192774,8066,14,DERIVED_REPRODUCIBLE
14,64,J. ROMO,192934,8226,14,DERIVED_REPRODUCIBLE
14,65,M. MATTHEWS,192939,8231,14,DERIVED_REPRODUCIBLE
14,66,D. CARUSO,193138,8430,14,DERIVED_REPRODUCIBLE
14,67,A. DELETTRE,193252,8544,14,DERIVED_REPRODUCIBLE
14,68,Q. PACHER,193395,8687,14,DERIVED_REPRODUCIBLE
14,69,B. HEALY,193483,8775,14,DERIVED_REPRODUCIBLE
14,70,A. JOHANNESSEN,193497,8789,14,DERIVED_REPRODUCIBLE
14,71,A. ARANBURU,193519,8811,14,DERIVED_REPRODUCIBLE
14,72,L. VERVAEKE,193649,8941,14,DERIVED_REPRODUCIBLE
14,73,M. VAN DER POEL,193815,9107,14,DERIVED_REPRODUCIBLE
14,74,M. VERCHER,193888,9180,14,DERIVED_REPRODUCIBLE
14,75,J. STUYVEN,193949,9241,14,DERIVED_REPRODUCIBLE
14,76,R. PLUIMERS,193965,9257,14,DERIVED_REPRODUCIBLE
14,77,V. VAN MECHELEN,193974,9266,14,DERIVED_REPRODUCIBLE
14,78,L. PLAPP,193982,9274,14,DERIVED_REPRODUCIBLE
14,79,L. GERMANI,194045,9337,14,DERIVED_REPRODUCIBLE
14,80,M. PEDERSEN,194114,9406,14,DERIVED_REPRODUCIBLE
14,81,N. OLIVEIRA,194152,9444,14,DERIVED_REPRODUCIBLE
14,82,G. BENNETT,194169,9461,14,DERIVED_REPRODUCIBLE
14,83,K. ASGREEN,194296,9588,14,DERIVED_REPRODUCIBLE
14,84,V. CAMPENAERTS,194303,9595,14,DERIVED_REPRODUCIBLE
14,85,T. SKUJINS,194347,9639,14,DERIVED_REPRODUCIBLE
14,86,J. CEPEDA,194445,9737,14,DERIVED_REPRODUCIBLE
14,87,C. RUSSO,194516,9808,14,DERIVED_REPRODUCIBLE
14,88,E. COSTIOU,194544,9836,14,DERIVED_REPRODUCIBLE
14,89,G. ZIMMERMANN,194557,9849,14,DERIVED_REPRODUCIBLE
14,90,N. POLITT,194573,9865,14,DERIVED_REPRODUCIBLE
14,91,B. ARMIRAIL,194619,9911,14,DERIVED_REPRODUCIBLE
14,92,M. LE BERRE,194820,10112,14,DERIVED_REPRODUCIBLE
14,93,J. ABRAHAMSEN,194845,10137,14,DERIVED_REPRODUCIBLE
14,94,J. TRATNIK,194850,10142,14,DERIVED_REPRODUCIBLE
14,95,M. MOHORIC,195077,10369,14,DERIVED_REPRODUCIBLE
14,96,D. HOWSON,195107,10399,14,DERIVED_REPRODUCIBLE
14,97,M. CORT NIELSEN,195130,10422,14,DERIVED_REPRODUCIBLE
14,98,B. VAN MOER,195242,10534,14,DERIVED_REPRODUCIBLE
14,99,E. VERSTRYNGE,195274,10566,14,DERIVED_REPRODUCIBLE
14,100,F. VAN DEN BROEK,195328,10620,14,DERIVED_REPRODUCIBLE
14,101,F. ENGELHARDT,195347,10639,14,DERIVED_REPRODUCIBLE
14,102,N. DENZ,195421,10713,14,DERIVED_REPRODUCIBLE
14,103,M. STORER,195501,10793,14,DERIVED_REPRODUCIBLE
14,104,M. WALKER,195541,10833,14,DERIVED_REPRODUCIBLE
14,105,S. BERWICK,195611,10903,14,DERIVED_REPRODUCIBLE
14,106,B. THOMAS,195636,10928,14,DERIVED_REPRODUCIBLE
14,107,P. HAGENES,195643,10935,14,DERIVED_REPRODUCIBLE
14,108,M. HEßMANN,195795,11087,14,DERIVED_REPRODUCIBLE
14,109,W. BARGUIL,195843,11135,14,DERIVED_REPRODUCIBLE
14,110,T. GUERNALEC,195937,11229,14,DERIVED_REPRODUCIBLE
14,111,R. STANNARD,195964,11256,14,DERIVED_REPRODUCIBLE
14,112,M. FRIGO,195967,11259,14,DERIVED_REPRODUCIBLE
14,113,L. DURBRIDGE,196045,11337,14,DERIVED_REPRODUCIBLE
14,114,N. VINOKUROV,196049,11341,14,DERIVED_REPRODUCIBLE
14,115,X. AZPARREN IRURZUN,196247,11539,14,DERIVED_REPRODUCIBLE
14,116,E. PLANCKAERT,196258,11550,14,DERIVED_REPRODUCIBLE
14,117,S. VELASCO,196326,11618,14,DERIVED_REPRODUCIBLE
14,118,A. KIRSCH,196371,11663,14,DERIVED_REPRODUCIBLE
14,119,J. RICKAERT,196408,11700,14,DERIVED_REPRODUCIBLE
14,120,S. OLDANI,196483,11775,14,DERIVED_REPRODUCIBLE
14,121,T. VAN DIJKE,196566,11858,14,DERIVED_REPRODUCIBLE
14,122,M. TEUNISSEN,196607,11899,14,DERIVED_REPRODUCIBLE
14,123,F. GANNA,196615,11907,14,DERIVED_REPRODUCIBLE
14,124,M. KWIATKOWSKI,196620,11912,14,DERIVED_REPRODUCIBLE
14,125,G. STEINHAUSER,196639,11931,14,DERIVED_REPRODUCIBLE
14,126,F. VERMEERSCH,196679,11971,14,DERIVED_REPRODUCIBLE
14,127,F. WRIGHT,196698,11990,14,DERIVED_REPRODUCIBLE
14,128,A. GATE,196710,12002,14,DERIVED_REPRODUCIBLE
14,129,A. TURGIS,196738,12030,14,DERIVED_REPRODUCIBLE
14,130,H. PAGE,196742,12034,14,DERIVED_REPRODUCIBLE
14,131,R. DHONDT,196876,12168,14,DERIVED_REPRODUCIBLE
14,132,J. NICOLAU,196908,12200,14,DERIVED_REPRODUCIBLE
14,133,D. GODON,196964,12256,14,DERIVED_REPRODUCIBLE
14,134,J. OTRUBA,196965,12257,14,DERIVED_REPRODUCIBLE
14,135,D. HOOLE,197032,12324,14,DERIVED_REPRODUCIBLE
14,136,K. NEILANDS,197127,12419,14,DERIVED_REPRODUCIBLE
14,137,B. GIRMAY,197179,12471,14,DERIVED_REPRODUCIBLE
14,138,S. WAERENSKJOLD,197235,12527,14,DERIVED_REPRODUCIBLE
14,139,J. ALAPHILIPPE,197298,12590,14,DERIVED_REPRODUCIBLE
14,140,E. AFFINI,197314,12606,14,DERIVED_REPRODUCIBLE
14,141,L. SLOCK,197329,12621,14,DERIVED_REPRODUCIBLE
14,142,T. VAN ASBROECK,197339,12631,14,DERIVED_REPRODUCIBLE
14,143,H. ARTZ,197350,12642,14,DERIVED_REPRODUCIBLE
14,144,J. PHILIPSEN,197447,12739,14,DERIVED_REPRODUCIBLE
14,145,D. VAN BAARLE,197491,12783,14,DERIVED_REPRODUCIBLE
14,146,M. KANTER,197556,12848,14,DERIVED_REPRODUCIBLE
14,147,T. MARSMAN,197597,12889,14,DERIVED_REPRODUCIBLE
14,148,P. EENKHOORN,197671,12963,14,DERIVED_REPRODUCIBLE
14,149,P. BITTNER,197674,12966,14,DERIVED_REPRODUCIBLE
14,150,N. MÄRKL,197818,13110,14,DERIVED_REPRODUCIBLE
14,151,J. TARLING,197828,13120,14,DERIVED_REPRODUCIBLE
14,152,S. DILLIER,197870,13162,14,DERIVED_REPRODUCIBLE
14,153,P. ACKERMANN,197906,13198,14,DERIVED_REPRODUCIBLE
14,154,M. HALLER,197978,13270,14,DERIVED_REPRODUCIBLE
14,155,J. DEGENKOLB,198010,13302,14,DERIVED_REPRODUCIBLE
14,156,J. STEWART,198043,13335,14,DERIVED_REPRODUCIBLE
14,157,J. BIERMANS,198081,13373,14,DERIVED_REPRODUCIBLE
14,158,D. BALLERINI,198231,13523,14,DERIVED_REPRODUCIBLE
14,159,P. ALLEGAERT,198362,13654,14,DERIVED_REPRODUCIBLE
14,160,B. VEISTROFFER,198363,13655,14,DERIVED_REPRODUCIBLE
14,161,J. VAN DEN BERG,198419,13711,14,DERIVED_REPRODUCIBLE
14,162,M. FRETIN,198430,13722,14,DERIVED_REPRODUCIBLE
14,163,P. BAUHAUS,198676,13968,14,DERIVED_REPRODUCIBLE
14,164,T. MERLIER,198680,13972,14,DERIVED_REPRODUCIBLE
14,165,M. LOUVEL,198719,14011,14,DERIVED_REPRODUCIBLE
14,166,O. KOOIJ,198730,14022,14,DERIVED_REPRODUCIBLE
14,167,L. ASKEY,198741,14033,14,DERIVED_REPRODUCIBLE
14,168,C. BOL,198785,14077,14,DERIVED_REPRODUCIBLE
14,169,K. GRADEK,198901,14193,14,DERIVED_REPRODUCIBLE
15,1,T. POGACAR,200491,0,15,DERIVED_REPRODUCIBLE
15,2,R. EVENEPOEL,200791,300,15,DERIVED_REPRODUCIBLE
15,3,I. DEL TORO,200849,358,15,DERIVED_REPRODUCIBLE
15,4,P. SEIXAS,200874,383,15,DERIVED_REPRODUCIBLE
15,5,F. LIPOWITZ,200899,408,15,DERIVED_REPRODUCIBLE
15,6,J. AYUSO,200939,448,15,DERIVED_REPRODUCIBLE
15,7,M. SKJELMOSE,201069,578,15,DERIVED_REPRODUCIBLE
15,8,L. MARTINEZ,201119,628,15,DERIVED_REPRODUCIBLE
15,9,T. PIDCOCK,201170,679,15,DERIVED_REPRODUCIBLE
15,10,J. JEGAT,201657,1166,15,DERIVED_REPRODUCIBLE
15,11,Y. VOISARD,201795,1304,15,DERIVED_REPRODUCIBLE
15,12,R. CARAPAZ,201819,1328,15,DERIVED_REPRODUCIBLE
15,13,I. VAN WILDER,201820,1329,15,DERIVED_REPRODUCIBLE
15,14,A. YATES,201943,1452,15,DERIVED_REPRODUCIBLE
15,15,D. PIGANZOLI,201973,1482,15,DERIVED_REPRODUCIBLE
15,16,E. BERNAL,202952,2461,15,DERIVED_REPRODUCIBLE
15,17,S. KUSS,203229,2738,15,DERIVED_REPRODUCIBLE
15,18,T. JOHANNESSEN,203251,2760,15,DERIVED_REPRODUCIBLE
15,19,B. MCNULTY,203522,3031,15,DERIVED_REPRODUCIBLE
15,20,S. QUINN,204287,3796,15,DERIVED_REPRODUCIBLE
15,21,N. PRODHOMME,204298,3807,15,DERIVED_REPRODUCIBLE
15,22,T. BENOOT,204718,4227,15,DERIVED_REPRODUCIBLE
15,23,J. HINDLEY,204869,4378,15,DERIVED_REPRODUCIBLE
15,24,C. VERONA,205026,4535,15,DERIVED_REPRODUCIBLE
15,25,Q. SIMMONS,205501,5010,15,DERIVED_REPRODUCIBLE
15,26,E. RUBIO,206020,5529,15,DERIVED_REPRODUCIBLE
15,27,L. VAN EETVELT,206104,5613,15,DERIVED_REPRODUCIBLE
15,28,P. CASTRILLO,206134,5643,15,DERIVED_REPRODUCIBLE
15,29,T. ARENSMAN,206288,5797,15,DERIVED_REPRODUCIBLE
15,30,D. GEE,206403,5912,15,DERIVED_REPRODUCIBLE
15,31,K. VAUQUELIN,206688,6197,15,DERIVED_REPRODUCIBLE
15,32,M. JORGENSON,206756,6265,15,DERIVED_REPRODUCIBLE
15,33,F. GROSSSCHARTNER,207119,6628,15,DERIVED_REPRODUCIBLE
15,34,M. VAN GILS,207321,6830,15,DERIVED_REPRODUCIBLE
15,35,A. TIBERI,207357,6866,15,DERIVED_REPRODUCIBLE
15,36,G. MARTIN GUYONNET,207458,6967,15,DERIVED_REPRODUCIBLE
15,37,Q. HERMANS,207485,6994,15,DERIVED_REPRODUCIBLE
15,38,M. RICCITELLO,207610,7119,15,DERIVED_REPRODUCIBLE
15,39,H. TEJADA,207616,7125,15,DERIVED_REPRODUCIBLE
15,40,R. GARCIA,207663,7172,15,DERIVED_REPRODUCIBLE
15,41,B. O'CONNOR,207866,7375,15,DERIVED_REPRODUCIBLE
15,42,T. FOSS,208002,7511,15,DERIVED_REPRODUCIBLE
15,43,V. PARET PEINTRE,208018,7527,15,DERIVED_REPRODUCIBLE
15,44,J. PARRA,208072,7581,15,DERIVED_REPRODUCIBLE
15,45,A. BAUDIN,208125,7634,15,DERIVED_REPRODUCIBLE
15,46,I. IZAGIRRE,208286,7795,15,DERIVED_REPRODUCIBLE
15,47,S. HIGUITA,208432,7941,15,DERIVED_REPRODUCIBLE
15,48,M. CATTANEO,208449,7958,15,DERIVED_REPRODUCIBLE
15,49,M. SCHMID,208532,8041,15,DERIVED_REPRODUCIBLE
15,50,M. VACEK,208566,8075,15,DERIVED_REPRODUCIBLE
15,51,M. HIRSCHI,208578,8087,15,DERIVED_REPRODUCIBLE
15,52,T. WELLENS,208780,8289,15,DERIVED_REPRODUCIBLE
15,53,A. BALDERSTONE,208878,8387,15,DERIVED_REPRODUCIBLE
15,54,C. BRAZ AFONSO,208980,8489,15,DERIVED_REPRODUCIBLE
15,55,A. PARET PEINTRE,209118,8627,15,DERIVED_REPRODUCIBLE
15,56,X. MEURISSE,209417,8926,15,DERIVED_REPRODUCIBLE
15,57,N. BREUILLARD,209475,8984,15,DERIVED_REPRODUCIBLE
15,58,J. DELBOVE,209546,9055,15,DERIVED_REPRODUCIBLE
15,59,R. GREGOIRE,209606,9115,15,DERIVED_REPRODUCIBLE
15,60,M. VALGREN,209846,9355,15,DERIVED_REPRODUCIBLE
15,61,A. SKAARSETH,209892,9401,15,DERIVED_REPRODUCIBLE
15,62,L. CRAPS,210063,9572,15,DERIVED_REPRODUCIBLE
15,63,J. ROMO,210152,9661,15,DERIVED_REPRODUCIBLE
15,64,M. MATTHEWS,210269,9778,15,DERIVED_REPRODUCIBLE
15,65,A. DELETTRE,210324,9833,15,DERIVED_REPRODUCIBLE
15,66,D. CARUSO,210356,9865,15,DERIVED_REPRODUCIBLE
15,67,B. HEALY,210555,10064,15,DERIVED_REPRODUCIBLE
15,68,Q. PACHER,210613,10122,15,DERIVED_REPRODUCIBLE
15,69,E. COSTIOU,210650,10159,15,DERIVED_REPRODUCIBLE
15,70,A. JOHANNESSEN,211098,10607,15,DERIVED_REPRODUCIBLE
15,71,A. ARANBURU,211120,10629,15,DERIVED_REPRODUCIBLE
15,72,L. VERVAEKE,211136,10645,15,DERIVED_REPRODUCIBLE
15,73,V. CAMPENAERTS,211352,10861,15,DERIVED_REPRODUCIBLE
15,74,M. VAN DER POEL,211358,10867,15,DERIVED_REPRODUCIBLE
15,75,L. GERMANI,211442,10951,15,DERIVED_REPRODUCIBLE
15,76,N. OLIVEIRA,211467,10976,15,DERIVED_REPRODUCIBLE
15,77,J. STUYVEN,211492,11001,15,DERIVED_REPRODUCIBLE
15,78,R. PLUIMERS,211508,11017,15,DERIVED_REPRODUCIBLE
15,79,N. POLITT,211704,11213,15,DERIVED_REPRODUCIBLE
15,80,C. RUSSO,211734,11243,15,DERIVED_REPRODUCIBLE
15,81,V. VAN MECHELEN,211760,11269,15,DERIVED_REPRODUCIBLE
15,82,B. ARMIRAIL,211763,11272,15,DERIVED_REPRODUCIBLE
15,83,G. BENNETT,211770,11279,15,DERIVED_REPRODUCIBLE
15,84,M. VERCHER,211920,11429,15,DERIVED_REPRODUCIBLE
15,85,L. PLAPP,211921,11430,15,DERIVED_REPRODUCIBLE
15,86,M. MOHORIC,211989,11498,15,DERIVED_REPRODUCIBLE
15,87,K. ASGREEN,212016,11525,15,DERIVED_REPRODUCIBLE
15,88,J. CEPEDA,212046,11555,15,DERIVED_REPRODUCIBLE
15,89,M. LE BERRE,212051,11560,15,DERIVED_REPRODUCIBLE
15,90,M. PEDERSEN,212053,11562,15,DERIVED_REPRODUCIBLE
15,91,J. ABRAHAMSEN,212063,11572,15,DERIVED_REPRODUCIBLE
15,92,J. TRATNIK,212068,11577,15,DERIVED_REPRODUCIBLE
15,93,G. ZIMMERMANN,212223,11732,15,DERIVED_REPRODUCIBLE
15,94,T. SKUJINS,212286,11795,15,DERIVED_REPRODUCIBLE
15,95,B. VAN MOER,212291,11800,15,DERIVED_REPRODUCIBLE
15,96,N. VINOKUROV,212416,11925,15,DERIVED_REPRODUCIBLE
15,97,M. FRIGO,212640,12149,15,DERIVED_REPRODUCIBLE
15,98,D. HOWSON,212708,12217,15,DERIVED_REPRODUCIBLE
15,99,M. CORT NIELSEN,212870,12379,15,DERIVED_REPRODUCIBLE
15,100,E. VERSTRYNGE,212875,12384,15,DERIVED_REPRODUCIBLE
15,101,F. ENGELHARDT,212948,12457,15,DERIVED_REPRODUCIBLE
15,102,S. BERWICK,212985,12494,15,DERIVED_REPRODUCIBLE
15,103,N. DENZ,213022,12531,15,DERIVED_REPRODUCIBLE
15,104,M. STORER,213044,12553,15,DERIVED_REPRODUCIBLE
15,105,W. BARGUIL,213061,12570,15,DERIVED_REPRODUCIBLE
15,106,P. HAGENES,213085,12594,15,DERIVED_REPRODUCIBLE
15,107,M. WALKER,213261,12770,15,DERIVED_REPRODUCIBLE
15,108,F. VAN DEN BROEK,213341,12850,15,DERIVED_REPRODUCIBLE
15,109,T. VAN DIJKE,213385,12894,15,DERIVED_REPRODUCIBLE
15,110,M. HEßMANN,213396,12905,15,DERIVED_REPRODUCIBLE
15,111,R. STANNARD,213464,12973,15,DERIVED_REPRODUCIBLE
15,112,S. VELASCO,213544,13053,15,DERIVED_REPRODUCIBLE
15,113,B. THOMAS,213638,13147,15,DERIVED_REPRODUCIBLE
15,114,L. DURBRIDGE,213646,13155,15,DERIVED_REPRODUCIBLE
15,115,X. AZPARREN IRURZUN,213701,13210,15,DERIVED_REPRODUCIBLE
15,116,T. GUERNALEC,213939,13448,15,DERIVED_REPRODUCIBLE
15,117,G. STEINHAUSER,213939,13448,15,DERIVED_REPRODUCIBLE
15,118,E. PLANCKAERT,213957,13466,15,DERIVED_REPRODUCIBLE
15,119,J. RICKAERT,213977,13486,15,DERIVED_REPRODUCIBLE
15,120,F. VERMEERSCH,214014,13523,15,DERIVED_REPRODUCIBLE
15,121,A. TURGIS,214238,13747,15,DERIVED_REPRODUCIBLE
15,122,F. WRIGHT,214299,13808,15,DERIVED_REPRODUCIBLE
15,123,A. KIRSCH,214310,13819,15,DERIVED_REPRODUCIBLE
15,124,J. OTRUBA,214339,13848,15,DERIVED_REPRODUCIBLE
15,125,M. TEUNISSEN,214380,13889,15,DERIVED_REPRODUCIBLE
15,126,S. OLDANI,214395,13904,15,DERIVED_REPRODUCIBLE
15,127,F. GANNA,214458,13967,15,DERIVED_REPRODUCIBLE
15,128,M. KWIATKOWSKI,214463,13972,15,DERIVED_REPRODUCIBLE
15,129,H. PAGE,214563,14072,15,DERIVED_REPRODUCIBLE
15,130,A. GATE,214595,14104,15,DERIVED_REPRODUCIBLE
15,131,D. GODON,214807,14316,15,DERIVED_REPRODUCIBLE
15,132,L. SLOCK,214872,14381,15,DERIVED_REPRODUCIBLE
15,133,J. ALAPHILIPPE,214903,14412,15,DERIVED_REPRODUCIBLE
15,134,R. DHONDT,214908,14417,15,DERIVED_REPRODUCIBLE
15,135,J. NICOLAU,214940,14449,15,DERIVED_REPRODUCIBLE
15,136,D. VAN BAARLE,214978,14487,15,DERIVED_REPRODUCIBLE
15,137,D. HOOLE,215018,14527,15,DERIVED_REPRODUCIBLE
15,138,K. NEILANDS,215066,14575,15,DERIVED_REPRODUCIBLE
15,139,T. MARSMAN,215140,14649,15,DERIVED_REPRODUCIBLE
15,140,B. GIRMAY,215215,14724,15,DERIVED_REPRODUCIBLE
15,141,E. AFFINI,215226,14735,15,DERIVED_REPRODUCIBLE
15,142,S. WAERENSKJOLD,215344,14853,15,DERIVED_REPRODUCIBLE
15,143,P. BITTNER,215373,14882,15,DERIVED_REPRODUCIBLE
15,144,H. ARTZ,215382,14891,15,DERIVED_REPRODUCIBLE
15,145,N. MÄRKL,215455,14964,15,DERIVED_REPRODUCIBLE
15,146,M. KANTER,215468,14977,15,DERIVED_REPRODUCIBLE
15,147,S. DILLIER,215471,14980,15,DERIVED_REPRODUCIBLE
15,148,J. PHILIPSEN,215479,14988,15,DERIVED_REPRODUCIBLE
15,149,J. TARLING,215570,15079,15,DERIVED_REPRODUCIBLE
15,150,P. ACKERMANN,215572,15081,15,DERIVED_REPRODUCIBLE
15,151,M. HALLER,215583,15092,15,DERIVED_REPRODUCIBLE
15,152,P. EENKHOORN,215777,15286,15,DERIVED_REPRODUCIBLE
15,153,J. BIERMANS,215821,15330,15,DERIVED_REPRODUCIBLE
15,154,J. DEGENKOLB,216042,15551,15,DERIVED_REPRODUCIBLE
15,155,J. STEWART,216079,15588,15,DERIVED_REPRODUCIBLE
15,156,D. BALLERINI,216143,15652,15,DERIVED_REPRODUCIBLE
15,157,M. FRETIN,216146,15655,15,DERIVED_REPRODUCIBLE
15,158,B. VEISTROFFER,216184,15693,15,DERIVED_REPRODUCIBLE
15,159,P. ALLEGAERT,216301,15810,15,DERIVED_REPRODUCIBLE
15,160,J. VAN DEN BERG,216451,15960,15,DERIVED_REPRODUCIBLE
15,161,P. BAUHAUS,216615,16124,15,DERIVED_REPRODUCIBLE
15,162,O. KOOIJ,216669,16178,15,DERIVED_REPRODUCIBLE
15,163,M. LOUVEL,216721,16230,15,DERIVED_REPRODUCIBLE
15,164,C. BOL,216817,16326,15,DERIVED_REPRODUCIBLE
15,165,L. ASKEY,216826,16335,15,DERIVED_REPRODUCIBLE
15,166,K. GRADEK,216840,16349,15,DERIVED_REPRODUCIBLE
16,1,T. POGACAR,202458,0,16,DERIVED_REPRODUCIBLE
16,2,R. EVENEPOEL,202730,272,16,DERIVED_REPRODUCIBLE
16,3,I. DEL TORO,202869,411,16,DERIVED_REPRODUCIBLE
16,4,P. SEIXAS,202889,431,16,DERIVED_REPRODUCIBLE
16,5,J. AYUSO,203020,562,16,DERIVED_REPRODUCIBLE
16,6,M. SKJELMOSE,203072,614,16,DERIVED_REPRODUCIBLE
16,7,L. MARTINEZ,203228,770,16,DERIVED_REPRODUCIBLE
16,8,T. PIDCOCK,203236,778,16,DERIVED_REPRODUCIBLE
16,9,J. JEGAT,203828,1370,16,DERIVED_REPRODUCIBLE
16,10,Y. VOISARD,203916,1458,16,DERIVED_REPRODUCIBLE
16,11,I. VAN WILDER,203960,1502,16,DERIVED_REPRODUCIBLE
16,12,R. CARAPAZ,204003,1545,16,DERIVED_REPRODUCIBLE
16,13,D. PIGANZOLI,204106,1648,16,DERIVED_REPRODUCIBLE
16,14,A. YATES,204212,1754,16,DERIVED_REPRODUCIBLE
16,15,E. BERNAL,205161,2703,16,DERIVED_REPRODUCIBLE
16,16,T. JOHANNESSEN,205537,3079,16,DERIVED_REPRODUCIBLE
16,17,S. KUSS,205547,3089,16,DERIVED_REPRODUCIBLE
16,18,B. MCNULTY,205642,3184,16,DERIVED_REPRODUCIBLE
16,19,S. QUINN,206465,4007,16,DERIVED_REPRODUCIBLE
16,20,N. PRODHOMME,206517,4059,16,DERIVED_REPRODUCIBLE
16,21,T. BENOOT,206990,4532,16,DERIVED_REPRODUCIBLE
16,22,J. HINDLEY,207121,4663,16,DERIVED_REPRODUCIBLE
16,23,C. VERONA,207343,4885,16,DERIVED_REPRODUCIBLE
16,24,Q. SIMMONS,207703,5245,16,DERIVED_REPRODUCIBLE
16,25,P. CASTRILLO,208193,5735,16,DERIVED_REPRODUCIBLE
16,26,E. RUBIO,208288,5830,16,DERIVED_REPRODUCIBLE
16,27,T. ARENSMAN,208334,5876,16,DERIVED_REPRODUCIBLE
16,28,L. VAN EETVELT,208450,5992,16,DERIVED_REPRODUCIBLE
16,29,D. GEE,208548,6090,16,DERIVED_REPRODUCIBLE
16,30,M. JORGENSON,208832,6374,16,DERIVED_REPRODUCIBLE
16,31,K. VAUQUELIN,208934,6476,16,DERIVED_REPRODUCIBLE
16,32,F. GROSSSCHARTNER,209185,6727,16,DERIVED_REPRODUCIBLE
16,33,M. VAN GILS,209484,7026,16,DERIVED_REPRODUCIBLE
16,34,A. TIBERI,209589,7131,16,DERIVED_REPRODUCIBLE
16,35,G. MARTIN GUYONNET,209677,7219,16,DERIVED_REPRODUCIBLE
16,36,Q. HERMANS,209742,7284,16,DERIVED_REPRODUCIBLE
16,37,M. RICCITELLO,209760,7302,16,DERIVED_REPRODUCIBLE
16,38,R. GARCIA,209837,7379,16,DERIVED_REPRODUCIBLE
16,39,H. TEJADA,209978,7520,16,DERIVED_REPRODUCIBLE
16,40,B. O'CONNOR,210091,7633,16,DERIVED_REPRODUCIBLE
16,41,T. FOSS,210187,7729,16,DERIVED_REPRODUCIBLE
16,42,V. PARET PEINTRE,210261,7803,16,DERIVED_REPRODUCIBLE
16,43,J. PARRA,210329,7871,16,DERIVED_REPRODUCIBLE
16,44,A. BAUDIN,210378,7920,16,DERIVED_REPRODUCIBLE
16,45,M. CATTANEO,210490,8032,16,DERIVED_REPRODUCIBLE
16,46,I. IZAGIRRE,210573,8115,16,DERIVED_REPRODUCIBLE
16,47,M. SCHMID,210657,8199,16,DERIVED_REPRODUCIBLE
16,48,S. HIGUITA,210697,8239,16,DERIVED_REPRODUCIBLE
16,49,M. VACEK,210816,8358,16,DERIVED_REPRODUCIBLE
16,50,M. HIRSCHI,210889,8431,16,DERIVED_REPRODUCIBLE
16,51,T. WELLENS,210993,8535,16,DERIVED_REPRODUCIBLE
16,52,A. BALDERSTONE,211033,8575,16,DERIVED_REPRODUCIBLE
16,53,C. BRAZ AFONSO,211147,8689,16,DERIVED_REPRODUCIBLE
16,54,A. PARET PEINTRE,211234,8776,16,DERIVED_REPRODUCIBLE
16,55,X. MEURISSE,211628,9170,16,DERIVED_REPRODUCIBLE
16,56,N. BREUILLARD,211710,9252,16,DERIVED_REPRODUCIBLE
16,57,R. GREGOIRE,211782,9324,16,DERIVED_REPRODUCIBLE
16,58,J. DELBOVE,211828,9370,16,DERIVED_REPRODUCIBLE
16,59,M. VALGREN,212072,9614,16,DERIVED_REPRODUCIBLE
16,60,A. SKAARSETH,212194,9736,16,DERIVED_REPRODUCIBLE
16,61,J. ROMO,212490,10032,16,DERIVED_REPRODUCIBLE
16,62,M. MATTHEWS,212521,10063,16,DERIVED_REPRODUCIBLE
16,63,A. DELETTRE,212531,10073,16,DERIVED_REPRODUCIBLE
16,64,D. CARUSO,212542,10084,16,DERIVED_REPRODUCIBLE
16,65,E. COSTIOU,212758,10300,16,DERIVED_REPRODUCIBLE
16,66,Q. PACHER,212823,10365,16,DERIVED_REPRODUCIBLE
16,67,B. HEALY,212863,10405,16,DERIVED_REPRODUCIBLE
16,68,A. JOHANNESSEN,213397,10939,16,DERIVED_REPRODUCIBLE
16,69,A. ARANBURU,213413,10955,16,DERIVED_REPRODUCIBLE
16,70,L. VERVAEKE,213475,11017,16,DERIVED_REPRODUCIBLE
16,71,N. OLIVEIRA,213617,11159,16,DERIVED_REPRODUCIBLE
16,72,M. VAN DER POEL,213644,11186,16,DERIVED_REPRODUCIBLE
16,73,V. CAMPENAERTS,213689,11231,16,DERIVED_REPRODUCIBLE
16,74,J. STUYVEN,213752,11294,16,DERIVED_REPRODUCIBLE
16,75,R. PLUIMERS,213760,11302,16,DERIVED_REPRODUCIBLE
16,76,L. GERMANI,213764,11306,16,DERIVED_REPRODUCIBLE
16,77,B. ARMIRAIL,213817,11359,16,DERIVED_REPRODUCIBLE
16,78,C. RUSSO,213929,11471,16,DERIVED_REPRODUCIBLE
16,79,N. POLITT,213930,11472,16,DERIVED_REPRODUCIBLE
16,80,V. VAN MECHELEN,214075,11617,16,DERIVED_REPRODUCIBLE
16,81,G. BENNETT,214124,11666,16,DERIVED_REPRODUCIBLE
16,82,M. VERCHER,214184,11726,16,DERIVED_REPRODUCIBLE
16,83,L. PLAPP,214191,11733,16,DERIVED_REPRODUCIBLE
16,84,M. LE BERRE,214270,11812,16,DERIVED_REPRODUCIBLE
16,85,K. ASGREEN,214291,11833,16,DERIVED_REPRODUCIBLE
16,86,M. PEDERSEN,214304,11846,16,DERIVED_REPRODUCIBLE
16,87,J. ABRAHAMSEN,214311,11853,16,DERIVED_REPRODUCIBLE
16,88,M. MOHORIC,214328,11870,16,DERIVED_REPRODUCIBLE
16,89,J. TRATNIK,214373,11915,16,DERIVED_REPRODUCIBLE
16,90,J. CEPEDA,214422,11964,16,DERIVED_REPRODUCIBLE
16,91,G. ZIMMERMANN,214484,12026,16,DERIVED_REPRODUCIBLE
16,92,B. VAN MOER,214577,12119,16,DERIVED_REPRODUCIBLE
16,93,T. SKUJINS,214594,12136,16,DERIVED_REPRODUCIBLE
16,94,N. VINOKUROV,214680,12222,16,DERIVED_REPRODUCIBLE
16,95,D. HOWSON,214898,12440,16,DERIVED_REPRODUCIBLE
16,96,M. FRIGO,214900,12442,16,DERIVED_REPRODUCIBLE
16,97,F. ENGELHARDT,215130,12672,16,DERIVED_REPRODUCIBLE
16,98,E. VERSTRYNGE,215201,12743,16,DERIVED_REPRODUCIBLE
16,99,M. CORT NIELSEN,215204,12746,16,DERIVED_REPRODUCIBLE
16,100,S. BERWICK,215270,12812,16,DERIVED_REPRODUCIBLE
16,101,N. DENZ,215311,12853,16,DERIVED_REPRODUCIBLE
16,102,M. STORER,215337,12879,16,DERIVED_REPRODUCIBLE
16,103,W. BARGUIL,215374,12916,16,DERIVED_REPRODUCIBLE
16,104,P. HAGENES,215433,12975,16,DERIVED_REPRODUCIBLE
16,105,M. WALKER,215548,13090,16,DERIVED_REPRODUCIBLE
16,106,F. VAN DEN BROEK,215692,13234,16,DERIVED_REPRODUCIBLE
16,107,M. HEßMANN,215715,13257,16,DERIVED_REPRODUCIBLE
16,108,T. VAN DIJKE,215741,13283,16,DERIVED_REPRODUCIBLE
16,109,S. VELASCO,215751,13293,16,DERIVED_REPRODUCIBLE
16,110,R. STANNARD,215761,13303,16,DERIVED_REPRODUCIBLE
16,111,B. THOMAS,215796,13338,16,DERIVED_REPRODUCIBLE
16,112,X. AZPARREN IRURZUN,215857,13399,16,DERIVED_REPRODUCIBLE
16,113,L. DURBRIDGE,215948,13490,16,DERIVED_REPRODUCIBLE
16,114,T. GUERNALEC,216044,13586,16,DERIVED_REPRODUCIBLE
16,115,G. STEINHAUSER,216234,13776,16,DERIVED_REPRODUCIBLE
16,116,E. PLANCKAERT,216239,13781,16,DERIVED_REPRODUCIBLE
16,117,J. RICKAERT,216262,13804,16,DERIVED_REPRODUCIBLE
16,118,F. VERMEERSCH,216326,13868,16,DERIVED_REPRODUCIBLE
16,119,J. OTRUBA,216487,14029,16,DERIVED_REPRODUCIBLE
16,120,F. GANNA,216523,14065,16,DERIVED_REPRODUCIBLE
16,121,A. TURGIS,216560,14102,16,DERIVED_REPRODUCIBLE
16,122,A. KIRSCH,216592,14134,16,DERIVED_REPRODUCIBLE
16,123,F. WRIGHT,216594,14136,16,DERIVED_REPRODUCIBLE
16,124,M. KWIATKOWSKI,216660,14202,16,DERIVED_REPRODUCIBLE
16,125,S. OLDANI,216685,14227,16,DERIVED_REPRODUCIBLE
16,126,M. TEUNISSEN,216718,14260,16,DERIVED_REPRODUCIBLE
16,127,H. PAGE,216838,14380,16,DERIVED_REPRODUCIBLE
16,128,A. GATE,216894,14436,16,DERIVED_REPRODUCIBLE
16,129,D. GODON,217078,14620,16,DERIVED_REPRODUCIBLE
16,130,D. HOOLE,217118,14660,16,DERIVED_REPRODUCIBLE
16,131,J. ALAPHILIPPE,217155,14697,16,DERIVED_REPRODUCIBLE
16,132,J. NICOLAU,217171,14713,16,DERIVED_REPRODUCIBLE
16,133,L. SLOCK,217172,14714,16,DERIVED_REPRODUCIBLE
16,134,D. VAN BAARLE,217190,14732,16,DERIVED_REPRODUCIBLE
16,135,R. DHONDT,217240,14782,16,DERIVED_REPRODUCIBLE
16,136,K. NEILANDS,217310,14852,16,DERIVED_REPRODUCIBLE
16,137,T. MARSMAN,217443,14985,16,DERIVED_REPRODUCIBLE
16,138,H. ARTZ,217471,15013,16,DERIVED_REPRODUCIBLE
16,139,E. AFFINI,217513,15055,16,DERIVED_REPRODUCIBLE
16,140,B. GIRMAY,217600,15142,16,DERIVED_REPRODUCIBLE
16,141,J. TARLING,217631,15173,16,DERIVED_REPRODUCIBLE
16,142,S. WAERENSKJOLD,217700,15242,16,DERIVED_REPRODUCIBLE
16,143,P. BITTNER,217736,15278,16,DERIVED_REPRODUCIBLE
16,144,N. MÄRKL,217812,15354,16,DERIVED_REPRODUCIBLE
16,145,M. KANTER,217813,15355,16,DERIVED_REPRODUCIBLE
16,146,S. DILLIER,217827,15369,16,DERIVED_REPRODUCIBLE
16,147,J. PHILIPSEN,217832,15374,16,DERIVED_REPRODUCIBLE
16,148,P. ACKERMANN,217866,15408,16,DERIVED_REPRODUCIBLE
16,149,M. HALLER,217905,15447,16,DERIVED_REPRODUCIBLE
16,150,J. BIERMANS,218140,15682,16,DERIVED_REPRODUCIBLE
16,151,P. EENKHOORN,218176,15718,16,DERIVED_REPRODUCIBLE
16,152,J. DEGENKOLB,218386,15928,16,DERIVED_REPRODUCIBLE
16,153,M. FRETIN,218406,15948,16,DERIVED_REPRODUCIBLE
16,154,J. STEWART,218408,15950,16,DERIVED_REPRODUCIBLE
16,155,D. BALLERINI,218473,16015,16,DERIVED_REPRODUCIBLE
16,156,B. VEISTROFFER,218503,16045,16,DERIVED_REPRODUCIBLE
16,157,P. ALLEGAERT,218692,16234,16,DERIVED_REPRODUCIBLE
16,158,J. VAN DEN BERG,218755,16297,16,DERIVED_REPRODUCIBLE
16,159,P. BAUHAUS,218947,16489,16,DERIVED_REPRODUCIBLE
16,160,O. KOOIJ,219002,16544,16,DERIVED_REPRODUCIBLE
16,161,M. LOUVEL,219066,16608,16,DERIVED_REPRODUCIBLE
16,162,C. BOL,219148,16690,16,DERIVED_REPRODUCIBLE
16,163,L. ASKEY,219156,16698,16,DERIVED_REPRODUCIBLE
16,164,K. GRADEK,219177,16719,16,DERIVED_REPRODUCIBLE
17,1,T. POGACAR,216257,0,17,DERIVED_REPRODUCIBLE
17,2,R. EVENEPOEL,216529,272,17,DERIVED_REPRODUCIBLE
17,3,I. DEL TORO,216668,411,17,DERIVED_REPRODUCIBLE
17,4,P. SEIXAS,216688,431,17,DERIVED_REPRODUCIBLE
17,5,J. AYUSO,216819,562,17,DERIVED_REPRODUCIBLE
17,6,M. SKJELMOSE,216871,614,17,DERIVED_REPRODUCIBLE
17,7,L. MARTINEZ,217027,770,17,DERIVED_REPRODUCIBLE
17,8,T. PIDCOCK,217035,778,17,DERIVED_REPRODUCIBLE
17,9,J. JEGAT,217101,844,17,DERIVED_REPRODUCIBLE
17,10,Y. VOISARD,217715,1458,17,DERIVED_REPRODUCIBLE
17,11,I. VAN WILDER,217759,1502,17,DERIVED_REPRODUCIBLE
17,12,R. CARAPAZ,217802,1545,17,DERIVED_REPRODUCIBLE
17,13,D. PIGANZOLI,217905,1648,17,DERIVED_REPRODUCIBLE
17,14,E. BERNAL,218611,2354,17,DERIVED_REPRODUCIBLE
17,15,A. YATES,219081,2824,17,DERIVED_REPRODUCIBLE
17,16,T. JOHANNESSEN,219336,3079,17,DERIVED_REPRODUCIBLE
17,17,S. KUSS,219346,3089,17,DERIVED_REPRODUCIBLE
17,18,B. MCNULTY,219441,3184,17,DERIVED_REPRODUCIBLE
17,19,S. QUINN,220264,4007,17,DERIVED_REPRODUCIBLE
17,20,T. BENOOT,220279,4022,17,DERIVED_REPRODUCIBLE
17,21,N. PRODHOMME,220316,4059,17,DERIVED_REPRODUCIBLE
17,22,J. HINDLEY,220394,4137,17,DERIVED_REPRODUCIBLE
17,23,Q. SIMMONS,220976,4719,17,DERIVED_REPRODUCIBLE
17,24,C. VERONA,221142,4885,17,DERIVED_REPRODUCIBLE
17,25,P. CASTRILLO,221493,5236,17,DERIVED_REPRODUCIBLE
17,26,E. RUBIO,221606,5349,17,DERIVED_REPRODUCIBLE
17,27,D. GEE,221856,5599,17,DERIVED_REPRODUCIBLE
17,28,T. ARENSMAN,222133,5876,17,DERIVED_REPRODUCIBLE
17,29,L. VAN EETVELT,222249,5992,17,DERIVED_REPRODUCIBLE
17,30,M. JORGENSON,222282,6025,17,DERIVED_REPRODUCIBLE
17,31,K. VAUQUELIN,222733,6476,17,DERIVED_REPRODUCIBLE
17,32,G. MARTIN GUYONNET,222950,6693,17,DERIVED_REPRODUCIBLE
17,33,F. GROSSSCHARTNER,222984,6727,17,DERIVED_REPRODUCIBLE
17,34,Q. HERMANS,223015,6758,17,DERIVED_REPRODUCIBLE
17,35,R. GARCIA,223110,6853,17,DERIVED_REPRODUCIBLE
17,36,M. VAN GILS,223283,7026,17,DERIVED_REPRODUCIBLE
17,37,A. TIBERI,223388,7131,17,DERIVED_REPRODUCIBLE
17,38,H. TEJADA,223428,7171,17,DERIVED_REPRODUCIBLE
17,39,M. RICCITELLO,223559,7302,17,DERIVED_REPRODUCIBLE
17,40,B. O'CONNOR,223613,7356,17,DERIVED_REPRODUCIBLE
17,41,A. BAUDIN,223651,7394,17,DERIVED_REPRODUCIBLE
17,42,M. SCHMID,223924,7667,17,DERIVED_REPRODUCIBLE
17,43,T. FOSS,224013,7756,17,DERIVED_REPRODUCIBLE
17,44,V. PARET PEINTRE,224101,7844,17,DERIVED_REPRODUCIBLE
17,45,J. PARRA,224128,7871,17,DERIVED_REPRODUCIBLE
17,46,M. CATTANEO,224289,8032,17,DERIVED_REPRODUCIBLE
17,47,A. BALDERSTONE,224306,8049,17,DERIVED_REPRODUCIBLE
17,48,I. IZAGIRRE,224372,8115,17,DERIVED_REPRODUCIBLE
17,49,S. HIGUITA,224496,8239,17,DERIVED_REPRODUCIBLE
17,50,M. VACEK,224615,8358,17,DERIVED_REPRODUCIBLE
17,51,C. BRAZ AFONSO,224615,8358,17,DERIVED_REPRODUCIBLE
17,52,M. HIRSCHI,224688,8431,17,DERIVED_REPRODUCIBLE
17,53,A. PARET PEINTRE,225033,8776,17,DERIVED_REPRODUCIBLE
17,54,J. DELBOVE,225101,8844,17,DERIVED_REPRODUCIBLE
17,55,M. VALGREN,225365,9108,17,DERIVED_REPRODUCIBLE
17,56,X. MEURISSE,225427,9170,17,DERIVED_REPRODUCIBLE
17,57,R. GREGOIRE,225581,9324,17,DERIVED_REPRODUCIBLE
17,58,N. BREUILLARD,225607,9350,17,DERIVED_REPRODUCIBLE
17,59,M. MATTHEWS,225794,9537,17,DERIVED_REPRODUCIBLE
17,60,T. WELLENS,225862,9605,17,DERIVED_REPRODUCIBLE
17,61,A. SKAARSETH,225993,9736,17,DERIVED_REPRODUCIBLE
17,62,B. HEALY,226257,10000,17,DERIVED_REPRODUCIBLE
17,63,J. ROMO,226289,10032,17,DERIVED_REPRODUCIBLE
17,64,A. DELETTRE,226330,10073,17,DERIVED_REPRODUCIBLE
17,65,D. CARUSO,226341,10084,17,DERIVED_REPRODUCIBLE
17,66,E. COSTIOU,226584,10327,17,DERIVED_REPRODUCIBLE
17,67,Q. PACHER,226622,10365,17,DERIVED_REPRODUCIBLE
17,68,M. VAN DER POEL,226917,10660,17,DERIVED_REPRODUCIBLE
17,69,R. PLUIMERS,227033,10776,17,DERIVED_REPRODUCIBLE
17,70,J. STUYVEN,227137,10880,17,DERIVED_REPRODUCIBLE
17,71,C. RUSSO,227202,10945,17,DERIVED_REPRODUCIBLE
17,72,A. ARANBURU,227212,10955,17,DERIVED_REPRODUCIBLE
17,73,N. POLITT,227253,10996,17,DERIVED_REPRODUCIBLE
17,74,V. CAMPENAERTS,227257,11000,17,DERIVED_REPRODUCIBLE
17,75,L. VERVAEKE,227274,11017,17,DERIVED_REPRODUCIBLE
17,76,N. OLIVEIRA,227416,11159,17,DERIVED_REPRODUCIBLE
17,77,V. VAN MECHELEN,227531,11274,17,DERIVED_REPRODUCIBLE
17,78,L. GERMANI,227563,11306,17,DERIVED_REPRODUCIBLE
17,79,M. PEDERSEN,227577,11320,17,DERIVED_REPRODUCIBLE
17,80,M. MOHORIC,227601,11344,17,DERIVED_REPRODUCIBLE
17,81,B. ARMIRAIL,227616,11359,17,DERIVED_REPRODUCIBLE
17,82,M. LE BERRE,227731,11474,17,DERIVED_REPRODUCIBLE
17,83,G. ZIMMERMANN,227757,11500,17,DERIVED_REPRODUCIBLE
17,84,G. BENNETT,227923,11666,17,DERIVED_REPRODUCIBLE
17,85,M. VERCHER,227983,11726,17,DERIVED_REPRODUCIBLE
17,86,L. PLAPP,227990,11733,17,DERIVED_REPRODUCIBLE
17,87,K. ASGREEN,228090,11833,17,DERIVED_REPRODUCIBLE
17,88,J. ABRAHAMSEN,228110,11853,17,DERIVED_REPRODUCIBLE
17,89,J. TRATNIK,228172,11915,17,DERIVED_REPRODUCIBLE
17,90,A. JOHANNESSEN,228266,12009,17,DERIVED_REPRODUCIBLE
17,91,B. VAN MOER,228376,12119,17,DERIVED_REPRODUCIBLE
17,92,T. SKUJINS,228393,12136,17,DERIVED_REPRODUCIBLE
17,93,N. VINOKUROV,228479,12222,17,DERIVED_REPRODUCIBLE
17,94,N. DENZ,228584,12327,17,DERIVED_REPRODUCIBLE
17,95,F. ENGELHARDT,228605,12348,17,DERIVED_REPRODUCIBLE
17,96,D. HOWSON,228697,12440,17,DERIVED_REPRODUCIBLE
17,97,M. FRIGO,228699,12442,17,DERIVED_REPRODUCIBLE
17,98,P. HAGENES,228706,12449,17,DERIVED_REPRODUCIBLE
17,99,E. VERSTRYNGE,228760,12503,17,DERIVED_REPRODUCIBLE
17,100,S. BERWICK,229069,12812,17,DERIVED_REPRODUCIBLE
17,101,M. CORT NIELSEN,229144,12887,17,DERIVED_REPRODUCIBLE
17,102,M. STORER,229168,12911,17,DERIVED_REPRODUCIBLE
17,103,W. BARGUIL,229173,12916,17,DERIVED_REPRODUCIBLE
17,104,M. WALKER,229347,13090,17,DERIVED_REPRODUCIBLE
17,105,J. CEPEDA,229404,13147,17,DERIVED_REPRODUCIBLE
17,106,M. HEßMANN,229514,13257,17,DERIVED_REPRODUCIBLE
17,107,T. VAN DIJKE,229540,13283,17,DERIVED_REPRODUCIBLE
17,108,S. VELASCO,229550,13293,17,DERIVED_REPRODUCIBLE
17,109,R. STANNARD,229560,13303,17,DERIVED_REPRODUCIBLE
17,110,F. VAN DEN BROEK,229572,13315,17,DERIVED_REPRODUCIBLE
17,111,B. THOMAS,229627,13370,17,DERIVED_REPRODUCIBLE
17,112,X. AZPARREN IRURZUN,229656,13399,17,DERIVED_REPRODUCIBLE
17,113,L. DURBRIDGE,229747,13490,17,DERIVED_REPRODUCIBLE
17,114,E. PLANCKAERT,229798,13541,17,DERIVED_REPRODUCIBLE
17,115,T. GUERNALEC,229843,13586,17,DERIVED_REPRODUCIBLE
17,116,J. RICKAERT,230061,13804,17,DERIVED_REPRODUCIBLE
17,117,G. STEINHAUSER,230065,13808,17,DERIVED_REPRODUCIBLE
17,118,H. PAGE,230111,13854,17,DERIVED_REPRODUCIBLE
17,119,F. VERMEERSCH,230125,13868,17,DERIVED_REPRODUCIBLE
17,120,M. KWIATKOWSKI,230135,13878,17,DERIVED_REPRODUCIBLE
17,121,A. GATE,230167,13910,17,DERIVED_REPRODUCIBLE
17,122,J. OTRUBA,230286,14029,17,DERIVED_REPRODUCIBLE
17,123,F. GANNA,230322,14065,17,DERIVED_REPRODUCIBLE
17,124,A. TURGIS,230359,14102,17,DERIVED_REPRODUCIBLE
17,125,A. KIRSCH,230391,14134,17,DERIVED_REPRODUCIBLE
17,126,F. WRIGHT,230393,14136,17,DERIVED_REPRODUCIBLE
17,127,S. OLDANI,230484,14227,17,DERIVED_REPRODUCIBLE
17,128,M. TEUNISSEN,230517,14260,17,DERIVED_REPRODUCIBLE
17,129,R. DHONDT,230558,14301,17,DERIVED_REPRODUCIBLE
17,130,H. ARTZ,230744,14487,17,DERIVED_REPRODUCIBLE
17,131,D. GODON,230877,14620,17,DERIVED_REPRODUCIBLE
17,132,J. TARLING,230904,14647,17,DERIVED_REPRODUCIBLE
17,133,J. ALAPHILIPPE,230954,14697,17,DERIVED_REPRODUCIBLE
17,134,L. SLOCK,230971,14714,17,DERIVED_REPRODUCIBLE
17,135,D. VAN BAARLE,230989,14732,17,DERIVED_REPRODUCIBLE
17,136,D. HOOLE,231048,14791,17,DERIVED_REPRODUCIBLE
17,137,J. PHILIPSEN,231095,14838,17,DERIVED_REPRODUCIBLE
17,138,K. NEILANDS,231109,14852,17,DERIVED_REPRODUCIBLE
17,139,J. NICOLAU,231111,14854,17,DERIVED_REPRODUCIBLE
17,140,T. MARSMAN,231242,14985,17,DERIVED_REPRODUCIBLE
17,141,E. AFFINI,231312,15055,17,DERIVED_REPRODUCIBLE
17,142,B. GIRMAY,231399,15142,17,DERIVED_REPRODUCIBLE
17,143,P. BITTNER,231535,15278,17,DERIVED_REPRODUCIBLE
17,144,N. MÄRKL,231611,15354,17,DERIVED_REPRODUCIBLE
17,145,S. DILLIER,231626,15369,17,DERIVED_REPRODUCIBLE
17,146,S. WAERENSKJOLD,231665,15408,17,DERIVED_REPRODUCIBLE
17,147,P. ACKERMANN,231665,15408,17,DERIVED_REPRODUCIBLE
17,148,M. HALLER,231704,15447,17,DERIVED_REPRODUCIBLE
17,149,M. KANTER,231743,15486,17,DERIVED_REPRODUCIBLE
17,150,J. BIERMANS,231939,15682,17,DERIVED_REPRODUCIBLE
17,151,P. EENKHOORN,231975,15718,17,DERIVED_REPRODUCIBLE
17,152,J. DEGENKOLB,232185,15928,17,DERIVED_REPRODUCIBLE
17,153,M. FRETIN,232205,15948,17,DERIVED_REPRODUCIBLE
17,154,O. KOOIJ,232271,16014,17,DERIVED_REPRODUCIBLE
17,155,B. VEISTROFFER,232302,16045,17,DERIVED_REPRODUCIBLE
17,156,J. STEWART,232338,16081,17,DERIVED_REPRODUCIBLE
17,157,D. BALLERINI,232403,16146,17,DERIVED_REPRODUCIBLE
17,158,L. ASKEY,232429,16172,17,DERIVED_REPRODUCIBLE
17,159,P. ALLEGAERT,232491,16234,17,DERIVED_REPRODUCIBLE
17,160,J. VAN DEN BERG,232685,16428,17,DERIVED_REPRODUCIBLE
17,161,M. LOUVEL,232865,16608,17,DERIVED_REPRODUCIBLE
17,162,P. BAUHAUS,232872,16615,17,DERIVED_REPRODUCIBLE
17,163,K. GRADEK,232976,16719,17,DERIVED_REPRODUCIBLE
17,164,C. BOL,233078,16821,17,DERIVED_REPRODUCIBLE
18,1,T. POGACAR,232513,0,18,DERIVED_REPRODUCIBLE
18,2,R. EVENEPOEL,232785,272,18,DERIVED_REPRODUCIBLE
18,3,I. DEL TORO,232924,411,18,DERIVED_REPRODUCIBLE
18,4,P. SEIXAS,232944,431,18,DERIVED_REPRODUCIBLE
18,5,J. AYUSO,233075,562,18,DERIVED_REPRODUCIBLE
18,6,M. SKJELMOSE,233127,614,18,DERIVED_REPRODUCIBLE
18,7,L. MARTINEZ,233283,770,18,DERIVED_REPRODUCIBLE
18,8,T. PIDCOCK,233291,778,18,DERIVED_REPRODUCIBLE
18,9,J. JEGAT,233357,844,18,DERIVED_REPRODUCIBLE
18,10,R. CARAPAZ,233773,1260,18,DERIVED_REPRODUCIBLE
18,11,Y. VOISARD,233971,1458,18,DERIVED_REPRODUCIBLE
18,12,I. VAN WILDER,234103,1590,18,DERIVED_REPRODUCIBLE
18,13,D. PIGANZOLI,235406,2893,18,DERIVED_REPRODUCIBLE
18,14,T. JOHANNESSEN,235434,2921,18,DERIVED_REPRODUCIBLE
18,15,E. BERNAL,235439,2926,18,DERIVED_REPRODUCIBLE
18,16,S. KUSS,236150,3637,18,DERIVED_REPRODUCIBLE
18,17,N. PRODHOMME,236572,4059,18,DERIVED_REPRODUCIBLE
18,18,J. HINDLEY,236654,4141,18,DERIVED_REPRODUCIBLE
18,19,A. YATES,236797,4284,18,DERIVED_REPRODUCIBLE
18,20,T. BENOOT,236971,4458,18,DERIVED_REPRODUCIBLE
18,21,S. QUINN,237276,4763,18,DERIVED_REPRODUCIBLE
18,22,Q. SIMMONS,237308,4795,18,DERIVED_REPRODUCIBLE
18,23,C. VERONA,237454,4941,18,DERIVED_REPRODUCIBLE
18,24,P. CASTRILLO,237744,5231,18,DERIVED_REPRODUCIBLE
18,25,D. GEE,238141,5628,18,DERIVED_REPRODUCIBLE
18,26,M. JORGENSON,238304,5791,18,DERIVED_REPRODUCIBLE
18,27,E. RUBIO,238434,5921,18,DERIVED_REPRODUCIBLE
18,28,T. ARENSMAN,238961,6448,18,DERIVED_REPRODUCIBLE
18,29,R. GARCIA,239223,6710,18,DERIVED_REPRODUCIBLE
18,30,G. MARTIN GUYONNET,239400,6887,18,DERIVED_REPRODUCIBLE
18,31,F. GROSSSCHARTNER,239504,6991,18,DERIVED_REPRODUCIBLE
18,32,M. VAN GILS,239670,7157,18,DERIVED_REPRODUCIBLE
18,33,K. VAUQUELIN,239780,7267,18,DERIVED_REPRODUCIBLE
18,34,M. RICCITELLO,239815,7302,18,DERIVED_REPRODUCIBLE
18,35,M. SCHMID,239944,7431,18,DERIVED_REPRODUCIBLE
18,36,Q. HERMANS,239979,7466,18,DERIVED_REPRODUCIBLE
18,37,H. TEJADA,240073,7560,18,DERIVED_REPRODUCIBLE
18,38,L. VAN EETVELT,240142,7629,18,DERIVED_REPRODUCIBLE
18,39,V. PARET PEINTRE,240156,7643,18,DERIVED_REPRODUCIBLE
18,40,B. O'CONNOR,240451,7938,18,DERIVED_REPRODUCIBLE
18,41,A. BAUDIN,240530,8017,18,DERIVED_REPRODUCIBLE
18,42,A. TIBERI,240694,8181,18,DERIVED_REPRODUCIBLE
18,43,M. CATTANEO,240809,8296,18,DERIVED_REPRODUCIBLE
18,44,S. HIGUITA,240825,8312,18,DERIVED_REPRODUCIBLE
18,45,T. FOSS,240977,8464,18,DERIVED_REPRODUCIBLE
18,46,I. IZAGIRRE,241200,8687,18,DERIVED_REPRODUCIBLE
18,47,A. BALDERSTONE,241241,8728,18,DERIVED_REPRODUCIBLE
18,48,M. VACEK,241392,8879,18,DERIVED_REPRODUCIBLE
18,49,C. BRAZ AFONSO,241419,8906,18,DERIVED_REPRODUCIBLE
18,50,M. HIRSCHI,241601,9088,18,DERIVED_REPRODUCIBLE
18,51,A. PARET PEINTRE,241725,9212,18,DERIVED_REPRODUCIBLE
18,52,M. VALGREN,241885,9372,18,DERIVED_REPRODUCIBLE
18,53,J. DELBOVE,241980,9467,18,DERIVED_REPRODUCIBLE
18,54,N. BREUILLARD,242178,9665,18,DERIVED_REPRODUCIBLE
18,55,R. GREGOIRE,242324,9811,18,DERIVED_REPRODUCIBLE
18,56,M. MATTHEWS,242525,10012,18,DERIVED_REPRODUCIBLE
18,57,X. MEURISSE,242609,10096,18,DERIVED_REPRODUCIBLE
18,58,D. CARUSO,242791,10278,18,DERIVED_REPRODUCIBLE
18,59,A. SKAARSETH,243083,10570,18,DERIVED_REPRODUCIBLE
18,60,Q. PACHER,243099,10586,18,DERIVED_REPRODUCIBLE
18,61,A. DELETTRE,243107,10594,18,DERIVED_REPRODUCIBLE
18,62,B. HEALY,243221,10708,18,DERIVED_REPRODUCIBLE
18,63,J. ROMO,243406,10893,18,DERIVED_REPRODUCIBLE
18,64,J. STUYVEN,244199,11686,18,DERIVED_REPRODUCIBLE
18,65,C. RUSSO,244214,11701,18,DERIVED_REPRODUCIBLE
18,66,V. VAN MECHELEN,244282,11769,18,DERIVED_REPRODUCIBLE
18,67,L. VERVAEKE,244336,11823,18,DERIVED_REPRODUCIBLE
18,68,R. PLUIMERS,244363,11850,18,DERIVED_REPRODUCIBLE
18,69,N. POLITT,244381,11868,18,DERIVED_REPRODUCIBLE
18,70,M. VAN DER POEL,244418,11905,18,DERIVED_REPRODUCIBLE
18,71,B. ARMIRAIL,244420,11907,18,DERIVED_REPRODUCIBLE
18,72,T. WELLENS,244425,11912,18,DERIVED_REPRODUCIBLE
18,73,N. OLIVEIRA,244478,11965,18,DERIVED_REPRODUCIBLE
18,74,M. LE BERRE,244559,12046,18,DERIVED_REPRODUCIBLE
18,75,E. COSTIOU,244579,12066,18,DERIVED_REPRODUCIBLE
18,76,M. PEDERSEN,244901,12388,18,DERIVED_REPRODUCIBLE
18,77,F. ENGELHARDT,244902,12389,18,DERIVED_REPRODUCIBLE
18,78,G. BENNETT,244970,12457,18,DERIVED_REPRODUCIBLE
18,79,K. ASGREEN,245102,12589,18,DERIVED_REPRODUCIBLE
18,80,A. ARANBURU,245105,12592,18,DERIVED_REPRODUCIBLE
18,81,V. CAMPENAERTS,245150,12637,18,DERIVED_REPRODUCIBLE
18,82,J. ABRAHAMSEN,245254,12741,18,DERIVED_REPRODUCIBLE
18,83,L. GERMANI,245456,12943,18,DERIVED_REPRODUCIBLE
18,84,M. MOHORIC,245494,12981,18,DERIVED_REPRODUCIBLE
18,85,J. TRATNIK,245496,12983,18,DERIVED_REPRODUCIBLE
18,86,B. VAN MOER,245558,13045,18,DERIVED_REPRODUCIBLE
18,87,A. JOHANNESSEN,245590,13077,18,DERIVED_REPRODUCIBLE
18,88,G. ZIMMERMANN,245650,13137,18,DERIVED_REPRODUCIBLE
18,89,T. SKUJINS,245717,13204,18,DERIVED_REPRODUCIBLE
18,90,M. FRIGO,245746,13233,18,DERIVED_REPRODUCIBLE
18,91,L. PLAPP,245883,13370,18,DERIVED_REPRODUCIBLE
18,92,M. VERCHER,245894,13381,18,DERIVED_REPRODUCIBLE
18,93,N. DENZ,245908,13395,18,DERIVED_REPRODUCIBLE
18,94,M. CORT NIELSEN,246108,13595,18,DERIVED_REPRODUCIBLE
18,95,S. BERWICK,246116,13603,18,DERIVED_REPRODUCIBLE
18,96,M. STORER,246132,13619,18,DERIVED_REPRODUCIBLE
18,97,E. VERSTRYNGE,246261,13748,18,DERIVED_REPRODUCIBLE
18,98,W. BARGUIL,246355,13842,18,DERIVED_REPRODUCIBLE
18,99,D. HOWSON,246378,13865,18,DERIVED_REPRODUCIBLE
18,100,N. VINOKUROV,246479,13966,18,DERIVED_REPRODUCIBLE
18,101,P. HAGENES,246599,14086,18,DERIVED_REPRODUCIBLE
18,102,F. VAN DEN BROEK,246803,14290,18,DERIVED_REPRODUCIBLE
18,103,X. AZPARREN IRURZUN,246804,14291,18,DERIVED_REPRODUCIBLE
18,104,J. CEPEDA,247021,14508,18,DERIVED_REPRODUCIBLE
18,105,M. WALKER,247240,14727,18,DERIVED_REPRODUCIBLE
18,106,L. DURBRIDGE,247259,14746,18,DERIVED_REPRODUCIBLE
18,107,T. GUERNALEC,247305,14792,18,DERIVED_REPRODUCIBLE
18,108,M. KWIATKOWSKI,247317,14804,18,DERIVED_REPRODUCIBLE
18,109,J. OTRUBA,247333,14820,18,DERIVED_REPRODUCIBLE
18,110,A. TURGIS,247406,14893,18,DERIVED_REPRODUCIBLE
18,111,T. VAN DIJKE,247433,14920,18,DERIVED_REPRODUCIBLE
18,112,S. VELASCO,247443,14930,18,DERIVED_REPRODUCIBLE
18,113,M. HEßMANN,247514,15001,18,DERIVED_REPRODUCIBLE
18,114,R. STANNARD,247516,15003,18,DERIVED_REPRODUCIBLE
18,115,B. THOMAS,247621,15108,18,DERIVED_REPRODUCIBLE
18,116,E. PLANCKAERT,247709,15196,18,DERIVED_REPRODUCIBLE
18,117,R. DHONDT,247789,15276,18,DERIVED_REPRODUCIBLE
18,118,J. RICKAERT,247954,15441,18,DERIVED_REPRODUCIBLE
18,119,G. STEINHAUSER,247958,15445,18,DERIVED_REPRODUCIBLE
18,120,F. VERMEERSCH,248018,15505,18,DERIVED_REPRODUCIBLE
18,121,A. GATE,248060,15547,18,DERIVED_REPRODUCIBLE
18,122,J. TARLING,248086,15573,18,DERIVED_REPRODUCIBLE
18,123,H. PAGE,248106,15593,18,DERIVED_REPRODUCIBLE
18,124,L. SLOCK,248213,15700,18,DERIVED_REPRODUCIBLE
18,125,F. GANNA,248215,15702,18,DERIVED_REPRODUCIBLE
18,126,S. OLDANI,248377,15864,18,DERIVED_REPRODUCIBLE
18,127,A. KIRSCH,248386,15873,18,DERIVED_REPRODUCIBLE
18,128,M. TEUNISSEN,248410,15897,18,DERIVED_REPRODUCIBLE
18,129,F. WRIGHT,248427,15914,18,DERIVED_REPRODUCIBLE
18,130,D. HOOLE,248598,16085,18,DERIVED_REPRODUCIBLE
18,131,D. GODON,248788,16275,18,DERIVED_REPRODUCIBLE
18,132,H. ARTZ,248818,16305,18,DERIVED_REPRODUCIBLE
18,133,D. VAN BAARLE,248882,16369,18,DERIVED_REPRODUCIBLE
18,134,J. NICOLAU,249004,16491,18,DERIVED_REPRODUCIBLE
18,135,J. PHILIPSEN,249006,16493,18,DERIVED_REPRODUCIBLE
18,136,K. NEILANDS,249020,16507,18,DERIVED_REPRODUCIBLE
18,137,J. ALAPHILIPPE,249024,16511,18,DERIVED_REPRODUCIBLE
18,138,T. MARSMAN,249135,16622,18,DERIVED_REPRODUCIBLE
18,139,S. WAERENSKJOLD,249154,16641,18,DERIVED_REPRODUCIBLE
18,140,E. AFFINI,249205,16692,18,DERIVED_REPRODUCIBLE
18,141,B. GIRMAY,249394,16881,18,DERIVED_REPRODUCIBLE
18,142,P. BITTNER,249443,16930,18,DERIVED_REPRODUCIBLE
18,143,N. MÄRKL,249504,16991,18,DERIVED_REPRODUCIBLE
18,144,S. DILLIER,249519,17006,18,DERIVED_REPRODUCIBLE
18,145,P. ACKERMANN,249558,17045,18,DERIVED_REPRODUCIBLE
18,146,M. KANTER,249653,17140,18,DERIVED_REPRODUCIBLE
18,147,M. HALLER,249738,17225,18,DERIVED_REPRODUCIBLE
18,148,P. EENKHOORN,249868,17355,18,DERIVED_REPRODUCIBLE
18,149,J. BIERMANS,249889,17376,18,DERIVED_REPRODUCIBLE
18,150,J. DEGENKOLB,250091,17578,18,DERIVED_REPRODUCIBLE
18,151,B. VEISTROFFER,250195,17682,18,DERIVED_REPRODUCIBLE
18,152,M. FRETIN,250200,17687,18,DERIVED_REPRODUCIBLE
18,153,O. KOOIJ,250227,17714,18,DERIVED_REPRODUCIBLE
18,154,J. STEWART,250381,17868,18,DERIVED_REPRODUCIBLE
18,155,P. ALLEGAERT,250402,17889,18,DERIVED_REPRODUCIBLE
18,156,D. BALLERINI,250473,17960,18,DERIVED_REPRODUCIBLE
18,157,L. ASKEY,250499,17986,18,DERIVED_REPRODUCIBLE
18,158,J. VAN DEN BERG,250680,18167,18,DERIVED_REPRODUCIBLE
18,159,P. BAUHAUS,250765,18252,18,DERIVED_REPRODUCIBLE
18,160,K. GRADEK,250869,18356,18,DERIVED_REPRODUCIBLE
18,161,M. LOUVEL,250886,18373,18,DERIVED_REPRODUCIBLE
18,162,C. BOL,250989,18476,18,DERIVED_REPRODUCIBLE
19,1,T. POGACAR,244380,0,19,DERIVED_REPRODUCIBLE
19,2,R. EVENEPOEL,244811,431,19,DERIVED_REPRODUCIBLE
19,3,I. DEL TORO,244962,582,19,DERIVED_REPRODUCIBLE
19,4,P. SEIXAS,244986,606,19,DERIVED_REPRODUCIBLE
19,5,L. MARTINEZ,245160,780,19,DERIVED_REPRODUCIBLE
19,6,M. SKJELMOSE,245169,789,19,DERIVED_REPRODUCIBLE
19,7,J. AYUSO,245338,958,19,DERIVED_REPRODUCIBLE
19,8,R. CARAPAZ,245655,1275,19,DERIVED_REPRODUCIBLE
19,9,T. PIDCOCK,245670,1290,19,DERIVED_REPRODUCIBLE
19,10,J. JEGAT,245781,1401,19,DERIVED_REPRODUCIBLE
19,11,Y. VOISARD,246180,1800,19,DERIVED_REPRODUCIBLE
19,12,I. VAN WILDER,246527,2147,19,DERIVED_REPRODUCIBLE
19,13,T. JOHANNESSEN,247438,3058,19,DERIVED_REPRODUCIBLE
19,14,D. PIGANZOLI,247737,3357,19,DERIVED_REPRODUCIBLE
19,15,S. KUSS,248101,3721,19,DERIVED_REPRODUCIBLE
19,16,E. BERNAL,249035,4655,19,DERIVED_REPRODUCIBLE
19,17,N. PRODHOMME,249055,4675,19,DERIVED_REPRODUCIBLE
19,18,A. YATES,249298,4918,19,DERIVED_REPRODUCIBLE
19,19,J. HINDLEY,249318,4938,19,DERIVED_REPRODUCIBLE
19,20,T. BENOOT,249492,5112,19,DERIVED_REPRODUCIBLE
19,21,Q. SIMMONS,249571,5191,19,DERIVED_REPRODUCIBLE
19,22,S. QUINN,249822,5442,19,DERIVED_REPRODUCIBLE
19,23,C. VERONA,250331,5951,19,DERIVED_REPRODUCIBLE
19,24,P. CASTRILLO,251077,6697,19,DERIVED_REPRODUCIBLE
19,25,D. GEE,251079,6699,19,DERIVED_REPRODUCIBLE
19,26,T. ARENSMAN,251085,6705,19,DERIVED_REPRODUCIBLE
19,27,M. JORGENSON,251544,7164,19,DERIVED_REPRODUCIBLE
19,28,M. RICCITELLO,251897,7517,19,DERIVED_REPRODUCIBLE
19,29,G. MARTIN GUYONNET,252064,7684,19,DERIVED_REPRODUCIBLE
19,30,H. TEJADA,252152,7772,19,DERIVED_REPRODUCIBLE
19,31,M. VAN GILS,252334,7954,19,DERIVED_REPRODUCIBLE
19,32,F. GROSSSCHARTNER,252381,8001,19,DERIVED_REPRODUCIBLE
19,33,R. GARCIA,252721,8341,19,DERIVED_REPRODUCIBLE
19,34,M. SCHMID,252773,8393,19,DERIVED_REPRODUCIBLE
19,35,B. O'CONNOR,252837,8457,19,DERIVED_REPRODUCIBLE
19,36,K. VAUQUELIN,252934,8554,19,DERIVED_REPRODUCIBLE
19,37,Q. HERMANS,253180,8800,19,DERIVED_REPRODUCIBLE
19,38,A. TIBERI,253281,8901,19,DERIVED_REPRODUCIBLE
19,39,M. CATTANEO,253330,8950,19,DERIVED_REPRODUCIBLE
19,40,I. IZAGIRRE,253470,9090,19,DERIVED_REPRODUCIBLE
19,41,S. HIGUITA,253654,9274,19,DERIVED_REPRODUCIBLE
19,42,C. BRAZ AFONSO,253666,9286,19,DERIVED_REPRODUCIBLE
19,43,A. BAUDIN,253726,9346,19,DERIVED_REPRODUCIBLE
19,44,V. PARET PEINTRE,253773,9393,19,DERIVED_REPRODUCIBLE
19,45,L. VAN EETVELT,253775,9395,19,DERIVED_REPRODUCIBLE
19,46,T. FOSS,253859,9479,19,DERIVED_REPRODUCIBLE
19,47,A. BALDERSTONE,254323,9943,19,DERIVED_REPRODUCIBLE
19,48,A. PARET PEINTRE,254793,10413,19,DERIVED_REPRODUCIBLE
19,49,M. VACEK,254850,10470,19,DERIVED_REPRODUCIBLE
19,50,M. HIRSCHI,254860,10480,19,DERIVED_REPRODUCIBLE
19,51,M. MATTHEWS,255112,10732,19,DERIVED_REPRODUCIBLE
19,52,M. VALGREN,255123,10743,19,DERIVED_REPRODUCIBLE
19,53,J. DELBOVE,255438,11058,19,DERIVED_REPRODUCIBLE
19,54,J. ROMO,255644,11264,19,DERIVED_REPRODUCIBLE
19,55,N. BREUILLARD,255685,11305,19,DERIVED_REPRODUCIBLE
19,56,X. MEURISSE,255810,11430,19,DERIVED_REPRODUCIBLE
19,57,R. GREGOIRE,255857,11477,19,DERIVED_REPRODUCIBLE
19,58,Q. PACHER,255886,11506,19,DERIVED_REPRODUCIBLE
19,59,D. CARUSO,256124,11744,19,DERIVED_REPRODUCIBLE
19,60,A. DELETTRE,256614,12234,19,DERIVED_REPRODUCIBLE
19,61,A. SKAARSETH,256644,12264,19,DERIVED_REPRODUCIBLE
19,62,B. HEALY,256689,12309,19,DERIVED_REPRODUCIBLE
19,63,B. ARMIRAIL,256941,12561,19,DERIVED_REPRODUCIBLE
19,64,G. BENNETT,257430,13050,19,DERIVED_REPRODUCIBLE
19,65,C. RUSSO,257682,13302,19,DERIVED_REPRODUCIBLE
19,66,L. VERVAEKE,257685,13305,19,DERIVED_REPRODUCIBLE
19,67,F. ENGELHARDT,257808,13428,19,DERIVED_REPRODUCIBLE
19,68,N. OLIVEIRA,257811,13431,19,DERIVED_REPRODUCIBLE
19,69,J. STUYVEN,257826,13446,19,DERIVED_REPRODUCIBLE
19,70,V. VAN MECHELEN,257851,13471,19,DERIVED_REPRODUCIBLE
19,71,R. PLUIMERS,257928,13548,19,DERIVED_REPRODUCIBLE
19,72,N. POLITT,258008,13628,19,DERIVED_REPRODUCIBLE
19,73,M. VAN DER POEL,258045,13665,19,DERIVED_REPRODUCIBLE
19,74,M. LE BERRE,258066,13686,19,DERIVED_REPRODUCIBLE
19,75,A. JOHANNESSEN,258091,13711,19,DERIVED_REPRODUCIBLE
19,76,T. WELLENS,258183,13803,19,DERIVED_REPRODUCIBLE
19,77,M. PEDERSEN,258359,13979,19,DERIVED_REPRODUCIBLE
19,78,E. COSTIOU,258400,14020,19,DERIVED_REPRODUCIBLE
19,79,V. CAMPENAERTS,258584,14204,19,DERIVED_REPRODUCIBLE
19,80,J. ABRAHAMSEN,258587,14207,19,DERIVED_REPRODUCIBLE
19,81,K. ASGREEN,258594,14214,19,DERIVED_REPRODUCIBLE
19,82,M. FRIGO,258688,14308,19,DERIVED_REPRODUCIBLE
19,83,J. TRATNIK,258719,14339,19,DERIVED_REPRODUCIBLE
19,84,A. ARANBURU,258732,14352,19,DERIVED_REPRODUCIBLE
19,85,M. VERCHER,258781,14401,19,DERIVED_REPRODUCIBLE
19,86,B. VAN MOER,258891,14511,19,DERIVED_REPRODUCIBLE
19,87,M. STORER,258999,14619,19,DERIVED_REPRODUCIBLE
19,88,S. BERWICK,259101,14721,19,DERIVED_REPRODUCIBLE
19,89,G. ZIMMERMANN,259118,14738,19,DERIVED_REPRODUCIBLE
19,90,M. MOHORIC,259127,14747,19,DERIVED_REPRODUCIBLE
19,91,D. HOWSON,259231,14851,19,DERIVED_REPRODUCIBLE
19,92,L. GERMANI,259272,14892,19,DERIVED_REPRODUCIBLE
19,93,L. PLAPP,259308,14928,19,DERIVED_REPRODUCIBLE
19,94,T. SKUJINS,259353,14973,19,DERIVED_REPRODUCIBLE
19,95,N. DENZ,259593,15213,19,DERIVED_REPRODUCIBLE
19,96,W. BARGUIL,259688,15308,19,DERIVED_REPRODUCIBLE
19,97,M. CORT NIELSEN,259735,15355,19,DERIVED_REPRODUCIBLE
19,98,E. VERSTRYNGE,259888,15508,19,DERIVED_REPRODUCIBLE
19,99,N. VINOKUROV,260129,15749,19,DERIVED_REPRODUCIBLE
19,100,F. VAN DEN BROEK,260430,16050,19,DERIVED_REPRODUCIBLE
19,101,P. HAGENES,260457,16077,19,DERIVED_REPRODUCIBLE
19,102,X. AZPARREN IRURZUN,260560,16180,19,DERIVED_REPRODUCIBLE
19,103,J. CEPEDA,260617,16237,19,DERIVED_REPRODUCIBLE
19,104,S. VELASCO,260776,16396,19,DERIVED_REPRODUCIBLE
19,105,M. WALKER,260809,16429,19,DERIVED_REPRODUCIBLE
19,106,R. STANNARD,260849,16469,19,DERIVED_REPRODUCIBLE
19,107,L. DURBRIDGE,260855,16475,19,DERIVED_REPRODUCIBLE
19,108,T. GUERNALEC,260858,16478,19,DERIVED_REPRODUCIBLE
19,109,A. TURGIS,260913,16533,19,DERIVED_REPRODUCIBLE
19,110,M. KWIATKOWSKI,260913,16533,19,DERIVED_REPRODUCIBLE
19,111,M. HEßMANN,260935,16555,19,DERIVED_REPRODUCIBLE
19,112,J. OTRUBA,261008,16628,19,DERIVED_REPRODUCIBLE
19,113,T. VAN DIJKE,261060,16680,19,DERIVED_REPRODUCIBLE
19,114,E. PLANCKAERT,261387,17007,19,DERIVED_REPRODUCIBLE
19,115,G. STEINHAUSER,261426,17046,19,DERIVED_REPRODUCIBLE
19,116,B. THOMAS,261437,17057,19,DERIVED_REPRODUCIBLE
19,117,J. RICKAERT,261581,17201,19,DERIVED_REPRODUCIBLE
19,118,R. DHONDT,261582,17202,19,DERIVED_REPRODUCIBLE
19,119,F. VERMEERSCH,261645,17265,19,DERIVED_REPRODUCIBLE
19,120,J. TARLING,261682,17302,19,DERIVED_REPRODUCIBLE
19,121,A. GATE,261710,17330,19,DERIVED_REPRODUCIBLE
19,122,H. PAGE,261733,17353,19,DERIVED_REPRODUCIBLE
19,123,A. KIRSCH,261779,17399,19,DERIVED_REPRODUCIBLE
19,124,F. GANNA,261834,17454,19,DERIVED_REPRODUCIBLE
19,125,M. TEUNISSEN,261975,17595,19,DERIVED_REPRODUCIBLE
19,126,S. OLDANI,261990,17610,19,DERIVED_REPRODUCIBLE
19,127,F. WRIGHT,262023,17643,19,DERIVED_REPRODUCIBLE
19,128,L. SLOCK,262029,17649,19,DERIVED_REPRODUCIBLE
19,129,D. VAN BAARLE,262307,17927,19,DERIVED_REPRODUCIBLE
19,130,D. HOOLE,262341,17961,19,DERIVED_REPRODUCIBLE
19,131,J. NICOLAU,262591,18211,19,DERIVED_REPRODUCIBLE
19,132,H. ARTZ,262611,18231,19,DERIVED_REPRODUCIBLE
19,133,J. PHILIPSEN,262633,18253,19,DERIVED_REPRODUCIBLE
19,134,D. GODON,262636,18256,19,DERIVED_REPRODUCIBLE
19,135,T. MARSMAN,262648,18268,19,DERIVED_REPRODUCIBLE
19,136,K. NEILANDS,262695,18315,19,DERIVED_REPRODUCIBLE
19,137,S. WAERENSKJOLD,262787,18407,19,DERIVED_REPRODUCIBLE
19,138,J. ALAPHILIPPE,262872,18492,19,DERIVED_REPRODUCIBLE
19,139,S. DILLIER,262890,18510,19,DERIVED_REPRODUCIBLE
19,140,P. BITTNER,263076,18696,19,DERIVED_REPRODUCIBLE
19,141,B. GIRMAY,263091,18711,19,DERIVED_REPRODUCIBLE
19,142,N. MÄRKL,263137,18757,19,DERIVED_REPRODUCIBLE
19,143,M. KANTER,263303,18923,19,DERIVED_REPRODUCIBLE
19,144,P. ACKERMANN,263305,18925,19,DERIVED_REPRODUCIBLE
19,145,P. EENKHOORN,263495,19115,19,DERIVED_REPRODUCIBLE
19,146,J. BIERMANS,263516,19136,19,DERIVED_REPRODUCIBLE
19,147,M. HALLER,263586,19206,19,DERIVED_REPRODUCIBLE
19,148,J. DEGENKOLB,263724,19344,19,DERIVED_REPRODUCIBLE
19,149,B. VEISTROFFER,263791,19411,19,DERIVED_REPRODUCIBLE
19,150,M. FRETIN,264004,19624,19,DERIVED_REPRODUCIBLE
19,151,O. KOOIJ,264012,19632,19,DERIVED_REPRODUCIBLE
19,152,J. STEWART,264078,19698,19,DERIVED_REPRODUCIBLE
19,153,L. ASKEY,264156,19776,19,DERIVED_REPRODUCIBLE
19,154,P. ALLEGAERT,264177,19797,19,DERIVED_REPRODUCIBLE
19,155,D. BALLERINI,264258,19878,19,DERIVED_REPRODUCIBLE
19,156,J. VAN DEN BERG,264473,20093,19,DERIVED_REPRODUCIBLE
19,157,P. BAUHAUS,264486,20106,19,DERIVED_REPRODUCIBLE
19,158,M. LOUVEL,264564,20184,19,DERIVED_REPRODUCIBLE
19,159,K. GRADEK,264629,20249,19,DERIVED_REPRODUCIBLE
19,160,C. BOL,264782,20402,19,DERIVED_REPRODUCIBLE
20,1,T. POGACAR,262424,0,20,DERIVED_REPRODUCIBLE
20,2,R. EVENEPOEL,262810,386,20,DERIVED_REPRODUCIBLE
20,3,I. DEL TORO,263006,582,20,DERIVED_REPRODUCIBLE
20,4,P. SEIXAS,263140,716,20,DERIVED_REPRODUCIBLE
20,5,L. MARTINEZ,263206,782,20,DERIVED_REPRODUCIBLE
20,6,M. SKJELMOSE,263323,899,20,DERIVED_REPRODUCIBLE
20,7,J. AYUSO,263492,1068,20,DERIVED_REPRODUCIBLE
20,8,R. CARAPAZ,263624,1200,20,DERIVED_REPRODUCIBLE
20,9,T. PIDCOCK,264192,1768,20,DERIVED_REPRODUCIBLE
20,10,J. JEGAT,264425,2001,20,DERIVED_REPRODUCIBLE
20,11,Y. VOISARD,264706,2282,20,DERIVED_REPRODUCIBLE
20,12,T. JOHANNESSEN,265821,3397,20,DERIVED_REPRODUCIBLE
20,13,S. KUSS,266108,3684,20,DERIVED_REPRODUCIBLE
20,14,D. PIGANZOLI,266247,3823,20,DERIVED_REPRODUCIBLE
20,15,J. HINDLEY,267432,5008,20,DERIVED_REPRODUCIBLE
20,16,N. PRODHOMME,267525,5101,20,DERIVED_REPRODUCIBLE
20,17,T. BENOOT,268000,5576,20,DERIVED_REPRODUCIBLE
20,18,Q. SIMMONS,268152,5728,20,DERIVED_REPRODUCIBLE
20,19,S. QUINN,268849,6425,20,DERIVED_REPRODUCIBLE
20,20,E. BERNAL,268902,6478,20,DERIVED_REPRODUCIBLE
20,21,A. YATES,269143,6719,20,DERIVED_REPRODUCIBLE
20,22,T. ARENSMAN,269786,7362,20,DERIVED_REPRODUCIBLE
20,23,C. VERONA,269946,7522,20,DERIVED_REPRODUCIBLE
20,24,M. RICCITELLO,270293,7869,20,DERIVED_REPRODUCIBLE
20,25,D. GEE,270403,7979,20,DERIVED_REPRODUCIBLE
20,26,H. TEJADA,270811,8387,20,DERIVED_REPRODUCIBLE
20,27,M. VAN GILS,271073,8649,20,DERIVED_REPRODUCIBLE
20,28,B. O'CONNOR,271522,9098,20,DERIVED_REPRODUCIBLE
20,29,P. CASTRILLO,271527,9103,20,DERIVED_REPRODUCIBLE
20,30,M. JORGENSON,271633,9209,20,DERIVED_REPRODUCIBLE
20,31,G. MARTIN GUYONNET,271679,9255,20,DERIVED_REPRODUCIBLE
20,32,F. GROSSSCHARTNER,272226,9802,20,DERIVED_REPRODUCIBLE
20,33,M. CATTANEO,272703,10279,20,DERIVED_REPRODUCIBLE
20,34,R. GARCIA,272776,10352,20,DERIVED_REPRODUCIBLE
20,35,M. SCHMID,272833,10409,20,DERIVED_REPRODUCIBLE
20,36,K. VAUQUELIN,273301,10877,20,DERIVED_REPRODUCIBLE
20,37,A. TIBERI,273456,11032,20,DERIVED_REPRODUCIBLE
20,38,S. HIGUITA,273499,11075,20,DERIVED_REPRODUCIBLE
20,39,Q. HERMANS,273547,11123,20,DERIVED_REPRODUCIBLE
20,40,C. BRAZ AFONSO,273607,11183,20,DERIVED_REPRODUCIBLE
20,41,L. VAN EETVELT,273726,11302,20,DERIVED_REPRODUCIBLE
20,42,A. PARET PEINTRE,273732,11308,20,DERIVED_REPRODUCIBLE
20,43,T. FOSS,273733,11309,20,DERIVED_REPRODUCIBLE
20,44,V. PARET PEINTRE,273785,11361,20,DERIVED_REPRODUCIBLE
20,45,I. IZAGIRRE,273837,11413,20,DERIVED_REPRODUCIBLE
20,46,A. BAUDIN,273925,11501,20,DERIVED_REPRODUCIBLE
20,47,A. BALDERSTONE,274690,12266,20,DERIVED_REPRODUCIBLE
20,48,M. HIRSCHI,275023,12599,20,DERIVED_REPRODUCIBLE
20,49,N. BREUILLARD,275300,12876,20,DERIVED_REPRODUCIBLE
20,50,M. VACEK,275300,12876,20,DERIVED_REPRODUCIBLE
20,51,J. DELBOVE,275450,13026,20,DERIVED_REPRODUCIBLE
20,52,M. MATTHEWS,275479,13055,20,DERIVED_REPRODUCIBLE
20,53,M. VALGREN,275573,13149,20,DERIVED_REPRODUCIBLE
20,54,J. ROMO,275733,13309,20,DERIVED_REPRODUCIBLE
20,55,D. CARUSO,276027,13603,20,DERIVED_REPRODUCIBLE
20,56,X. MEURISSE,276177,13753,20,DERIVED_REPRODUCIBLE
20,57,R. GREGOIRE,276224,13800,20,DERIVED_REPRODUCIBLE
20,58,Q. PACHER,276253,13829,20,DERIVED_REPRODUCIBLE
20,59,B. HEALY,276287,13863,20,DERIVED_REPRODUCIBLE
20,60,A. SKAARSETH,277011,14587,20,DERIVED_REPRODUCIBLE
20,61,A. DELETTRE,277020,14596,20,DERIVED_REPRODUCIBLE
20,62,B. ARMIRAIL,277030,14606,20,DERIVED_REPRODUCIBLE
20,63,M. STORER,277521,15097,20,DERIVED_REPRODUCIBLE
20,64,A. JOHANNESSEN,277706,15282,20,DERIVED_REPRODUCIBLE
20,65,N. OLIVEIRA,277900,15476,20,DERIVED_REPRODUCIBLE
20,66,V. VAN MECHELEN,277911,15487,20,DERIVED_REPRODUCIBLE
20,67,L. VERVAEKE,277942,15518,20,DERIVED_REPRODUCIBLE
20,68,G. BENNETT,277946,15522,20,DERIVED_REPRODUCIBLE
20,69,C. RUSSO,278049,15625,20,DERIVED_REPRODUCIBLE
20,70,F. ENGELHARDT,278175,15751,20,DERIVED_REPRODUCIBLE
20,71,J. STUYVEN,278193,15769,20,DERIVED_REPRODUCIBLE
20,72,N. POLITT,278234,15810,20,DERIVED_REPRODUCIBLE
20,73,R. PLUIMERS,278295,15871,20,DERIVED_REPRODUCIBLE
20,74,T. WELLENS,278352,15928,20,DERIVED_REPRODUCIBLE
20,75,M. VAN DER POEL,278412,15988,20,DERIVED_REPRODUCIBLE
20,76,M. LE BERRE,278433,16009,20,DERIVED_REPRODUCIBLE
20,77,J. ABRAHAMSEN,278647,16223,20,DERIVED_REPRODUCIBLE
20,78,M. FRIGO,278748,16324,20,DERIVED_REPRODUCIBLE
20,79,E. COSTIOU,278767,16343,20,DERIVED_REPRODUCIBLE
20,80,M. PEDERSEN,278809,16385,20,DERIVED_REPRODUCIBLE
20,81,B. VAN MOER,278818,16394,20,DERIVED_REPRODUCIBLE
20,82,V. CAMPENAERTS,278881,16457,20,DERIVED_REPRODUCIBLE
20,83,J. TRATNIK,278888,16464,20,DERIVED_REPRODUCIBLE
20,84,K. ASGREEN,278961,16537,20,DERIVED_REPRODUCIBLE
20,85,A. ARANBURU,279099,16675,20,DERIVED_REPRODUCIBLE
20,86,M. VERCHER,279148,16724,20,DERIVED_REPRODUCIBLE
20,87,W. BARGUIL,279227,16803,20,DERIVED_REPRODUCIBLE
20,88,D. HOWSON,279322,16898,20,DERIVED_REPRODUCIBLE
20,89,S. BERWICK,279468,17044,20,DERIVED_REPRODUCIBLE
20,90,G. ZIMMERMANN,279485,17061,20,DERIVED_REPRODUCIBLE
20,91,M. MOHORIC,279494,17070,20,DERIVED_REPRODUCIBLE
20,92,L. PLAPP,279494,17070,20,DERIVED_REPRODUCIBLE
20,93,L. GERMANI,279722,17298,20,DERIVED_REPRODUCIBLE
20,94,T. SKUJINS,279803,17379,20,DERIVED_REPRODUCIBLE
20,95,N. DENZ,279960,17536,20,DERIVED_REPRODUCIBLE
20,96,E. VERSTRYNGE,280255,17831,20,DERIVED_REPRODUCIBLE
20,97,M. CORT NIELSEN,280301,17877,20,DERIVED_REPRODUCIBLE
20,98,N. VINOKUROV,280496,18072,20,DERIVED_REPRODUCIBLE
20,99,X. AZPARREN IRURZUN,280651,18227,20,DERIVED_REPRODUCIBLE
20,100,S. VELASCO,280679,18255,20,DERIVED_REPRODUCIBLE
20,101,J. CEPEDA,280706,18282,20,DERIVED_REPRODUCIBLE
20,102,F. VAN DEN BROEK,280880,18456,20,DERIVED_REPRODUCIBLE
20,103,P. HAGENES,280889,18465,20,DERIVED_REPRODUCIBLE
20,104,M. HEßMANN,281112,18688,20,DERIVED_REPRODUCIBLE
20,105,R. STANNARD,281216,18792,20,DERIVED_REPRODUCIBLE
20,106,M. WALKER,281223,18799,20,DERIVED_REPRODUCIBLE
20,107,L. DURBRIDGE,281230,18806,20,DERIVED_REPRODUCIBLE
20,108,A. TURGIS,281319,18895,20,DERIVED_REPRODUCIBLE
20,109,M. KWIATKOWSKI,281363,18939,20,DERIVED_REPRODUCIBLE
20,110,T. GUERNALEC,281404,18980,20,DERIVED_REPRODUCIBLE
20,111,T. VAN DIJKE,281427,19003,20,DERIVED_REPRODUCIBLE
20,112,J. OTRUBA,281467,19043,20,DERIVED_REPRODUCIBLE
20,113,G. STEINHAUSER,281603,19179,20,DERIVED_REPRODUCIBLE
20,114,E. PLANCKAERT,281882,19458,20,DERIVED_REPRODUCIBLE
20,115,J. RICKAERT,281903,19479,20,DERIVED_REPRODUCIBLE
20,116,F. VERMEERSCH,282033,19609,20,DERIVED_REPRODUCIBLE
20,117,B. THOMAS,282049,19625,20,DERIVED_REPRODUCIBLE
20,118,R. DHONDT,282060,19636,20,DERIVED_REPRODUCIBLE
20,119,H. PAGE,282100,19676,20,DERIVED_REPRODUCIBLE
20,120,J. TARLING,282132,19708,20,DERIVED_REPRODUCIBLE
20,121,A. GATE,282160,19736,20,DERIVED_REPRODUCIBLE
20,122,A. KIRSCH,282229,19805,20,DERIVED_REPRODUCIBLE
20,123,F. GANNA,282284,19860,20,DERIVED_REPRODUCIBLE
20,124,M. TEUNISSEN,282342,19918,20,DERIVED_REPRODUCIBLE
20,125,J. ALAPHILIPPE,282411,19987,20,DERIVED_REPRODUCIBLE
20,126,S. OLDANI,282438,20014,20,DERIVED_REPRODUCIBLE
20,127,F. WRIGHT,282605,20181,20,DERIVED_REPRODUCIBLE
20,128,L. SLOCK,282624,20200,20,DERIVED_REPRODUCIBLE
20,129,J. NICOLAU,282651,20227,20,DERIVED_REPRODUCIBLE
20,130,D. HOOLE,282708,20284,20,DERIVED_REPRODUCIBLE
20,131,D. VAN BAARLE,282757,20333,20,DERIVED_REPRODUCIBLE
20,132,H. ARTZ,282978,20554,20,DERIVED_REPRODUCIBLE
20,133,T. MARSMAN,283015,20591,20,DERIVED_REPRODUCIBLE
20,134,K. NEILANDS,283062,20638,20,DERIVED_REPRODUCIBLE
20,135,J. PHILIPSEN,283099,20675,20,DERIVED_REPRODUCIBLE
20,136,D. GODON,283238,20814,20,DERIVED_REPRODUCIBLE
20,137,S. DILLIER,283340,20916,20,DERIVED_REPRODUCIBLE
20,138,S. WAERENSKJOLD,283342,20918,20,DERIVED_REPRODUCIBLE
20,139,N. MÄRKL,283515,21091,20,DERIVED_REPRODUCIBLE
20,140,P. BITTNER,283535,21111,20,DERIVED_REPRODUCIBLE
20,141,B. GIRMAY,283684,21260,20,DERIVED_REPRODUCIBLE
20,142,M. KANTER,283753,21329,20,DERIVED_REPRODUCIBLE
20,143,P. EENKHOORN,283862,21438,20,DERIVED_REPRODUCIBLE
20,144,J. BIERMANS,284128,21704,20,DERIVED_REPRODUCIBLE
20,145,J. DEGENKOLB,284128,21704,20,DERIVED_REPRODUCIBLE
20,146,B. VEISTROFFER,284158,21734,20,DERIVED_REPRODUCIBLE
20,147,M. HALLER,284164,21740,20,DERIVED_REPRODUCIBLE
20,148,M. FRETIN,284394,21970,20,DERIVED_REPRODUCIBLE
20,149,O. KOOIJ,284582,22158,20,DERIVED_REPRODUCIBLE
20,150,J. STEWART,284671,22247,20,DERIVED_REPRODUCIBLE
20,151,L. ASKEY,284672,22248,20,DERIVED_REPRODUCIBLE
20,152,D. BALLERINI,284706,22282,20,DERIVED_REPRODUCIBLE
20,153,P. ALLEGAERT,284766,22342,20,DERIVED_REPRODUCIBLE
20,154,P. BAUHAUS,284853,22429,20,DERIVED_REPRODUCIBLE
20,155,K. GRADEK,284996,22572,20,DERIVED_REPRODUCIBLE
20,156,J. VAN DEN BERG,285070,22646,20,DERIVED_REPRODUCIBLE
20,157,M. LOUVEL,285080,22656,20,DERIVED_REPRODUCIBLE
20,158,C. BOL,285352,22928,20,DERIVED_REPRODUCIBLE
