stage_number,km_from_start,waypoint_label,elevation_by_distance_m,window_start,window_end,window_width_s,sun_elevation_deg,sun_azimuth_deg,temperature_c,wind_speed_ms,wind_dir_deg,air_density_kgm3,headwind_ms,crosswind_ms,exposure_class
1,0.00,BARCELONE-Fòrum,8.00,2026-07-04 15:05:00+00:00,2026-07-04 16:55:00+00:00,6600,36.209,269.746,31.00,4.63,194.00,1.1607,4.01,2.31,HEADWIND
1,0.10,Avinguda del Litoral,8.00,2026-07-04 15:05:00+00:00,2026-07-04 16:55:00+00:00,6600,36.210,269.745,31.00,4.63,194.00,1.1610,3.94,2.43,HEADWIND
1,2.60,Carre de l'Arquitecte Sert,12.00,2026-07-04 15:08:00+00:00,2026-07-04 16:58:00+00:00,6600,35.662,270.239,30.90,4.63,194.00,1.1606,2.58,3.84,CROSSWIND
1,2.60,Port Olimpic,12.00,2026-07-04 15:08:00+00:00,2026-07-04 16:58:00+00:00,6600,35.662,270.239,30.90,4.63,194.00,1.1606,2.58,3.84,CROSSWIND
1,2.70,Carrer de Salvador Espriu,12.00,2026-07-04 15:08:00+00:00,2026-07-04 16:58:00+00:00,6600,35.662,270.239,30.90,4.63,194.00,1.1602,1.56,4.36,CROSSWIND
1,3.00,Carrer de Jaume Vicens I Vives,10.00,2026-07-04 15:08:00+00:00,2026-07-04 16:58:00+00:00,6600,35.660,270.239,30.90,4.63,194.00,1.1609,-4.07,2.22,TAILWIND
1,3.10,Carrer de Carmen Amaya,5.00,2026-07-04 15:08:00+00:00,2026-07-04 16:58:00+00:00,6600,35.660,270.238,30.90,4.63,194.00,1.1609,-4.15,2.06,TAILWIND
1,3.50,Passeig de Calvell,7.00,2026-07-04 15:09:00+00:00,2026-07-04 16:59:00+00:00,6600,35.470,270.403,31.00,4.63,194.00,1.1611,-4.49,1.12,TAILWIND
1,4.00,Passeig de Garcia Fària,5.00,2026-07-04 15:09:00+00:00,2026-07-04 16:59:00+00:00,6600,35.467,270.403,31.00,4.63,194.00,1.1608,-4.26,1.80,TAILWIND
1,4.40,Carrer de Bac de Roda,14.00,2026-07-04 15:10:00+00:00,2026-07-04 17:00:00+00:00,6600,35.279,270.566,30.90,4.63,194.00,1.1611,-4.63,0.16,TAILWIND
1,4.90,Carrer de Llull,10.00,2026-07-04 15:10:00+00:00,2026-07-04 17:00:00+00:00,6600,35.281,270.563,30.90,4.63,194.00,1.1605,-3.94,2.44,TAILWIND
1,5.10,Point chrono n°1 / Carrer de Llull,13.00,2026-07-04 15:11:00+00:00,2026-07-04 17:01:00+00:00,6600,35.092,270.727,31.00,4.63,194.00,1.1607,-3.95,2.42,TAILWIND
1,5.60,Passage à niveau : tramway,8.00,2026-07-04 15:11:00+00:00,2026-07-04 17:01:00+00:00,6600,35.089,270.727,31.00,4.63,194.00,1.1608,-3.97,2.38,TAILWIND
1,5.60,Carrer de Josep Pla,8.00,2026-07-04 15:11:00+00:00,2026-07-04 17:01:00+00:00,6600,35.089,270.727,31.00,4.63,194.00,1.1608,-3.97,2.38,TAILWIND
1,6.70,Carrer de Cantàbria,10.00,2026-07-04 15:12:00+00:00,2026-07-04 17:02:00+00:00,6600,34.909,270.879,30.90,4.63,194.00,1.1607,-2.41,3.95,CROSSWIND
1,7.20,Rambla de Guipúscoa,13.00,2026-07-04 15:13:00+00:00,2026-07-04 17:03:00+00:00,6600,34.725,271.038,30.90,4.63,194.00,1.1605,0.14,4.63,CROSSWIND
1,8.20,Carrer d'Aragó,18.00,2026-07-04 15:14:00+00:00,2026-07-04 17:04:00+00:00,6600,34.543,271.200,30.90,4.63,194.00,1.1598,3.96,2.40,HEADWIND
1,9.80,Carrer de Lepant,36.00,2026-07-04 15:16:00+00:00,2026-07-04 17:06:00+00:00,6600,34.178,271.522,30.80,4.63,194.00,1.1576,3.83,2.60,HEADWIND
1,10.10,Carrer de Mallorca,33.00,2026-07-04 15:16:00+00:00,2026-07-04 17:06:00+00:00,6600,34.180,271.520,30.80,4.63,194.00,1.1583,3.93,2.45,HEADWIND
1,10.30,Sagrada Familia,33.00,2026-07-04 15:16:00+00:00,2026-07-04 17:06:00+00:00,6600,34.181,271.520,30.70,4.63,194.00,1.1576,-4.49,1.12,TAILWIND
1,10.50,Point chrono n°2 / Sagrada Familia,41.00,2026-07-04 15:16:00+00:00,2026-07-04 17:06:00+00:00,6600,34.183,271.520,30.70,4.63,194.00,1.1577,3.97,2.38,HEADWIND
1,10.90,Plaça de Mossèn Jacint Verdaguer,46.00,2026-07-04 15:17:00+00:00,2026-07-04 17:07:00+00:00,6600,33.998,271.681,30.70,4.63,194.00,1.1570,3.92,2.47,HEADWIND
1,11.80,Passeig de Gràcia,42.00,2026-07-04 15:18:00+00:00,2026-07-04 17:08:00+00:00,6600,33.814,271.843,30.30,4.38,207.00,1.1594,3.93,1.93,HEADWIND
1,12.00,Carrer d'Aragó,41.00,2026-07-04 15:18:00+00:00,2026-07-04 17:08:00+00:00,6600,33.814,271.844,30.30,4.38,207.00,1.1594,2.17,3.81,CROSSWIND
1,14.30,Carrer de Tarragona,34.00,2026-07-04 15:21:00+00:00,2026-07-04 17:11:00+00:00,6600,33.263,272.325,30.40,4.38,207.00,1.1603,4.13,1.46,HEADWIND
1,14.60,Plaça d'Espanya,29.00,2026-07-04 15:21:00+00:00,2026-07-04 17:11:00+00:00,6600,33.262,272.327,30.40,4.38,207.00,1.1608,2.35,3.70,CROSSWIND
1,14.80,Avigunda de la Reina Maria Cristina,26.00,2026-07-04 15:21:00+00:00,2026-07-04 17:11:00+00:00,6600,33.261,272.329,30.40,4.38,207.00,1.1603,2.33,3.71,CROSSWIND
1,15.20,Avinguda de Rius i Taulet,40.00,2026-07-04 15:22:00+00:00,2026-07-04 17:12:00+00:00,6600,33.071,272.492,30.30,4.38,207.00,1.1597,0.42,4.36,CROSSWIND
1,15.50,Carrer de Lleida,39.00,2026-07-04 15:22:00+00:00,2026-07-04 17:12:00+00:00,6600,33.069,272.493,30.30,4.38,207.00,1.1597,2.61,3.52,CROSSWIND
1,15.90,Passeig de Santa Madrona,51.00,2026-07-04 15:22:00+00:00,2026-07-04 17:12:00+00:00,6600,33.067,272.497,30.20,4.38,207.00,1.1587,-1.93,3.93,CROSSWIND
1,15.90,Point chrono n°3 / Passeig de Santa Madrona,51.00,2026-07-04 15:22:00+00:00,2026-07-04 17:12:00+00:00,6600,33.067,272.497,30.20,4.38,207.00,1.1587,-1.93,3.93,CROSSWIND
1,16.80,Avinguda de l'Estadi,90.00,2026-07-04 15:23:00+00:00,2026-07-04 17:13:00+00:00,6600,32.880,272.658,30.00,4.38,207.00,1.1549,-0.32,4.37,CROSSWIND
1,17.90,Carrer dels Jocs del 92,65.00,2026-07-04 15:25:00+00:00,2026-07-04 17:15:00+00:00,6600,32.514,272.970,30.10,4.38,207.00,1.1573,2.10,3.84,CROSSWIND
1,18.80,Carrer del Foc,62.00,2026-07-04 15:25:00+00:00,2026-07-04 17:15:00+00:00,6600,32.510,272.976,30.10,4.38,207.00,1.1574,-2.44,3.64,CROSSWIND
1,18.90,Passeig Olimpic,82.00,2026-07-04 15:26:00+00:00,2026-07-04 17:16:00+00:00,6600,32.322,273.135,30.10,4.38,207.00,1.1566,-3.86,2.08,TAILWIND
1,19.60,Côte du Stade Olympique de Montjuïc,105.00,2026-07-04 15:26:00+00:00,2026-07-04 17:16:00+00:00,6600,32.318,273.136,29.90,4.38,207.00,1.1528,-4.35,0.49,TAILWIND
2,0.00,N-340 TARRAGONE,17.00,2026-07-05 11:55:00+00:00,2026-07-05 11:55:00+00:00,0,71.606,176.710,29.80,3.20,182.00,1.1631,-1.40,2.88,CROSSWIND
2,0.00,TARRAGONE (VC-N-340),17.00,2026-07-05 11:45:00+00:00,2026-07-05 11:45:00+00:00,0,71.380,169.479,29.80,3.20,182.00,1.1631,-1.40,2.88,CROSSWIND
2,0.60,Cala Romana (près),18.00,2026-07-05 11:56:00+00:00,2026-07-05 11:56:00+00:00,0,71.614,177.459,29.80,3.20,182.00,1.1630,-1.53,2.81,CROSSWIND
2,2.00,Monnars (près),7.00,2026-07-05 11:57:00+00:00,2026-07-05 11:58:00+00:00,60,71.619,178.598,29.90,3.20,182.00,1.1646,-0.98,3.05,CROSSWIND
2,5.70,La Mora (près) (TARRAGONA),14.00,2026-07-05 12:02:00+00:00,2026-07-05 12:03:00+00:00,60,71.604,182.366,29.80,4.00,179.00,1.1627,-2.60,3.04,CROSSWIND
2,12.70,TORREDEMBARRA,40.00,2026-07-05 12:11:00+00:00,2026-07-05 12:13:00+00:00,120,71.389,189.439,32.90,4.37,191.00,1.1481,0.92,4.27,CROSSWIND
2,14.80,CREIXELL,8.00,2026-07-05 12:14:00+00:00,2026-07-05 12:16:00+00:00,120,71.286,191.638,33.20,4.37,191.00,1.1526,-3.26,2.91,TAILWIND
2,16.80,RODA DE BERÀ (près),8.00,2026-07-05 12:16:00+00:00,2026-07-05 12:18:00+00:00,120,71.194,193.101,33.20,4.37,191.00,1.1532,-2.79,3.36,CROSSWIND
2,20.30,Francàs (près),17.00,2026-07-05 12:21:00+00:00,2026-07-05 12:23:00+00:00,120,70.934,196.666,32.10,4.34,188.00,1.1543,-1.07,4.21,CROSSWIND
2,25.40,EL VENDRELL (N-340-VC-C-31),35.00,2026-07-05 12:27:00+00:00,2026-07-05 12:30:00+00:00,180,70.499,201.134,32.00,4.34,188.00,1.1528,-4.23,0.98,TAILWIND
2,28.70,C-31 La Franquesa (près),65.00,2026-07-05 12:32:00+00:00,2026-07-05 12:35:00+00:00,180,70.128,204.417,33.60,5.69,198.00,1.1442,-0.55,5.66,CROSSWIND
2,30.70,CALAFELL (C-31-C-246a-C-31),50.00,2026-07-05 12:34:00+00:00,2026-07-05 12:38:00+00:00,240,69.930,206.053,29.30,3.86,190.00,1.1617,2.93,2.51,HEADWIND
2,32.80,Bellamar (près),18.00,2026-07-05 12:37:00+00:00,2026-07-05 12:41:00+00:00,240,69.675,207.972,29.40,3.86,190.00,1.1648,-0.67,3.80,CROSSWIND
2,33.90,Segur de Calafell,4.00,2026-07-05 12:38:00+00:00,2026-07-05 12:42:00+00:00,240,69.581,208.611,29.50,3.86,190.00,1.1654,0.93,3.75,CROSSWIND
2,35.60,CUNIT,8.00,2026-07-05 12:40:00+00:00,2026-07-05 12:45:00+00:00,300,69.341,210.157,29.50,3.86,190.00,1.1653,-2.09,3.25,CROSSWIND
2,38.10,CUBELLES-La Gavina,10.00,2026-07-05 12:44:00+00:00,2026-07-05 12:48:00+00:00,240,68.985,212.268,29.50,3.86,190.00,1.1649,-2.09,3.25,CROSSWIND
2,40.50,C-31 CUBELLES,9.00,2026-07-05 12:47:00+00:00,2026-07-05 12:51:00+00:00,240,68.661,214.031,29.50,3.86,190.00,1.1652,-1.83,3.40,CROSSWIND
2,41.40,Carrefour C-31-C-246a,7.00,2026-07-05 12:48:00+00:00,2026-07-05 12:53:00+00:00,300,68.495,214.888,29.40,3.86,190.00,1.1641,0.22,3.85,CROSSWIND
2,43.30,C-246a Racó de Santa Llúcia (VILANOVA I LA GELTRÚ),16.00,2026-07-05 12:50:00+00:00,2026-07-05 12:55:00+00:00,300,68.266,216.033,29.40,3.86,190.00,1.1648,-1.10,3.70,CROSSWIND
2,44.40,VILANOVA I LA GELTRÚ,22.00,2026-07-05 12:52:00+00:00,2026-07-05 12:57:00+00:00,300,68.034,217.129,32.60,4.37,200.00,1.1525,-3.52,2.59,TAILWIND
2,47.80,SANT PERE DE RIBES,31.00,2026-07-05 12:56:00+00:00,2026-07-05 13:02:00+00:00,360,67.482,219.536,32.50,4.37,200.00,1.1514,-3.40,2.75,TAILWIND
2,52.00,SITGES (C-246a-VC-C-246a-C-31),13.00,2026-07-05 13:01:00+00:00,2026-07-05 13:07:00+00:00,360,66.843,222.128,31.90,4.00,193.00,1.1547,-3.36,2.17,TAILWIND
2,62.20,C-31 Vallcarca (près),19.00,2026-07-05 13:14:00+00:00,2026-07-05 13:22:00+00:00,480,64.922,228.701,30.90,3.86,201.00,1.1536,-2.67,2.79,CROSSWIND
2,67.00,Garraf (près),38.00,2026-07-05 13:20:00+00:00,2026-07-05 13:28:00+00:00,480,64.028,231.243,31.00,3.86,201.00,1.1534,-3.53,1.56,TAILWIND
2,70.30,Les Botigues (C-31-VC),16.00,2026-07-05 13:25:00+00:00,2026-07-05 13:33:00+00:00,480,63.261,233.263,30.90,3.86,201.00,1.1535,-1.54,3.54,CROSSWIND
2,71.50,VC CASTELLDEFELS,7.00,2026-07-05 13:26:00+00:00,2026-07-05 13:35:00+00:00,540,63.026,233.855,31.20,3.86,201.00,1.1581,-1.83,3.40,CROSSWIND
2,76.50,GAVÀ-Mar,6.00,2026-07-05 13:33:00+00:00,2026-07-05 13:42:00+00:00,540,61.911,236.528,32.20,5.57,201.00,1.1554,-2.24,5.10,CROSSWIND
2,80.70,Carrefour VC-B-210,3.00,2026-07-05 13:38:00+00:00,2026-07-05 13:48:00+00:00,600,61.013,238.458,32.20,5.57,201.00,1.1557,-4.29,3.56,TAILWIND
2,82.50,B-210 Carrefour B-210-B-204,4.00,2026-07-05 13:40:00+00:00,2026-07-05 13:50:00+00:00,600,60.679,239.134,32.20,5.57,201.00,1.1556,-4.25,3.60,TAILWIND
2,83.60,B-204 VILADECANS (B-204-C-245) (entrée),4.00,2026-07-05 13:42:00+00:00,2026-07-05 13:52:00+00:00,600,60.349,239.799,31.70,5.60,199.00,1.1568,-5.29,1.82,TAILWIND
2,85.60,C-245 VILADECANS,15.00,2026-07-05 13:44:00+00:00,2026-07-05 13:54:00+00:00,600,60.028,240.420,32.10,5.57,201.00,1.1546,5.34,1.58,HEADWIND
2,86.00,GAVÀ (C-245-VC-BV-2041),15.00,2026-07-05 13:45:00+00:00,2026-07-05 13:55:00+00:00,600,59.868,240.745,32.10,5.57,201.00,1.1545,5.32,1.64,HEADWIND
2,90.50,BV-2041 Bruguers (près),186.00,2026-07-05 13:52:00+00:00,2026-07-05 14:03:00+00:00,660,58.653,243.040,31.00,5.57,201.00,1.1372,-0.91,5.50,CROSSWIND
2,94.20,Côte de Begues,399.00,2026-07-05 13:58:00+00:00,2026-07-05 14:10:00+00:00,720,57.566,244.930,31.00,5.80,216.00,1.1117,-4.97,2.98,TAILWIND
2,94.20,BEGUES (BV-2041-BV-2411),399.00,2026-07-05 13:58:00+00:00,2026-07-05 14:10:00+00:00,720,57.566,244.930,31.00,5.80,216.00,1.1117,-4.97,2.98,TAILWIND
2,104.80,BV-2411 OLESA DE BONESVALLS (BV-2411-BV-2410),269.00,2026-07-05 14:10:00+00:00,2026-07-05 14:23:00+00:00,780,55.469,248.264,32.80,6.04,219.00,1.1204,3.01,5.23,CROSSWIND
2,109.00,BV-2410 El Pla del Pèlag,362.00,2026-07-05 14:15:00+00:00,2026-07-05 14:29:00+00:00,840,54.484,249.706,32.30,6.04,219.00,1.1111,-3.80,4.69,CROSSWIND
2,110.20,Les Bassioles de Vallirana,408.00,2026-07-05 14:17:00+00:00,2026-07-05 14:30:00+00:00,780,54.212,250.098,32.10,6.04,219.00,1.1086,-4.43,4.11,TAILWIND
2,113.20,Les Casetes d'en Julià (BV-2410-N-340),271.00,2026-07-05 14:20:00+00:00,2026-07-05 14:34:00+00:00,840,53.574,250.978,33.70,5.97,220.00,1.1182,-5.95,0.45,TAILWIND
2,114.60,N-340 VALLIRANA,225.00,2026-07-05 14:22:00+00:00,2026-07-05 14:36:00+00:00,840,53.208,251.476,33.70,5.97,220.00,1.1181,-0.91,5.90,CROSSWIND
2,117.10,CERVELLÓ,153.00,2026-07-05 14:25:00+00:00,2026-07-05 14:39:00+00:00,840,52.654,252.215,34.40,5.97,220.00,1.1303,3.67,4.71,CROSSWIND
2,122.00,SANT VICENÇ DELS HORTS,46.00,2026-07-05 14:31:00+00:00,2026-07-05 14:46:00+00:00,900,51.449,253.775,34.80,5.50,207.00,1.1414,-4.27,3.46,TAILWIND
2,123.40,MOLINS DE REI,27.00,2026-07-05 14:33:00+00:00,2026-07-05 14:48:00+00:00,900,51.077,254.244,36.10,5.01,209.00,1.1394,-3.92,3.12,TAILWIND
2,125.60,SANT FELIU DE LLOBREGAT,27.00,2026-07-05 14:36:00+00:00,2026-07-05 14:51:00+00:00,900,50.520,254.947,35.00,5.50,207.00,1.1435,2.17,5.06,CROSSWIND
2,131.20,ESPLUGUES DE LLOBREGAT,106.00,2026-07-05 14:43:00+00:00,2026-07-05 14:58:00+00:00,900,49.217,256.558,33.40,4.96,199.00,1.1391,-0.82,4.89,CROSSWIND
2,132.80,L'HOSPITALET DE LLOBREGAT (N-340-VC-N-340),87.00,2026-07-05 14:45:00+00:00,2026-07-05 15:00:00+00:00,900,48.839,257.004,32.10,5.15,198.00,1.1448,-1.13,5.03,CROSSWIND
2,133.60,Passage à niveau : tramway.,65.00,2026-07-05 14:46:00+00:00,2026-07-05 15:02:00+00:00,960,48.559,257.331,32.20,5.15,198.00,1.1470,-1.37,4.96,CROSSWIND
2,134.90,BARCELONA (N-340-VC),49.00,2026-07-05 14:47:00+00:00,2026-07-05 15:03:00+00:00,960,48.365,257.554,32.30,5.15,198.00,1.1489,4.90,1.59,HEADWIND
2,137.50,Fontaines de Montjuïc - Entrée sur le circuit final,37.00,2026-07-05 14:51:00+00:00,2026-07-05 15:07:00+00:00,960,47.612,258.411,32.40,5.15,198.00,1.1504,3.76,3.52,HEADWIND
2,140.00,Passeig de Montjuïc (BARCELONA),16.00,2026-07-05 14:54:00+00:00,2026-07-05 15:11:00+00:00,1020,46.950,259.147,32.40,4.66,195.00,1.1531,4.62,0.64,HEADWIND
2,141.60,Côte du Château de Montjuïc,116.00,2026-07-05 14:52:00+00:00,2026-07-05 15:08:00+00:00,960,47.413,258.641,32.20,4.66,195.00,1.1492,4.49,1.25,HEADWIND
2,144.10,Stade Olympique - 1er passage sur la ligne d'arrivée,88.00,2026-07-05 14:55:00+00:00,2026-07-05 15:12:00+00:00,1020,46.781,259.352,32.10,4.66,195.00,1.1479,-3.58,2.99,TAILWIND
2,146.80,Passeig de la Zona Franca,19.00,2026-07-05 14:58:00+00:00,2026-07-05 15:15:00+00:00,1020,46.231,259.950,32.30,4.66,195.00,1.1515,4.50,1.21,HEADWIND
2,149.00,Polvori,59.00,2026-07-05 15:01:00+00:00,2026-07-05 15:19:00+00:00,1080,45.586,260.635,32.10,4.66,195.00,1.1487,-2.65,3.83,CROSSWIND
2,149.70,Fontaines de Montjuïc (BARCELONA),62.00,2026-07-05 15:02:00+00:00,2026-07-05 15:20:00+00:00,1080,45.398,260.827,32.10,4.66,195.00,1.1483,-0.97,4.56,CROSSWIND
2,153.80,Côte du Château de Montjuïc,103.00,2026-07-05 15:07:00+00:00,2026-07-05 15:25:00+00:00,1080,44.454,261.811,32.00,4.66,195.00,1.1467,4.57,0.94,HEADWIND
2,156.30,Stade Olympique - 2e passage sur la ligne d'arrivée,79.00,2026-07-05 15:10:00+00:00,2026-07-05 15:29:00+00:00,1140,43.817,262.472,32.00,4.66,195.00,1.1475,-2.73,3.78,CROSSWIND
2,166.00,Côte du Château de Montjuïc,91.00,2026-07-05 15:23:00+00:00,2026-07-05 15:42:00+00:00,1140,41.379,264.871,32.00,4.66,195.00,1.1467,2.88,3.67,CROSSWIND
2,168.50,BARCELONE - Stade Olympique,73.00,2026-07-05 15:26:00+00:00,2026-07-05 15:46:00+00:00,1200,40.737,265.492,32.00,4.66,195.00,1.1472,-3.81,2.69,TAILWIND
3,0.00,VC GRANOLLERS,186.00,2026-07-06 10:10:00+00:00,2026-07-06 10:10:00+00:00,0,60.874,122.401,34.20,3.50,178.00,1.1261,1.07,3.33,CROSSWIND
3,0.00,Corró d'Avall (VC-C-352) (LES FRANQUESES DEL VALLÈS),186.00,2026-07-06 10:14:00+00:00,2026-07-06 10:14:00+00:00,0,61.500,123.808,34.20,3.50,178.00,1.1261,1.07,3.33,CROSSWIND
3,0.00,C-352 CANOVELLES (C-352-C-1415b),186.00,2026-07-06 10:16:00+00:00,2026-07-06 10:16:00+00:00,0,61.809,124.530,34.20,3.50,178.00,1.1261,1.07,3.33,CROSSWIND
3,0.00,C-1415b GRANOLLERS,186.00,2026-07-06 10:20:00+00:00,2026-07-06 10:20:00+00:00,0,62.419,126.010,34.20,3.50,178.00,1.1261,1.07,3.33,CROSSWIND
3,1.20,LLIÇÀ D'AMUNT,147.00,2026-07-06 10:22:00+00:00,2026-07-06 10:22:00+00:00,0,62.713,126.754,34.50,3.50,178.00,1.1301,-0.39,3.48,CROSSWIND
3,2.90,Can Farell (près),204.00,2026-07-06 10:24:00+00:00,2026-07-06 10:24:00+00:00,0,62.998,127.511,34.20,3.50,178.00,1.1258,-1.02,3.35,CROSSWIND
3,4.90,SANTA EULÀLIA DE RONÇANA,263.00,2026-07-06 10:27:00+00:00,2026-07-06 10:27:00+00:00,0,63.425,128.669,33.90,3.47,168.00,1.1194,-2.64,2.25,TAILWIND
3,7.50,CALDES DE MONTBUI (près) (C-1415b-C-59),231.00,2026-07-06 10:30:00+00:00,2026-07-06 10:32:00+00:00,120,63.987,130.257,33.80,3.47,168.00,1.1186,-1.23,3.24,CROSSWIND
3,9.80,C-59 Els Saulons,289.00,2026-07-06 10:34:00+00:00,2026-07-06 10:35:00+00:00,60,64.466,131.704,33.90,3.47,168.00,1.1204,-3.46,0.19,TAILWIND
3,13.40,SANT FELIU DE CODINES,447.00,2026-07-06 10:41:00+00:00,2026-07-06 10:43:00+00:00,120,65.461,135.067,33.10,3.21,176.00,1.0997,-2.94,1.28,TAILWIND
3,17.20,Côte de Saint Feliu de Codines,620.00,2026-07-06 10:48:00+00:00,2026-07-06 10:51:00+00:00,180,66.400,138.643,32.00,3.21,176.00,1.0830,-2.14,2.39,CROSSWIND
3,18.30,Carrefour C-59-C-1413b,633.00,2026-07-06 10:49:00+00:00,2026-07-06 10:53:00+00:00,240,66.577,139.369,32.60,2.81,184.00,1.0801,-2.12,1.84,TAILWIND
3,20.50,C-1413b Les Clotes (près) (SANT QUIRZE SAFAJA),641.00,2026-07-06 10:52:00+00:00,2026-07-06 10:56:00+00:00,240,66.937,140.901,32.50,3.20,194.00,1.0775,-3.17,0.45,TAILWIND
3,30.90,Les Comes (près) (SANT MARTÍ DE CENTELLES),718.00,2026-07-06 11:06:00+00:00,2026-07-06 11:11:00+00:00,300,68.466,148.863,32.90,4.02,186.00,1.0679,-3.82,1.25,TAILWIND
3,34.40,CENTELLES,582.00,2026-07-06 11:10:00+00:00,2026-07-06 11:16:00+00:00,360,68.865,151.532,35.30,3.26,223.00,1.0752,-0.97,3.11,CROSSWIND
3,37.70,Els Hostalets de Balenyà (C-1413b-N-152a-VC) (BALENYÀ),535.00,2026-07-06 11:15:00+00:00,2026-07-06 11:21:00+00:00,360,69.272,154.606,34.30,3.28,218.00,1.0840,-2.49,2.14,TAILWIND
3,41.70,VC TONA (VC-BV-5303),596.00,2026-07-06 11:20:00+00:00,2026-07-06 11:27:00+00:00,420,69.654,158.076,35.60,2.31,252.00,1.0705,-1.10,2.03,CROSSWIND
3,43.20,BV-5303 Sant Miquel de Balenyà (BV-5303-BV-5305) (SEVA),586.00,2026-07-06 11:22:00+00:00,2026-07-06 11:29:00+00:00,420,69.792,159.388,35.80,2.31,252.00,1.0724,-2.17,0.80,TAILWIND
3,46.90,TARADELL (BV-5305-VC-B-520),612.00,2026-07-06 11:27:00+00:00,2026-07-06 11:34:00+00:00,420,70.081,162.727,34.80,3.11,264.00,1.0732,-1.71,2.60,CROSSWIND
3,51.10,B-520 SANTA EUGÈNIA DE BERGA,547.00,2026-07-06 11:33:00+00:00,2026-07-06 11:41:00+00:00,480,70.362,167.088,35.40,3.11,264.00,1.0827,2.24,2.16,HEADWIND
3,54.80,VIC (B-520-VC-B-522),476.00,2026-07-06 11:38:00+00:00,2026-07-06 11:46:00+00:00,480,70.513,170.443,36.80,2.41,265.00,1.0800,0.57,2.34,CROSSWIND
3,62.10,B-522 Granollers de la Plana (près) (GURB),467.00,2026-07-06 11:47:00+00:00,2026-07-06 11:57:00+00:00,600,70.654,177.429,36.30,1.12,243.00,1.0861,-0.94,0.61,LIGHT
3,64.10,MANLLEU (B-522-BV-5224),456.00,2026-07-06 11:50:00+00:00,2026-07-06 12:00:00+00:00,600,70.652,179.539,36.30,1.10,265.00,1.0865,-0.41,1.02,LIGHT
3,69.90,BV-5224 TORELLÓ (BV-5224-VC-BV-5226),550.00,2026-07-06 11:58:00+00:00,2026-07-06 12:08:00+00:00,600,70.547,185.031,36.40,0.58,211.00,1.0796,-0.57,0.11,LIGHT
3,73.50,BV-5226 Vila-seca (SANT VICENÇ DE TORELLÓ),524.00,2026-07-06 12:03:00+00:00,2026-07-06 12:13:00+00:00,600,70.424,188.400,36.20,0.58,211.00,1.0765,-0.57,0.13,LIGHT
3,74.90,Borgonyà (BV-5226-VC) (SANT VICENÇ DE TORELLÓ),523.00,2026-07-06 12:04:00+00:00,2026-07-06 12:15:00+00:00,660,70.371,189.414,36.20,0.58,211.00,1.0764,0.26,0.52,LIGHT
3,76.50,VC La Mambla (près) (ORÍS),535.00,2026-07-06 12:07:00+00:00,2026-07-06 12:18:00+00:00,660,70.264,191.414,36.10,0.58,211.00,1.0749,-0.47,0.34,LIGHT
3,78.00,Carrefour VC-C-17,542.00,2026-07-06 12:09:00+00:00,2026-07-06 12:20:00+00:00,660,70.174,192.735,35.80,0.58,211.00,1.0701,-0.26,0.52,LIGHT
3,79.30,C-17 Tunnel de Sant Quirze de Besora,579.00,2026-07-06 12:10:00+00:00,2026-07-06 12:22:00+00:00,720,70.104,193.704,35.40,2.31,162.00,1.0732,-2.22,0.64,TAILWIND
3,80.40,SANT QUIRZE DE BESORA (C-17-C-17z),563.00,2026-07-06 12:12:00+00:00,2026-07-06 12:23:00+00:00,660,70.029,194.675,35.70,1.60,184.00,1.0730,-1.06,1.20,LIGHT
3,81.50,C-17z MONTESQUIU (C-17z-C-17Z-C-17Z-C-17Z-C-17Z-C-17Z),584.00,2026-07-06 12:13:00+00:00,2026-07-06 12:25:00+00:00,720,69.950,195.644,35.50,1.51,188.00,1.0721,-1.32,0.73,LIGHT
3,83.20,Carrefour C-17z-C-17,593.00,2026-07-06 12:16:00+00:00,2026-07-06 12:28:00+00:00,720,69.776,197.595,34.50,1.51,188.00,1.0629,-1.49,0.21,LIGHT
3,84.70,C-17 Tunnel de la Farga de Bebié (LES LLOSSES),648.00,2026-07-06 12:18:00+00:00,2026-07-06 12:30:00+00:00,720,69.650,198.884,35.00,1.51,188.00,1.0706,-1.51,0.11,LIGHT
3,86.50,Tunnel de la Cúbia,646.00,2026-07-06 12:20:00+00:00,2026-07-06 12:32:00+00:00,720,69.512,200.124,34.70,2.28,165.00,1.0663,-2.26,0.31,TAILWIND
3,88.00,Tunnel de Terradelles,675.00,2026-07-06 12:22:00+00:00,2026-07-06 12:35:00+00:00,780,69.338,201.673,34.70,2.41,175.00,1.0675,-2.40,0.22,TAILWIND
3,91.70,RIPOLL (C-17-C-26-N-260),683.00,2026-07-06 12:27:00+00:00,2026-07-06 12:40:00+00:00,780,68.947,204.709,35.00,2.42,187.00,1.0638,-2.40,0.30,TAILWIND
3,97.30,N-260 CAMPDEVÀNOL (entrée),724.00,2026-07-06 12:34:00+00:00,2026-07-06 12:48:00+00:00,840,68.291,209.022,34.30,2.40,163.00,1.0581,-1.92,1.44,LIGHT
3,98.40,CAMPDEVÀNOL,743.00,2026-07-06 12:36:00+00:00,2026-07-06 12:50:00+00:00,840,68.100,210.150,34.20,2.40,163.00,1.0556,-2.39,0.16,TAILWIND
3,98.90,Colònia Molinou,753.00,2026-07-06 12:37:00+00:00,2026-07-06 12:51:00+00:00,840,68.002,210.709,34.00,2.40,163.00,1.0548,-2.34,0.52,TAILWIND
3,99.30,Colònia Pernau,757.00,2026-07-06 12:37:00+00:00,2026-07-06 12:51:00+00:00,840,67.999,210.706,34.00,2.40,163.00,1.0536,-2.39,0.21,TAILWIND
3,100.20,Colònia Herand,767.00,2026-07-06 12:38:00+00:00,2026-07-06 12:52:00+00:00,840,67.899,211.248,33.80,2.91,184.00,1.0532,-2.91,0.07,TAILWIND
3,107.00,RIBES DE FRESER,904.00,2026-07-06 12:47:00+00:00,2026-07-06 13:02:00+00:00,900,66.891,216.255,32.30,2.89,166.00,1.0309,-2.46,1.51,TAILWIND
3,114.40,PLANOLES,1173.31,2026-07-06 12:57:00+00:00,2026-07-06 13:13:00+00:00,960,65.694,221.331,31.60,3.20,129.00,1.0218,-0.30,3.19,CROSSWIND
3,115.30,Planès (N-260-GIV-4016),1203.69,2026-07-06 12:58:00+00:00,2026-07-06 13:15:00+00:00,1020,65.514,222.024,31.50,3.20,129.00,1.0169,0.63,3.14,CROSSWIND
3,118.10,GV-4016 Espinosa,1200.16,2026-07-06 13:02:00+00:00,2026-07-06 13:19:00+00:00,1020,65.023,223.822,31.30,3.20,129.00,1.0129,-3.02,1.05,TAILWIND
3,120.40,Fornells de la Muntanya,1305.57,2026-07-06 13:07:00+00:00,2026-07-06 13:24:00+00:00,1020,64.380,226.013,30.30,2.63,171.00,1.0006,1.59,2.10,CROSSWIND
3,123.40,TOSES (GIV-4016-VC),1401.82,2026-07-06 13:14:00+00:00,2026-07-06 13:32:00+00:00,1080,63.369,229.137,28.70,1.81,186.00,0.9902,0.72,1.66,LIGHT
3,127.70,Col de Toses,1796.51,2026-07-06 13:23:00+00:00,2026-07-06 13:43:00+00:00,1200,61.947,233.002,26.70,1.17,301.00,0.9728,1.00,0.60,LIGHT
3,131.80,LA MOLINA (GI-400-VC-GIV-4082),1759.04,2026-07-06 13:28:00+00:00,2026-07-06 13:49:00+00:00,1260,61.136,234.979,27.80,1.92,28.00,0.9796,0.55,1.84,LIGHT
3,132.80,GI-400 Tunnel de la Molina (GI-400-400-VC),1619.27,2026-07-06 13:29:00+00:00,2026-07-06 13:50:00+00:00,1260,60.988,235.328,28.10,0.78,320.00,0.9821,0.78,0.05,LIGHT
3,144.20,GV-4082 ALP (près) (GIV-4082-C-162),1198.44,2026-07-06 13:43:00+00:00,2026-07-06 14:05:00+00:00,1320,58.726,240.113,32.60,1.36,107.00,1.0233,-1.15,0.72,LIGHT
3,145.60,C-162 Escadarcs (près) (FONTANALS DE CERDANYA),1155.31,2026-07-06 13:45:00+00:00,2026-07-06 14:07:00+00:00,1320,58.396,240.735,32.80,2.62,162.00,1.0257,-2.46,0.90,TAILWIND
3,148.50,Queixans (près) (C-162-N-260) (FONTANALS DE CERDANYA),1112.51,2026-07-06 13:48:00+00:00,2026-07-06 14:10:00+00:00,1320,57.890,241.673,33.10,1.64,142.00,1.0225,-0.86,1.39,LIGHT
3,151.50,N-260 PUIGCERDÀ (N-260-N-152-N-154),1148.68,2026-07-06 13:52:00+00:00,2026-07-06 14:14:00+00:00,1320,57.214,242.878,33.30,5.80,89.00,1.0175,5.77,0.61,HEADWIND
3,156.20,N20 UR (N20-D618),1193.00,2026-07-06 13:57:00+00:00,2026-07-06 14:21:00+00:00,1440,56.200,244.596,32.20,5.20,91.00,1.0113,-1.93,4.83,CROSSWIND
3,158.90,D618 Villeneuve-des-Escaldes (ANGOUSTRINE-VILLENEUVE-DES-ESCALDES),1283.91,2026-07-06 14:01:00+00:00,2026-07-06 14:24:00+00:00,1380,55.595,245.587,31.20,5.53,96.00,1.0018,-1.65,5.28,CROSSWIND
3,159.80,Angoustrine (ANGOUSTRINE-VILLENEUVE-DES-ESCALDES),1332.41,2026-07-06 14:02:00+00:00,2026-07-06 14:25:00+00:00,1380,55.426,245.875,31.10,5.53,96.00,0.9999,1.95,5.18,CROSSWIND
3,165.80,TARGASONNE,1591.50,2026-07-06 14:12:00+00:00,2026-07-06 14:37:00+00:00,1500,53.522,248.843,27.80,4.50,90.00,0.9826,4.07,1.92,HEADWIND
3,167.80,Col de Fau (D618-D10 F),1632.80,2026-07-06 14:16:00+00:00,2026-07-06 14:42:00+00:00,1560,52.732,250.006,27.50,4.50,90.00,0.9770,2.52,3.73,CROSSWIND
3,168.40,D10 F ÉGAT,1648.91,2026-07-06 14:17:00+00:00,2026-07-06 14:43:00+00:00,1560,52.555,250.261,27.50,4.50,90.00,0.9756,3.16,3.21,CROSSWIND
3,169.80,FONT-ROMEU-ODEILLO-VIA (D10 F-D618),1720.93,2026-07-06 14:20:00+00:00,2026-07-06 14:46:00+00:00,1560,52.024,251.012,27.00,4.22,76.00,0.9707,3.44,2.44,HEADWIND
3,171.90,D618 L'Ermitage,1807.50,2026-07-06 14:24:00+00:00,2026-07-06 14:50:00+00:00,1560,51.314,251.985,26.00,4.24,75.00,0.9664,-1.84,3.82,CROSSWIND
3,172.30,Col du Calvaire,1829.91,2026-07-06 14:24:00+00:00,2026-07-06 14:51:00+00:00,1620,51.223,252.105,25.10,4.24,75.00,0.9704,3.88,1.72,HEADWIND
3,173.20,BOLQUÈRE,1799.50,2026-07-06 14:25:00+00:00,2026-07-06 14:52:00+00:00,1620,51.042,252.354,26.30,4.24,75.00,0.9712,4.05,1.25,HEADWIND
3,178.30,LA CABANASSE (D618-D118),1614.47,2026-07-06 14:32:00+00:00,2026-07-06 14:59:00+00:00,1620,49.772,254.036,28.10,2.83,82.00,0.9844,2.62,1.06,HEADWIND
3,180.30,D118 LA LLAGONNE,1631.91,2026-07-06 14:34:00+00:00,2026-07-06 15:02:00+00:00,1680,49.321,254.599,27.80,1.22,35.00,0.9829,1.18,0.31,LIGHT
3,184.00,Col de la Quillane,1711.46,2026-07-06 14:38:00+00:00,2026-07-06 15:06:00+00:00,1680,48.606,255.456,26.20,2.77,41.00,0.9802,1.09,2.54,CROSSWIND
3,187.30,Lac de Matemale,1550.43,2026-07-06 14:42:00+00:00,2026-07-06 15:11:00+00:00,1740,47.795,256.414,26.00,4.27,57.00,0.9989,2.56,3.42,CROSSWIND
3,188.90,MATEMALE (près) (D118-D52),1523.02,2026-07-06 14:44:00+00:00,2026-07-06 15:13:00+00:00,1740,47.437,256.831,27.80,4.27,57.00,0.9929,-1.90,3.82,CROSSWIND
3,191.20,D52 Carrefour D52-D32,1592.07,2026-07-06 14:47:00+00:00,2026-07-06 15:16:00+00:00,1740,46.916,257.452,27.40,3.75,46.00,0.9883,-1.62,3.38,CROSSWIND
3,192.00,D32 LES ANGLES (D32-VC) (entrée),1619.23,2026-07-06 14:48:00+00:00,2026-07-06 15:17:00+00:00,1740,46.742,257.662,27.80,3.75,46.00,0.9844,-3.72,0.45,TAILWIND
3,195.80,VC Pla del Mir,1792.10,2026-07-06 14:54:00+00:00,2026-07-06 15:23:00+00:00,1740,45.673,258.918,25.50,4.33,56.00,0.9722,-2.98,3.14,CROSSWIND
3,195.90,LES ANGLES,1797.76,2026-07-06 14:54:00+00:00,2026-07-06 15:23:00+00:00,1740,45.674,258.917,25.50,4.33,56.00,0.9715,-2.15,3.76,CROSSWIND
4,0.00,VC CARCASSONNE,99.48,2026-07-07 11:10:00+00:00,2026-07-07 11:10:00+00:00,0,67.323,151.988,37.00,2.91,63.00,1.1263,1.68,2.38,CROSSWIND
4,0.00,D6113 TRÈBES (D6113-D3),99.48,2026-07-07 11:24:00+00:00,2026-07-07 11:24:00+00:00,0,68.359,160.112,37.00,2.91,63.00,1.1263,1.68,2.38,CROSSWIND
4,0.00,D3 CARCASSONNE,99.48,2026-07-07 11:25:00+00:00,2026-07-07 11:25:00+00:00,0,68.420,160.716,37.00,2.91,63.00,1.1263,1.68,2.38,CROSSWIND
4,0.00,Carrefour VC-D6161,99.48,2026-07-07 11:17:00+00:00,2026-07-07 11:18:00+00:00,60,67.919,156.258,37.00,2.91,63.00,1.1263,1.68,2.38,CROSSWIND
4,0.00,La Cité,99.48,2026-07-07 11:16:00+00:00,2026-07-07 11:17:00+00:00,60,67.845,155.678,37.00,2.91,63.00,1.1263,1.68,2.38,CROSSWIND
4,0.00,D6161 Carrefour D6161-D6113,99.48,2026-07-07 11:19:00+00:00,2026-07-07 11:20:00+00:00,60,68.062,157.430,37.00,2.91,63.00,1.1263,1.68,2.38,CROSSWIND
4,1.70,FONTIÈS D'AUDE,109.26,2026-07-07 11:27:00+00:00,2026-07-07 11:27:00+00:00,0,68.549,161.964,36.90,2.73,66.00,1.1255,-0.06,2.73,CROSSWIND
4,4.60,Col de Bouc,146.47,2026-07-07 11:30:00+00:00,2026-07-07 11:31:00+00:00,60,68.761,164.135,36.70,2.77,49.00,1.1189,0.23,2.76,CROSSWIND
4,6.00,MONZE,140.28,2026-07-07 11:32:00+00:00,2026-07-07 11:33:00+00:00,60,68.866,165.378,36.40,2.15,62.00,1.1227,0.42,2.11,CROSSWIND
4,8.30,Carbonac,168.85,2026-07-07 11:35:00+00:00,2026-07-07 11:36:00+00:00,60,69.006,167.325,36.10,1.80,90.00,1.1202,1.79,0.14,LIGHT
4,10.70,Pradelles-en-Val (VAL-DE-DAGNE),196.57,2026-07-07 11:38:00+00:00,2026-07-07 11:39:00+00:00,60,69.123,169.303,36.00,1.75,121.00,1.1189,1.70,0.40,LIGHT
4,17.40,La Bedosse (près) (SERVIÈS-EN-VAL),191.66,2026-07-07 11:46:00+00:00,2026-07-07 11:48:00+00:00,120,69.387,174.858,36.20,1.71,97.00,1.1195,1.07,1.34,LIGHT
4,19.30,Villemagne (LAGRASSE),175.37,2026-07-07 11:48:00+00:00,2026-07-07 11:50:00+00:00,120,69.423,176.215,36.50,1.56,130.00,1.1205,1.20,1.00,LIGHT
4,26.30,Moulin de Boysede (LAGRASSE),118.29,2026-07-07 11:56:00+00:00,2026-07-07 11:59:00+00:00,180,69.445,181.947,36.40,1.66,123.00,1.1246,1.61,0.41,LIGHT
4,31.00,Carrefour D3-D23,141.54,2026-07-07 12:02:00+00:00,2026-07-07 12:05:00+00:00,180,69.395,185.894,37.60,1.81,96.00,1.1189,1.80,0.15,LIGHT
4,33.10,Forodonos (SAINT-PIERRE-DES-CHAMPS),189.31,2026-07-07 12:05:00+00:00,2026-07-07 12:08:00+00:00,180,69.338,187.894,37.00,2.01,84.00,1.1128,0.86,1.82,LIGHT
4,36.60,Carrefour D23-D613,290.95,2026-07-07 12:09:00+00:00,2026-07-07 12:13:00+00:00,240,69.226,190.859,36.20,2.37,118.00,1.1025,2.14,1.02,HEADWIND
4,38.60,D613 Bouttes (TALAIRAN),348.17,2026-07-07 12:11:00+00:00,2026-07-07 12:15:00+00:00,240,69.166,192.144,35.80,2.37,118.00,1.0978,0.57,2.30,CROSSWIND
4,40.30,Col de Villerouge,393.47,2026-07-07 12:13:00+00:00,2026-07-07 12:17:00+00:00,240,69.096,193.421,35.70,1.89,148.00,1.0985,1.22,1.44,LIGHT
4,41.50,VILLEROUGE-TERMENÈS,351.88,2026-07-07 12:15:00+00:00,2026-07-07 12:19:00+00:00,240,69.015,194.665,36.10,1.89,148.00,1.1021,-0.37,1.85,LIGHT
4,43.40,Col de la Tranchée,365.70,2026-07-07 12:17:00+00:00,2026-07-07 12:22:00+00:00,300,68.908,196.220,36.20,1.89,148.00,1.1011,0.77,1.72,LIGHT
4,44.20,FÉLINES TERMENÈS,341.26,2026-07-07 12:18:00+00:00,2026-07-07 12:23:00+00:00,300,68.862,196.833,36.20,2.44,145.00,1.0991,-0.76,2.32,CROSSWIND
4,48.20,Col de Bedos,479.46,2026-07-07 12:25:00+00:00,2026-07-07 12:31:00+00:00,360,68.438,201.370,35.60,2.19,137.00,1.0915,0.08,2.19,CROSSWIND
4,50.60,LAROQUE DE FA,445.02,2026-07-07 12:28:00+00:00,2026-07-07 12:34:00+00:00,360,68.240,203.124,35.00,2.22,144.00,1.0882,1.18,1.88,LIGHT
4,53.40,Col des Fourches,556.12,2026-07-07 12:31:00+00:00,2026-07-07 12:37:00+00:00,360,68.026,204.814,35.00,0.92,167.00,1.0819,0.00,0.92,LIGHT
4,54.30,MOUTHOUMET,547.20,2026-07-07 12:32:00+00:00,2026-07-07 12:38:00+00:00,360,67.954,205.377,35.20,0.92,167.00,1.0836,-0.16,0.91,LIGHT
4,58.10,Le Pont d'Orbieu (LANET),381.69,2026-07-07 12:36:00+00:00,2026-07-07 12:43:00+00:00,420,67.598,207.869,36.50,1.04,107.00,1.0941,0.65,0.81,LIGHT
4,61.20,ALBIÈRES (près),464.48,2026-07-07 12:42:00+00:00,2026-07-07 12:49:00+00:00,420,67.075,211.138,35.60,2.45,102.00,1.0816,-2.25,0.96,TAILWIND
4,64.90,Col du Paradis,615.79,2026-07-07 12:48:00+00:00,2026-07-07 12:57:00+00:00,540,66.391,214.748,35.60,2.32,263.00,1.0710,2.23,0.66,HEADWIND
4,70.80,ARQUES,360.05,2026-07-07 12:56:00+00:00,2026-07-07 13:04:00+00:00,480,65.590,218.388,38.50,3.32,263.00,1.0898,3.28,0.51,HEADWIND
4,73.30,La Parade,339.09,2026-07-07 12:59:00+00:00,2026-07-07 13:08:00+00:00,540,65.200,220.025,38.50,2.89,284.00,1.0916,2.89,0.15,HEADWIND
4,73.80,Pébrières (PEYROLLES),327.50,2026-07-07 12:59:00+00:00,2026-07-07 13:08:00+00:00,540,65.202,220.017,38.70,2.89,284.00,1.0945,1.72,2.33,CROSSWIND
4,74.50,Les Pontils (PEYROLLES),310.02,2026-07-07 13:00:00+00:00,2026-07-07 13:09:00+00:00,540,65.085,220.472,39.00,2.89,284.00,1.0952,2.80,0.70,HEADWIND
4,76.10,SERRES,274.89,2026-07-07 13:02:00+00:00,2026-07-07 13:11:00+00:00,540,64.856,221.381,39.30,2.84,309.00,1.0972,2.26,1.72,HEADWIND
4,77.30,Pachevan (près) (CASSAIGNES),264.51,2026-07-07 13:03:00+00:00,2026-07-07 13:13:00+00:00,600,64.682,222.056,38.90,3.26,310.00,1.0981,2.17,2.43,CROSSWIND
4,80.50,COUSTAUSSA (près),243.73,2026-07-07 13:07:00+00:00,2026-07-07 13:17:00+00:00,600,64.203,223.802,38.90,2.77,334.00,1.0996,0.14,2.77,CROSSWIND
4,82.00,COUIZA (D613-D118),233.44,2026-07-07 13:09:00+00:00,2026-07-07 13:19:00+00:00,600,63.953,224.650,39.10,2.77,334.00,1.1009,0.91,2.62,CROSSWIND
4,85.40,ESPÉRAZA,246.54,2026-07-07 13:13:00+00:00,2026-07-07 13:23:00+00:00,600,63.455,226.327,39.50,2.50,323.00,1.1005,0.24,2.49,CROSSWIND
4,86.30,D118 La Roquette,257.54,2026-07-07 13:14:00+00:00,2026-07-07 13:25:00+00:00,660,63.262,226.945,39.30,2.50,323.00,1.0981,-2.26,1.06,TAILWIND
4,86.80,Campagne-les-Bains,252.83,2026-07-07 13:15:00+00:00,2026-07-07 13:25:00+00:00,600,63.199,227.159,39.10,2.50,323.00,1.1003,-0.89,2.33,CROSSWIND
4,87.00,CAMPAGNE SUR AUDE,251.04,2026-07-07 13:15:00+00:00,2026-07-07 13:26:00+00:00,660,63.134,227.367,39.10,2.50,323.00,1.1000,-1.16,2.21,CROSSWIND
4,91.60,QUILLAN (D118-D117) (entrée),278.65,2026-07-07 13:20:00+00:00,2026-07-07 13:31:00+00:00,660,62.481,229.401,38.90,2.16,13.00,1.0971,-0.70,2.04,CROSSWIND
4,93.40,QUILLAN,281.10,2026-07-07 13:23:00+00:00,2026-07-07 13:34:00+00:00,660,62.073,230.600,39.30,2.24,10.00,1.0961,-2.24,0.05,TAILWIND
4,96.80,GINOLES (près),453.11,2026-07-07 13:29:00+00:00,2026-07-07 13:41:00+00:00,720,61.155,233.034,37.50,2.12,8.00,1.0796,-1.77,1.17,LIGHT
4,99.20,Col du Portel (près) (D117-D59),589.15,2026-07-07 13:33:00+00:00,2026-07-07 13:46:00+00:00,780,60.489,234.656,36.50,2.12,8.00,1.0685,0.51,2.06,CROSSWIND
4,100.30,D59 Carrefour D59-D613,655.28,2026-07-07 13:35:00+00:00,2026-07-07 13:48:00+00:00,780,60.194,235.361,35.40,2.12,8.00,1.0619,1.74,1.21,LIGHT
4,104.10,D613 COUDONS,844.71,2026-07-07 13:42:00+00:00,2026-07-07 13:56:00+00:00,840,59.069,237.910,33.50,3.36,330.00,1.0492,-0.97,3.22,CROSSWIND
4,104.90,Col de Coudons,874.90,2026-07-07 13:44:00+00:00,2026-07-07 13:58:00+00:00,840,58.761,238.556,33.40,3.36,330.00,1.0475,1.60,2.96,CROSSWIND
4,108.40,Lapeyre (BELVIS),884.89,2026-07-07 13:48:00+00:00,2026-07-07 14:02:00+00:00,840,58.156,239.845,33.90,3.16,325.00,1.0447,-1.86,2.56,CROSSWIND
4,116.00,ESPEZEL,896.28,2026-07-07 13:57:00+00:00,2026-07-07 14:12:00+00:00,900,56.685,242.705,33.60,4.65,341.00,1.0452,-3.98,2.41,TAILWIND
4,118.00,D829 ROQUEFEUIL (près) (D613-D29),916.22,2026-07-07 13:59:00+00:00,2026-07-07 14:15:00+00:00,960,56.287,243.415,33.40,4.24,352.00,1.0435,1.07,4.10,CROSSWIND
4,120.30,D29 Hameau de Larémassadou,878.01,2026-07-07 14:02:00+00:00,2026-07-07 14:18:00+00:00,960,55.789,244.250,33.80,4.54,346.00,1.0472,4.22,1.66,HEADWIND
4,125.40,D16 Col de la Croix des Morts,898.29,2026-07-07 14:08:00+00:00,2026-07-07 14:25:00+00:00,1020,54.714,246.011,33.40,2.91,344.00,1.0471,1.46,2.52,CROSSWIND
4,132.20,BÉLESTA (D16-D9),506.53,2026-07-07 14:17:00+00:00,2026-07-07 14:33:00+00:00,960,53.297,248.222,36.90,2.73,352.00,1.0788,2.19,1.63,HEADWIND
4,133.50,D9 Fontaine de Fontestorbes,508.89,2026-07-07 14:18:00+00:00,2026-07-07 14:35:00+00:00,1020,53.051,248.611,36.50,2.73,352.00,1.0774,-2.73,0.08,TAILWIND
4,134.30,La Barraque,516.63,2026-07-07 14:19:00+00:00,2026-07-07 14:36:00+00:00,1020,52.887,248.864,36.50,2.73,352.00,1.0770,0.17,2.72,CROSSWIND
4,135.20,FOUGAX-ET-BARRINEUF,530.12,2026-07-07 14:20:00+00:00,2026-07-07 14:38:00+00:00,1080,52.638,249.241,36.60,2.73,352.00,1.0760,-0.81,2.61,CROSSWIND
4,137.90,Plaine Saint-Nicolas,563.96,2026-07-07 14:24:00+00:00,2026-07-07 14:42:00+00:00,1080,51.968,250.224,36.00,2.61,356.00,1.0697,2.25,1.32,HEADWIND
4,141.70,Serrelongue (près) (BÉNAIX),691.99,2026-07-07 14:30:00+00:00,2026-07-07 14:49:00+00:00,1140,50.868,251.788,34.30,3.32,339.00,1.0583,2.13,2.55,CROSSWIND
4,144.90,MONTSÉGUR,897.98,2026-07-07 14:37:00+00:00,2026-07-07 14:56:00+00:00,1140,49.652,253.436,32.40,3.00,358.00,1.0350,2.64,1.43,HEADWIND
4,146.70,Col de Montségur,1049.23,2026-07-07 14:41:00+00:00,2026-07-07 15:01:00+00:00,1200,48.866,254.449,32.70,3.00,358.00,1.0391,-1.15,2.77,CROSSWIND
4,150.90,MONTFERRIER,708.05,2026-07-07 14:46:00+00:00,2026-07-07 15:06:00+00:00,1200,47.992,255.525,35.20,2.60,358.00,1.0649,2.51,0.69,HEADWIND
4,153.10,VILLENEUVE-D'OLMES,620.11,2026-07-07 14:48:00+00:00,2026-07-07 15:09:00+00:00,1260,47.530,256.083,35.60,2.39,327.00,1.0701,0.02,2.39,CROSSWIND
4,155.20,Les Chaubets (D9-D117),586.03,2026-07-07 14:51:00+00:00,2026-07-07 15:12:00+00:00,1260,46.982,256.730,36.60,2.69,338.00,1.0727,2.50,0.99,HEADWIND
4,156.00,D117 LAVELANET (D117-VC-D10),567.74,2026-07-07 14:52:00+00:00,2026-07-07 15:13:00+00:00,1260,46.798,256.945,37.20,3.16,342.00,1.0735,1.50,2.78,CROSSWIND
4,160.30,D10 RAISSAC,580.44,2026-07-07 14:57:00+00:00,2026-07-07 15:19:00+00:00,1320,45.836,258.066,35.70,3.01,339.00,1.0745,1.70,2.48,CROSSWIND
4,162.80,Tanière,513.91,2026-07-07 15:00:00+00:00,2026-07-07 15:22:00+00:00,1320,45.313,258.662,36.40,3.20,360.00,1.0818,2.68,1.75,HEADWIND
4,164.40,ILHAT (près),455.62,2026-07-07 15:02:00+00:00,2026-07-07 15:24:00+00:00,1320,44.962,259.055,37.30,2.42,336.00,1.0836,2.12,1.17,HEADWIND
4,164.70,Rapy (D10-D1),446.38,2026-07-07 15:02:00+00:00,2026-07-07 15:24:00+00:00,1320,44.964,259.053,37.20,2.42,336.00,1.0820,2.38,0.44,HEADWIND
4,166.50,Le Carol (ROQUEFORT-LES-CASCADES),478.41,2026-07-07 15:04:00+00:00,2026-07-07 15:27:00+00:00,1380,44.526,259.544,36.50,2.22,352.00,1.0799,-2.20,0.31,TAILWIND
4,169.40,Le Pradet (ROQUEFORT-LES-CASCADES),544.40,2026-07-07 15:08:00+00:00,2026-07-07 15:30:00+00:00,1320,43.916,260.221,36.30,2.44,341.00,1.0752,-0.08,2.44,CROSSWIND
4,173.20,Le Sabarthès (L'HERM),511.84,2026-07-07 15:12:00+00:00,2026-07-07 15:35:00+00:00,1380,43.131,261.075,37.00,2.28,337.00,1.0766,1.27,1.90,LIGHT
4,176.90,Le Général (ARABAUX),427.94,2026-07-07 15:17:00+00:00,2026-07-07 15:40:00+00:00,1380,42.254,262.019,37.30,3.09,331.00,1.0837,2.71,1.49,HEADWIND
4,178.10,Le Barbié (ARABAUX),401.71,2026-07-07 15:18:00+00:00,2026-07-07 15:42:00+00:00,1440,41.991,262.303,37.90,3.28,348.00,1.0871,1.60,2.86,CROSSWIND
4,179.80,FOIX (D1-D919-D117) (entrée),415.35,2026-07-07 15:20:00+00:00,2026-07-07 15:44:00+00:00,1440,41.641,262.668,37.70,3.28,348.00,1.0860,0.79,3.18,CROSSWIND
4,181.90,D117 FOIX,386.09,2026-07-07 15:23:00+00:00,2026-07-07 15:47:00+00:00,1440,41.103,263.246,38.60,3.24,351.00,1.0858,-0.03,3.24,CROSSWIND
5,0.00,D929 Passage à niveau N° 125.,593.11,2026-07-08 12:12:00+00:00,2026-07-08 12:12:00+00:00,0,69.232,185.574,30.90,3.54,8.00,1.0838,3.44,0.83,HEADWIND
5,0.00,VC LANNEMEZAN (VC-D939-D817-D10),593.11,2026-07-08 12:05:00+00:00,2026-07-08 12:05:00+00:00,0,69.306,181.009,30.90,3.54,8.00,1.0838,3.44,0.83,HEADWIND
5,0.00,D10 Passage à niveau N° 126.,593.11,2026-07-08 12:10:00+00:00,2026-07-08 12:10:00+00:00,0,69.263,184.273,30.90,3.54,8.00,1.0838,3.44,0.83,HEADWIND
5,0.00,Carrefour D10-D929,593.11,2026-07-08 12:11:00+00:00,2026-07-08 12:11:00+00:00,0,69.249,184.924,30.90,3.54,8.00,1.0838,3.44,0.83,HEADWIND
5,0.00,LANNEMEZAN,593.11,2026-07-08 12:15:00+00:00,2026-07-08 12:15:00+00:00,0,69.169,187.518,30.90,3.54,8.00,1.0838,3.44,0.83,HEADWIND
5,1.00,UGLAS (près),575.70,2026-07-08 12:16:00+00:00,2026-07-08 12:16:00+00:00,0,69.134,188.173,30.70,3.54,8.00,1.0862,3.45,0.79,HEADWIND
5,1.80,Bordes Plégades (RÉJAUMONT),567.56,2026-07-08 12:17:00+00:00,2026-07-08 12:17:00+00:00,0,69.099,188.824,31.10,3.52,353.00,1.0860,3.11,1.65,HEADWIND
5,6.10,TAJAN (près),533.05,2026-07-08 12:23:00+00:00,2026-07-08 12:23:00+00:00,0,68.852,192.682,30.00,2.38,15.00,1.0954,2.37,0.23,HEADWIND
5,9.30,MONLONG,456.38,2026-07-08 12:27:00+00:00,2026-07-08 12:28:00+00:00,60,68.624,195.532,30.70,2.38,15.00,1.1076,2.18,0.95,HEADWIND
5,11.50,La Plaine,374.81,2026-07-08 12:30:00+00:00,2026-07-08 12:31:00+00:00,60,68.449,197.405,30.70,2.24,10.00,1.1134,2.06,0.89,HEADWIND
5,12.80,GAUSSAN (près),356.70,2026-07-08 12:31:00+00:00,2026-07-08 12:33:00+00:00,120,68.353,198.333,30.80,2.11,5.00,1.1149,1.86,1.00,LIGHT
5,13.40,La Bourie (LARAN),350.42,2026-07-08 12:32:00+00:00,2026-07-08 12:34:00+00:00,120,68.289,198.945,30.90,2.11,5.00,1.1157,1.86,1.00,LIGHT
5,14.80,Le Goua (près) (MONLÉON-MAGNOAC),329.78,2026-07-08 12:34:00+00:00,2026-07-08 12:36:00+00:00,120,68.153,200.147,31.00,2.11,5.00,1.1178,2.06,0.44,HEADWIND
5,16.40,Cantaou (CIZOS),311.84,2026-07-08 12:36:00+00:00,2026-07-08 12:38:00+00:00,120,68.007,201.336,31.10,2.00,360.00,1.1173,1.93,0.52,LIGHT
5,20.30,CASTELNAU-MAGNOAC (D929-D632),315.47,2026-07-08 12:41:00+00:00,2026-07-08 12:43:00+00:00,120,67.636,204.205,31.10,2.00,357.00,1.1172,1.92,0.57,LIGHT
5,22.20,D632 Lac du Magnoac (LARROQUE),322.36,2026-07-08 12:43:00+00:00,2026-07-08 12:46:00+00:00,180,67.446,205.587,31.10,2.01,354.00,1.1193,1.68,1.11,LIGHT
5,24.40,PUNTOUS,300.15,2026-07-08 12:46:00+00:00,2026-07-08 12:49:00+00:00,180,67.210,207.234,31.10,2.10,357.00,1.1212,1.06,1.81,LIGHT
5,25.90,La Rivière,289.68,2026-07-08 12:48:00+00:00,2026-07-08 12:51:00+00:00,180,67.044,208.302,30.80,2.10,357.00,1.1201,0.35,2.07,CROSSWIND
5,29.80,Lac de Puydarrieux (près) (PUYDARRIEUX),274.60,2026-07-08 12:53:00+00:00,2026-07-08 12:56:00+00:00,180,66.609,210.919,30.80,2.00,360.00,1.1177,0.24,1.99,LIGHT
5,35.10,TRIE-SUR-BAÏSE (D632-D939),239.30,2026-07-08 13:00:00+00:00,2026-07-08 13:04:00+00:00,240,65.860,214.713,32.80,2.43,9.00,1.1187,0.47,2.38,CROSSWIND
5,37.70,D939 Montine (près) (FONTRAILLES),228.96,2026-07-08 13:03:00+00:00,2026-07-08 13:08:00+00:00,300,65.464,216.439,32.80,2.42,7.00,1.1201,2.42,0.08,HEADWIND
5,40.10,Montagnan (BARCUGNAN),223.13,2026-07-08 13:06:00+00:00,2026-07-08 13:11:00+00:00,300,65.113,217.876,32.90,2.31,5.00,1.1215,2.29,0.29,HEADWIND
5,41.60,Tire-Houec (près) (MANAS-BASTANOUS),217.06,2026-07-08 13:08:00+00:00,2026-07-08 13:13:00+00:00,300,64.874,218.818,33.00,2.10,3.00,1.1219,2.08,0.28,HEADWIND
5,42.70,La Carrère (BARCUGNAN),209.87,2026-07-08 13:09:00+00:00,2026-07-08 13:14:00+00:00,300,64.749,219.277,33.00,2.10,3.00,1.1216,2.09,0.23,HEADWIND
5,48.10,SAINT-MICHEL,181.32,2026-07-08 13:16:00+00:00,2026-07-08 13:22:00+00:00,360,63.813,222.673,33.20,2.10,357.00,1.1256,0.00,2.10,CROSSWIND
5,54.60,BERDOUES,162.96,2026-07-08 13:25:00+00:00,2026-07-08 13:31:00+00:00,360,62.626,226.422,33.20,1.60,356.00,1.1269,1.58,0.26,LIGHT
5,57.80,MIRANDE (D939-D1021-D137),164.87,2026-07-08 13:29:00+00:00,2026-07-08 13:36:00+00:00,420,62.011,228.212,33.20,1.50,360.00,1.1246,1.46,0.32,LIGHT
5,62.80,D137 Le Couy (ESTIPOUY),205.70,2026-07-08 13:35:00+00:00,2026-07-08 13:43:00+00:00,480,61.132,230.645,32.70,1.51,352.00,1.1199,0.85,1.25,LIGHT
5,69.50,MONTESQUIOU (D137-D943),210.87,2026-07-08 13:44:00+00:00,2026-07-08 13:52:00+00:00,480,59.859,233.839,32.70,1.43,348.00,1.1229,1.41,0.25,LIGHT
5,76.80,D943 BASSOUES (D943-VC-D943),180.05,2026-07-08 13:53:00+00:00,2026-07-08 14:02:00+00:00,540,58.486,237.038,32.20,1.40,356.00,1.1189,-1.18,0.75,LIGHT
5,82.60,MASCARAS,274.85,2026-07-08 14:00:00+00:00,2026-07-08 14:10:00+00:00,600,57.354,239.499,33.60,1.75,347.00,1.1146,-1.58,0.75,LIGHT
5,84.10,La Gravette (SAINT-CHRISTAUD) (près),275.98,2026-07-08 14:02:00+00:00,2026-07-08 14:12:00+00:00,600,57.053,240.117,33.40,1.92,332.00,1.1164,-0.25,1.90,LIGHT
5,86.20,LAVERAËT,238.82,2026-07-08 14:05:00+00:00,2026-07-08 14:15:00+00:00,600,56.593,241.021,33.80,1.84,331.00,1.1232,-0.52,1.77,LIGHT
5,90.80,MARCIAC (D943-D3-D3 B-D943),151.35,2026-07-08 14:11:00+00:00,2026-07-08 14:22:00+00:00,660,55.584,242.915,33.50,1.70,332.00,1.1246,0.22,1.69,LIGHT
5,97.40,ARMENTIEUX (près),161.44,2026-07-08 14:19:00+00:00,2026-07-08 14:31:00+00:00,720,54.246,245.282,33.10,1.46,344.00,1.1190,-0.15,1.45,LIGHT
5,98.50,Tucoulet (près) (AURIÉBAT),178.50,2026-07-08 14:21:00+00:00,2026-07-08 14:32:00+00:00,660,54.006,245.700,33.50,1.46,344.00,1.1237,-0.69,1.29,LIGHT
5,103.10,MAUBOURGUET (D943-D835-D935),174.98,2026-07-08 14:27:00+00:00,2026-07-08 14:39:00+00:00,720,52.960,247.447,33.40,1.24,346.00,1.1243,-0.03,1.24,LIGHT
5,109.50,D935 NOUILHAN,194.76,2026-07-08 14:35:00+00:00,2026-07-08 14:48:00+00:00,780,51.534,249.731,33.50,1.34,333.00,1.1201,-1.30,0.33,LIGHT
5,112.90,VIC-EN-BIGORRE (D935-D835-D6) (entrée),208.66,2026-07-08 14:39:00+00:00,2026-07-08 14:52:00+00:00,780,50.866,250.726,33.30,1.24,346.00,1.1199,-1.21,0.28,LIGHT
5,113.50,D835 VIC-EN-BIGORRE,211.40,2026-07-08 14:40:00+00:00,2026-07-08 14:53:00+00:00,780,50.698,250.962,33.40,1.17,340.00,1.1196,-0.40,1.10,LIGHT
5,118.70,D6 SANOUS (près),218.05,2026-07-08 14:46:00+00:00,2026-07-08 15:00:00+00:00,840,49.617,252.487,32.70,0.76,337.00,1.1078,0.02,0.76,LIGHT
5,119.90,D7 CASTEIDE-DOAT,236.36,2026-07-08 14:48:00+00:00,2026-07-08 15:02:00+00:00,840,49.279,252.949,32.40,0.81,330.00,1.1082,0.11,0.80,LIGHT
5,122.20,LAMAYOU (près),336.38,2026-07-08 14:51:00+00:00,2026-07-08 15:05:00+00:00,840,48.772,253.622,32.80,0.67,333.00,1.1137,0.11,0.66,LIGHT
5,125.00,Viellepinte (près) (PONTIACQ-VIELLEPINTE),260.75,2026-07-08 14:55:00+00:00,2026-07-08 15:09:00+00:00,840,48.093,254.508,33.50,2.01,63.00,1.1039,-1.83,0.83,LIGHT
5,127.10,MAURE (près),323.00,2026-07-08 14:57:00+00:00,2026-07-08 15:12:00+00:00,900,47.669,255.049,33.60,2.01,63.00,1.1050,-1.47,1.37,LIGHT
5,128.90,Castelnau (près) (MOMY),348.76,2026-07-08 14:59:00+00:00,2026-07-08 15:15:00+00:00,960,47.239,255.588,34.10,1.88,65.00,1.1132,-1.41,1.24,LIGHT
5,131.40,BALEIX,252.70,2026-07-08 15:03:00+00:00,2026-07-08 15:18:00+00:00,900,46.640,256.331,33.40,1.88,65.00,1.1039,-1.63,0.93,LIGHT
5,132.70,Côte de Baleix,332.03,2026-07-08 15:04:00+00:00,2026-07-08 15:20:00+00:00,960,46.386,256.646,33.20,1.75,66.00,1.1040,-1.53,0.84,LIGHT
5,138.20,GABASTON,287.66,2026-07-08 15:11:00+00:00,2026-07-08 15:28:00+00:00,1020,45.098,258.202,33.30,1.66,65.00,1.1082,-1.66,0.02,LIGHT
5,141.40,SAINT-JAMMES (D7-D943),300.67,2026-07-08 15:15:00+00:00,2026-07-08 15:32:00+00:00,1020,44.409,259.008,33.20,1.57,63.00,1.1097,-1.36,0.78,LIGHT
5,143.40,D943 MORLAÀS,286.19,2026-07-08 15:18:00+00:00,2026-07-08 15:35:00+00:00,1020,43.879,259.628,33.30,1.62,68.00,1.1099,-1.47,0.67,LIGHT
5,146.60,Quartier Haute-Vue,326.80,2026-07-08 15:22:00+00:00,2026-07-08 15:40:00+00:00,1080,43.092,260.523,32.90,1.62,68.00,1.1065,-1.46,0.71,LIGHT
5,148.70,Quartier Berlanne,243.85,2026-07-08 15:25:00+00:00,2026-07-08 15:42:00+00:00,1020,42.653,261.017,33.40,1.52,67.00,1.1154,-1.51,0.15,LIGHT
5,150.40,PAU (D943-VC) (entrée),243.07,2026-07-08 15:27:00+00:00,2026-07-08 15:45:00+00:00,1080,42.217,261.503,33.40,1.52,67.00,1.1156,-1.51,0.20,LIGHT
5,158.30,VC PAU,204.33,2026-07-08 15:37:00+00:00,2026-07-08 15:56:00+00:00,1140,40.376,263.486,33.70,1.57,63.00,1.1184,-0.52,1.48,LIGHT
6,0.00,D802 PAU,183.17,2026-07-09 10:40:00+00:00,2026-07-09 10:40:00+00:00,0,62.404,132.483,28.10,1.20,42.00,1.1369,1.17,0.24,LIGHT
6,0.00,VC PAU,183.17,2026-07-09 10:25:00+00:00,2026-07-09 10:25:00+00:00,0,60.302,126.724,28.10,1.20,42.00,1.1369,1.17,0.24,LIGHT
6,0.00,GELOS,183.17,2026-07-09 10:36:00+00:00,2026-07-09 10:37:00+00:00,60,61.930,131.079,28.10,1.20,42.00,1.1369,1.17,0.24,LIGHT
6,0.00,PAU (VC-D37),183.17,2026-07-09 10:35:00+00:00,2026-07-09 10:35:00+00:00,0,61.723,130.489,28.10,1.20,42.00,1.1369,1.17,0.24,LIGHT
6,0.00,JURANÇON,183.17,2026-07-09 10:34:00+00:00,2026-07-09 10:35:00+00:00,60,61.654,130.294,28.10,1.20,42.00,1.1369,1.17,0.24,LIGHT
6,0.00,D37 Passage à niveau N° 3.,183.17,2026-07-09 10:36:00+00:00,2026-07-09 10:36:00+00:00,0,61.861,130.882,28.10,1.20,42.00,1.1369,1.17,0.24,LIGHT
6,0.00,MAZÈRES-LEZONS (D37-D802),183.17,2026-07-09 10:39:00+00:00,2026-07-09 10:39:00+00:00,0,62.270,132.078,28.10,1.20,42.00,1.1369,1.17,0.24,LIGHT
6,0.90,BIZANOS (près),195.97,2026-07-09 10:41:00+00:00,2026-07-09 10:41:00+00:00,0,62.541,132.909,28.00,1.20,42.00,1.1364,0.64,1.01,LIGHT
6,1.10,Tunnel de Franqueville,204.80,2026-07-09 10:42:00+00:00,2026-07-09 10:42:00+00:00,0,62.675,133.324,27.90,1.20,42.00,1.1355,1.17,0.28,LIGHT
6,2.00,Carrefour D802-D938,198.41,2026-07-09 10:43:00+00:00,2026-07-09 10:43:00+00:00,0,62.809,133.757,28.00,1.20,42.00,1.1357,0.68,0.99,LIGHT
6,3.00,D938 IDRON (près),218.91,2026-07-09 10:44:00+00:00,2026-07-09 10:45:00+00:00,60,63.012,134.401,28.00,1.22,35.00,1.1344,0.28,1.19,LIGHT
6,4.80,MEILLON (près),201.62,2026-07-09 10:47:00+00:00,2026-07-09 10:48:00+00:00,60,63.412,135.690,28.10,1.22,35.00,1.1345,0.00,1.22,LIGHT
6,7.20,ASSAT (près),212.11,2026-07-09 10:51:00+00:00,2026-07-09 10:52:00+00:00,60,63.933,137.461,28.20,1.34,27.00,1.1332,-0.67,1.16,LIGHT
6,9.50,BORDES (près),221.12,2026-07-09 10:54:00+00:00,2026-07-09 10:56:00+00:00,120,64.377,139.057,28.80,1.43,25.00,1.1296,-0.60,1.30,LIGHT
6,12.00,BOEIL-BEZING (près),234.64,2026-07-09 10:58:00+00:00,2026-07-09 11:00:00+00:00,120,64.868,140.926,28.70,1.43,25.00,1.1286,-0.13,1.42,LIGHT
6,15.60,MIREPEIX (près),254.88,2026-07-09 11:03:00+00:00,2026-07-09 11:06:00+00:00,180,65.513,143.565,32.10,2.22,36.00,1.1132,-1.26,1.83,LIGHT
6,17.20,COARRAZE,265.47,2026-07-09 11:06:00+00:00,2026-07-09 11:09:00+00:00,180,65.845,145.042,31.70,2.08,35.00,1.1134,-1.70,1.20,LIGHT
6,20.80,IGON (près) (D938-D937),286.57,2026-07-09 11:11:00+00:00,2026-07-09 11:15:00+00:00,240,66.432,147.872,33.30,2.58,54.00,1.1060,-1.24,2.26,CROSSWIND
6,22.90,D937 LESTELLE-BÉTHARRAM,292.32,2026-07-09 11:14:00+00:00,2026-07-09 11:18:00+00:00,240,66.737,149.470,33.50,1.56,45.00,1.1044,-1.04,1.16,LIGHT
6,24.50,MONTAUT,304.12,2026-07-09 11:17:00+00:00,2026-07-09 11:21:00+00:00,240,67.021,151.110,33.40,1.56,45.00,1.1033,0.29,1.53,LIGHT
6,27.10,Passage à niveau N° 192.,323.84,2026-07-09 11:21:00+00:00,2026-07-09 11:25:00+00:00,240,67.381,153.358,32.70,1.50,53.00,1.1018,1.05,1.07,LIGHT
6,28.10,SAINT-PÉ-DE-BIGORRE,340.95,2026-07-09 11:22:00+00:00,2026-07-09 11:27:00+00:00,300,67.507,154.226,33.00,1.50,53.00,1.1012,0.67,1.34,LIGHT
6,32.90,PEYROUSE,365.17,2026-07-09 11:29:00+00:00,2026-07-09 11:35:00+00:00,360,68.067,158.696,33.00,1.94,35.00,1.0983,1.58,1.12,LIGHT
6,36.60,Carrefour D937-D13,369.46,2026-07-09 11:35:00+00:00,2026-07-09 11:41:00+00:00,360,68.445,162.400,32.90,2.48,40.00,1.0949,0.88,2.32,CROSSWIND
6,36.70,D13 Passage à niveau N° 182.,371.33,2026-07-09 11:35:00+00:00,2026-07-09 11:41:00+00:00,360,68.445,162.402,33.10,2.48,40.00,1.0976,2.27,0.99,HEADWIND
6,37.50,LOURDES (D13-VC-D937),369.93,2026-07-09 11:36:00+00:00,2026-07-09 11:42:00+00:00,360,68.499,163.036,33.30,2.48,40.00,1.0954,1.21,2.16,CROSSWIND
6,44.30,D937 LÉZIGNAN (près),406.17,2026-07-09 11:46:00+00:00,2026-07-09 11:54:00+00:00,480,68.982,170.086,32.90,3.26,40.00,1.0935,2.10,2.50,CROSSWIND
6,44.80,ARCIZAC-EZ-ANGLES,406.98,2026-07-09 11:47:00+00:00,2026-07-09 11:55:00+00:00,480,69.013,170.739,33.00,3.26,40.00,1.0936,2.04,2.54,CROSSWIND
6,47.20,ESCOUBÈS-POUTS,391.83,2026-07-09 11:51:00+00:00,2026-07-09 11:59:00+00:00,480,69.112,173.377,33.00,3.13,27.00,1.0940,3.09,0.52,HEADWIND
6,48.90,Le Hameau (ORINCLES),386.11,2026-07-09 11:53:00+00:00,2026-07-09 12:01:00+00:00,480,69.141,174.709,33.00,3.13,27.00,1.0952,2.31,2.12,HEADWIND
6,50.90,LOUCRUP,526.70,2026-07-09 11:57:00+00:00,2026-07-09 12:06:00+00:00,540,69.192,177.683,34.20,3.00,30.00,1.0882,2.21,2.03,HEADWIND
6,50.90,Côte de Loucrup,526.70,2026-07-09 11:57:00+00:00,2026-07-09 12:06:00+00:00,540,69.192,177.683,34.20,3.00,30.00,1.0882,2.21,2.03,HEADWIND
6,54.10,MONTGAILLARD,463.11,2026-07-09 12:01:00+00:00,2026-07-09 12:10:00+00:00,540,69.199,180.372,33.20,4.10,34.00,1.0769,4.05,0.62,HEADWIND
6,54.90,Carrefour D937-D935,451.18,2026-07-09 12:02:00+00:00,2026-07-09 12:11:00+00:00,540,69.196,181.040,33.50,3.91,32.00,1.0804,-2.00,3.36,CROSSWIND
6,55.80,D935 TRÉBONS,462.90,2026-07-09 12:03:00+00:00,2026-07-09 12:13:00+00:00,600,69.191,182.039,33.90,3.91,32.00,1.0834,-2.12,3.28,CROSSWIND
6,58.00,POUZAC (entrée),493.52,2026-07-09 12:06:00+00:00,2026-07-09 12:16:00+00:00,600,69.172,184.034,33.90,2.92,38.00,1.0838,-0.77,2.82,CROSSWIND
6,59.10,POUZAC,508.83,2026-07-09 12:07:00+00:00,2026-07-09 12:17:00+00:00,600,69.165,184.707,34.00,2.92,38.00,1.0816,-1.39,2.57,CROSSWIND
6,60.10,BAGNÈRES-DE-BIGORRE (D935-VC-D935-D938),522.98,2026-07-09 12:09:00+00:00,2026-07-09 12:19:00+00:00,600,69.138,186.024,34.30,2.92,38.00,1.0789,-1.40,2.56,CROSSWIND
6,63.80,D938 Quartier Haut de la Côte,625.08,2026-07-09 12:13:00+00:00,2026-07-09 12:24:00+00:00,660,69.047,188.990,33.40,2.83,58.00,1.0766,2.63,1.03,HEADWIND
6,65.50,La Coume (près) (MÉRILHEU),614.79,2026-07-09 12:16:00+00:00,2026-07-09 12:26:00+00:00,600,68.955,190.608,32.80,2.76,46.00,1.0678,2.68,0.66,HEADWIND
6,67.40,CIEUTAT,566.20,2026-07-09 12:18:00+00:00,2026-07-09 12:29:00+00:00,660,68.853,192.234,33.40,3.04,46.00,1.0743,2.97,0.63,HEADWIND
6,73.90,Abbaye de l'Escaladieu (BONNEMAZON),309.07,2026-07-09 12:26:00+00:00,2026-07-09 12:38:00+00:00,720,68.422,197.641,35.60,2.62,40.00,1.0834,1.63,2.05,CROSSWIND
6,74.30,L'Escaladieu (MAUVEZIN),307.43,2026-07-09 12:27:00+00:00,2026-07-09 12:38:00+00:00,660,68.395,197.957,35.70,3.06,38.00,1.0847,1.99,2.33,CROSSWIND
6,77.10,MAUVEZIN,489.76,2026-07-09 12:32:00+00:00,2026-07-09 12:44:00+00:00,720,68.052,201.323,35.10,3.08,36.00,1.0910,2.79,1.30,HEADWIND
6,77.30,Côte de Mauvezin,503.13,2026-07-09 12:32:00+00:00,2026-07-09 12:45:00+00:00,780,68.018,201.624,34.90,3.08,36.00,1.0877,-0.58,3.03,CROSSWIND
6,79.80,CAPVERN,584.33,2026-07-09 12:36:00+00:00,2026-07-09 12:48:00+00:00,720,67.763,203.708,34.70,2.48,47.00,1.0773,0.22,2.47,CROSSWIND
6,85.10,Avezac-Gare (D938-D929 A) (AVEZAC-PRAT-LAHITTE),661.07,2026-07-09 12:43:00+00:00,2026-07-09 12:56:00+00:00,780,67.169,208.091,33.80,4.32,48.00,1.0656,3.08,3.03,HEADWIND
6,85.50,Passage à niveau :,653.25,2026-07-09 12:43:00+00:00,2026-07-09 12:57:00+00:00,840,67.128,208.377,33.70,4.32,48.00,1.0654,2.00,3.83,CROSSWIND
6,91.80,D929 A Carrefour D929 A-D929,630.89,2026-07-09 12:52:00+00:00,2026-07-09 13:06:00+00:00,840,66.314,213.305,32.70,3.45,68.00,1.0619,0.40,3.43,CROSSWIND
6,92.30,D929 HÈCHES,620.43,2026-07-09 12:52:00+00:00,2026-07-09 13:07:00+00:00,900,66.268,213.573,32.80,3.69,41.00,1.0645,-2.67,2.55,TAILWIND
6,94.90,Rebouc,601.76,2026-07-09 12:56:00+00:00,2026-07-09 13:10:00+00:00,840,65.922,215.405,34.70,3.84,39.00,1.0642,-3.84,0.19,TAILWIND
6,98.00,SARRANCOLIN,614.21,2026-07-09 13:00:00+00:00,2026-07-09 13:15:00+00:00,900,65.452,217.678,34.80,3.23,22.00,1.0649,-2.53,2.00,TAILWIND
6,99.80,Beyrède (BEYRÈDE-JUMET-CAMOUS),634.47,2026-07-09 13:02:00+00:00,2026-07-09 13:18:00+00:00,960,65.183,218.911,35.00,3.23,22.00,1.0631,-2.73,1.72,TAILWIND
6,101.10,Escalère (BEYRÈDE-JUMET-CAMOUS),644.38,2026-07-09 13:04:00+00:00,2026-07-09 13:20:00+00:00,960,64.960,219.879,34.80,4.10,3.00,1.0614,-4.02,0.79,TAILWIND
6,106.00,ARREAU (D929-D918),694.80,2026-07-09 13:11:00+00:00,2026-07-09 13:27:00+00:00,960,64.152,223.117,34.80,4.73,13.00,1.0553,-4.05,2.44,TAILWIND
6,108.10,D918 Le Plagnou (près) (ASPIN-AURE),784.12,2026-07-09 13:15:00+00:00,2026-07-09 13:32:00+00:00,1020,63.578,225.050,33.80,4.73,13.00,1.0461,-2.49,4.02,CROSSWIND
6,118.10,Col d'Aspin,1480.46,2026-07-09 13:37:00+00:00,2026-07-09 13:58:00+00:00,1260,60.217,234.397,27.80,4.14,37.00,0.9890,-1.05,4.00,CROSSWIND
6,122.90,Payolle (CAMPAN),1126.54,2026-07-09 13:43:00+00:00,2026-07-09 14:04:00+00:00,1260,59.337,236.436,31.30,2.73,8.00,1.0178,1.74,2.11,CROSSWIND
6,126.60,La Séoube (CAMPAN),985.69,2026-07-09 13:47:00+00:00,2026-07-09 14:09:00+00:00,1320,58.656,237.883,32.40,4.22,5.00,1.0302,2.97,3.00,CROSSWIND
6,127.70,Hountmelouse (CAMPAN),945.15,2026-07-09 13:49:00+00:00,2026-07-09 14:10:00+00:00,1260,58.425,238.353,32.70,3.62,28.00,1.0339,2.16,2.90,CROSSWIND
6,128.40,Mariouse Daban (CAMPAN),916.52,2026-07-09 13:49:00+00:00,2026-07-09 14:11:00+00:00,1320,58.348,238.503,32.80,3.13,17.00,1.0349,2.94,1.07,HEADWIND
6,129.30,Trassouet (CAMPAN),895.13,2026-07-09 13:50:00+00:00,2026-07-09 14:12:00+00:00,1320,58.188,238.812,33.00,3.13,17.00,1.0380,2.46,1.94,HEADWIND
6,130.20,Sainte-Marie-de-Campan (CAMPAN),868.90,2026-07-09 13:52:00+00:00,2026-07-09 14:13:00+00:00,1260,57.954,239.276,33.20,3.13,17.00,1.0408,1.36,2.82,CROSSWIND
6,131.10,Les Bulanettes (CAMPAN),855.41,2026-07-09 13:53:00+00:00,2026-07-09 14:14:00+00:00,1260,57.801,239.583,33.30,1.48,28.00,1.0423,-1.11,0.98,LIGHT
6,132.60,Las Basses (CAMPAN),921.73,2026-07-09 13:56:00+00:00,2026-07-09 14:18:00+00:00,1320,57.250,240.701,32.70,3.13,17.00,1.0380,-2.53,1.84,TAILWIND
6,132.90,Pas de la Barane (CAMPAN),934.10,2026-07-09 13:57:00+00:00,2026-07-09 14:19:00+00:00,1320,57.092,241.012,32.40,3.13,17.00,1.0348,-2.66,1.65,TAILWIND
6,134.80,Gripp (CAMPAN),987.08,2026-07-09 14:01:00+00:00,2026-07-09 14:24:00+00:00,1380,56.379,242.393,31.80,3.13,17.00,1.0309,-3.08,0.58,TAILWIND
6,137.30,Artigues (CAMPAN),1182.99,2026-07-09 14:06:00+00:00,2026-07-09 14:31:00+00:00,1500,55.418,244.141,29.90,4.03,14.00,1.0109,-3.48,2.03,TAILWIND
6,143.20,La Mongie,1699.10,2026-07-09 14:19:00+00:00,2026-07-09 14:46:00+00:00,1620,53.100,247.972,25.30,2.97,42.00,0.9732,-2.89,0.67,TAILWIND
6,147.80,Col du Tourmalet - Souvenir Jacques Goddet,2115.49,2026-07-09 14:30:00+00:00,2026-07-09 14:58:00+00:00,1680,51.153,250.847,22.60,2.05,47.00,0.9392,-0.48,1.99,LIGHT
6,152.40,Super Barèges,1731.79,2026-07-09 14:35:00+00:00,2026-07-09 15:03:00+00:00,1680,50.297,252.042,25.70,1.84,119.00,0.9702,0.56,1.75,LIGHT
6,156.00,"Tournaboup (BARÈGES, SERS)",1462.71,2026-07-09 14:38:00+00:00,2026-07-09 15:07:00+00:00,1740,49.705,252.842,28.40,2.11,85.00,0.9866,1.03,1.84,LIGHT
6,158.70,BARÈGES,1280.38,2026-07-09 14:41:00+00:00,2026-07-09 15:10:00+00:00,1740,49.197,253.522,29.80,3.16,18.00,1.0002,-1.51,2.78,CROSSWIND
6,162.90,BETPOUEY (près),966.44,2026-07-09 14:46:00+00:00,2026-07-09 15:15:00+00:00,1740,48.345,254.642,30.60,1.03,241.00,1.0315,1.00,0.23,LIGHT
6,164.40,Lonquere Garets (VIELLA),853.39,2026-07-09 14:47:00+00:00,2026-07-09 15:17:00+00:00,1800,48.089,254.970,31.40,1.24,346.00,1.0397,-0.03,1.24,LIGHT
6,165.60,ESTERRE,760.95,2026-07-09 14:48:00+00:00,2026-07-09 15:18:00+00:00,1800,47.921,255.187,32.00,1.24,346.00,1.0488,-0.36,1.19,LIGHT
6,166.40,LUZ-SAINT-SAUVEUR (D918-D921),730.04,2026-07-09 14:49:00+00:00,2026-07-09 15:19:00+00:00,1800,47.750,255.401,32.60,1.24,346.00,1.0513,-0.14,1.23,LIGHT
6,171.00,D921 Sia,831.07,2026-07-09 14:58:00+00:00,2026-07-09 15:29:00+00:00,1860,46.078,257.467,31.90,1.24,346.00,1.0529,-1.24,0.08,LIGHT
6,173.50,Pragnères,907.46,2026-07-09 15:03:00+00:00,2026-07-09 15:35:00+00:00,1920,45.086,258.644,31.30,1.98,45.00,1.0485,-1.03,1.69,LIGHT
6,177.30,Gèdre,990.24,2026-07-09 15:11:00+00:00,2026-07-09 15:44:00+00:00,1980,43.551,260.405,29.60,4.65,109.00,1.0380,-1.38,4.44,CROSSWIND
6,180.10,Biroulet,1110.82,2026-07-09 15:17:00+00:00,2026-07-09 15:51:00+00:00,2040,42.374,261.695,27.60,5.20,101.00,1.0384,-1.83,4.87,CROSSWIND
6,181.50,Chaos de Coumély,1188.46,2026-07-09 15:19:00+00:00,2026-07-09 15:54:00+00:00,2100,41.928,262.179,27.10,4.65,109.00,1.0307,-2.98,3.57,CROSSWIND
6,182.60,Couret,1217.10,2026-07-09 15:22:00+00:00,2026-07-09 15:57:00+00:00,2100,41.387,262.756,26.80,5.20,101.00,1.0237,-1.29,5.04,CROSSWIND
6,185.60,Gavarnie (D921-D128) (entrée),1353.10,2026-07-09 15:28:00+00:00,2026-07-09 16:04:00+00:00,2160,40.215,263.989,28.00,5.20,67.00,1.0058,-4.31,2.91,TAILWIND
6,186.20,D128 GAVARNIE-GÈDRE (1 380 m),1374.46,2026-07-09 15:29:00+00:00,2026-07-09 16:05:00+00:00,2160,40.034,264.173,27.70,5.20,67.00,1.0021,-0.80,5.14,CROSSWIND
7,0.00,VC HAGETMAU (VC-D933 S),127.35,2026-07-10 11:15:00+00:00,2026-07-10 11:15:00+00:00,0,65.913,148.821,27.80,2.91,266.00,1.1418,-0.86,2.78,CROSSWIND
7,0.00,D933 S HAGETMAU,127.35,2026-07-10 11:25:00+00:00,2026-07-10 11:25:00+00:00,0,66.776,154.177,27.80,2.91,266.00,1.1418,-0.86,2.78,CROSSWIND
7,3.00,Barrat (près) (HORSARRIEU),64.60,2026-07-10 11:29:00+00:00,2026-07-10 11:29:00+00:00,0,67.053,156.455,27.80,2.80,268.00,1.1505,-0.38,2.77,CROSSWIND
7,3.20,Menhir de Capdoubos (près) (SAINTE-COLOMBE),62.39,2026-07-10 11:29:00+00:00,2026-07-10 11:29:00+00:00,0,67.051,156.457,27.80,2.80,268.00,1.1500,-0.37,2.77,CROSSWIND
7,4.50,DUMES (près),95.68,2026-07-10 11:31:00+00:00,2026-07-10 11:31:00+00:00,0,67.181,157.607,27.70,2.80,268.00,1.1472,-0.37,2.78,CROSSWIND
7,9.10,SAINT-SEVER,91.60,2026-07-10 11:37:00+00:00,2026-07-10 11:38:00+00:00,60,67.561,161.453,27.70,2.93,278.00,1.1470,-2.15,1.99,TAILWIND
7,15.50,BAS-MAUCO (près),59.19,2026-07-10 11:45:00+00:00,2026-07-10 11:47:00+00:00,120,67.931,166.584,27.80,2.60,268.00,1.1500,-0.30,2.58,CROSSWIND
7,18.80,Castagnet (près) (BENQUET),76.28,2026-07-10 11:49:00+00:00,2026-07-10 11:52:00+00:00,180,68.075,169.384,27.90,2.63,261.00,1.1478,-1.49,2.16,CROSSWIND
7,21.40,Quartier Sitton (près) (HAUT-MAUCO),84.87,2026-07-10 11:53:00+00:00,2026-07-10 11:55:00+00:00,120,68.159,171.582,28.40,2.41,275.00,1.1455,-1.02,2.18,CROSSWIND
7,24.50,SAINT-PIERRE-DU-MONT,89.82,2026-07-10 11:57:00+00:00,2026-07-10 12:00:00+00:00,180,68.232,174.421,31.10,2.80,272.00,1.1379,-1.02,2.61,CROSSWIND
7,25.90,MONT-DE-MARSAN (D933 S-VC-D53),63.02,2026-07-10 11:59:00+00:00,2026-07-10 12:02:00+00:00,180,68.252,175.676,32.60,3.70,270.00,1.1358,-2.16,3.00,CROSSWIND
7,26.20,Passage à niveau N° 29.,64.30,2026-07-10 11:59:00+00:00,2026-07-10 12:02:00+00:00,180,68.252,175.684,32.60,3.70,270.00,1.1363,-1.47,3.39,CROSSWIND
7,32.60,Carrefour D53-D53 E,65.78,2026-07-10 12:08:00+00:00,2026-07-10 12:12:00+00:00,240,68.269,181.611,30.70,3.21,265.00,1.1399,3.13,0.71,HEADWIND
7,35.90,D53 E Carrefour D53 E-D651,66.09,2026-07-10 12:12:00+00:00,2026-07-10 12:16:00+00:00,240,68.213,184.057,30.00,3.04,261.00,1.1420,-0.48,3.00,CROSSWIND
7,38.80,Parentis d'Uchacq (UCHACQ-ET-PARENTIS),61.57,2026-07-10 12:16:00+00:00,2026-07-10 12:20:00+00:00,240,68.120,186.511,30.40,3.00,244.00,1.1406,0.04,3.00,CROSSWIND
7,42.60,CÈRE,66.35,2026-07-10 12:20:00+00:00,2026-07-10 12:26:00+00:00,360,67.957,189.587,31.40,2.73,246.00,1.1365,-1.78,2.07,CROSSWIND
7,49.00,BROCAS LES FORGES,80.39,2026-07-10 12:29:00+00:00,2026-07-10 12:35:00+00:00,360,67.556,194.966,32.00,2.16,257.00,1.1338,1.25,1.76,LIGHT
7,56.20,LABRIT,87.73,2026-07-10 12:38:00+00:00,2026-07-10 12:45:00+00:00,420,66.976,200.415,31.30,1.71,277.00,1.1329,0.45,1.65,LIGHT
7,73.90,LUXEY,90.18,2026-07-10 13:01:00+00:00,2026-07-10 13:11:00+00:00,600,64.863,213.298,32.80,1.20,275.00,1.1275,0.10,1.20,LIGHT
7,84.00,SORE (D651-D43),75.21,2026-07-10 13:15:00+00:00,2026-07-10 13:25:00+00:00,600,63.316,219.788,33.30,1.60,266.00,1.1266,-0.52,1.51,LIGHT
7,98.30,SAINT-SYMPHORIEN (D220-D3-D11),63.38,2026-07-10 13:33:00+00:00,2026-07-10 13:45:00+00:00,720,60.849,227.707,33.80,1.61,277.00,1.1280,-0.15,1.60,LIGHT
7,103.20,D11 Carrefour D11-D220,59.30,2026-07-10 13:40:00+00:00,2026-07-10 13:52:00+00:00,720,59.884,230.302,33.40,1.75,283.00,1.1303,-0.02,1.75,LIGHT
7,107.30,D220 ORIGNE (D220-D110-D220),52.15,2026-07-10 13:45:00+00:00,2026-07-10 13:58:00+00:00,780,59.091,232.257,33.50,1.73,280.00,1.1280,-1.15,1.29,LIGHT
7,108.70,Blaye,62.22,2026-07-10 13:47:00+00:00,2026-07-10 14:00:00+00:00,780,58.800,232.946,33.50,1.73,280.00,1.1268,0.02,1.73,LIGHT
7,113.50,GUILLOS (D220-D125),77.53,2026-07-10 13:53:00+00:00,2026-07-10 14:07:00+00:00,840,57.830,235.230,34.70,1.60,274.00,1.1213,0.27,1.58,LIGHT
7,120.20,D125 LANDIRAS (D125-D11) (entrée),44.06,2026-07-10 14:02:00+00:00,2026-07-10 14:17:00+00:00,900,56.366,238.372,35.30,1.60,274.00,1.1234,-1.53,0.47,LIGHT
7,120.30,LANDIRAS,44.06,2026-07-10 14:02:00+00:00,2026-07-10 14:17:00+00:00,900,56.366,238.372,35.30,1.60,274.00,1.1238,-1.60,0.07,LIGHT
7,123.10,D11 Artigues,51.34,2026-07-10 14:06:00+00:00,2026-07-10 14:21:00+00:00,900,55.733,239.631,35.70,1.51,278.00,1.1248,0.26,1.49,LIGHT
7,125.50,ILLATS,37.04,2026-07-10 14:09:00+00:00,2026-07-10 14:24:00+00:00,900,55.259,240.531,35.90,1.39,291.00,1.1247,-0.80,1.14,LIGHT
7,128.20,Carrefour D11-D117 E2,26.01,2026-07-10 14:12:00+00:00,2026-07-10 14:28:00+00:00,960,54.697,241.583,35.80,1.39,291.00,1.1257,0.15,1.38,LIGHT
7,131.10,CÉRONS (D117 E2-D117-D11),16.07,2026-07-10 14:16:00+00:00,2026-07-10 14:32:00+00:00,960,54.045,242.765,36.20,1.70,273.00,1.1266,-0.79,1.50,LIGHT
7,133.90,D11 CADILLAC-SUR-GARONNE (D11-D10-D10 E7),0.97,2026-07-10 14:20:00+00:00,2026-07-10 14:36:00+00:00,960,53.397,243.888,36.10,1.91,276.00,1.1226,-1.61,1.03,LIGHT
7,134.30,D10 E7 BÉGUEY (D10 E7-D13),6.68,2026-07-10 14:20:00+00:00,2026-07-10 14:37:00+00:00,1020,53.316,244.025,36.00,1.91,276.00,1.1207,0.33,1.88,LIGHT
7,136.00,D13 Reynon,25.41,2026-07-10 14:22:00+00:00,2026-07-10 14:39:00+00:00,1020,52.990,244.561,35.70,1.96,285.00,1.1162,-1.00,1.68,LIGHT
7,137.30,Côte de Béguey,78.36,2026-07-10 14:24:00+00:00,2026-07-10 14:41:00+00:00,1020,52.663,245.100,35.70,1.96,285.00,1.1172,0.51,1.89,LIGHT
7,138.40,Jourdan (près) (RIONS),106.56,2026-07-10 14:25:00+00:00,2026-07-10 14:43:00+00:00,1080,52.414,245.503,36.10,2.18,286.00,1.1168,0.93,1.97,LIGHT
7,139.10,CARDAN,108.08,2026-07-10 14:26:00+00:00,2026-07-10 14:44:00+00:00,1080,52.248,245.768,36.10,2.18,286.00,1.1161,-0.97,1.95,LIGHT
7,142.70,Gaudin,101.33,2026-07-10 14:31:00+00:00,2026-07-10 14:49:00+00:00,1080,51.437,247.056,36.30,2.12,278.00,1.1162,0.57,2.04,CROSSWIND
7,144.10,CAPIAN,92.07,2026-07-10 14:33:00+00:00,2026-07-10 14:51:00+00:00,1080,51.113,247.563,36.70,2.12,278.00,1.1213,1.83,1.07,LIGHT
7,145.70,Carrefour D13-D140,61.09,2026-07-10 14:35:00+00:00,2026-07-10 14:53:00+00:00,1080,50.795,248.067,36.50,2.14,281.00,1.1239,2.13,0.21,HEADWIND
7,150.10,D140 Carrefour D140-D239,23.28,2026-07-10 14:41:00+00:00,2026-07-10 14:59:00+00:00,1080,49.831,249.552,36.20,2.12,278.00,1.1253,1.46,1.54,LIGHT
7,150.60,D239 LANGOIRAN (D239-D240),9.98,2026-07-10 14:41:00+00:00,2026-07-10 15:00:00+00:00,1140,49.751,249.675,36.20,2.12,278.00,1.1263,1.63,1.35,LIGHT
7,151.50,D240 LE TOURNE (D240-D10 E6-D10),7.20,2026-07-10 14:43:00+00:00,2026-07-10 15:01:00+00:00,1080,49.506,250.036,36.20,2.11,275.00,1.1265,1.15,1.77,LIGHT
7,153.40,D10 Rouquey (TABANAC),7.04,2026-07-10 14:45:00+00:00,2026-07-10 15:04:00+00:00,1140,49.096,250.623,36.20,2.11,275.00,1.1269,1.57,1.41,LIGHT
7,155.10,BAURECH,9.56,2026-07-10 14:47:00+00:00,2026-07-10 15:06:00+00:00,1140,48.770,251.088,35.70,2.12,278.00,1.1285,2.10,0.31,HEADWIND
7,157.00,CAMBES,9.26,2026-07-10 14:50:00+00:00,2026-07-10 15:09:00+00:00,1140,48.275,251.785,35.50,2.20,273.00,1.1286,1.96,1.00,LIGHT
7,159.20,"Esconac (CAMBES, QUINSAC)",7.23,2026-07-10 14:53:00+00:00,2026-07-10 15:12:00+00:00,1140,47.778,252.466,34.10,3.34,261.00,1.1305,2.48,2.24,HEADWIND
7,160.10,Le Joucla,5.74,2026-07-10 14:54:00+00:00,2026-07-10 15:14:00+00:00,1200,47.526,252.805,34.20,3.34,261.00,1.1322,0.92,3.21,CROSSWIND
7,160.70,Bigueresse,7.02,2026-07-10 14:55:00+00:00,2026-07-10 15:15:00+00:00,1200,47.359,253.029,33.40,3.52,263.00,1.1349,1.39,3.23,CROSSWIND
7,162.00,QUINSAC (près),7.20,2026-07-10 14:56:00+00:00,2026-07-10 15:16:00+00:00,1200,47.188,253.245,34.00,3.61,256.00,1.1326,-1.61,3.23,CROSSWIND
7,163.30,CAMBLANES-ET-MEYNAC,8.91,2026-07-10 14:58:00+00:00,2026-07-10 15:18:00+00:00,1200,46.842,253.695,34.80,3.52,255.00,1.1296,-0.91,3.40,CROSSWIND
7,164.30,Carrefour D10-D113,7.99,2026-07-10 14:59:00+00:00,2026-07-10 15:20:00+00:00,1260,46.589,254.026,34.80,3.52,255.00,1.1302,-0.91,3.40,CROSSWIND
7,166.90,D113 LATRESNE,4.77,2026-07-10 15:03:00+00:00,2026-07-10 15:23:00+00:00,1200,45.995,254.782,34.60,3.38,251.00,1.1310,0.31,3.37,CROSSWIND
7,169.10,BOULIAC (D113-VC),4.44,2026-07-10 15:06:00+00:00,2026-07-10 15:27:00+00:00,1260,45.401,255.534,35.20,3.10,249.00,1.1292,1.89,2.45,CROSSWIND
7,169.60,VC FLOIRAC,4.26,2026-07-10 15:06:00+00:00,2026-07-10 15:27:00+00:00,1260,45.402,255.527,34.80,2.95,246.00,1.1311,0.22,2.94,CROSSWIND
7,170.60,Pont Simone Veil,4.01,2026-07-10 15:07:00+00:00,2026-07-10 15:29:00+00:00,1320,45.147,255.849,34.80,2.95,246.00,1.1311,-0.16,2.95,CROSSWIND
7,171.20,BORDEAUX (entrée),2.72,2026-07-10 15:08:00+00:00,2026-07-10 15:30:00+00:00,1320,44.979,256.065,34.80,2.95,246.00,1.1304,2.92,0.45,HEADWIND
7,175.10,BORDEAUX,6.21,2026-07-10 15:13:00+00:00,2026-07-10 15:35:00+00:00,1320,44.131,257.100,34.90,2.91,243.00,1.1302,-0.89,2.77,CROSSWIND
8,0.00,VC PÉRIGUEUX (VC-D6021-D6089),99.88,2026-07-11 11:15:00+00:00,2026-07-11 11:15:00+00:00,0,64.937,153.264,34.10,1.43,155.00,1.1274,1.43,0.08,LIGHT
8,0.00,D6089 Boulazac (D6089-N221) (BOULAZAC ISLE MANOIRE),99.88,2026-07-11 11:21:00+00:00,2026-07-11 11:22:00+00:00,60,65.422,156.661,34.10,1.43,155.00,1.1274,1.43,0.08,LIGHT
8,0.00,N221 PÉRIGUEUX,99.88,2026-07-11 11:25:00+00:00,2026-07-11 11:25:00+00:00,0,65.656,158.535,34.10,1.43,155.00,1.1274,1.43,0.08,LIGHT
8,2.40,Saint-Laurent-sur-Manoire (N221-D6089) (BOULAZAC ISLE MANOIRE),107.22,2026-07-11 11:28:00+00:00,2026-07-11 11:28:00+00:00,0,65.863,160.198,34.10,1.75,149.00,1.1283,1.48,0.94,LIGHT
8,4.90,D6089 Niversac (BOULAZAC ISLE MANOIRE),116.61,2026-07-11 11:31:00+00:00,2026-07-11 11:32:00+00:00,60,66.081,162.163,34.10,1.97,150.00,1.1273,1.33,1.45,LIGHT
8,5.00,Passage à niveau N° 294.,116.47,2026-07-11 11:31:00+00:00,2026-07-11 11:32:00+00:00,60,66.082,162.165,34.10,1.97,150.00,1.1273,1.91,0.47,LIGHT
8,6.10,Sainte-Marie-de-Chignac (BOULAZAC ISLE MANOIRE),117.70,2026-07-11 11:33:00+00:00,2026-07-11 11:34:00+00:00,60,66.192,163.305,34.10,1.97,150.00,1.1270,1.21,1.55,LIGHT
8,8.40,SAINT-PIERRE-DE-CHIGNAC,130.36,2026-07-11 11:36:00+00:00,2026-07-11 11:37:00+00:00,60,66.349,165.043,33.40,2.11,149.00,1.1277,2.00,0.68,LIGHT
8,11.40,SAINT-CRÉPIN-D'AUBEROCHE,145.48,2026-07-11 11:40:00+00:00,2026-07-11 11:41:00+00:00,60,66.523,167.399,33.40,2.06,151.00,1.1263,0.82,1.89,LIGHT
8,14.10,Milhac Gare (BASSILLAC ET AUBEROCHE),160.83,2026-07-11 11:43:00+00:00,2026-07-11 11:45:00+00:00,120,66.646,169.487,33.00,1.80,161.00,1.1254,0.28,1.78,LIGHT
8,17.50,La Chènevrière,181.64,2026-07-11 11:48:00+00:00,2026-07-11 11:50:00+00:00,120,66.791,172.481,32.90,1.51,172.00,1.1233,0.26,1.49,LIGHT
8,19.40,FOSSEMAGNE,197.81,2026-07-11 11:50:00+00:00,2026-07-11 11:53:00+00:00,180,66.848,173.994,32.80,1.51,172.00,1.1222,-0.49,1.43,LIGHT
8,26.20,THENON (D6089-D67),257.68,2026-07-11 11:59:00+00:00,2026-07-11 12:02:00+00:00,180,66.924,179.475,33.90,2.28,157.00,1.1113,0.51,2.22,CROSSWIND
8,31.50,D67 La Rivière,154.81,2026-07-11 12:06:00+00:00,2026-07-11 12:10:00+00:00,240,66.893,184.004,34.50,2.10,155.00,1.1195,1.27,1.67,LIGHT
8,34.30,AURIAC-DU-PÉRIGORD,126.44,2026-07-11 12:10:00+00:00,2026-07-11 12:14:00+00:00,240,66.836,186.429,34.70,2.12,161.00,1.1202,1.36,1.62,LIGHT
8,39.70,Carrefour D67-D704,83.34,2026-07-11 12:17:00+00:00,2026-07-11 12:22:00+00:00,300,66.662,190.920,35.10,1.94,145.00,1.1253,1.24,1.49,LIGHT
8,40.00,D704 MONTIGNAC-LASCAUX (D704-D704 E2-D704-D704 E1-VC-D704-D65),80.91,2026-07-11 12:17:00+00:00,2026-07-11 12:22:00+00:00,300,66.664,190.926,35.20,1.94,145.00,1.1265,1.93,0.22,LIGHT
8,47.90,D65 Les Bories (près) (VALOJOULX),71.33,2026-07-11 12:27:00+00:00,2026-07-11 12:33:00+00:00,360,66.263,196.885,35.00,1.98,139.00,1.1294,1.53,1.25,LIGHT
8,50.30,Carrefour D65-D65 E,77.22,2026-07-11 12:31:00+00:00,2026-07-11 12:37:00+00:00,360,66.063,199.102,35.10,1.84,131.00,1.1289,-1.56,0.98,LIGHT
8,50.50,D65 E THONAC (D65 E-D706),77.22,2026-07-11 12:31:00+00:00,2026-07-11 12:37:00+00:00,360,66.064,199.097,35.10,1.84,131.00,1.1297,-1.39,1.21,LIGHT
8,54.30,D706 SAINT-LÉON-SUR-VÉZÈRE (près),83.53,2026-07-11 12:36:00+00:00,2026-07-11 12:42:00+00:00,360,65.770,201.778,35.30,1.94,125.00,1.1264,-1.91,0.35,LIGHT
8,59.20,Le Moustier (PEYZAC-LE-MOUSTIER),70.05,2026-07-11 12:42:00+00:00,2026-07-11 12:50:00+00:00,480,65.300,205.456,35.30,1.72,126.00,1.1296,-1.70,0.29,LIGHT
8,59.90,Roche Morel (PEYZAC-LE-MOUSTIER),71.60,2026-07-11 12:43:00+00:00,2026-07-11 12:50:00+00:00,420,65.267,205.725,34.80,1.48,118.00,1.1294,-1.47,0.13,LIGHT
8,61.40,Maison Forte de Reignac,67.61,2026-07-11 12:45:00+00:00,2026-07-11 12:53:00+00:00,480,65.083,207.011,35.00,1.48,118.00,1.1316,-0.14,1.47,LIGHT
8,63.10,TURSAC,90.75,2026-07-11 12:47:00+00:00,2026-07-11 12:55:00+00:00,480,64.931,208.030,34.60,1.53,122.00,1.1311,1.41,0.59,LIGHT
8,66.00,Les Cugnes,145.78,2026-07-11 12:51:00+00:00,2026-07-11 12:59:00+00:00,480,64.609,210.048,34.00,1.43,102.00,1.1221,-0.32,1.39,LIGHT
8,68.30,LES EYZIES (D706-D47),88.67,2026-07-11 12:54:00+00:00,2026-07-11 13:02:00+00:00,480,64.349,211.526,34.60,1.46,106.00,1.1316,0.63,1.32,LIGHT
8,70.70,D47 Grotte des Combarelles,80.92,2026-07-11 12:57:00+00:00,2026-07-11 13:06:00+00:00,540,64.000,213.263,35.80,1.60,90.00,1.1253,1.52,0.51,LIGHT
8,72.60,Grottes du Roc de Cazelle,88.86,2026-07-11 13:00:00+00:00,2026-07-11 13:09:00+00:00,540,63.704,214.732,35.70,1.70,93.00,1.1235,1.43,0.91,LIGHT
8,74.10,Grotte de Bernifal,96.49,2026-07-11 13:02:00+00:00,2026-07-11 13:11:00+00:00,540,63.502,215.703,35.20,1.52,67.00,1.1209,0.98,1.16,LIGHT
8,77.30,Benivès,112.59,2026-07-11 13:06:00+00:00,2026-07-11 13:15:00+00:00,540,63.076,217.611,34.90,1.30,58.00,1.1233,-0.39,1.24,LIGHT
8,79.20,Allas (près) (SAINT-ANDRÉ-D'ALLAS),129.95,2026-07-11 13:08:00+00:00,2026-07-11 13:18:00+00:00,600,62.800,218.774,34.80,1.17,31.00,1.1193,0.60,1.00,LIGHT
8,85.70,Carrefour D47-D6,262.51,2026-07-11 13:17:00+00:00,2026-07-11 13:27:00+00:00,600,61.731,222.771,34.90,0.86,54.00,1.1071,0.52,0.68,LIGHT
8,87.60,D6 SARLAT-LA-CANÉDA (D6-D704-VC-D46),190.45,2026-07-11 13:19:00+00:00,2026-07-11 13:30:00+00:00,660,61.421,223.844,35.90,1.14,52.00,1.1152,0.41,1.06,LIGHT
8,96.70,Vitrac-Port (D46-D703-D46 E) (VITRAC),86.38,2026-07-11 13:31:00+00:00,2026-07-11 13:43:00+00:00,720,59.861,228.900,36.20,1.51,8.00,1.1233,-1.27,0.81,LIGHT
8,98.00,D46 E Carrefour D46 E-D50-D46 E3,80.71,2026-07-11 13:33:00+00:00,2026-07-11 13:45:00+00:00,720,59.603,229.654,36.20,1.61,353.00,1.1184,-1.40,0.79,LIGHT
8,99.00,D46 E3 La Roche,90.89,2026-07-11 13:34:00+00:00,2026-07-11 13:46:00+00:00,720,59.468,230.035,36.00,1.61,353.00,1.1159,-1.38,0.83,LIGHT
8,102.20,DOMME (D46 E3-VC-D49),178.44,2026-07-11 13:38:00+00:00,2026-07-11 13:51:00+00:00,780,58.860,231.640,36.10,1.61,353.00,1.1177,-0.43,1.55,LIGHT
8,102.60,VC Côte de Domme,208.43,2026-07-11 13:39:00+00:00,2026-07-11 13:52:00+00:00,780,58.722,231.995,36.50,1.61,353.00,1.1235,1.20,1.07,LIGHT
8,104.80,D49 CÉNAC-ET-SAINT-JULIEN (D49-D46),90.98,2026-07-11 13:42:00+00:00,2026-07-11 13:55:00+00:00,780,58.300,233.020,36.50,1.70,360.00,1.1239,-0.76,1.52,LIGHT
8,105.70,D46 Le Port de Domme (D46-D703),75.18,2026-07-11 13:43:00+00:00,2026-07-11 13:56:00+00:00,780,58.157,233.349,36.60,2.22,352.00,1.1236,0.92,2.02,CROSSWIND
8,106.20,D703 Les Campagnes,75.95,2026-07-11 13:43:00+00:00,2026-07-11 13:57:00+00:00,840,58.086,233.511,36.50,2.22,352.00,1.1215,0.34,2.19,CROSSWIND
8,107.70,Les Écoles,73.45,2026-07-11 13:45:00+00:00,2026-07-11 13:59:00+00:00,840,57.810,234.177,35.90,1.75,347.00,1.1226,1.56,0.79,LIGHT
8,108.20,LA ROQUE-GAGEAC,69.16,2026-07-11 13:46:00+00:00,2026-07-11 14:00:00+00:00,840,57.670,234.512,35.80,1.75,347.00,1.1226,1.63,0.63,LIGHT
8,109.30,La Malartrie (VÉZAC),70.56,2026-07-11 13:47:00+00:00,2026-07-11 14:01:00+00:00,840,57.527,234.829,36.00,1.75,347.00,1.1256,-0.43,1.70,LIGHT
8,110.30,Nineyrol (VÉZAC),69.77,2026-07-11 13:49:00+00:00,2026-07-11 14:03:00+00:00,840,57.232,235.483,36.10,1.22,351.00,1.1266,1.05,0.62,LIGHT
8,112.00,VÉZAC (près),67.62,2026-07-11 13:51:00+00:00,2026-07-11 14:05:00+00:00,840,56.949,236.116,35.50,1.00,354.00,1.1219,0.99,0.11,LIGHT
8,112.60,BEYNAC-ET-CAZENAC,66.75,2026-07-11 13:52:00+00:00,2026-07-11 14:06:00+00:00,840,56.805,236.436,35.70,1.10,360.00,1.1276,1.06,0.30,LIGHT
8,115.50,SAINT-VINCENT-DE-COSSE (près),67.69,2026-07-11 13:56:00+00:00,2026-07-11 14:10:00+00:00,840,56.230,237.683,36.50,1.35,48.00,1.1233,-1.16,0.69,LIGHT
8,120.50,Argentonnesse,70.34,2026-07-11 14:02:00+00:00,2026-07-11 14:17:00+00:00,900,55.260,239.615,36.60,1.92,39.00,1.1249,-0.80,1.75,LIGHT
8,121.90,CASTELS ET BÉZENAC,62.87,2026-07-11 14:04:00+00:00,2026-07-11 14:19:00+00:00,900,54.965,240.222,36.60,1.92,39.00,1.1258,-1.59,1.07,LIGHT
8,122.20,SAINT-CYPRIEN (entrée),62.58,2026-07-11 14:04:00+00:00,2026-07-11 14:20:00+00:00,960,54.891,240.373,36.60,1.92,39.00,1.1252,-0.52,1.85,LIGHT
8,122.80,SAINT-CYPRIEN,62.84,2026-07-11 14:05:00+00:00,2026-07-11 14:20:00+00:00,900,54.819,240.522,36.80,1.80,34.00,1.1245,-1.57,0.87,LIGHT
8,126.40,MARNAC (près),74.67,2026-07-11 14:10:00+00:00,2026-07-11 14:26:00+00:00,960,53.992,242.144,36.40,1.57,27.00,1.1234,-1.53,0.35,LIGHT
8,129.20,SIORAC-EN-PÉRIGORD (D703-D25),59.25,2026-07-11 14:13:00+00:00,2026-07-11 14:29:00+00:00,960,53.540,242.972,36.60,1.36,54.00,1.1255,-1.19,0.66,LIGHT
8,136.30,D25 LE BUISSON-DE-CADOUIN (D25-D29 E-D29),59.58,2026-07-11 14:23:00+00:00,2026-07-11 14:40:00+00:00,1020,51.896,245.770,36.60,2.14,37.00,1.1239,-1.89,1.00,LIGHT
8,136.90,Passage à niveau N° 326.,62.94,2026-07-11 14:24:00+00:00,2026-07-11 14:41:00+00:00,1020,51.740,246.035,36.40,2.14,37.00,1.1196,-0.46,2.09,CROSSWIND
8,140.40,D29 Côte du Buisson-de-Cadouin,190.15,2026-07-11 14:28:00+00:00,2026-07-11 14:46:00+00:00,1080,51.031,247.189,35.60,2.21,18.00,1.1190,-0.18,2.20,CROSSWIND
8,146.50,CALÈS (près),50.51,2026-07-11 14:36:00+00:00,2026-07-11 14:54:00+00:00,1080,49.751,249.168,35.80,2.28,15.00,1.1299,-2.09,0.91,TAILWIND
8,148.50,BADEFOLS-SUR-DORDOGNE,45.03,2026-07-11 14:39:00+00:00,2026-07-11 14:57:00+00:00,1080,49.270,249.902,35.30,1.97,24.00,1.1307,-1.59,1.17,LIGHT
8,150.80,PONTOURS,41.73,2026-07-11 14:42:00+00:00,2026-07-11 15:00:00+00:00,1080,48.787,250.617,35.30,2.28,29.00,1.1306,-1.47,1.75,LIGHT
8,152.90,Saint-Front (près) (D29-D8 E4) (COUZE-ET-SAINT-FRONT),41.91,2026-07-11 14:44:00+00:00,2026-07-11 15:03:00+00:00,1140,48.380,251.203,35.20,1.91,47.00,1.1305,1.30,1.40,LIGHT
8,153.20,D8 E4 LALINDE (D8 E4-D703-D8 E3-D703),43.57,2026-07-11 14:45:00+00:00,2026-07-11 15:04:00+00:00,1140,48.215,251.440,35.20,2.27,41.00,1.1310,1.47,1.73,LIGHT
8,155.70,D703 Port de Couze (LALINDE) (D703-D660),39.75,2026-07-11 14:48:00+00:00,2026-07-11 15:07:00+00:00,1140,47.728,252.127,35.50,1.94,55.00,1.1290,-1.59,1.11,LIGHT
8,158.30,D660 La Borie Basse (BANEUIL),40.53,2026-07-11 14:51:00+00:00,2026-07-11 15:11:00+00:00,1200,47.154,252.914,36.20,2.44,55.00,1.1277,-1.28,2.07,CROSSWIND
8,160.20,SAINT-CAPRAISE-DE-LALINDE,39.96,2026-07-11 14:54:00+00:00,2026-07-11 15:14:00+00:00,1200,46.659,253.584,36.70,2.61,58.00,1.1258,-2.19,1.42,TAILWIND
8,162.30,Tuilières,38.25,2026-07-11 14:57:00+00:00,2026-07-11 15:17:00+00:00,1200,46.161,254.240,36.90,2.61,58.00,1.1253,-1.63,2.04,CROSSWIND
8,164.00,MOULEYDIER,37.39,2026-07-11 14:59:00+00:00,2026-07-11 15:19:00+00:00,1200,45.831,254.670,36.60,2.42,60.00,1.1265,-1.63,1.79,LIGHT
8,166.80,CREYSSE,39.59,2026-07-11 15:03:00+00:00,2026-07-11 15:23:00+00:00,1200,45.167,255.530,36.50,2.42,60.00,1.1238,-2.04,1.31,TAILWIND
8,170.30,La Nauve (D660-N21),34.46,2026-07-11 15:07:00+00:00,2026-07-11 15:28:00+00:00,1260,44.421,256.485,36.90,2.42,66.00,1.1258,-0.84,2.27,CROSSWIND
8,174.50,N21 Carrefour N21-D936 E1,44.26,2026-07-11 15:13:00+00:00,2026-07-11 15:34:00+00:00,1260,43.412,257.761,36.30,2.25,58.00,1.1263,-0.19,2.24,CROSSWIND
8,176.20,D936 E1 BERGERAC (D936 E1-VC) (entrée),33.49,2026-07-11 15:15:00+00:00,2026-07-11 15:37:00+00:00,1320,42.987,258.266,36.60,1.93,69.00,1.1265,-0.44,1.88,LIGHT
8,180.40,VC BERGERAC,31.33,2026-07-11 15:20:00+00:00,2026-07-11 15:43:00+00:00,1380,42.018,259.413,36.70,1.93,69.00,1.1265,-1.93,0.10,LIGHT
9,0.00,BRIVE-LA-GAILLARDE (D141-VC-D921),,,,,,,,,,,,,
9,0.00,D921 MALEMORT,,,,,,,,,,,,,
9,0.00,D141 MALEMORT,,,,,,,,,,,,,
9,1.10,"Pont du Cayre (COSNAC, LA CHAPELLE-AUX-BROCS)",,,,,,,,,,,,,
9,5.20,La Croix d'Oriol (DAMPNIAT),,,,,,,,,,,,,
9,6.20,LANTEUIL,,,,,,,,,,,,,
9,7.10,La Miraudie,,,,,,,,,,,,,
9,10.70,Le Moulin à Papier,,,,,,,,,,,,,
9,13.60,BEYNAT (entrée),,,,,,,,,,,,,
9,13.90,BEYNAT,,,,,,,,,,,,,
9,16.40,Le Perrier Haut,,,,,,,,,,,,,
9,17.40,Lac de Miel,,,,,,,,,,,,,
9,19.40,Les Quatre Routes (D921-D940) (ALBUSSAC),,,,,,,,,,,,,
9,24.60,D940 Clairfage,,,,,,,,,,,,,
9,26.70,Riou-Blanquet,,,,,,,,,,,,,
9,27.60,La Chapeloune,,,,,,,,,,,,,
9,28.40,SAINTE-FORTUNADE,,,,,,,,,,,,,
9,30.70,Le Grelet,,,,,,,,,,,,,
9,31.10,La Croix d'Eure,,,,,,,,,,,,,
9,34.70,Quartier Montana (LAGUENNE-SUR-AVALOUZE),,,,,,,,,,,,,
9,34.80,TULLE (D940-VC-D23),,,,,,,,,,,,,
9,43.60,D23 Carrefour D23-D58,,,,,,,,,,,,,
9,44.60,D58 Le Maugein,,,,,,,,,,,,,
9,46.00,Côte de Naves,,,,,,,,,,,,,
9,46.40,NAVES (D58-D1120),,,,,,,,,,,,,
9,48.90,D1120 Carrefour D1120-D53,,,,,,,,,,,,,
9,50.20,D53 Puy de Cueille,,,,,,,,,,,,,
9,51.50,Vimbelle (D53-D23-D32) (BAR),,,,,,,,,,,,,
9,54.40,D32 Neuvialle (ORLIAC-DE-BAR),,,,,,,,,,,,,
9,56.40,Le Chassagnou (ORLIAC-DE-BAR),,,,,,,,,,,,,
9,57.20,La Chèze (ORLIAC-DE-BAR),,,,,,,,,,,,,
9,57.90,L'Échamel (ORLIAC-DE-BAR),,,,,,,,,,,,,
9,60.30,Sarlat,,,,,,,,,,,,,
9,61.60,Le Mas,,,,,,,,,,,,,
9,62.70,SAINT-AUGUSTIN (D32-D26-D32),,,,,,,,,,,,,
9,65.30,Mézinges,,,,,,,,,,,,,
9,69.00,CHAUMEIL (D32-D121-VC),,,,,,,,,,,,,
9,70.30,VC Étang de Maurianges,,,,,,,,,,,,,
9,73.80,Site de la Fournaise,,,,,,,,,,,,,
9,74.10,Suc au May (903 m),,,,,,,,,,,,,
9,74.50,Site du Hangar (VC-D128 E),,,,,,,,,,,,,
9,76.00,D128 E Col du Bos (D128 E-D128),,,,,,,,,,,,,
9,79.90,D128 Carrefour D128-D121,,,,,,,,,,,,,
9,82.00,D121 MADRANGES (D121-D44),,,,,,,,,,,,,
9,84.10,"D44 Boulou (D44-D940) (AFFIEUX, LE LONZAC)",,,,,,,,,,,,,
9,87.00,D940 La Gane Sauviat (AFFIEUX),,,,,,,,,,,,,
9,89.20,Le Puy Montviallard (AFFIEUX),,,,,,,,,,,,,
9,90.10,TREIGNAC (D940-D16 E5-D16),,,,,,,,,,,,,
9,92.50,D16 Le Boucheteil Bas,,,,,,,,,,,,,
9,92.70,Le Boucheteil Haut,,,,,,,,,,,,,
9,93.70,Pont d'Auxillat,,,,,,,,,,,,,
9,97.50,La Croix de la Gane,,,,,,,,,,,,,
9,98.50,Côte de la Croix du Pey,,,,,,,,,,,,,
9,99.00,LESTARDS,,,,,,,,,,,,,
9,99.80,La Philipperie (D16-D32),,,,,,,,,,,,,
9,105.60,D32 GOURDON-MURAT,,,,,,,,,,,,,
9,106.40,Chemin,,,,,,,,,,,,,
9,111.80,Vezou,,,,,,,,,,,,,
9,111.90,BUGEAT (D32-D979),,,,,,,,,,,,,
9,117.30,D979 PÉROLS-SUR-VÉZÈRE (près),,,,,,,,,,,,,
9,128.10,Carrefour D979-VC,,,,,,,,,,,,,
9,130.10,VC Mont Bessou,,,,,,,,,,,,,
9,132.20,Carrefour VC-D36,,,,,,,,,,,,,
9,135.30,D36 La Feuillade,,,,,,,,,,,,,
9,135.60,MEYMAC (D36-D36 E-D979),,,,,,,,,,,,,
9,136.60,D979 Passage à niveau N° 64.,,,,,,,,,,,,,
9,141.00,Les Buigeottes,,,,,,,,,,,,,
9,145.20,SAINT-ANGEL (D979-D1089),,,,,,,,,,,,,
9,149.60,D1089 L'Empereur,,,,,,,,,,,,,
9,153.70,USSEL (entrée),,,,,,,,,,,,,
9,154.60,USSEL,,,,,,,,,,,,,
10,0.00,Milly-Crespiat (ARPAJON-SUR-CÈRE) (N122-D617),570.77,2026-07-14 11:11:00+00:00,2026-07-14 11:11:00+00:00,0,64.961,154.460,32.70,2.46,243.00,1.0780,2.27,0.95,HEADWIND
10,0.00,D617 AURILLAC,570.77,2026-07-14 11:15:00+00:00,2026-07-14 11:15:00+00:00,0,65.255,156.556,32.70,2.46,243.00,1.0780,2.27,0.95,HEADWIND
10,0.00,VC AURILLAC (VC-N122),570.77,2026-07-14 11:00:00+00:00,2026-07-14 11:00:00+00:00,0,64.038,148.922,32.70,2.46,243.00,1.0780,2.27,0.95,HEADWIND
10,2.60,La Course du Mouton,650.14,2026-07-14 11:18:00+00:00,2026-07-14 11:19:00+00:00,60,65.498,158.370,31.50,1.66,245.00,1.0757,0.78,1.47,LIGHT
10,3.40,ROANNES-SAINT-MARY,632.08,2026-07-14 11:20:00+00:00,2026-07-14 11:20:00+00:00,0,65.598,159.175,31.50,1.66,245.00,1.0751,-1.33,1.00,LIGHT
10,10.20,Carrefour D617-D20,715.46,2026-07-14 11:28:00+00:00,2026-07-14 11:30:00+00:00,120,66.132,164.066,30.20,1.43,245.00,1.0706,1.41,0.24,LIGHT
10,11.00,D20 Carrefour D20-D45,738.51,2026-07-14 11:30:00+00:00,2026-07-14 11:31:00+00:00,60,66.209,164.922,30.20,1.65,256.00,1.0688,0.00,1.65,LIGHT
10,15.00,D45 La Loudière,640.96,2026-07-14 11:35:00+00:00,2026-07-14 11:37:00+00:00,120,66.466,167.999,30.70,1.57,243.00,1.0732,0.19,1.56,LIGHT
10,15.20,MARCOLÈS (D45-VC-D66),665.02,2026-07-14 11:35:00+00:00,2026-07-14 11:37:00+00:00,120,66.468,167.996,30.70,1.57,243.00,1.0735,0.50,1.49,LIGHT
10,16.30,D66 Carrefour D66-D51,717.92,2026-07-14 11:37:00+00:00,2026-07-14 11:39:00+00:00,120,66.545,169.156,30.60,1.57,243.00,1.0714,1.02,1.20,LIGHT
10,21.90,D51 Carrefour D51-D601,784.43,2026-07-14 11:44:00+00:00,2026-07-14 11:47:00+00:00,180,66.763,173.643,30.90,1.70,225.00,1.0627,-1.60,0.58,LIGHT
10,23.90,D601 Le Garric,746.08,2026-07-14 11:47:00+00:00,2026-07-14 11:50:00+00:00,180,66.802,175.441,31.10,1.70,225.00,1.0661,-1.67,0.31,LIGHT
10,25.30,LACAPELLE-DEL-FRAISSE (entrée),792.38,2026-07-14 11:49:00+00:00,2026-07-14 11:52:00+00:00,180,66.821,176.652,30.80,2.06,209.00,1.0603,-1.13,1.72,LIGHT
10,25.50,LACAPELLE-DEL-FRAISSE,800.22,2026-07-14 11:49:00+00:00,2026-07-14 11:52:00+00:00,180,66.819,176.656,30.70,2.06,209.00,1.0599,-1.98,0.56,LIGHT
10,26.90,LAFEUILLADE-EN-VÉZIE (D601-D920),759.70,2026-07-14 11:51:00+00:00,2026-07-14 11:54:00+00:00,180,66.831,177.868,30.90,1.97,210.00,1.0647,-1.09,1.64,LIGHT
10,31.70,D920 PRUNET (près),764.08,2026-07-14 11:57:00+00:00,2026-07-14 12:01:00+00:00,240,66.804,181.789,31.50,1.08,214.00,1.0626,-0.81,0.72,LIGHT
10,32.20,Lasprandine,761.88,2026-07-14 11:58:00+00:00,2026-07-14 12:02:00+00:00,240,66.795,182.391,32.30,1.61,173.00,1.0594,-0.77,1.41,LIGHT
10,32.90,La Croix d'Aubugues (D920-D8),775.93,2026-07-14 11:59:00+00:00,2026-07-14 12:03:00+00:00,240,66.782,182.991,32.20,1.61,173.00,1.0582,-1.58,0.30,LIGHT
10,35.00,D8 Carrefour D8-D32,804.43,2026-07-14 12:02:00+00:00,2026-07-14 12:06:00+00:00,240,66.729,184.782,32.00,1.33,193.00,1.0547,-1.27,0.39,LIGHT
10,35.70,D32 La Joyeuse (D32-D8),810.20,2026-07-14 12:02:00+00:00,2026-07-14 12:07:00+00:00,300,66.716,185.069,32.00,1.33,193.00,1.0557,-1.23,0.51,LIGHT
10,42.80,D8 Lachaux,815.96,2026-07-14 12:12:00+00:00,2026-07-14 12:18:00+00:00,360,66.404,191.254,32.40,1.58,198.00,1.0556,-0.45,1.51,LIGHT
10,43.90,Feneyrols,767.95,2026-07-14 12:13:00+00:00,2026-07-14 12:19:00+00:00,360,66.362,191.812,32.90,1.14,255.00,1.0594,-0.07,1.14,LIGHT
10,44.40,Carrefour D8-D990,743.81,2026-07-14 12:14:00+00:00,2026-07-14 12:20:00+00:00,360,66.322,192.395,32.90,1.14,255.00,1.0585,0.35,1.08,LIGHT
10,48.30,D990 CARLAT,751.90,2026-07-14 12:19:00+00:00,2026-07-14 12:26:00+00:00,420,66.091,195.550,32.60,1.66,205.00,1.0561,-0.48,1.59,LIGHT
10,54.40,Loubéjac,782.13,2026-07-14 12:27:00+00:00,2026-07-14 12:35:00+00:00,480,65.603,200.351,33.00,2.48,220.00,1.0542,-1.32,2.10,CROSSWIND
10,59.50,Carrefour D990-D59,672.43,2026-07-14 12:34:00+00:00,2026-07-14 12:42:00+00:00,480,65.111,204.166,33.50,2.27,229.00,1.0635,0.09,2.27,CROSSWIND
10,60.70,D59 Cropières (RAULHAC),713.46,2026-07-14 12:36:00+00:00,2026-07-14 12:44:00+00:00,480,64.951,205.204,33.40,2.27,229.00,1.0622,-2.09,0.88,TAILWIND
10,62.70,JOU-SOUS-MONJOU,752.24,2026-07-14 12:39:00+00:00,2026-07-14 12:47:00+00:00,480,64.703,206.738,33.00,2.27,229.00,1.0551,-2.23,0.41,TAILWIND
10,64.90,Carrefour D59-D54,825.30,2026-07-14 12:42:00+00:00,2026-07-14 12:50:00+00:00,480,64.452,208.252,31.30,1.94,258.00,1.0474,-1.74,0.85,LIGHT
10,65.50,D54 Cassagne,855.39,2026-07-14 12:42:00+00:00,2026-07-14 12:51:00+00:00,540,64.411,208.516,31.10,1.94,258.00,1.0434,-0.30,1.92,LIGHT
10,68.00,Côte de Pailherols,1034.86,2026-07-14 12:46:00+00:00,2026-07-14 12:55:00+00:00,540,64.050,210.522,29.40,1.96,255.00,1.0362,-1.96,0.08,LIGHT
10,68.50,PAILHEROLS,1043.25,2026-07-14 12:47:00+00:00,2026-07-14 12:55:00+00:00,480,64.002,210.774,29.40,1.96,255.00,1.0359,-1.42,1.35,LIGHT
10,70.40,La Bonétie,1061.29,2026-07-14 12:49:00+00:00,2026-07-14 12:58:00+00:00,540,63.768,212.020,30.00,1.79,243.00,1.0339,-0.43,1.74,LIGHT
10,73.40,LACAPELLE-BARRÈS (D54-D990),1027.43,2026-07-14 12:53:00+00:00,2026-07-14 13:03:00+00:00,600,63.335,214.211,30.60,1.75,246.00,1.0400,0.10,1.75,LIGHT
10,74.50,D990 Le Chambon (THÉRONDELS),983.21,2026-07-14 12:55:00+00:00,2026-07-14 13:05:00+00:00,600,63.130,215.153,30.50,4.53,248.00,1.0387,2.92,3.47,CROSSWIND
10,76.10,Pont la Vieille (D990-D57) (NARNHAC),987.64,2026-07-14 12:57:00+00:00,2026-07-14 13:07:00+00:00,600,62.916,216.094,30.30,4.53,248.00,1.0351,-4.01,2.10,TAILWIND
10,81.30,D57 Vigouroux (SAINT-MARTIN-SOUS-VIGOUROUX),1070.21,2026-07-14 13:04:00+00:00,2026-07-14 13:15:00+00:00,660,62.071,219.505,30.60,3.85,242.00,1.0303,-3.40,1.81,TAILWIND
10,85.00,Landonnes (BREZONS),852.47,2026-07-14 13:09:00+00:00,2026-07-14 13:21:00+00:00,720,61.416,221.843,32.60,3.19,238.00,1.0528,-2.80,1.54,TAILWIND
10,85.40,Chauteil (BREZONS),830.21,2026-07-14 13:10:00+00:00,2026-07-14 13:21:00+00:00,660,61.353,222.049,32.60,3.19,238.00,1.0523,2.40,2.10,HEADWIND
10,85.70,Le Pessin (D57-D39) (BREZONS),814.80,2026-07-14 13:10:00+00:00,2026-07-14 13:22:00+00:00,720,61.291,222.255,32.50,3.19,238.00,1.0519,-1.59,2.76,CROSSWIND
10,87.40,D39 Farreyre (BREZONS),831.31,2026-07-14 13:13:00+00:00,2026-07-14 13:25:00+00:00,720,60.918,223.465,32.30,3.19,238.00,1.0494,-1.48,2.83,CROSSWIND
10,90.00,Les Roussinches (BREZONS),905.86,2026-07-14 13:16:00+00:00,2026-07-14 13:28:00+00:00,720,60.551,224.619,31.40,4.00,238.00,1.0423,2.12,3.39,CROSSWIND
10,91.50,Le Bourguet (BREZONS),934.45,2026-07-14 13:19:00+00:00,2026-07-14 13:31:00+00:00,720,60.173,225.805,30.90,4.00,238.00,1.0352,1.26,3.80,CROSSWIND
10,95.50,La Griffoul (BREZONS),1222.03,2026-07-14 13:24:00+00:00,2026-07-14 13:37:00+00:00,780,59.448,227.965,29.10,3.91,230.00,1.0120,-1.31,3.68,CROSSWIND
10,97.30,Col de la Griffoul,1331.87,2026-07-14 13:27:00+00:00,2026-07-14 13:40:00+00:00,780,59.036,229.077,28.70,3.91,230.00,1.0057,-1.69,3.53,CROSSWIND
10,100.70,La Sagnette (PAULHAC),1210.75,2026-07-14 13:31:00+00:00,2026-07-14 13:45:00+00:00,840,58.422,230.682,28.90,3.62,231.00,1.0117,-1.10,3.45,CROSSWIND
10,103.80,Col de Prat de Bouc,1393.03,2026-07-14 13:36:00+00:00,2026-07-14 13:50:00+00:00,840,57.728,232.407,28.70,2.87,241.00,1.0106,1.00,2.69,CROSSWIND
10,108.40,Albepierre (ALBEPIERRE-BREDONS),1072.29,2026-07-14 13:42:00+00:00,2026-07-14 13:57:00+00:00,900,56.772,234.636,31.30,1.70,225.00,1.0318,-1.04,1.34,LIGHT
10,112.70,MURAT (D39-D3-VC-D3),895.85,2026-07-14 13:48:00+00:00,2026-07-14 14:03:00+00:00,900,55.866,236.593,31.80,0.72,236.00,1.0417,-0.69,0.19,LIGHT
10,118.80,D3 Côte de Murat,1181.06,2026-07-14 13:57:00+00:00,2026-07-14 14:13:00+00:00,960,54.452,239.462,29.40,5.03,253.00,1.0194,0.82,4.96,CROSSWIND
10,121.20,Carrefour D3-D680,1177.35,2026-07-14 14:00:00+00:00,2026-07-14 14:17:00+00:00,1020,53.920,240.477,29.60,4.37,254.00,1.0274,-4.11,1.49,TAILWIND
10,122.80,D680 Le Peuch,1060.15,2026-07-14 14:02:00+00:00,2026-07-14 14:19:00+00:00,1020,53.620,241.042,29.90,4.37,254.00,1.0324,1.70,4.02,CROSSWIND
10,123.50,DIENNE,1054.83,2026-07-14 14:03:00+00:00,2026-07-14 14:20:00+00:00,1020,53.471,241.331,30.00,4.37,254.00,1.0332,3.93,1.92,HEADWIND
10,127.70,LAVIGERIE,1114.26,2026-07-14 14:09:00+00:00,2026-07-14 14:27:00+00:00,1080,52.489,243.164,29.60,3.61,256.00,1.0240,3.61,0.03,HEADWIND
10,131.50,Col de Serre,1328.81,2026-07-14 14:14:00+00:00,2026-07-14 14:32:00+00:00,1080,51.726,244.513,27.90,4.81,266.00,1.0089,4.52,1.64,HEADWIND
10,134.20,Col d'Eylac,1442.35,2026-07-14 14:18:00+00:00,2026-07-14 14:37:00+00:00,1140,51.027,245.731,27.70,4.39,227.00,0.9938,4.34,0.65,HEADWIND
10,135.70,Puy Mary - Pas de Peyrol,1577.82,2026-07-14 14:20:00+00:00,2026-07-14 14:39:00+00:00,1140,50.710,246.244,26.40,3.36,247.00,0.9858,2.51,2.23,HEADWIND
10,137.50,D17 Col de Redondet,1531.04,2026-07-14 14:22:00+00:00,2026-07-14 14:41:00+00:00,1140,50.395,246.772,27.40,4.70,232.00,0.9893,4.07,2.35,HEADWIND
10,144.40,Rudez,1055.99,2026-07-14 14:29:00+00:00,2026-07-14 14:48:00+00:00,1140,49.252,248.597,30.50,4.14,233.00,1.0320,3.85,1.52,HEADWIND
10,147.00,MANDAILLES-SAINT-JULIEN (D17-D317),924.87,2026-07-14 14:31:00+00:00,2026-07-14 14:51:00+00:00,1200,48.856,249.222,31.30,4.14,233.00,1.0434,4.09,0.66,HEADWIND
10,152.10,Col de Pertus,1301.96,2026-07-14 14:41:00+00:00,2026-07-14 15:02:00+00:00,1260,47.102,251.793,28.60,3.31,245.00,1.0097,0.67,3.24,CROSSWIND
10,157.50,SAINT-JACQUES-DES-BLATS (D317-N122),1035.10,2026-07-14 14:48:00+00:00,2026-07-14 15:10:00+00:00,1320,45.814,253.573,30.60,3.64,254.00,1.0338,0.75,3.56,CROSSWIND
10,160.80,Carrefour N122-D67,1116.83,2026-07-14 14:52:00+00:00,2026-07-14 15:14:00+00:00,1320,45.117,254.469,29.30,4.70,246.00,1.0266,-4.31,1.87,TAILWIND
10,163.40,D67 Carrefour D67-VC,1277.63,2026-07-14 14:58:00+00:00,2026-07-14 15:20:00+00:00,1320,44.087,255.799,28.20,4.70,246.00,1.0119,-4.16,2.19,TAILWIND
10,163.90,VC Col de Font de Cère,1294.00,2026-07-14 14:59:00+00:00,2026-07-14 15:22:00+00:00,1380,43.829,256.125,28.20,4.70,246.00,1.0114,2.14,4.19,CROSSWIND
10,166.00,Carrefour VC-D67,1194.28,2026-07-14 15:01:00+00:00,2026-07-14 15:25:00+00:00,1440,43.392,256.674,29.00,4.70,246.00,1.0219,0.26,4.69,CROSSWIND
10,166.60,D67 LE LIORAN,1233.39,2026-07-14 15:02:00+00:00,2026-07-14 15:26:00+00:00,1440,43.218,256.894,28.60,4.70,246.00,1.0164,2.37,4.06,CROSSWIND
11,0.00,Pont de l'Europe (BELLERIVE-SUR-ALLIER),250.60,2026-07-15 11:54:00+00:00,2026-07-15 11:55:00+00:00,60,65.311,181.189,25.90,3.03,188.00,1.1416,-2.71,1.36,TAILWIND
11,0.00,VC VICHY,250.60,2026-07-15 11:50:00+00:00,2026-07-15 11:50:00+00:00,0,65.310,178.683,25.90,3.03,188.00,1.1416,-2.71,1.36,TAILWIND
11,0.00,VICHY (VC-D6 E),250.60,2026-07-15 11:55:00+00:00,2026-07-15 11:56:00+00:00,60,65.306,181.746,25.90,3.03,188.00,1.1416,-2.71,1.36,TAILWIND
11,0.00,D6 E Boutiron (D6 E-D174) (CREUZIER-LE-VIEUX),250.60,2026-07-15 12:03:00+00:00,2026-07-15 12:03:00+00:00,0,65.219,185.911,25.20,5.86,207.00,1.1477,-5.81,0.79,TAILWIND
11,0.00,D174 VICHY,250.60,2026-07-15 12:05:00+00:00,2026-07-15 12:05:00+00:00,0,65.180,187.016,25.20,5.86,207.00,1.1477,-5.81,0.79,TAILWIND
11,1.10,Rhue (D174-D258) (CREUZIER-LE-VIEUX),253.73,2026-07-15 12:06:00+00:00,2026-07-15 12:06:00+00:00,0,65.149,187.582,25.20,5.86,207.00,1.1474,-5.81,0.79,TAILWIND
11,3.10,D258 Bourzat,282.43,2026-07-15 12:09:00+00:00,2026-07-15 12:09:00+00:00,0,65.056,189.225,25.30,6.13,206.00,1.1435,-5.65,2.37,TAILWIND
11,4.40,SAINT-GERMAIN-DES-FOSSÉS (D258-D258 E-D77),281.61,2026-07-15 12:11:00+00:00,2026-07-15 12:11:00+00:00,0,64.987,190.337,25.40,5.44,212.00,1.1432,-5.44,0.10,TAILWIND
11,7.20,D77 Carrefour D77-N209,265.29,2026-07-15 12:14:00+00:00,2026-07-15 12:15:00+00:00,60,64.867,192.283,25.30,6.47,212.00,1.1449,-3.65,5.34,CROSSWIND
11,9.00,N209 Champs Rosier (SEUILLET),281.95,2026-07-15 12:16:00+00:00,2026-07-15 12:17:00+00:00,60,64.776,193.342,25.40,5.44,212.00,1.1432,-4.12,3.55,TAILWIND
11,11.00,Fougerat,298.60,2026-07-15 12:19:00+00:00,2026-07-15 12:20:00+00:00,60,64.635,194.914,25.00,4.85,212.00,1.1427,-3.63,3.22,TAILWIND
11,12.20,BILLY (N209-D130),276.07,2026-07-15 12:21:00+00:00,2026-07-15 12:22:00+00:00,60,64.531,195.966,25.20,4.85,212.00,1.1459,-4.16,2.49,TAILWIND
11,14.10,D130 La Boire Henon,241.66,2026-07-15 12:23:00+00:00,2026-07-15 12:25:00+00:00,120,64.409,197.244,25.80,4.57,209.00,1.1474,-4.00,2.22,TAILWIND
11,15.10,MARCENAT,247.03,2026-07-15 12:24:00+00:00,2026-07-15 12:26:00+00:00,120,64.360,197.747,25.80,4.70,209.00,1.1473,2.28,4.11,CROSSWIND
11,20.90,LORIGES,257.38,2026-07-15 12:32:00+00:00,2026-07-15 12:34:00+00:00,120,63.877,201.757,25.60,4.96,214.00,1.1454,-1.46,4.74,CROSSWIND
11,23.90,Les Noix,244.75,2026-07-15 12:35:00+00:00,2026-07-15 12:38:00+00:00,180,63.636,203.458,26.20,6.02,201.00,1.1453,-1.38,5.86,CROSSWIND
11,26.30,SAINT-POURÇAIN-SUR-SIOULE (D130-D2009) (entrée),241.78,2026-07-15 12:39:00+00:00,2026-07-15 12:42:00+00:00,180,63.343,205.391,27.60,5.59,204.00,1.1396,-2.91,4.77,CROSSWIND
11,27.90,SAINT-POURÇAIN-SUR-SIOULE,238.64,2026-07-15 12:40:00+00:00,2026-07-15 12:44:00+00:00,240,63.223,206.094,27.60,5.59,204.00,1.1409,-1.62,5.35,CROSSWIND
11,29.50,Bouteresse (SAULCET),244.02,2026-07-15 12:43:00+00:00,2026-07-15 12:46:00+00:00,180,63.025,207.277,27.80,5.39,211.00,1.1387,-4.30,3.25,TAILWIND
11,32.90,Côte de Billonnière,295.27,2026-07-15 12:47:00+00:00,2026-07-15 12:51:00+00:00,240,62.626,209.385,28.00,5.38,215.00,1.1356,-4.82,2.38,TAILWIND
11,33.50,La Pierre Corbe (CONTIGNY),302.68,2026-07-15 12:48:00+00:00,2026-07-15 12:52:00+00:00,240,62.536,209.848,28.00,5.58,213.00,1.1308,-5.08,2.32,TAILWIND
11,34.60,Montigny (près),300.60,2026-07-15 12:49:00+00:00,2026-07-15 12:53:00+00:00,240,62.439,210.309,27.90,5.58,213.00,1.1309,-5.08,2.31,TAILWIND
11,36.10,MONÉTAY-SUR-ALLIER (près),296.71,2026-07-15 12:51:00+00:00,2026-07-15 12:55:00+00:00,240,62.248,211.234,28.40,5.19,214.00,1.1297,-5.17,0.46,TAILWIND
11,38.70,CHÂTEL-DE-NEUVRE,275.75,2026-07-15 12:54:00+00:00,2026-07-15 12:59:00+00:00,300,61.904,212.843,28.80,4.94,216.00,1.1301,-4.62,1.74,TAILWIND
11,48.30,CHEMILLY,230.77,2026-07-15 13:07:00+00:00,2026-07-15 13:12:00+00:00,300,60.515,218.417,29.50,6.79,189.00,1.1308,-6.65,1.39,TAILWIND
11,51.10,Les Guénaudins-Longvé (près) (BRESSOLLES),229.49,2026-07-15 13:10:00+00:00,2026-07-15 13:16:00+00:00,360,60.111,219.843,29.80,6.26,188.00,1.1308,-6.23,0.60,TAILWIND
11,52.80,Les Bassets (BRESSOLLES),225.13,2026-07-15 13:12:00+00:00,2026-07-15 13:19:00+00:00,420,59.818,220.846,30.50,4.96,189.00,1.1304,-4.94,0.47,TAILWIND
11,55.70,MOULINS (D2009-VC),214.04,2026-07-15 13:16:00+00:00,2026-07-15 13:23:00+00:00,420,59.342,222.447,30.70,4.69,191.00,1.1289,-4.65,0.59,TAILWIND
11,59.10,VC Passage à niveau N° 136.,222.67,2026-07-15 13:20:00+00:00,2026-07-15 13:27:00+00:00,420,58.850,224.022,31.20,4.56,195.00,1.1238,-2.18,4.00,CROSSWIND
11,59.60,YZEURE (VC-D493),227.83,2026-07-15 13:21:00+00:00,2026-07-15 13:28:00+00:00,420,58.727,224.399,31.20,4.56,195.00,1.1238,-2.80,3.60,CROSSWIND
11,62.50,D493 L'Épine (D493-D979 A) (AVERMES),238.12,2026-07-15 13:25:00+00:00,2026-07-15 13:32:00+00:00,420,58.218,225.901,31.10,4.62,198.00,1.1218,-3.01,3.51,CROSSWIND
11,63.60,"D979 A Champ des Balais (AVERMES, YZEURE)",253.53,2026-07-15 13:26:00+00:00,2026-07-15 13:34:00+00:00,480,58.022,226.460,31.30,3.20,200.00,1.1226,-3.17,0.40,TAILWIND
11,65.70,La Barbizenne (GENNETINES),245.19,2026-07-15 13:29:00+00:00,2026-07-15 13:37:00+00:00,480,57.627,227.561,31.50,1.78,218.00,1.1204,-1.75,0.30,LIGHT
11,73.20,SAINT-ENNEMOND,223.60,2026-07-15 13:38:00+00:00,2026-07-15 13:47:00+00:00,540,56.331,230.923,31.50,1.51,262.00,1.1252,-0.32,1.48,LIGHT
11,75.10,Les Galmins,223.32,2026-07-15 13:41:00+00:00,2026-07-15 13:50:00+00:00,540,55.913,231.939,31.50,1.51,262.00,1.1253,-0.66,1.36,LIGHT
11,77.70,Banville (LUCENAY-LÈS-AIX),218.79,2026-07-15 13:44:00+00:00,2026-07-15 13:53:00+00:00,540,55.489,232.920,31.50,2.01,276.00,1.1265,-0.19,2.00,CROSSWIND
11,80.40,La Poulecaude (TOURY-LURCY),224.62,2026-07-15 13:48:00+00:00,2026-07-15 13:57:00+00:00,540,54.922,234.198,30.70,2.31,275.00,1.1270,-0.06,2.31,CROSSWIND
11,83.10,Les Oudilles (TOURY-LURCY),233.32,2026-07-15 13:51:00+00:00,2026-07-15 14:01:00+00:00,600,54.420,235.289,31.00,2.31,275.00,1.1301,0.40,2.28,CROSSWIND
11,84.20,Les Oudilles (SAINT-GERMAIN-CHASSENAY),219.96,2026-07-15 13:52:00+00:00,2026-07-15 14:02:00+00:00,600,54.270,235.606,30.60,2.04,259.00,1.1289,-0.05,2.04,CROSSWIND
11,86.40,Carrefour D979 A-D978 A,199.59,2026-07-15 13:55:00+00:00,2026-07-15 14:05:00+00:00,600,53.827,236.538,32.50,2.00,233.00,1.1242,-1.44,1.39,LIGHT
11,90.30,DECIZE (D978 A-D981),193.21,2026-07-15 14:00:00+00:00,2026-07-15 14:11:00+00:00,660,53.011,238.214,32.50,1.98,225.00,1.1260,-1.70,1.02,LIGHT
11,93.50,D981 SAINT-LÉGER-DES-VIGNES (D981-D34),192.72,2026-07-15 14:04:00+00:00,2026-07-15 14:15:00+00:00,660,52.417,239.375,32.10,1.77,223.00,1.1229,0.21,1.76,LIGHT
11,99.50,D34 LA MACHINE,256.40,2026-07-15 14:12:00+00:00,2026-07-15 14:24:00+00:00,720,51.114,241.795,31.90,1.28,219.00,1.1213,-0.75,1.04,LIGHT
11,104.20,Le Bois Vieux (près) (THIANGES),224.46,2026-07-15 14:18:00+00:00,2026-07-15 14:30:00+00:00,720,50.171,243.449,31.90,1.84,221.00,1.1240,-1.70,0.70,LIGHT
11,106.10,La Chapelle,251.03,2026-07-15 14:20:00+00:00,2026-07-15 14:33:00+00:00,780,49.776,244.119,31.90,1.84,221.00,1.1231,-1.33,1.27,LIGHT
11,106.60,VILLE-LANGY,245.57,2026-07-15 14:21:00+00:00,2026-07-15 14:34:00+00:00,780,49.620,244.385,31.80,1.84,221.00,1.1233,-1.60,0.90,LIGHT
11,108.50,ANLEZY,224.88,2026-07-15 14:23:00+00:00,2026-07-15 14:36:00+00:00,780,49.304,244.901,31.60,2.13,221.00,1.1208,-1.93,0.90,LIGHT
11,113.40,FRASNAY-REUGNY,273.31,2026-07-15 14:30:00+00:00,2026-07-15 14:43:00+00:00,780,48.208,246.710,31.90,2.44,215.00,1.1213,-2.10,1.24,TAILWIND
11,116.30,Carrefour D34-D978,251.46,2026-07-15 14:33:00+00:00,2026-07-15 14:47:00+00:00,840,47.679,247.582,31.30,2.14,217.00,1.1180,1.87,1.04,LIGHT
11,117.50,D978 Conseuille (ROUY),261.10,2026-07-15 14:35:00+00:00,2026-07-15 14:49:00+00:00,840,47.371,248.074,31.40,2.47,212.00,1.1189,1.91,1.56,LIGHT
11,121.50,BILLY-CHEVANNES,285.84,2026-07-15 14:40:00+00:00,2026-07-15 14:54:00+00:00,840,46.604,249.289,30.90,1.77,223.00,1.1166,1.04,1.43,LIGHT
11,123.40,Côte de Billy-Chevannes,357.51,2026-07-15 14:43:00+00:00,2026-07-15 14:57:00+00:00,840,46.136,250.003,31.40,1.92,219.00,1.1217,1.56,1.12,LIGHT
11,126.30,SAINT-BENIN-D'AZY,259.88,2026-07-15 14:46:00+00:00,2026-07-15 15:01:00+00:00,900,45.593,250.821,31.50,1.53,212.00,1.1241,0.77,1.32,LIGHT
11,129.60,Cougny (D978-D26),222.52,2026-07-15 14:50:00+00:00,2026-07-15 15:06:00+00:00,960,44.884,251.855,31.50,2.31,185.00,1.1248,-0.15,2.30,CROSSWIND
11,130.70,D26 Trélaigues,244.04,2026-07-15 14:52:00+00:00,2026-07-15 15:07:00+00:00,900,44.646,252.193,31.40,2.31,185.00,1.1228,-1.34,1.88,LIGHT
11,131.60,SAINT-JEAN-AUX-AMOGNES,236.35,2026-07-15 14:53:00+00:00,2026-07-15 15:09:00+00:00,960,44.405,252.532,31.40,2.15,208.00,1.1192,-0.45,2.10,CROSSWIND
11,137.30,Ourouër (VAUX D'AMOGNES),264.93,2026-07-15 15:00:00+00:00,2026-07-15 15:16:00+00:00,960,43.271,254.070,31.60,1.97,204.00,1.1197,-1.48,1.30,LIGHT
11,140.10,Balleray (VAUX D'AMOGNES),234.71,2026-07-15 15:04:00+00:00,2026-07-15 15:20:00+00:00,960,42.629,254.937,32.20,2.09,197.00,1.1196,-0.84,1.92,LIGHT
11,140.70,La Forêt Ronde (VAUX D'AMOGNES),229.91,2026-07-15 15:05:00+00:00,2026-07-15 15:21:00+00:00,960,42.468,255.154,32.30,2.09,197.00,1.1211,-0.40,2.05,CROSSWIND
11,146.00,GUÉRIGNY (D26-D977),234.55,2026-07-15 15:11:00+00:00,2026-07-15 15:29:00+00:00,1080,41.345,256.642,32.00,2.10,180.00,1.1213,-0.84,1.93,LIGHT
11,148.10,D977 Demeurs,207.54,2026-07-15 15:14:00+00:00,2026-07-15 15:32:00+00:00,1080,40.858,257.279,32.20,2.10,180.00,1.1233,1.86,0.97,LIGHT
11,150.40,URZY,208.81,2026-07-15 15:17:00+00:00,2026-07-15 15:35:00+00:00,1080,40.355,257.948,32.20,2.10,177.00,1.1242,1.99,0.66,LIGHT
11,155.00,"D176 La Grippe (SAINT-MARTIN-D'HEUILLE, COULANGES-LÈS-NEVERS)",184.06,2026-07-15 15:23:00+00:00,2026-07-15 15:41:00+00:00,1080,39.354,259.257,31.90,1.94,192.00,1.1274,1.61,1.08,LIGHT
11,155.00,La Pacauderie (D977-D176) (SAINT-MARTIN-D'HEUILLE),184.06,2026-07-15 15:23:00+00:00,2026-07-15 15:41:00+00:00,1080,39.354,259.257,31.90,1.94,192.00,1.1274,1.61,1.08,LIGHT
11,157.70,Trangy (près) (SAINT-ÉLOI),184.87,2026-07-15 15:26:00+00:00,2026-07-15 15:45:00+00:00,1140,38.774,259.992,31.50,1.80,183.00,1.1293,1.70,0.59,LIGHT
11,159.00,Chaluzy (SAINT-ÉLOI),179.86,2026-07-15 15:28:00+00:00,2026-07-15 15:47:00+00:00,1140,38.447,260.401,31.50,1.80,183.00,1.1280,1.34,1.20,LIGHT
11,159.60,NEVERS (D176-VC) (entrée),179.77,2026-07-15 15:29:00+00:00,2026-07-15 15:48:00+00:00,1140,38.282,260.605,31.50,1.80,183.00,1.1293,1.60,0.82,LIGHT
11,160.30,Passage à niveau N° 5.,180.48,2026-07-15 15:30:00+00:00,2026-07-15 15:49:00+00:00,1140,38.118,260.809,32.10,1.41,188.00,1.1275,1.38,0.26,LIGHT
11,161.30,VC NEVERS,176.94,2026-07-15 15:31:00+00:00,2026-07-15 15:50:00+00:00,1140,37.955,261.012,32.20,1.41,188.00,1.1278,0.91,1.07,LIGHT
12,0.00,D58 CIRCUIT NEVERS MAGNY-COURS,227.06,2026-07-16 11:40:00+00:00,2026-07-16 11:40:00+00:00,0,64.305,172.753,30.00,0.70,90.00,1.1290,0.45,0.53,LIGHT
12,0.00,VC CIRCUIT NEVERS MAGNY-COURS,227.06,2026-07-16 11:30:00+00:00,2026-07-16 11:30:00+00:00,0,64.012,167.450,30.00,0.70,90.00,1.1290,0.45,0.53,LIGHT
12,0.00,Porte du Circuit (VC-D58) (MAGNY-COURS),227.06,2026-07-16 11:40:00+00:00,2026-07-16 11:40:00+00:00,0,64.305,172.753,30.00,0.70,90.00,1.1290,0.45,0.53,LIGHT
12,0.40,SAINT-PARIZE-LE-CHÂTEL (D58-D133),237.24,2026-07-16 11:40:00+00:00,2026-07-16 11:40:00+00:00,0,64.308,172.758,29.90,0.70,90.00,1.1275,0.46,0.53,LIGHT
12,3.50,D133 Moiry (D133-D907),209.62,2026-07-16 11:44:00+00:00,2026-07-16 11:45:00+00:00,60,64.393,175.136,30.00,0.70,90.00,1.1297,-0.56,0.42,LIGHT
12,10.70,D907 Carrefour D907-D2076,234.02,2026-07-16 11:54:00+00:00,2026-07-16 11:55:00+00:00,60,64.510,180.449,30.30,0.45,117.00,1.1296,-0.38,0.24,LIGHT
12,11.20,D2076 Carrefour D2076-D108,223.08,2026-07-16 11:54:00+00:00,2026-07-16 11:55:00+00:00,60,64.516,180.451,30.20,0.45,117.00,1.1294,-0.31,0.32,LIGHT
12,11.70,D108 SAINT-PIERRE-LE-MOÛTIER (D108-D978 A-D431-D978 A),209.10,2026-07-16 11:55:00+00:00,2026-07-16 11:56:00+00:00,60,64.516,181.000,30.20,0.45,117.00,1.1292,0.18,0.41,LIGHT
12,22.20,D978 A AZY-LE-VIF,232.70,2026-07-16 12:08:00+00:00,2026-07-16 12:11:00+00:00,180,64.309,188.795,32.00,0.94,212.00,1.1212,-0.74,0.58,LIGHT
12,28.00,Le Charme,261.48,2026-07-16 12:16:00+00:00,2026-07-16 12:19:00+00:00,180,64.050,193.180,31.70,1.70,230.00,1.1166,-1.02,1.36,LIGHT
12,28.90,NEUVILLE-LÈS-DECIZE,252.24,2026-07-16 12:17:00+00:00,2026-07-16 12:20:00+00:00,180,64.010,193.727,32.30,1.64,232.00,1.1149,-1.03,1.28,LIGHT
12,31.10,"Bruyères-Paray (SAINT-PARIZE-EN-VIRY, AVRIL-SUR-LOIRE)",240.23,2026-07-16 12:20:00+00:00,2026-07-16 12:23:00+00:00,180,63.875,195.344,32.40,1.64,232.00,1.1169,-1.28,1.02,LIGHT
12,34.90,SAINT-GERMAIN-CHASSENAY,209.20,2026-07-16 12:25:00+00:00,2026-07-16 12:29:00+00:00,240,63.589,198.262,32.50,1.80,251.00,1.1209,-1.70,0.59,LIGHT
12,37.10,Boudrillon,225.82,2026-07-16 12:27:00+00:00,2026-07-16 12:32:00+00:00,300,63.440,199.578,32.40,2.47,256.00,1.1206,-2.40,0.57,TAILWIND
12,42.30,DECIZE (D978 A-D981) (entrée),203.29,2026-07-16 12:34:00+00:00,2026-07-16 12:39:00+00:00,300,62.960,203.121,33.10,1.84,257.00,1.1201,-0.75,1.68,LIGHT
12,45.80,D981 DECIZE,199.34,2026-07-16 12:38:00+00:00,2026-07-16 12:44:00+00:00,360,62.624,205.359,32.90,1.43,245.00,1.1201,-1.13,0.87,LIGHT
12,48.50,Marcy (CHAMPVERT),196.40,2026-07-16 12:42:00+00:00,2026-07-16 12:48:00+00:00,360,62.308,207.322,32.90,1.72,234.00,1.1211,-1.34,1.07,LIGHT
12,54.30,L'Ouche Migeard (VERNEUIL),214.05,2026-07-16 12:49:00+00:00,2026-07-16 12:56:00+00:00,420,61.651,210.910,33.10,1.77,223.00,1.1196,-1.58,0.79,LIGHT
12,57.40,Les Arreaux (D981-D37),221.46,2026-07-16 12:53:00+00:00,2026-07-16 13:00:00+00:00,420,61.272,212.767,32.90,1.39,201.00,1.1187,-0.75,1.17,LIGHT
12,59.00,D37 CERCY-LA-TOUR (D37-D10-D981),203.60,2026-07-16 12:55:00+00:00,2026-07-16 13:02:00+00:00,420,61.073,213.676,33.00,1.46,196.00,1.1199,-1.02,1.04,LIGHT
12,66.10,D981 FOURS,221.64,2026-07-16 13:04:00+00:00,2026-07-16 13:12:00+00:00,480,60.118,217.891,24.70,2.33,115.00,1.1486,2.29,0.45,HEADWIND
12,71.90,Apponay (RÉMILLY),221.50,2026-07-16 13:12:00+00:00,2026-07-16 13:20:00+00:00,480,59.229,221.275,24.90,1.50,90.00,1.1484,1.47,0.31,LIGHT
12,76.50,Côte de Lanty,292.16,2026-07-16 13:18:00+00:00,2026-07-16 13:27:00+00:00,540,58.454,223.899,25.00,1.12,63.00,1.1415,0.75,0.83,LIGHT
12,77.30,LANTY (près),303.62,2026-07-16 13:19:00+00:00,2026-07-16 13:28:00+00:00,540,58.328,224.291,24.80,1.12,63.00,1.1384,0.79,0.79,LIGHT
12,80.20,Les Flaudes (AVRÉE),314.84,2026-07-16 13:22:00+00:00,2026-07-16 13:32:00+00:00,600,57.888,225.660,25.10,1.62,338.00,1.1347,0.44,1.56,LIGHT
12,81.80,Recoulon (FLÉTY),281.05,2026-07-16 13:24:00+00:00,2026-07-16 13:34:00+00:00,600,57.632,226.425,25.60,0.10,90.00,1.1337,0.10,0.02,LIGHT
12,86.40,LUZY (D981-VC-D981-D985),336.51,2026-07-16 13:30:00+00:00,2026-07-16 13:41:00+00:00,660,56.794,228.864,25.80,2.84,321.00,1.1346,-1.40,2.47,CROSSWIND
12,93.90,D985 Le Moulin de Cuzy (CUZY),283.13,2026-07-16 13:40:00+00:00,2026-07-16 13:51:00+00:00,660,55.445,232.431,28.10,5.17,313.00,1.1251,-4.75,2.05,TAILWIND
12,97.50,La Croix de l'Arbre (ISSY-L'ÉVÊQUE),386.28,2026-07-16 13:44:00+00:00,2026-07-16 13:56:00+00:00,720,54.823,233.975,29.40,6.95,320.00,1.1160,-3.24,6.15,CROSSWIND
12,97.80,Côte de Cuzy,393.25,2026-07-16 13:45:00+00:00,2026-07-16 13:56:00+00:00,660,54.752,234.143,29.20,6.95,320.00,1.1139,-6.91,0.75,TAILWIND
12,102.40,La Gare (MONTMORT),294.39,2026-07-16 13:51:00+00:00,2026-07-16 14:03:00+00:00,720,53.828,236.284,31.70,2.69,312.00,1.1125,-2.69,0.16,TAILWIND
12,103.90,Le Buisson Borget (SAINTE-RADEGONDE),281.03,2026-07-16 13:53:00+00:00,2026-07-16 14:05:00+00:00,720,53.538,236.934,32.00,2.28,293.00,1.1130,-2.18,0.66,TAILWIND
12,106.70,TOULON-SUR-ARROUX,263.16,2026-07-16 13:56:00+00:00,2026-07-16 14:09:00+00:00,780,53.023,238.056,32.00,4.46,9.00,1.1150,-2.16,3.90,CROSSWIND
12,110.90,Carrefour D985-D57,328.76,2026-07-16 14:01:00+00:00,2026-07-16 14:15:00+00:00,840,52.197,239.766,31.40,4.04,9.00,1.1099,2.07,3.47,CROSSWIND
12,115.00,La Praye (SAINT-EUGÈNE),346.57,2026-07-16 14:07:00+00:00,2026-07-16 14:20:00+00:00,780,51.341,241.382,31.50,4.67,10.00,1.1068,1.32,4.48,CROSSWIND
12,118.70,La Coudraye,357.87,2026-07-16 14:11:00+00:00,2026-07-16 14:26:00+00:00,900,50.553,242.825,31.20,4.34,8.00,1.1042,3.67,2.31,HEADWIND
12,122.90,La Villa Sirot,336.23,2026-07-16 14:17:00+00:00,2026-07-16 14:31:00+00:00,840,49.685,244.382,31.80,3.36,337.00,1.1092,-3.32,0.49,TAILWIND
12,125.50,SAINT-BERAIN-SOUS-SANVIGNES,318.22,2026-07-16 14:20:00+00:00,2026-07-16 14:35:00+00:00,900,49.126,245.353,31.70,3.36,337.00,1.1084,-2.96,1.60,TAILWIND
12,126.50,MONTCEAU-LES-MINES (D57-VC),316.23,2026-07-16 14:21:00+00:00,2026-07-16 14:36:00+00:00,900,48.963,245.632,33.10,1.28,231.00,1.1055,-0.95,0.86,LIGHT
12,132.40,VC BLANZY (VC-D980-D974),309.88,2026-07-16 14:29:00+00:00,2026-07-16 14:45:00+00:00,960,47.603,247.885,32.80,3.24,124.00,1.1075,0.45,3.21,CROSSWIND
12,133.90,D980 Passage à niveau N° 94.,298.83,2026-07-16 14:31:00+00:00,2026-07-16 14:47:00+00:00,960,47.273,248.388,32.90,3.47,123.00,1.1058,2.38,2.52,CROSSWIND
12,141.40,D974 Pont des Morands (D974-D977) (SAINT-EUSÈBE),296.91,2026-07-16 14:40:00+00:00,2026-07-16 14:57:00+00:00,1020,45.688,250.746,32.60,3.44,126.00,1.1090,1.24,3.21,CROSSWIND
12,142.50,D977 Montchanin-le-Haut (SAINT-EUSÈBE),316.75,2026-07-16 14:42:00+00:00,2026-07-16 14:59:00+00:00,1020,45.356,251.237,32.20,3.25,135.00,1.1079,2.58,1.97,HEADWIND
12,143.40,Les Cuisiniers (SAINT-EUSÈBE),354.63,2026-07-16 14:43:00+00:00,2026-07-16 15:00:00+00:00,1020,45.187,251.485,32.00,3.25,135.00,1.1039,2.58,1.98,HEADWIND
12,144.10,Moulin à Vent (SAINT-LAURENT-D'ANDENAY),372.80,2026-07-16 14:44:00+00:00,2026-07-16 15:01:00+00:00,1020,45.020,251.730,31.90,3.25,135.00,1.1027,2.30,2.30,HEADWIND
12,145.10,Les Grandes Bruyères (SAINT-LAURENT-D'ANDENAY),390.21,2026-07-16 14:45:00+00:00,2026-07-16 15:02:00+00:00,1020,44.849,251.977,31.80,3.25,135.00,1.1010,1.37,2.95,CROSSWIND
12,148.90,La Grosse Auberge (SAINT-MARTIN-D'AUXY),432.79,2026-07-16 14:50:00+00:00,2026-07-16 15:08:00+00:00,1080,43.918,253.278,31.40,3.04,134.00,1.0984,2.63,1.52,HEADWIND
12,149.00,Les Baudots (MARCILLY-LÈS-BUXY),432.06,2026-07-16 14:50:00+00:00,2026-07-16 15:08:00+00:00,1080,43.917,253.279,31.50,3.04,134.00,1.0989,2.03,2.26,CROSSWIND
12,150.40,La Croix Pautet (MARCILLY-LÈS-BUXY),448.65,2026-07-16 14:52:00+00:00,2026-07-16 15:10:00+00:00,1080,43.578,253.752,29.90,3.41,32.00,1.1012,-1.58,3.02,CROSSWIND
12,152.70,Le Reuil (MARCILLY-LÈS-BUXY),325.31,2026-07-16 14:55:00+00:00,2026-07-16 15:13:00+00:00,1080,43.072,254.460,30.80,2.62,40.00,1.1097,0.98,2.43,CROSSWIND
12,155.10,Les Blignys,302.61,2026-07-16 14:58:00+00:00,2026-07-16 15:16:00+00:00,1080,42.561,255.161,31.90,3.57,79.00,1.1114,2.92,2.05,HEADWIND
12,155.60,CERSOT,299.46,2026-07-16 14:59:00+00:00,2026-07-16 15:17:00+00:00,1080,42.392,255.390,31.80,3.57,79.00,1.1108,2.93,2.04,HEADWIND
12,156.80,La Redoute (près) (SASSANGY),274.58,2026-07-16 15:00:00+00:00,2026-07-16 15:19:00+00:00,1140,42.136,255.736,32.20,4.70,153.00,1.1125,-0.90,4.61,CROSSWIND
12,159.40,Côte de Montagny-lès-Buxy,380.73,2026-07-16 15:03:00+00:00,2026-07-16 15:22:00+00:00,1140,41.616,256.416,30.60,4.31,94.00,1.1097,3.87,1.89,HEADWIND
12,160.20,MONTAGNY-LÈS-BUXY (près),352.48,2026-07-16 15:04:00+00:00,2026-07-16 15:23:00+00:00,1140,41.443,256.639,30.40,4.31,94.00,1.1070,2.07,3.78,CROSSWIND
12,162.30,BUXY,268.51,2026-07-16 15:07:00+00:00,2026-07-16 15:26:00+00:00,1140,40.930,257.310,31.70,4.59,160.00,1.1149,1.98,4.14,CROSSWIND
12,165.40,Les Grands Champs,219.41,2026-07-16 15:11:00+00:00,2026-07-16 15:31:00+00:00,1200,40.152,258.293,29.90,2.92,52.00,1.1282,2.06,2.07,CROSSWIND
12,167.80,Les Ponts (GRANGES),196.32,2026-07-16 15:14:00+00:00,2026-07-16 15:34:00+00:00,1200,39.628,258.943,31.20,1.80,56.00,1.1261,1.80,0.05,LIGHT
12,171.50,Sienne-le-Haut (près) (LA CHARMÉE),199.63,2026-07-16 15:19:00+00:00,2026-07-16 15:39:00+00:00,1200,38.755,260.000,30.70,1.98,45.00,1.1289,1.64,1.11,LIGHT
12,174.00,Cortelin,190.31,2026-07-16 15:22:00+00:00,2026-07-16 15:43:00+00:00,1260,38.145,260.729,31.10,1.56,50.00,1.1282,1.37,0.75,LIGHT
12,175.80,SAINT-RÉMY (D977-VC-D906),185.07,2026-07-16 15:24:00+00:00,2026-07-16 15:45:00+00:00,1260,37.795,261.135,31.00,1.56,50.00,1.1279,1.54,0.27,LIGHT
12,178.40,D906 CHALON-SUR-SAÔNE (D906-VC) (entrée),176.73,2026-07-16 15:28:00+00:00,2026-07-16 15:49:00+00:00,1260,37.104,261.942,30.90,1.53,101.00,1.1298,0.14,1.52,LIGHT
12,179.10,VC CHALON-SUR-SAÔNE,180.31,2026-07-16 15:29:00+00:00,2026-07-16 15:50:00+00:00,1260,36.929,262.143,31.00,1.53,101.00,1.1297,1.04,1.12,LIGHT
13,0.00,VC DOLE (VC-D405-VC-D229),203.15,2026-07-17 11:00:00+00:00,2026-07-17 11:00:00+00:00,0,62.563,157.269,27.10,3.11,237.00,1.1434,-3.05,0.58,TAILWIND
13,0.00,D229 Carrefour D229-D244,203.15,2026-07-17 11:20:00+00:00,2026-07-17 11:20:00+00:00,0,63.597,167.324,27.10,3.11,237.00,1.1434,-3.05,0.58,TAILWIND
13,0.00,D244 DOLE,203.15,2026-07-17 11:20:00+00:00,2026-07-17 11:20:00+00:00,0,63.597,167.324,27.10,3.11,237.00,1.1434,-3.05,0.58,TAILWIND
13,1.40,FALLETANS,204.71,2026-07-17 11:22:00+00:00,2026-07-17 11:22:00+00:00,0,63.665,168.392,26.90,2.68,243.00,1.1440,-2.41,1.17,TAILWIND
13,3.30,Gros Buisson (près) (ROCHEFORT-SUR-NENON),227.87,2026-07-17 11:24:00+00:00,2026-07-17 11:24:00+00:00,0,63.723,169.462,26.70,3.36,233.00,1.1419,-2.02,2.68,CROSSWIND
13,4.80,Carrefour D244-D76,205.80,2026-07-17 11:26:00+00:00,2026-07-17 11:27:00+00:00,60,63.785,170.769,26.90,3.36,233.00,1.1437,-0.66,3.29,CROSSWIND
13,6.00,D76 Nenon (ÉCLANS-NENON),212.40,2026-07-17 11:27:00+00:00,2026-07-17 11:28:00+00:00,60,63.809,171.319,26.60,2.91,243.00,1.1437,-2.83,0.66,TAILWIND
13,7.40,Éclans (ÉCLANS-NENON),207.95,2026-07-17 11:29:00+00:00,2026-07-17 11:30:00+00:00,60,63.856,172.404,26.60,2.91,243.00,1.1446,-2.57,1.37,TAILWIND
13,11.40,OUR,211.87,2026-07-17 11:34:00+00:00,2026-07-17 11:36:00+00:00,120,63.950,175.402,26.40,3.62,246.00,1.1447,-1.20,3.42,CROSSWIND
13,12.80,Carrefour D76-D12,210.04,2026-07-17 11:36:00+00:00,2026-07-17 11:37:00+00:00,60,63.972,176.228,26.60,3.70,251.00,1.1439,-3.18,1.90,TAILWIND
13,13.20,D12 ORCHAMPS (D12-D673),210.19,2026-07-17 11:36:00+00:00,2026-07-17 11:38:00+00:00,120,63.973,176.494,26.60,3.70,251.00,1.1444,-2.24,2.94,CROSSWIND
13,15.50,D673 LA BARRE (près),214.75,2026-07-17 11:39:00+00:00,2026-07-17 11:41:00+00:00,120,63.989,178.125,26.50,3.70,251.00,1.1424,-3.22,1.82,TAILWIND
13,18.10,MONTEPLAIN (près),214.45,2026-07-17 11:43:00+00:00,2026-07-17 11:45:00+00:00,120,63.995,180.310,26.70,3.64,254.00,1.1435,-3.63,0.31,TAILWIND
13,18.80,RANCHOT,230.83,2026-07-17 11:43:00+00:00,2026-07-17 11:46:00+00:00,180,63.991,180.592,26.20,3.62,246.00,1.1440,-3.33,1.43,TAILWIND
13,20.20,DAMPIERRE,239.94,2026-07-17 11:45:00+00:00,2026-07-17 11:47:00+00:00,120,63.986,181.422,26.40,3.36,247.00,1.1426,-3.35,0.19,TAILWIND
13,22.00,Châteauneuf,248.96,2026-07-17 11:47:00+00:00,2026-07-17 11:50:00+00:00,180,63.967,182.792,26.30,3.36,247.00,1.1416,-3.33,0.48,TAILWIND
13,23.00,ÉVANS (près),255.23,2026-07-17 11:49:00+00:00,2026-07-17 11:51:00+00:00,120,63.949,183.610,26.30,3.36,247.00,1.1414,-3.24,0.88,TAILWIND
13,25.00,SAINT-VIT (D673-D13),246.54,2026-07-17 11:51:00+00:00,2026-07-17 11:54:00+00:00,180,63.907,184.976,26.10,3.18,246.00,1.1399,-3.17,0.27,TAILWIND
13,29.30,D13 FERRIÈRES-LES-BOIS,291.56,2026-07-17 11:57:00+00:00,2026-07-17 12:00:00+00:00,180,63.769,188.226,26.70,3.35,243.00,1.1387,-0.41,3.32,CROSSWIND
13,32.20,CORCELLES-FERRIÈRES (D13-D11-D13),223.50,2026-07-17 12:00:00+00:00,2026-07-17 12:04:00+00:00,240,63.648,190.029,28.00,3.81,240.00,1.1348,-2.43,2.93,CROSSWIND
13,34.50,LAVERNAY,230.60,2026-07-17 12:03:00+00:00,2026-07-17 12:07:00+00:00,240,63.532,191.595,27.80,3.98,245.00,1.1360,-2.63,2.99,CROSSWIND
13,36.50,FRANEY,210.58,2026-07-17 12:06:00+00:00,2026-07-17 12:10:00+00:00,240,63.403,193.143,27.50,4.25,246.00,1.1396,-2.30,3.57,CROSSWIND
13,37.90,RECOLOGNE (près) (D13-D5-D67),213.47,2026-07-17 12:07:00+00:00,2026-07-17 12:12:00+00:00,300,63.328,193.909,27.40,4.24,251.00,1.1401,-2.77,3.21,CROSSWIND
13,40.40,D67 RUFFEY-LE-CHÂTEAU (près),232.13,2026-07-17 12:10:00+00:00,2026-07-17 12:15:00+00:00,300,63.186,195.402,27.00,4.18,253.00,1.1404,3.02,2.89,HEADWIND
13,40.80,Carrefour D67-D279,225.16,2026-07-17 12:11:00+00:00,2026-07-17 12:16:00+00:00,300,63.139,195.899,27.00,4.18,253.00,1.1400,3.04,2.87,HEADWIND
13,41.80,D29 A MARNAY (D29 A-D29-D15),205.52,2026-07-17 12:12:00+00:00,2026-07-17 12:17:00+00:00,300,63.091,196.380,27.10,4.24,255.00,1.1414,3.18,2.81,HEADWIND
13,44.60,D15 BRUSSEY,218.70,2026-07-17 12:16:00+00:00,2026-07-17 12:21:00+00:00,300,62.880,198.370,26.60,4.18,253.00,1.1416,-4.17,0.21,TAILWIND
13,47.70,BEAUMOTTE-LÈS-PIN (près),210.98,2026-07-17 12:20:00+00:00,2026-07-17 12:25:00+00:00,300,62.641,200.406,26.90,3.93,255.00,1.1404,-3.93,0.04,TAILWIND
13,49.90,PIN,206.64,2026-07-17 12:22:00+00:00,2026-07-17 12:28:00+00:00,360,62.476,201.668,26.90,3.93,255.00,1.1409,-1.02,3.80,CROSSWIND
13,53.00,VREGILLE (près),222.51,2026-07-17 12:26:00+00:00,2026-07-17 12:32:00+00:00,360,62.196,203.650,26.70,3.59,257.00,1.1422,-3.00,1.97,TAILWIND
13,53.60,CHAMBORNAY-LÈS-PIN,233.93,2026-07-17 12:27:00+00:00,2026-07-17 12:33:00+00:00,360,62.123,204.138,26.60,3.59,257.00,1.1414,-2.10,2.91,CROSSWIND
13,56.90,ÉTUZ (D15-D3-D15),224.81,2026-07-17 12:31:00+00:00,2026-07-17 12:38:00+00:00,420,61.773,206.304,26.40,3.67,253.00,1.1422,-3.66,0.23,TAILWIND
13,58.40,BOULOT,231.78,2026-07-17 12:33:00+00:00,2026-07-17 12:40:00+00:00,420,61.609,207.256,26.20,3.67,253.00,1.1397,-1.44,3.38,CROSSWIND
13,61.40,Fusier,232.12,2026-07-17 12:37:00+00:00,2026-07-17 12:44:00+00:00,420,61.278,209.143,26.90,3.52,255.00,1.1403,-2.87,2.04,TAILWIND
13,63.80,BOULT,230.04,2026-07-17 12:40:00+00:00,2026-07-17 12:47:00+00:00,420,61.004,210.513,26.30,3.23,254.00,1.1409,-2.78,1.65,TAILWIND
13,67.50,Breurey (près) (SORANS-LÈS-BREUREY),269.93,2026-07-17 12:44:00+00:00,2026-07-17 12:52:00+00:00,480,60.574,212.540,26.00,3.26,252.00,1.1392,-3.02,1.23,TAILWIND
13,68.80,Sorans (près) (SORANS-LÈS-BREUREY),238.90,2026-07-17 12:46:00+00:00,2026-07-17 12:54:00+00:00,480,60.382,213.432,25.90,3.52,255.00,1.1357,-2.51,2.46,TAILWIND
13,71.50,Le Verjoulot (D15-D232) (NEUVELLE-LÈS-CROMARY),255.93,2026-07-17 12:49:00+00:00,2026-07-17 12:57:00+00:00,480,60.079,214.754,26.00,3.42,249.00,1.1418,-3.38,0.50,TAILWIND
13,71.70,D232 RIOZ (D232-D15),252.21,2026-07-17 12:50:00+00:00,2026-07-17 12:58:00+00:00,480,59.980,215.178,26.00,3.42,249.00,1.1411,-3.39,0.42,TAILWIND
13,75.50,D15 Anthon,281.11,2026-07-17 12:54:00+00:00,2026-07-17 13:03:00+00:00,540,59.498,217.083,25.70,3.90,247.00,1.1383,-2.95,2.55,TAILWIND
13,77.80,Marloz (CIREY),277.94,2026-07-17 12:57:00+00:00,2026-07-17 13:06:00+00:00,540,59.173,218.346,26.90,4.03,263.00,1.1272,-2.22,3.37,CROSSWIND
13,83.40,LOULANS-VERCHAMP,249.53,2026-07-17 13:04:00+00:00,2026-07-17 13:14:00+00:00,600,58.328,221.408,27.00,4.26,261.00,1.1276,-4.20,0.71,TAILWIND
13,85.90,Le Poirier (près) (ORMENANS),277.38,2026-07-17 13:07:00+00:00,2026-07-17 13:17:00+00:00,600,57.973,222.605,27.40,4.24,262.00,1.1298,-3.85,1.77,TAILWIND
13,88.20,MONTBOZON (D15-D49),304.01,2026-07-17 13:10:00+00:00,2026-07-17 13:20:00+00:00,600,57.611,223.776,27.40,4.34,262.00,1.1320,-4.14,1.31,TAILWIND
13,90.10,D49 THIÉNANS (près),282.52,2026-07-17 13:13:00+00:00,2026-07-17 13:23:00+00:00,600,57.242,224.918,27.30,4.33,263.00,1.1324,-4.23,0.91,TAILWIND
13,91.80,BOUHANS-LÈS-MONTBOZON (près),257.30,2026-07-17 13:15:00+00:00,2026-07-17 13:25:00+00:00,600,56.989,225.674,27.20,4.33,263.00,1.1297,-2.81,3.30,CROSSWIND
13,92.70,COGNIÈRES (près) (D49-D76),271.52,2026-07-17 13:16:00+00:00,2026-07-17 13:26:00+00:00,600,56.860,226.048,27.30,4.33,263.00,1.1317,-3.86,1.95,TAILWIND
13,93.90,D29 La Forge (près) (MONTAGNEY-SERVIGNEY),271.35,2026-07-17 13:17:00+00:00,2026-07-17 13:28:00+00:00,660,56.668,226.596,27.00,4.20,269.00,1.1319,-2.64,3.27,CROSSWIND
13,95.80,Montferney,251.29,2026-07-17 13:20:00+00:00,2026-07-17 13:31:00+00:00,660,56.282,227.691,27.10,4.20,269.00,1.1333,-4.17,0.53,TAILWIND
13,97.30,ROUGEMONT (D29-D486),253.90,2026-07-17 13:22:00+00:00,2026-07-17 13:33:00+00:00,660,56.018,228.406,27.20,4.10,269.00,1.1312,-2.95,2.84,TAILWIND
13,100.00,D486 Le Pré Rond (D486-D50) (CUSE-ET-ADRISANS),268.64,2026-07-17 13:25:00+00:00,2026-07-17 13:36:00+00:00,660,55.626,229.496,27.40,4.10,269.00,1.1346,-4.10,0.19,TAILWIND
13,102.30,D50 CUBRIAL,291.01,2026-07-17 13:28:00+00:00,2026-07-17 13:39:00+00:00,660,55.226,230.556,27.40,4.50,271.00,1.1336,-1.37,4.29,CROSSWIND
13,105.40,Ferme de la Pâture (près) (CUBRY),272.43,2026-07-17 13:32:00+00:00,2026-07-17 13:44:00+00:00,720,54.612,232.099,27.00,4.80,271.00,1.1328,-0.04,4.80,CROSSWIND
13,106.50,D486 Rullet (près) (LES MAGNY),266.03,2026-07-17 13:33:00+00:00,2026-07-17 13:45:00+00:00,720,54.470,232.441,26.80,4.80,271.00,1.1308,-0.07,4.80,CROSSWIND
13,109.30,MOIMAY (près),267.10,2026-07-17 13:37:00+00:00,2026-07-17 13:49:00+00:00,720,53.904,233.744,26.70,4.70,271.00,1.1273,-1.28,4.52,CROSSWIND
13,110.30,VILLERSEXEL (près),264.49,2026-07-17 13:38:00+00:00,2026-07-17 13:50:00+00:00,720,53.762,234.052,26.90,4.21,274.00,1.1343,-3.39,2.50,TAILWIND
13,114.10,AILLEVANS (près),271.90,2026-07-17 13:43:00+00:00,2026-07-17 13:56:00+00:00,780,52.979,235.743,26.40,4.00,269.00,1.1364,0.64,3.95,CROSSWIND
13,117.80,"La Tuilerie (ARPENANS, LES AYNANS)",276.99,2026-07-17 13:47:00+00:00,2026-07-17 14:01:00+00:00,840,52.323,237.099,26.30,3.61,265.00,1.1360,-1.79,3.14,CROSSWIND
13,120.10,VY-LÈS-LURE,304.39,2026-07-17 13:50:00+00:00,2026-07-17 14:04:00+00:00,840,51.881,237.979,26.20,4.57,260.00,1.1352,-1.26,4.39,CROSSWIND
13,123.20,MAGNY-VERNOIS,285.23,2026-07-17 13:54:00+00:00,2026-07-17 14:08:00+00:00,840,51.283,239.140,27.80,4.24,278.00,1.1275,-3.20,2.79,TAILWIND
13,124.40,Tuilerie,289.38,2026-07-17 13:55:00+00:00,2026-07-17 14:10:00+00:00,900,51.055,239.584,27.30,3.65,279.00,1.1276,-2.48,2.68,CROSSWIND
13,126.10,LURE (D486-VC-D486 B-D486),295.37,2026-07-17 13:58:00+00:00,2026-07-17 14:12:00+00:00,840,50.677,240.320,27.70,3.96,280.00,1.1290,-1.97,3.44,CROSSWIND
13,127.30,VC Passage à niveau N° 225.,293.44,2026-07-17 13:59:00+00:00,2026-07-17 14:13:00+00:00,840,50.521,240.613,27.70,3.96,280.00,1.1287,2.84,2.76,HEADWIND
13,130.90,D486 FROIDETERRE (près),333.62,2026-07-17 14:04:00+00:00,2026-07-17 14:18:00+00:00,840,49.763,242.002,27.20,3.73,278.00,1.1274,-1.37,3.47,CROSSWIND
13,131.80,Le Mont de Saint-Germain,318.32,2026-07-17 14:05:00+00:00,2026-07-17 14:20:00+00:00,900,49.532,242.423,27.20,3.73,278.00,1.1275,-0.59,3.68,CROSSWIND
13,132.40,SAINT-GERMAIN,312.28,2026-07-17 14:05:00+00:00,2026-07-17 14:20:00+00:00,900,49.527,242.425,27.00,3.73,278.00,1.1242,-1.05,3.58,CROSSWIND
13,136.20,MÉLISEY (entrée),329.00,2026-07-17 14:10:00+00:00,2026-07-17 14:26:00+00:00,960,48.671,243.925,27.10,3.81,273.00,1.1262,-1.89,3.31,CROSSWIND
13,137.80,MÉLISEY,330.58,2026-07-17 14:12:00+00:00,2026-07-17 14:28:00+00:00,960,48.354,244.463,26.90,3.50,268.00,1.1229,-3.30,1.16,TAILWIND
13,140.40,BELONCHAMP,338.01,2026-07-17 14:15:00+00:00,2026-07-17 14:31:00+00:00,960,47.877,245.268,26.90,3.21,265.00,1.1254,-2.58,1.90,TAILWIND
13,143.40,Ternuay (TERNUAY-MELAY-ET-SAINT-HILAIRE),349.24,2026-07-17 14:19:00+00:00,2026-07-17 14:36:00+00:00,1020,47.164,246.464,26.80,3.21,265.00,1.1248,-0.69,3.14,CROSSWIND
13,145.50,Les Champs Journet (TERNUAY-MELAY-ET-SAINT-HILAIRE),371.76,2026-07-17 14:22:00+00:00,2026-07-17 14:38:00+00:00,960,46.763,247.102,26.30,3.30,268.00,1.1215,-1.98,2.64,CROSSWIND
13,147.00,Le Ru-Jeannot (TERNUAY-MELAY-ET-SAINT-HILAIRE),384.22,2026-07-17 14:24:00+00:00,2026-07-17 14:40:00+00:00,960,46.441,247.610,26.50,3.60,268.00,1.1246,-3.51,0.82,TAILWIND
13,149.00,Servance (SERVANCE-MIELLIN),408.71,2026-07-17 14:26:00+00:00,2026-07-17 14:43:00+00:00,1020,46.037,248.247,26.30,3.60,268.00,1.1226,-0.77,3.52,CROSSWIND
13,150.80,Le Them (SERVANCE-MIELLIN),414.86,2026-07-17 14:28:00+00:00,2026-07-17 14:46:00+00:00,1080,45.632,248.881,25.70,3.60,268.00,1.1224,-3.44,1.06,TAILWIND
13,151.70,Les Grands Champs (HAUT-DU-THEM-CHÂTEAU-LAMBERT),422.42,2026-07-17 14:30:00+00:00,2026-07-17 14:47:00+00:00,1020,45.389,249.254,25.60,3.60,268.00,1.1206,-3.16,1.72,TAILWIND
13,153.70,Haut-du-Them (près) (HAUT-DU-THEM-CHÂTEAU-LAMBERT),493.90,2026-07-17 14:33:00+00:00,2026-07-17 14:51:00+00:00,1080,44.824,250.107,25.50,3.60,268.00,1.1201,-1.58,3.23,CROSSWIND
13,157.40,Col des Croix,671.66,2026-07-17 14:41:00+00:00,2026-07-17 15:00:00+00:00,1140,43.446,252.133,24.10,4.03,256.00,1.1020,-3.09,2.58,TAILWIND
13,160.10,LE THILLOT (D486-N66),530.36,2026-07-17 14:44:00+00:00,2026-07-17 15:03:00+00:00,1140,42.948,252.842,23.30,3.91,257.00,1.0913,-1.43,3.64,CROSSWIND
13,161.90,N66 FRESSE-SUR-MOSELLE,498.14,2026-07-17 14:46:00+00:00,2026-07-17 15:05:00+00:00,1140,42.620,253.306,24.20,3.90,271.00,1.1076,-3.72,1.18,TAILWIND
13,165.30,Le Pont Jean,531.78,2026-07-17 14:50:00+00:00,2026-07-17 15:10:00+00:00,1200,41.876,254.342,25.50,3.70,270.00,1.1101,-0.96,3.57,CROSSWIND
13,166.00,SAINT-MAURICE-SUR-MOSELLE (N66-D465),537.71,2026-07-17 14:51:00+00:00,2026-07-17 15:11:00+00:00,1200,41.710,254.577,25.40,3.70,270.00,1.1092,-1.63,3.32,CROSSWIND
13,174.20,D465 La Jumenterie,1058.00,2026-07-17 15:08:00+00:00,2026-07-17 15:31:00+00:00,1380,38.672,258.677,22.40,3.92,276.00,1.0799,2.94,2.59,HEADWIND
13,175.90,Ballon d'Alsace,1174.25,2026-07-17 15:12:00+00:00,2026-07-17 15:36:00+00:00,1440,37.927,259.629,22.00,4.08,281.00,1.0671,-2.19,3.44,CROSSWIND
13,177.00,Les Sapins,1136.99,2026-07-17 15:13:00+00:00,2026-07-17 15:37:00+00:00,1440,37.757,259.843,21.20,4.20,271.00,1.0597,0.43,4.18,CROSSWIND
13,178.10,La Chaumière,1089.66,2026-07-17 15:15:00+00:00,2026-07-17 15:38:00+00:00,1380,37.512,260.158,20.70,4.20,271.00,1.0522,-4.19,0.28,TAILWIND
13,185.00,Saut de la Truite,699.01,2026-07-17 15:22:00+00:00,2026-07-17 15:46:00+00:00,1440,36.270,261.719,23.20,4.04,261.00,1.0758,2.72,2.99,CROSSWIND
13,187.00,Malvaux,591.36,2026-07-17 15:24:00+00:00,2026-07-17 15:48:00+00:00,1440,35.941,262.120,24.30,3.61,265.00,1.0867,-1.75,3.16,CROSSWIND
13,190.00,LEPUIX,504.15,2026-07-17 15:27:00+00:00,2026-07-17 15:52:00+00:00,1500,35.362,262.838,25.70,4.34,262.00,1.1037,2.03,3.84,CROSSWIND
13,191.40,GIROMAGNY,495.82,2026-07-17 15:29:00+00:00,2026-07-17 15:53:00+00:00,1440,35.119,263.137,26.00,3.81,265.00,1.1064,0.01,3.81,CROSSWIND
13,194.30,CHAUX,447.27,2026-07-17 15:32:00+00:00,2026-07-17 15:57:00+00:00,1500,34.535,263.852,26.60,4.82,265.00,1.1093,-0.32,4.81,CROSSWIND
13,197.60,SERMAMAGNY (D465-D5),406.23,2026-07-17 15:36:00+00:00,2026-07-17 16:02:00+00:00,1560,33.779,264.765,27.10,4.70,270.00,1.1148,-0.30,4.69,CROSSWIND
13,200.60,D5 VALDOIE (D5-D13),379.29,2026-07-17 15:40:00+00:00,2026-07-17 16:05:00+00:00,1500,33.190,265.467,27.10,4.80,270.00,1.1154,-2.74,3.94,CROSSWIND
13,202.70,D13 OFFEMONT,382.86,2026-07-17 15:42:00+00:00,2026-07-17 16:08:00+00:00,1560,32.763,265.969,27.40,4.40,273.00,1.1171,-0.56,4.36,CROSSWIND
13,203.70,BELFORT (D13-VC) (entrée),368.49,2026-07-17 15:44:00+00:00,2026-07-17 16:10:00+00:00,1560,32.422,266.362,27.50,4.40,273.00,1.1189,3.03,3.19,CROSSWIND
13,205.80,VC BELFORT,361.05,2026-07-17 15:46:00+00:00,2026-07-17 16:12:00+00:00,1560,32.093,266.747,27.60,4.70,270.00,1.1195,4.69,0.31,HEADWIND
14,0.00,Passage à niveau : tramway,229.00,2026-07-18 11:18:00+00:00,2026-07-18 11:19:00+00:00,60,62.891,170.459,27.30,1.30,203.00,1.1398,-0.19,1.29,LIGHT
14,0.00,VC MULHOUSE (VC-D429),229.00,2026-07-18 11:10:00+00:00,2026-07-18 11:10:00+00:00,0,62.603,166.171,27.30,1.30,203.00,1.1398,-0.19,1.29,LIGHT
14,0.00,Le Kaligone,229.00,2026-07-18 11:25:00+00:00,2026-07-18 11:25:00+00:00,0,63.040,173.781,27.30,1.30,203.00,1.1398,-0.19,1.29,LIGHT
14,0.00,D429 KINGERSHEIM,229.00,2026-07-18 11:23:00+00:00,2026-07-18 11:24:00+00:00,60,63.011,173.012,27.30,1.30,203.00,1.1398,-0.19,1.29,LIGHT
14,0.00,Passage à niveau : tramway,229.00,2026-07-18 11:18:00+00:00,2026-07-18 11:19:00+00:00,60,62.891,170.459,27.30,1.30,203.00,1.1398,-0.19,1.29,LIGHT
14,0.00,MULHOUSE,229.00,2026-07-18 11:30:00+00:00,2026-07-18 11:30:00+00:00,0,63.111,176.354,27.30,1.30,203.00,1.1398,-0.19,1.29,LIGHT
14,0.00,WITTENHEIM,229.00,2026-07-18 11:26:00+00:00,2026-07-18 11:27:00+00:00,60,63.065,174.552,27.30,1.30,203.00,1.1398,-0.19,1.29,LIGHT
14,0.30,Schoenensteinbach,232.00,2026-07-18 11:30:00+00:00,2026-07-18 11:30:00+00:00,0,63.109,176.350,27.30,1.30,203.00,1.1395,-0.97,0.86,LIGHT
14,1.10,PULVERSHEIM,232.00,2026-07-18 11:31:00+00:00,2026-07-18 11:31:00+00:00,0,63.109,176.866,27.20,1.66,213.00,1.1397,-1.39,0.90,LIGHT
14,3.30,Alex-Thur (PULVERSHEIM),231.00,2026-07-18 11:34:00+00:00,2026-07-18 11:34:00+00:00,0,63.116,178.375,27.30,2.22,234.00,1.1394,0.31,2.20,CROSSWIND
14,4.00,Carrefour VC-D429,230.00,2026-07-18 11:35:00+00:00,2026-07-18 11:35:00+00:00,0,63.115,178.878,27.30,1.25,209.00,1.1393,-0.38,1.19,LIGHT
14,4.60,Cité Alex (FELDKIRCH),231.00,2026-07-18 11:36:00+00:00,2026-07-18 11:36:00+00:00,0,63.114,179.383,27.30,1.25,209.00,1.1392,-0.39,1.19,LIGHT
14,5.30,BOLLWILLER (D429-D44),233.00,2026-07-18 11:36:00+00:00,2026-07-18 11:37:00+00:00,60,63.110,179.629,27.30,2.02,213.00,1.1394,-0.79,1.86,LIGHT
14,8.00,D44 Carrefour D44-D44 I,241.00,2026-07-18 11:40:00+00:00,2026-07-18 11:41:00+00:00,60,63.107,181.635,27.10,1.99,198.00,1.1387,1.86,0.70,LIGHT
14,9.40,D44 I BERRWILLER (D44 I-D505),251.00,2026-07-18 11:41:00+00:00,2026-07-18 11:42:00+00:00,60,63.109,182.123,26.80,1.82,189.00,1.1384,-0.24,1.80,LIGHT
14,12.60,D505 WATTWILLER,322.00,2026-07-18 11:45:00+00:00,2026-07-18 11:47:00+00:00,120,63.077,184.381,26.20,1.63,169.00,1.1313,0.60,1.52,LIGHT
14,12.70,WATTWILLER (entrée),324.00,2026-07-18 11:45:00+00:00,2026-07-18 11:47:00+00:00,120,63.078,184.379,26.30,1.63,169.00,1.1310,0.63,1.50,LIGHT
14,14.40,UFFHOLTZ (D505-D431),299.00,2026-07-18 11:48:00+00:00,2026-07-18 11:49:00+00:00,60,63.057,185.650,26.60,0.61,189.00,1.1331,0.59,0.14,LIGHT
14,25.50,Hartmannswillerkopf Vieil-Armand,894.00,2026-07-18 12:11:00+00:00,2026-07-18 12:16:00+00:00,300,62.158,198.126,22.90,3.57,288.00,1.0731,-0.80,3.48,CROSSWIND
14,28.20,Freundstein (WILLER-SUR-THUR),892.00,2026-07-18 12:16:00+00:00,2026-07-18 12:23:00+00:00,420,61.816,200.976,22.80,3.57,288.00,1.0715,0.99,3.43,CROSSWIND
14,30.10,Col Amic (SOULTZ-HAUT-RHIN),830.00,2026-07-18 12:21:00+00:00,2026-07-18 12:28:00+00:00,420,61.490,203.341,23.10,1.66,295.00,1.0779,0.75,1.48,LIGHT
14,33.60,La Ferme du Grand Ballon (SOULTZ-HAUT-RHIN),1102.00,2026-07-18 12:28:00+00:00,2026-07-18 12:36:00+00:00,480,60.942,206.769,20.60,4.12,264.00,1.0549,2.98,2.84,HEADWIND
14,36.60,Grand Ballon,1333.00,2026-07-18 12:35:00+00:00,2026-07-18 12:44:00+00:00,540,60.337,210.090,19.20,4.12,264.00,1.0339,0.58,4.08,CROSSWIND
14,38.10,"Le Haag (LAUTENBACHZELL, GEISHOUSE)",1225.00,2026-07-18 12:36:00+00:00,2026-07-18 12:46:00+00:00,600,60.214,210.723,19.40,3.30,272.00,1.0439,3.24,0.61,HEADWIND
14,43.30,"Le Markstein (D431-D27) (entrée) (RANSPACH, FELLERING)",1171.00,2026-07-18 12:41:00+00:00,2026-07-18 12:51:00+00:00,600,59.777,212.783,19.40,4.03,277.00,1.0492,4.02,0.25,HEADWIND
14,43.90,D27 LE MARKSTEIN FELLERING - 1er passage sur la ligne d'arrivée,1189.00,2026-07-18 12:42:00+00:00,2026-07-18 12:52:00+00:00,600,59.687,213.196,19.50,4.03,277.00,1.0501,3.93,0.89,HEADWIND
14,44.80,Le Treh (RANSPACH),1199.00,2026-07-18 12:43:00+00:00,2026-07-18 12:53:00+00:00,600,59.597,213.603,19.20,4.43,276.00,1.0475,4.42,0.31,HEADWIND
14,58.30,Lac de Kruth-Wildenstein (D27-D13 BIS),555.00,2026-07-18 12:57:00+00:00,2026-07-18 13:08:00+00:00,660,58.150,219.395,25.10,2.90,316.00,1.1070,-1.24,2.62,CROSSWIND
14,60.20,D13 BIS KRUTH (D13 BIS-D13 BIS I),498.00,2026-07-18 12:59:00+00:00,2026-07-18 13:11:00+00:00,720,57.896,220.396,25.40,2.90,316.00,1.1128,-2.02,2.08,CROSSWIND
14,63.40,Werschmatt (ODEREN),601.00,2026-07-18 13:05:00+00:00,2026-07-18 13:17:00+00:00,720,57.247,222.690,24.70,3.22,324.00,1.0965,1.16,3.00,CROSSWIND
14,68.30,Col d'Oderen,894.00,2026-07-18 13:15:00+00:00,2026-07-18 13:29:00+00:00,840,55.962,226.667,22.30,3.56,308.00,1.0712,2.38,2.64,CROSSWIND
14,69.70,D43 Carrefour D43-VC (VENTRON),833.00,2026-07-18 13:18:00+00:00,2026-07-18 13:32:00+00:00,840,55.598,227.700,22.60,3.85,295.00,1.0818,-3.50,1.60,TAILWIND
14,71.30,Col du Page,962.00,2026-07-18 13:22:00+00:00,2026-07-18 13:36:00+00:00,840,55.108,229.081,21.90,3.85,295.00,1.0714,-0.50,3.82,CROSSWIND
14,75.10,Larcenaire (VC-D89),840.00,2026-07-18 13:26:00+00:00,2026-07-18 13:41:00+00:00,900,54.556,230.584,23.50,3.71,267.00,1.0771,3.45,1.35,HEADWIND
14,77.60,D89 La Hutte,689.00,2026-07-18 13:28:00+00:00,2026-07-18 13:43:00+00:00,900,54.286,231.271,24.10,4.40,271.00,1.0897,-3.70,2.37,TAILWIND
14,79.20,BUSSANG (D89-N66),633.00,2026-07-18 13:30:00+00:00,2026-07-18 13:46:00+00:00,960,53.967,232.095,24.80,4.40,271.00,1.1000,0.72,4.34,CROSSWIND
14,84.00,N66 SAINT-MAURICE-SUR-MOSELLE (N66-D465),566.00,2026-07-18 13:36:00+00:00,2026-07-18 13:52:00+00:00,960,53.202,233.998,25.80,3.99,292.00,1.1020,-0.18,3.99,CROSSWIND
14,92.70,La Jumenterie,1043.00,2026-07-18 13:54:00+00:00,2026-07-18 14:12:00+00:00,1080,50.542,239.783,21.30,4.66,293.00,1.0598,3.33,3.26,HEADWIND
14,94.40,Ballon d'Alsace,1167.00,2026-07-18 13:57:00+00:00,2026-07-18 14:17:00+00:00,1200,49.965,240.935,20.50,4.66,293.00,1.0480,-1.82,4.29,CROSSWIND
14,95.60,Les Sapins (LEPUIX),1136.00,2026-07-18 13:58:00+00:00,2026-07-18 14:18:00+00:00,1200,49.822,241.229,20.90,4.66,293.00,1.0528,-0.02,4.66,CROSSWIND
14,96.70,La Chaumière (D465-D466) (LEPUIX),1100.00,2026-07-18 13:59:00+00:00,2026-07-18 14:19:00+00:00,1200,49.671,241.523,21.70,4.32,283.00,1.0553,-4.31,0.34,TAILWIND
14,97.70,D466 La Gentiane,1078.00,2026-07-18 14:01:00+00:00,2026-07-18 14:20:00+00:00,1140,49.447,241.949,21.80,4.32,283.00,1.0557,-4.09,1.39,TAILWIND
14,103.50,Lac d'Alfeld,661.00,2026-07-18 14:06:00+00:00,2026-07-18 14:26:00+00:00,1200,48.612,243.459,25.30,3.67,287.00,1.0947,-2.68,2.50,TAILWIND
14,106.40,Lac de Sewen,508.00,2026-07-18 14:09:00+00:00,2026-07-18 14:29:00+00:00,1200,48.147,244.296,26.50,3.64,286.00,1.1087,-3.50,1.00,TAILWIND
14,106.90,SEWEN,508.00,2026-07-18 14:10:00+00:00,2026-07-18 14:30:00+00:00,1200,47.992,244.569,26.50,3.64,286.00,1.1085,-3.64,0.19,TAILWIND
14,108.90,DOLLEREN,481.00,2026-07-18 14:12:00+00:00,2026-07-18 14:33:00+00:00,1260,47.600,245.252,26.60,3.64,286.00,1.1099,-3.59,0.60,TAILWIND
14,110.10,OBERBRUCK,464.00,2026-07-18 14:14:00+00:00,2026-07-18 14:34:00+00:00,1200,47.364,245.660,27.00,3.64,286.00,1.1105,-0.88,3.53,CROSSWIND
14,111.50,WEGSCHEID,461.00,2026-07-18 14:16:00+00:00,2026-07-18 14:36:00+00:00,1200,47.049,246.192,27.10,3.64,286.00,1.1110,-3.15,1.83,TAILWIND
14,112.80,KIRCHBERG,445.00,2026-07-18 14:18:00+00:00,2026-07-18 14:38:00+00:00,1200,46.735,246.725,27.10,3.64,286.00,1.1114,-0.82,3.55,CROSSWIND
14,114.10,Niederbruck (MASEVAUX-NIEDERBRUCK),431.00,2026-07-18 14:20:00+00:00,2026-07-18 14:40:00+00:00,1200,46.427,247.252,27.00,3.61,314.00,1.1145,-3.52,0.82,TAILWIND
14,114.70,SICKERT,427.00,2026-07-18 14:20:00+00:00,2026-07-18 14:41:00+00:00,1260,46.347,247.387,27.10,3.61,314.00,1.1147,-3.40,1.23,TAILWIND
14,116.00,Masevaux (D466-D14 BIS IV) (MASEVAUX-NIEDERBRUCK),411.00,2026-07-18 14:22:00+00:00,2026-07-18 14:43:00+00:00,1260,46.030,247.909,27.20,3.61,314.00,1.1163,-2.09,2.94,CROSSWIND
14,117.60,D14 BIS IV Houppach (MASEVAUX-NIEDERBRUCK),442.00,2026-07-18 14:24:00+00:00,2026-07-18 14:45:00+00:00,1260,45.708,248.426,27.20,3.76,295.00,1.1158,-1.91,3.24,CROSSWIND
14,120.40,Col du Schirm (MASEVAUX-NIEDERBRUCK),595.00,2026-07-18 14:28:00+00:00,2026-07-18 14:49:00+00:00,1260,45.066,249.417,26.10,3.76,295.00,1.0985,-3.73,0.50,TAILWIND
14,121.40,BOURBACH-LE-HAUT,577.00,2026-07-18 14:30:00+00:00,2026-07-18 14:51:00+00:00,1260,44.745,249.909,25.40,4.00,283.00,1.0953,3.94,0.72,HEADWIND
14,125.20,Col du Hundsruck,726.00,2026-07-18 14:35:00+00:00,2026-07-18 14:57:00+00:00,1320,43.863,251.222,24.90,3.51,265.00,1.0890,-2.89,1.99,TAILWIND
14,130.50,BITSCHWILLER-LÈS-THANN (D14 BIS IV-D1066),405.00,2026-07-18 14:42:00+00:00,2026-07-18 15:04:00+00:00,1320,42.715,252.883,27.70,2.97,290.00,1.1104,2.92,0.53,HEADWIND
14,131.30,Passage à niveau N° 33.,365.00,2026-07-18 14:43:00+00:00,2026-07-18 15:05:00+00:00,1320,42.555,253.107,28.10,2.97,290.00,1.1175,-1.17,2.73,CROSSWIND
14,132.40,D1066 WILLER-SUR-THUR,359.00,2026-07-18 14:44:00+00:00,2026-07-18 15:07:00+00:00,1380,42.307,253.452,28.30,2.97,290.00,1.1193,1.65,2.47,CROSSWIND
14,134.40,Gehren (MOOSCH),373.00,2026-07-18 14:47:00+00:00,2026-07-18 15:10:00+00:00,1380,41.827,254.108,28.40,3.18,314.00,1.1172,3.18,0.04,HEADWIND
14,134.60,Passage à niveau N° 38.,374.00,2026-07-18 14:47:00+00:00,2026-07-18 15:10:00+00:00,1380,41.827,254.105,28.40,3.18,314.00,1.1170,3.18,0.15,HEADWIND
14,135.10,MOOSCH,377.00,2026-07-18 14:48:00+00:00,2026-07-18 15:11:00+00:00,1380,41.668,254.324,28.00,3.71,284.00,1.1181,3.23,1.83,HEADWIND
14,136.80,MALMERSPACH (près) (D1066-D741),392.00,2026-07-18 14:50:00+00:00,2026-07-18 15:13:00+00:00,1380,41.351,254.750,24.20,2.69,315.00,1.1289,2.51,0.97,HEADWIND
14,137.10,D741 SAINT-AMARIN (D741-VC),393.00,2026-07-18 14:51:00+00:00,2026-07-18 15:14:00+00:00,1380,41.191,254.970,24.10,2.69,315.00,1.1279,2.69,0.15,HEADWIND
14,137.20,Passage à niveau N° 44 BIS.,395.00,2026-07-18 14:51:00+00:00,2026-07-18 15:14:00+00:00,1380,41.192,254.968,24.10,2.69,315.00,1.1292,2.62,0.60,HEADWIND
14,142.30,VC GEISHOUSE,753.00,2026-07-18 15:01:00+00:00,2026-07-18 15:26:00+00:00,1500,39.389,257.372,21.70,1.84,292.00,1.0928,-1.16,1.42,LIGHT
14,143.80,Voie verte du Haag,746.00,2026-07-18 15:04:00+00:00,2026-07-18 15:30:00+00:00,1560,38.807,258.135,21.70,3.23,292.00,1.0922,-3.13,0.81,TAILWIND
14,147.80,Virage du Hibou,1049.00,2026-07-18 15:13:00+00:00,2026-07-18 15:40:00+00:00,1620,37.222,260.146,19.00,4.40,273.00,1.0667,-1.73,4.04,CROSSWIND
14,149.40,Col du Haag,1195.00,2026-07-18 15:17:00+00:00,2026-07-18 15:44:00+00:00,1620,36.559,260.961,17.70,3.62,264.00,1.0479,0.42,3.60,CROSSWIND
14,154.60,"Le Markstein (D431-D27) (entrée) (RANSPACH, FELLERING)",1176.00,2026-07-18 15:23:00+00:00,2026-07-18 15:51:00+00:00,1680,35.512,262.230,17.70,2.91,266.00,1.0532,0.73,2.82,CROSSWIND
14,155.30,D27 LE MARKSTEIN FELLERING,1176.00,2026-07-18 15:24:00+00:00,2026-07-18 15:52:00+00:00,1680,35.351,262.424,17.80,2.91,266.00,1.0540,2.74,0.97,HEADWIND
15,0.00,CHAMPAGNOLE,559.03,2026-07-19 11:20:00+00:00,2026-07-19 11:20:00+00:00,0,63.667,167.999,25.10,3.68,338.00,1.1087,-3.65,0.47,TAILWIND
15,0.00,VC CHAMPAGNOLE (VC-D471 E-N5),559.03,2026-07-19 11:10:00+00:00,2026-07-19 11:10:00+00:00,0,63.237,162.858,25.10,3.68,338.00,1.1087,-3.65,0.47,TAILWIND
15,0.00,N5 CIZE (près),559.03,2026-07-19 11:19:00+00:00,2026-07-19 11:19:00+00:00,0,63.630,167.479,25.10,3.68,338.00,1.1087,-3.65,0.47,TAILWIND
15,2.70,LE VAUDIOUX (près),653.39,2026-07-19 11:23:00+00:00,2026-07-19 11:24:00+00:00,60,63.809,169.832,24.90,3.51,340.00,1.0978,-3.15,1.55,TAILWIND
15,3.50,N5 Passage à niveau N° 15.,647.47,2026-07-19 11:25:00+00:00,2026-07-19 11:25:00+00:00,0,63.861,170.619,24.90,3.57,342.00,1.1017,-3.42,1.04,TAILWIND
15,4.30,La Billaude,616.70,2026-07-19 11:26:00+00:00,2026-07-19 11:26:00+00:00,0,63.895,171.153,25.00,3.57,342.00,1.1029,-3.57,0.18,TAILWIND
15,7.30,Pont-de-la-Chaux (CHAUX-DES-CROTENAY),706.40,2026-07-19 11:30:00+00:00,2026-07-19 11:30:00+00:00,0,64.011,173.280,23.70,3.32,339.00,1.0935,-2.55,2.13,TAILWIND
15,8.30,Passage à niveau N° 17.,721.07,2026-07-19 11:31:00+00:00,2026-07-19 11:32:00+00:00,60,64.049,174.072,23.90,3.35,343.00,1.0936,-3.16,1.11,TAILWIND
15,9.10,Morillon (ENTRE-DEUX-MONTS),716.45,2026-07-19 11:32:00+00:00,2026-07-19 11:33:00+00:00,60,64.072,174.616,23.90,3.35,343.00,1.0927,-3.05,1.39,TAILWIND
15,12.10,Le Bourg Derrière (près) (FORT-DU-PLASNE),803.31,2026-07-19 11:36:00+00:00,2026-07-19 11:37:00+00:00,60,64.147,176.780,23.50,3.48,342.00,1.0826,-3.42,0.65,TAILWIND
15,13.60,Le Pont de Lemme (LA CHAUMUSSE),818.16,2026-07-19 11:38:00+00:00,2026-07-19 11:39:00+00:00,60,64.178,177.850,23.20,3.57,342.00,1.0816,-3.57,0.03,TAILWIND
15,16.80,SAINT-LAURENT-EN-GRANDVAUX (N5-VC-D678-N5) (entrée),883.20,2026-07-19 11:42:00+00:00,2026-07-19 11:44:00+00:00,120,64.211,180.274,22.30,4.29,332.00,1.0756,-3.61,2.32,TAILWIND
15,17.30,VC SAINT-LAURENT-EN-GRANDVAUX,901.38,2026-07-19 11:43:00+00:00,2026-07-19 11:45:00+00:00,120,64.209,180.823,22.40,4.29,332.00,1.0766,-3.97,1.63,TAILWIND
15,18.80,N5 La Savine,898.25,2026-07-19 11:45:00+00:00,2026-07-19 11:47:00+00:00,120,64.202,181.929,22.30,4.29,332.00,1.0750,-1.67,3.95,CROSSWIND
15,22.00,Col de la Savine,987.11,2026-07-19 11:49:00+00:00,2026-07-19 11:51:00+00:00,120,64.183,184.137,22.40,4.42,322.00,1.0719,-4.27,1.14,TAILWIND
15,23.10,Le Marais,943.72,2026-07-19 11:50:00+00:00,2026-07-19 11:53:00+00:00,180,64.172,184.954,23.20,3.78,323.00,1.0758,-3.49,1.44,TAILWIND
15,24.70,MORBIER,867.71,2026-07-19 11:52:00+00:00,2026-07-19 11:55:00+00:00,180,64.152,186.030,23.50,3.78,323.00,1.0809,-3.33,1.79,TAILWIND
15,27.40,Morez (N5-VC-N5) (HAUTS DE BIENNE),722.73,2026-07-19 11:56:00+00:00,2026-07-19 11:59:00+00:00,180,64.079,188.175,24.90,2.33,317.00,1.0913,0.03,2.33,CROSSWIND
15,33.80,Sous les Barres,915.34,2026-07-19 12:07:00+00:00,2026-07-19 12:12:00+00:00,300,63.704,194.540,21.80,3.28,329.00,1.0629,-1.79,2.75,CROSSWIND
15,34.70,Le Sagy,973.05,2026-07-19 12:09:00+00:00,2026-07-19 12:14:00+00:00,300,63.612,195.591,22.20,3.42,322.00,1.0577,-3.36,0.63,TAILWIND
15,36.50,LES ROUSSES,1072.29,2026-07-19 12:12:00+00:00,2026-07-19 12:18:00+00:00,360,63.446,197.416,21.00,4.19,327.00,1.0556,-0.38,4.17,CROSSWIND
15,36.80,Côte des Rousses,1082.75,2026-07-19 12:13:00+00:00,2026-07-19 12:19:00+00:00,360,63.397,197.927,20.80,4.24,326.00,1.0551,-0.23,4.23,CROSSWIND
15,39.80,La Cure (près) (N5-D1005),1151.79,2026-07-19 12:16:00+00:00,2026-07-19 12:23:00+00:00,420,63.221,199.730,20.10,4.62,321.00,1.0468,-4.48,1.12,TAILWIND
15,44.50,D1005 Le Tabagnoz (D1005-D313) (PRÉMANON),1251.27,2026-07-19 12:22:00+00:00,2026-07-19 12:28:00+00:00,360,62.912,202.458,20.50,4.56,322.00,1.0446,-0.64,4.52,CROSSWIND
15,46.40,D313 La Combe en Haut (LAJOUX),1185.01,2026-07-19 12:24:00+00:00,2026-07-19 12:31:00+00:00,420,62.759,203.666,21.10,4.20,322.00,1.0511,-1.61,3.88,CROSSWIND
15,52.30,D50 Combe en Haut,998.59,2026-07-19 12:31:00+00:00,2026-07-19 12:38:00+00:00,420,62.287,206.977,23.00,1.12,350.00,1.0633,-0.74,0.84,LIGHT
15,54.50,MIJOUX (D50-D936-D991),992.24,2026-07-19 12:33:00+00:00,2026-07-19 12:41:00+00:00,480,62.104,208.127,22.40,4.58,324.00,1.0682,1.05,4.46,CROSSWIND
15,60.50,D991 Les Sept Fontaines,930.78,2026-07-19 12:40:00+00:00,2026-07-19 12:49:00+00:00,540,61.516,211.556,23.20,4.83,320.00,1.0748,-1.97,4.41,CROSSWIND
15,62.20,Les Mars,899.78,2026-07-19 12:42:00+00:00,2026-07-19 12:51:00+00:00,540,61.348,212.445,23.30,4.83,320.00,1.0760,-1.90,4.44,CROSSWIND
15,62.60,LÉLEX,903.37,2026-07-19 12:43:00+00:00,2026-07-19 12:51:00+00:00,480,61.305,212.668,23.10,4.83,320.00,1.0748,-2.60,4.07,CROSSWIND
15,70.80,Tunnel des Hirondelles,748.43,2026-07-19 12:52:00+00:00,2026-07-19 13:01:00+00:00,540,60.437,216.784,25.80,4.06,322.00,1.0937,-2.63,3.09,CROSSWIND
15,71.70,La RIvière,732.64,2026-07-19 12:53:00+00:00,2026-07-19 13:03:00+00:00,600,60.287,217.410,26.20,4.06,322.00,1.0994,-1.96,3.56,CROSSWIND
15,74.70,CHÉZERY-FORENS,613.02,2026-07-19 12:57:00+00:00,2026-07-19 13:06:00+00:00,540,59.938,218.866,26.30,3.04,333.00,1.0981,0.38,3.02,CROSSWIND
15,76.80,Le Grand Essert,578.81,2026-07-19 12:59:00+00:00,2026-07-19 13:09:00+00:00,600,59.679,219.875,26.20,4.41,327.00,1.0902,-3.28,2.95,TAILWIND
15,83.30,La Serpentouze,612.52,2026-07-19 13:07:00+00:00,2026-07-19 13:17:00+00:00,600,58.803,223.090,26.60,5.59,314.00,1.1013,-5.29,1.81,TAILWIND
15,83.80,La Mulaz,593.15,2026-07-19 13:07:00+00:00,2026-07-19 13:18:00+00:00,660,58.747,223.293,26.70,5.59,314.00,1.1017,-3.11,4.65,CROSSWIND
15,85.10,CONFORT,557.13,2026-07-19 13:09:00+00:00,2026-07-19 13:19:00+00:00,600,58.576,223.888,27.50,5.81,318.00,1.1066,-5.80,0.26,TAILWIND
15,87.30,La Grande Côte (VALSERHÔNE),564.68,2026-07-19 13:12:00+00:00,2026-07-19 13:22:00+00:00,600,58.220,225.038,28.20,5.81,318.00,1.1172,-3.86,4.34,CROSSWIND
15,88.40,Lancrans (VALSERHÔNE),515.44,2026-07-19 13:13:00+00:00,2026-07-19 13:24:00+00:00,660,58.039,225.617,29.10,4.88,334.00,1.1188,-4.51,1.85,TAILWIND
15,90.40,La Pierre (VALSERHÔNE),412.05,2026-07-19 13:16:00+00:00,2026-07-19 13:27:00+00:00,660,57.663,226.767,28.30,5.02,316.00,1.1117,-4.63,1.94,TAILWIND
15,90.80,Bellegarde-sur-Valserine (D991-D1084-D1206) (VALSERHÔNE),390.95,2026-07-19 13:16:00+00:00,2026-07-19 13:28:00+00:00,720,57.598,226.958,28.10,5.02,316.00,1.1089,-0.03,5.02,CROSSWIND
15,95.20,D1206 Grésin,473.84,2026-07-19 13:22:00+00:00,2026-07-19 13:34:00+00:00,720,56.804,229.146,28.10,3.75,312.00,1.1011,-3.68,0.73,TAILWIND
15,96.90,LÉAZ,512.40,2026-07-19 13:25:00+00:00,2026-07-19 13:37:00+00:00,720,56.396,230.192,28.50,3.75,312.00,1.1067,-1.23,3.54,CROSSWIND
15,99.60,Longeray,480.98,2026-07-19 13:28:00+00:00,2026-07-19 13:41:00+00:00,780,55.905,231.415,28.80,3.85,9.00,1.1162,3.71,1.03,HEADWIND
15,100.70,Tunnel du Fort l'Écluse,444.17,2026-07-19 13:30:00+00:00,2026-07-19 13:43:00+00:00,780,55.640,232.090,28.80,3.85,9.00,1.1173,3.62,1.32,HEADWIND
15,102.60,Villard (près) (COLLONGES),372.47,2026-07-19 13:33:00+00:00,2026-07-19 13:45:00+00:00,720,55.290,232.947,28.50,3.85,9.00,1.1124,2.94,2.48,HEADWIND
15,106.10,CHEVRIER (près),431.24,2026-07-19 13:37:00+00:00,2026-07-19 13:51:00+00:00,840,54.583,234.633,28.40,3.18,347.00,1.1034,-2.99,1.09,TAILWIND
15,107.00,VULBENS,459.16,2026-07-19 13:38:00+00:00,2026-07-19 13:52:00+00:00,840,54.435,234.963,28.10,2.51,5.00,1.1046,-1.75,1.80,LIGHT
15,109.70,Les Vernes,490.17,2026-07-19 13:42:00+00:00,2026-07-19 13:56:00+00:00,840,53.843,236.253,28.20,1.80,360.00,1.1065,0.48,1.73,LIGHT
15,109.80,VALLEIRY,486.88,2026-07-19 13:42:00+00:00,2026-07-19 13:56:00+00:00,840,53.842,236.255,28.20,1.80,360.00,1.1063,0.74,1.64,LIGHT
15,111.90,La Boutique (CHÊNEX),472.68,2026-07-19 13:45:00+00:00,2026-07-19 13:59:00+00:00,840,53.392,237.207,28.10,1.80,360.00,1.1045,0.32,1.77,LIGHT
15,114.40,Essertet,495.83,2026-07-19 13:49:00+00:00,2026-07-19 14:03:00+00:00,840,52.787,238.446,28.00,0.98,336.00,1.1035,-0.24,0.95,LIGHT
15,115.80,VIRY (D1206-D992-D18),498.79,2026-07-19 13:50:00+00:00,2026-07-19 14:05:00+00:00,900,52.561,238.910,28.00,0.98,336.00,1.1026,-0.18,0.96,LIGHT
15,117.10,D18 La Côte,523.26,2026-07-19 13:52:00+00:00,2026-07-19 14:07:00+00:00,900,52.261,239.522,27.60,1.10,355.00,1.0982,-0.13,1.09,LIGHT
15,117.90,Vaux,541.23,2026-07-19 13:53:00+00:00,2026-07-19 14:08:00+00:00,900,52.108,239.828,27.10,4.94,324.00,1.0975,-4.92,0.45,TAILWIND
15,119.10,Malchamp (FEIGÈRES),572.20,2026-07-19 13:55:00+00:00,2026-07-19 14:10:00+00:00,900,51.800,240.424,27.30,2.77,347.00,1.0924,-1.94,1.98,LIGHT
15,120.70,La Tuilière (PRÉSILLY),626.95,2026-07-19 13:57:00+00:00,2026-07-19 14:13:00+00:00,960,51.417,241.166,27.10,2.77,347.00,1.0895,-2.47,1.25,TAILWIND
15,122.40,"Le Châble (D18-D1201-D18) (PRÉSILLY, BEAUMONT)",655.42,2026-07-19 13:59:00+00:00,2026-07-19 14:15:00+00:00,960,51.102,241.740,27.10,2.77,347.00,1.0889,-0.45,2.73,CROSSWIND
15,123.50,Les Roquettes (BEAUMONT),651.12,2026-07-19 14:01:00+00:00,2026-07-19 14:17:00+00:00,960,50.788,242.293,26.90,2.40,2.00,1.0946,2.28,0.75,HEADWIND
15,125.40,La Forge (NEYDENS),580.49,2026-07-19 14:03:00+00:00,2026-07-19 14:20:00+00:00,1020,50.389,242.979,27.10,2.72,17.00,1.1033,2.65,0.60,HEADWIND
15,127.60,ARCHAMPS (D18-D318),519.65,2026-07-19 14:07:00+00:00,2026-07-19 14:23:00+00:00,960,49.833,243.943,27.00,3.11,4.00,1.1030,2.61,1.69,HEADWIND
15,129.50,D318 Aux Peupliers,549.24,2026-07-19 14:09:00+00:00,2026-07-19 14:26:00+00:00,1020,49.435,244.638,26.50,3.11,4.00,1.0936,-1.64,2.64,CROSSWIND
15,130.20,La Montagnère,597.76,2026-07-19 14:10:00+00:00,2026-07-19 14:27:00+00:00,1020,49.272,244.907,26.20,3.11,4.00,1.0903,-2.43,1.94,TAILWIND
15,130.50,Chotard (D318-D145),613.49,2026-07-19 14:10:00+00:00,2026-07-19 14:27:00+00:00,1020,49.273,244.910,25.40,2.59,332.00,1.0900,-2.59,0.05,TAILWIND
15,130.60,D145 Vovray,628.19,2026-07-19 14:11:00+00:00,2026-07-19 14:27:00+00:00,960,49.194,245.044,25.40,2.59,332.00,1.0900,-2.58,0.20,TAILWIND
15,130.80,Chez Voirier (COLLONGES-SOUS-SALÈVE),631.83,2026-07-19 14:11:00+00:00,2026-07-19 14:28:00+00:00,1020,49.117,245.176,25.20,2.59,332.00,1.0868,0.22,2.58,CROSSWIND
15,131.30,Le Coin (D145-D45) (COLLONGES-SOUS-SALÈVE),640.00,2026-07-19 14:12:00+00:00,2026-07-19 14:28:00+00:00,960,49.039,245.312,24.90,2.59,332.00,1.0831,0.35,2.57,CROSSWIND
15,135.90,"D45 La Croisette (D45-D41 A-D215) (LA MURAZ, COLLONGES-SOUS-SALÈVE)",1167.94,2026-07-19 14:23:00+00:00,2026-07-19 14:42:00+00:00,1140,47.035,248.535,22.50,3.20,340.00,1.0503,-2.11,2.41,CROSSWIND
15,136.00,Le Salève - Col de la Croisette,1167.94,2026-07-19 14:23:00+00:00,2026-07-19 14:42:00+00:00,1140,47.035,248.537,22.70,3.20,340.00,1.0534,-2.67,1.77,TAILWIND
15,138.50,D215 Le Tournier (D215-D48),973.13,2026-07-19 14:26:00+00:00,2026-07-19 14:45:00+00:00,1140,46.541,249.292,24.50,3.44,352.00,1.0712,-3.40,0.50,TAILWIND
15,140.50,D48 Les Mouilles,847.66,2026-07-19 14:28:00+00:00,2026-07-19 14:48:00+00:00,1200,46.129,249.894,25.00,3.44,352.00,1.0789,3.06,1.57,HEADWIND
15,141.50,Chez Blondin,790.74,2026-07-19 14:29:00+00:00,2026-07-19 14:49:00+00:00,1200,45.964,250.141,25.60,4.51,356.00,1.0903,3.88,2.30,HEADWIND
15,142.30,Chez Joindet,735.26,2026-07-19 14:30:00+00:00,2026-07-19 14:50:00+00:00,1200,45.798,250.391,26.30,4.51,356.00,1.0933,3.21,3.17,HEADWIND
15,143.00,LA MURAZ (D48-D15-VC),680.62,2026-07-19 14:31:00+00:00,2026-07-19 14:51:00+00:00,1200,45.634,250.635,25.90,4.51,356.00,1.0886,-4.35,1.21,TAILWIND
15,144.10,VC Champs de la Pierre,639.89,2026-07-19 14:32:00+00:00,2026-07-19 14:52:00+00:00,1200,45.470,250.882,25.50,2.86,324.00,1.0773,-2.16,1.87,TAILWIND
15,144.60,Les Côtes du Fernex,695.45,2026-07-19 14:33:00+00:00,2026-07-19 14:53:00+00:00,1200,45.307,251.126,25.80,2.79,345.00,1.0724,-2.39,1.43,TAILWIND
15,145.70,Le Mont (près),774.06,2026-07-19 14:35:00+00:00,2026-07-19 14:56:00+00:00,1260,44.896,251.729,25.70,2.79,345.00,1.0706,-2.79,0.02,TAILWIND
15,146.00,Côte du Mont,807.78,2026-07-19 14:36:00+00:00,2026-07-19 14:57:00+00:00,1260,44.732,251.964,25.70,2.79,345.00,1.0719,-2.67,0.82,TAILWIND
15,146.80,La Moussière,850.35,2026-07-19 14:37:00+00:00,2026-07-19 14:58:00+00:00,1260,44.570,252.203,26.10,2.46,297.00,1.0741,-1.86,1.61,LIGHT
15,147.70,ARBUSIGNY (VC-D6),847.36,2026-07-19 14:38:00+00:00,2026-07-19 14:59:00+00:00,1260,44.399,252.445,26.10,2.46,297.00,1.0746,-2.12,1.25,TAILWIND
15,149.00,D6 La Platière,799.92,2026-07-19 14:40:00+00:00,2026-07-19 15:01:00+00:00,1260,44.062,252.903,25.80,3.59,13.00,1.0784,-2.93,2.08,TAILWIND
15,149.50,Le Souget,796.44,2026-07-19 14:41:00+00:00,2026-07-19 15:02:00+00:00,1260,43.892,253.132,25.80,3.59,13.00,1.0795,-0.06,3.59,CROSSWIND
15,150.60,Marny (PERS-JUSSY),790.38,2026-07-19 14:43:00+00:00,2026-07-19 15:04:00+00:00,1260,43.553,253.583,26.00,3.59,13.00,1.0828,3.56,0.45,HEADWIND
15,152.40,Ornex Haut (PERS-JUSSY),758.63,2026-07-19 14:45:00+00:00,2026-07-19 15:07:00+00:00,1320,43.124,254.163,25.90,4.51,356.00,1.0885,3.73,2.54,HEADWIND
15,153.20,Ornex Bas (PERS-JUSSY),728.48,2026-07-19 14:46:00+00:00,2026-07-19 15:08:00+00:00,1320,42.954,254.397,26.90,3.02,34.00,1.0913,2.66,1.43,HEADWIND
15,156.70,Moussy (D6-D2) (CORNIER),579.87,2026-07-19 14:51:00+00:00,2026-07-19 15:13:00+00:00,1320,42.104,255.547,26.70,5.01,3.00,1.0993,-4.75,1.59,TAILWIND
15,158.70,LA ROCHE-SUR-FORON (D2-VC-D2 B),582.51,2026-07-19 14:54:00+00:00,2026-07-19 15:17:00+00:00,1380,41.508,256.331,27.20,4.33,353.00,1.0995,-4.12,1.33,TAILWIND
15,161.60,D2 B Vallières (AMANCY) (D2 B-D1203),521.07,2026-07-19 14:58:00+00:00,2026-07-19 15:21:00+00:00,1380,40.812,257.214,28.40,4.74,335.00,1.1068,-0.10,4.74,CROSSWIND
15,162.30,D1203 AMANCY (près),500.31,2026-07-19 14:59:00+00:00,2026-07-19 15:22:00+00:00,1380,40.637,257.433,28.10,4.75,345.00,1.1088,-0.33,4.74,CROSSWIND
15,164.50,Passeirier (SAINT-PIERRE-EN-FAUCIGNY),457.32,2026-07-19 15:02:00+00:00,2026-07-19 15:26:00+00:00,1440,40.027,258.190,28.60,4.91,327.00,1.1065,-2.29,4.34,CROSSWIND
15,167.10,Toisinges (SAINT-PIERRE-EN-FAUCIGNY),461.30,2026-07-19 15:06:00+00:00,2026-07-19 15:30:00+00:00,1440,39.328,259.045,29.00,4.55,310.00,1.1064,-3.49,2.92,TAILWIND
15,167.80,BONNEVILLE (D1203-D1205-D19),455.37,2026-07-19 15:07:00+00:00,2026-07-19 15:31:00+00:00,1440,39.152,259.257,29.00,4.55,310.00,1.1068,-3.69,2.66,TAILWIND
15,171.60,Thuet (D19-D186),453.27,2026-07-19 15:13:00+00:00,2026-07-19 15:37:00+00:00,1440,38.103,260.519,28.90,4.53,315.00,1.1066,-3.78,2.49,TAILWIND
15,177.20,D186 BRISON (D186-D186 A),948.08,2026-07-19 15:25:00+00:00,2026-07-19 15:52:00+00:00,1620,35.780,263.214,23.20,3.47,327.00,1.0609,-0.61,3.42,CROSSWIND
15,178.80,D186 A Les Croix,1080.28,2026-07-19 15:29:00+00:00,2026-07-19 15:56:00+00:00,1620,35.095,263.983,22.60,3.47,327.00,1.0520,1.73,3.01,CROSSWIND
15,179.40,Les Saillets,1125.03,2026-07-19 15:31:00+00:00,2026-07-19 15:58:00+00:00,1620,34.752,264.367,22.00,3.47,327.00,1.0439,-1.79,2.97,CROSSWIND
15,179.60,Les Esserts,1142.45,2026-07-19 15:31:00+00:00,2026-07-19 15:59:00+00:00,1680,34.666,264.463,22.20,3.47,327.00,1.0471,-2.53,2.38,TAILWIND
15,183.90,PLATEAU DE SOLAISON BRISON (1 508 m),1500.55,2026-07-19 15:41:00+00:00,2026-07-19 16:11:00+00:00,1800,32.772,266.542,19.50,3.06,308.00,1.0146,0.78,2.96,CROSSWIND
16,0.00,VC ÉVIAN-LES-BAINS (VC-D24),382.99,2026-07-21 11:00:00+00:00,2026-07-21 15:15:00+00:00,15300,58.465,221.846,25.50,1.58,18.00,1.1323,0.49,1.50,LIGHT
16,1.10,D24 NEUVECELLE (D24-D21),440.35,2026-07-21 11:02:00+00:00,2026-07-21 15:17:00+00:00,15300,58.228,222.643,26.10,1.71,7.00,1.1273,-0.83,1.50,LIGHT
16,3.80,D21 ÉVIAN-LES-BAINS,558.88,2026-07-21 11:06:00+00:00,2026-07-21 15:21:00+00:00,15300,57.765,224.160,25.30,1.71,7.00,1.1133,-0.83,1.50,LIGHT
16,4.80,L'X (D21-D11),612.34,2026-07-21 11:08:00+00:00,2026-07-21 15:23:00+00:00,15300,57.531,224.898,24.70,2.22,8.00,1.1098,-1.01,1.98,LIGHT
16,4.80,Point chrono n°1 / L'X,612.34,2026-07-21 11:08:00+00:00,2026-07-21 15:23:00+00:00,15300,57.531,224.898,24.70,2.22,8.00,1.1098,-1.01,1.98,LIGHT
16,6.20,D11 La Guinchère (PUBLIER) (près),662.20,2026-07-21 11:11:00+00:00,2026-07-21 15:26:00+00:00,15300,57.172,225.988,24.30,2.22,8.00,1.1039,-1.02,1.97,LIGHT
16,7.10,CHAMPANGES (D11-D32),684.64,2026-07-21 11:12:00+00:00,2026-07-21 15:27:00+00:00,15300,57.055,226.343,24.20,2.22,8.00,1.1017,-2.14,0.58,TAILWIND
16,9.10,D32 LARRINGES (D32-D121) (entrée),782.81,2026-07-21 11:16:00+00:00,2026-07-21 15:31:00+00:00,15300,56.555,227.801,23.70,2.70,358.00,1.0911,-1.26,2.39,CROSSWIND
16,9.70,Point chrono n°2 / Côte de Larringes,796.02,2026-07-21 11:14:00+00:00,2026-07-21 15:32:00+00:00,15480,56.617,227.633,23.50,2.70,358.00,1.0890,1.34,2.34,CROSSWIND
16,11.10,D121 Curninge (D121-D21),799.59,2026-07-21 11:16:00+00:00,2026-07-21 15:33:00+00:00,15420,56.431,228.180,23.00,2.70,360.00,1.0886,-2.63,0.61,TAILWIND
16,11.60,D21 FÉTERNES,790.19,2026-07-21 11:17:00+00:00,2026-07-21 15:34:00+00:00,15420,56.306,228.531,23.50,2.70,358.00,1.0878,-1.42,2.30,CROSSWIND
16,13.00,Château Vieux,695.79,2026-07-21 11:19:00+00:00,2026-07-21 15:36:00+00:00,15420,56.054,229.209,24.10,2.70,358.00,1.0970,-1.09,2.47,CROSSWIND
16,17.00,Carrefour D21-D902,424.61,2026-07-21 11:24:00+00:00,2026-07-21 15:41:00+00:00,15420,55.403,230.872,25.70,2.31,5.00,1.1228,0.37,2.28,CROSSWIND
16,17.10,D902 Pont de la Douceur (MARIN),426.51,2026-07-21 11:26:00+00:00,2026-07-21 15:41:00+00:00,15300,55.269,231.208,26.30,2.14,11.00,1.1224,-0.68,2.03,CROSSWIND
16,18.10,Point chrono n°3 / THONON-LES-BAINS-Bords de Dranse,441.82,2026-07-21 11:27:00+00:00,2026-07-21 15:42:00+00:00,15300,55.140,231.527,26.40,2.14,11.00,1.1232,1.42,1.60,LIGHT
16,18.40,THONON-LES-BAINS (D902-VC) (entrée),442.56,2026-07-21 11:27:00+00:00,2026-07-21 15:42:00+00:00,15300,55.140,231.520,26.30,2.14,11.00,1.1229,0.75,2.00,CROSSWIND
16,22.90,Place du Château,426.72,2026-07-21 11:32:00+00:00,2026-07-21 15:47:00+00:00,15300,54.465,233.135,26.00,2.10,357.00,1.1247,-1.14,1.76,LIGHT
16,24.70,Quai de Ripaille,374.52,2026-07-21 11:34:00+00:00,2026-07-21 15:49:00+00:00,15300,54.187,233.778,26.30,2.10,357.00,1.1307,1.29,1.65,LIGHT
16,26.10,VC THONON-LES-BAINS,393.23,2026-07-21 11:35:00+00:00,2026-07-21 15:50:00+00:00,15300,54.037,234.098,26.20,2.10,357.00,1.1287,-0.27,2.08,CROSSWIND
17,0.00,CHAMBÉRY,285.92,2026-07-22 11:35:00+00:00,2026-07-22 11:35:00+00:00,0,64.529,175.719,27.10,5.58,345.00,1.1407,5.56,0.49,HEADWIND
17,0.00,D991 SONNAZ (près),285.92,2026-07-22 11:32:00+00:00,2026-07-22 11:32:00+00:00,0,64.483,174.087,27.10,5.58,345.00,1.1407,5.56,0.49,HEADWIND
17,0.00,Les Hauts-de-Chambéry (VC-D991),285.92,2026-07-22 11:27:00+00:00,2026-07-22 11:28:00+00:00,60,64.386,171.651,27.10,5.58,345.00,1.1407,5.56,0.49,HEADWIND
17,0.00,VC CHAMBÉRY,285.92,2026-07-22 11:20:00+00:00,2026-07-22 11:20:00+00:00,0,64.151,167.634,27.10,5.58,345.00,1.1407,5.56,0.49,HEADWIND
17,1.20,VIVIERS-DU-LAC (D991-D17-D17 B),273.13,2026-07-22 11:36:00+00:00,2026-07-22 11:36:00+00:00,0,64.529,176.258,27.20,5.58,345.00,1.1418,5.55,0.59,HEADWIND
17,3.30,D17 B Carrefour D17 B-D1201,233.84,2026-07-22 11:39:00+00:00,2026-07-22 11:39:00+00:00,0,64.552,177.859,27.40,5.58,345.00,1.1458,4.67,3.06,HEADWIND
17,7.20,D1201 TRESSERVE,235.20,2026-07-22 11:44:00+00:00,2026-07-22 11:44:00+00:00,0,64.525,180.592,27.30,3.59,13.00,1.1467,3.52,0.71,HEADWIND
17,8.20,AIX-LES-BAINS,235.10,2026-07-22 11:45:00+00:00,2026-07-22 11:46:00+00:00,60,64.512,181.418,27.20,3.59,13.00,1.1461,3.57,0.40,HEADWIND
17,11.90,GRÉSY-SUR-AIX (D1201-D911),273.00,2026-07-22 11:49:00+00:00,2026-07-22 11:50:00+00:00,60,64.454,183.645,26.80,3.95,9.00,1.1412,3.88,0.76,HEADWIND
17,16.10,D911 La Verdasse (ENTRELACS),350.25,2026-07-22 11:54:00+00:00,2026-07-22 11:56:00+00:00,120,64.351,186.710,25.80,3.51,5.00,1.1300,-0.28,3.50,CROSSWIND
17,17.90,Les Chenevriers (SAINT-OFFENGE),399.50,2026-07-22 11:57:00+00:00,2026-07-22 11:58:00+00:00,60,64.283,188.087,25.50,3.51,5.00,1.1269,2.02,2.87,CROSSWIND
17,19.00,Bassa (SAINT-OURS),454.92,2026-07-22 11:59:00+00:00,2026-07-22 12:01:00+00:00,120,64.210,189.450,25.50,2.94,342.00,1.1195,0.45,2.91,CROSSWIND
17,19.20,Côte de Bassa,465.50,2026-07-22 11:59:00+00:00,2026-07-22 12:01:00+00:00,120,64.209,189.454,25.30,3.22,330.00,1.1191,-0.38,3.20,CROSSWIND
17,20.70,Lachat,531.65,2026-07-22 12:01:00+00:00,2026-07-22 12:03:00+00:00,120,64.139,190.549,25.30,2.95,336.00,1.1158,1.45,2.57,CROSSWIND
17,22.40,CUSY,533.98,2026-07-22 12:03:00+00:00,2026-07-22 12:06:00+00:00,180,64.046,191.913,24.80,3.00,330.00,1.1162,-0.57,2.95,CROSSWIND
17,29.20,Pont de Banges,558.03,2026-07-22 12:12:00+00:00,2026-07-22 12:15:00+00:00,180,63.660,196.769,25.40,3.25,315.00,1.1126,-2.97,1.32,TAILWIND
17,29.80,Martinod (ALLÈVES),558.49,2026-07-22 12:13:00+00:00,2026-07-22 12:16:00+00:00,180,63.609,197.299,25.30,3.25,315.00,1.1113,-3.20,0.58,TAILWIND
17,32.10,La Charniaz (BELLECOMBE-EN-BAUGES),587.34,2026-07-22 12:16:00+00:00,2026-07-22 12:19:00+00:00,180,63.466,198.853,25.10,3.25,315.00,1.1075,-1.99,2.57,CROSSWIND
17,33.00,Le Pont (D911-D912),586.59,2026-07-22 12:17:00+00:00,2026-07-22 12:21:00+00:00,240,63.380,199.629,25.10,3.25,315.00,1.1075,-1.12,3.05,CROSSWIND
17,34.60,D912 LESCHERAINES (D912-D59),622.87,2026-07-22 12:19:00+00:00,2026-07-22 12:23:00+00:00,240,63.270,200.647,24.90,3.25,315.00,1.1043,-2.61,1.94,TAILWIND
17,35.50,Côte de Rossillon,663.32,2026-07-22 12:21:00+00:00,2026-07-22 12:25:00+00:00,240,63.151,201.660,24.80,3.36,330.00,1.1002,-2.66,2.05,TAILWIND
17,35.50,D59 Rossillon,663.32,2026-07-22 12:21:00+00:00,2026-07-22 12:25:00+00:00,240,63.151,201.660,24.80,3.36,330.00,1.1002,-2.66,2.05,TAILWIND
17,39.80,Le Cimeterêt (AILLON-LE-VIEUX),781.71,2026-07-22 12:25:00+00:00,2026-07-22 12:30:00+00:00,300,62.880,203.890,23.70,3.35,333.00,1.0900,-1.93,2.74,CROSSWIND
17,41.70,Blanchin (AILLON-LE-VIEUX),812.09,2026-07-22 12:27:00+00:00,2026-07-22 12:32:00+00:00,300,62.755,204.865,23.20,3.35,333.00,1.0821,-2.61,2.10,TAILWIND
17,44.50,Sur la Vy (AILLON-LE-VIEUX),896.99,2026-07-22 12:30:00+00:00,2026-07-22 12:35:00+00:00,300,62.555,206.329,23.20,2.20,330.00,1.0768,-1.78,1.29,LIGHT
17,45.20,Rocquerand,897.34,2026-07-22 12:31:00+00:00,2026-07-22 12:36:00+00:00,300,62.484,206.808,23.10,2.20,330.00,1.0757,-1.70,1.40,LIGHT
17,45.70,AILLON-LE-JEUNE (D59-D206),898.56,2026-07-22 12:32:00+00:00,2026-07-22 12:37:00+00:00,300,62.407,207.277,22.90,2.20,330.00,1.0718,-1.91,1.10,LIGHT
17,46.30,D206 Mas Dessous,906.80,2026-07-22 12:32:00+00:00,2026-07-22 12:38:00+00:00,360,62.368,207.511,22.50,2.20,330.00,1.0666,-0.93,1.99,LIGHT
17,49.60,Col des Près,1132.32,2026-07-22 12:39:00+00:00,2026-07-22 12:45:00+00:00,360,61.800,210.792,21.00,4.81,266.00,1.0646,1.01,4.70,CROSSWIND
17,55.50,THOIRY,733.81,2026-07-22 12:45:00+00:00,2026-07-22 12:52:00+00:00,420,61.198,213.653,25.40,4.10,270.00,1.1025,-2.00,3.58,CROSSWIND
17,59.50,Côte de Saint-Jean d'Arvey,601.30,2026-07-22 12:50:00+00:00,2026-07-22 12:58:00+00:00,480,60.664,216.007,25.70,4.90,282.00,1.1071,4.37,2.22,HEADWIND
17,59.70,SAINT-JEAN-D'ARVEY (D206-D912),607.81,2026-07-22 12:51:00+00:00,2026-07-22 12:58:00+00:00,420,60.613,216.218,25.70,4.90,282.00,1.1076,3.15,3.75,CROSSWIND
17,63.70,D912 Tunnel de Plamaz,406.83,2026-07-22 12:56:00+00:00,2026-07-22 13:04:00+00:00,480,60.046,218.503,28.80,3.86,301.00,1.1320,-1.27,3.65,CROSSWIND
17,64.80,SAINT-ALBAN-LEYSSE,337.42,2026-07-22 12:57:00+00:00,2026-07-22 13:05:00+00:00,480,59.946,218.912,28.90,3.86,301.00,1.1327,-0.40,3.84,CROSSWIND
17,65.70,LA RAVOIRE (D912-D11-D1006),303.99,2026-07-22 12:58:00+00:00,2026-07-22 13:07:00+00:00,540,59.785,219.515,28.70,3.64,323.00,1.1341,-3.37,1.38,TAILWIND
17,66.80,D1006 BARBERAZ,293.90,2026-07-22 13:00:00+00:00,2026-07-22 13:08:00+00:00,480,59.624,220.112,28.70,4.10,313.00,1.1353,2.40,3.33,CROSSWIND
17,67.70,CHAMBÉRY (D1006-VC-D1006),282.49,2026-07-22 13:01:00+00:00,2026-07-22 13:09:00+00:00,480,59.516,220.507,28.90,3.26,342.00,1.1347,-0.15,3.26,CROSSWIND
17,71.40,COGNIN,288.85,2026-07-22 13:06:00+00:00,2026-07-22 13:15:00+00:00,540,58.898,222.650,29.00,2.79,345.00,1.1312,0.27,2.78,CROSSWIND
17,75.80,La Cascade (SAINT-CASSIN),386.87,2026-07-22 13:11:00+00:00,2026-07-22 13:21:00+00:00,600,58.270,224.750,26.90,2.42,300.00,1.1211,0.11,2.42,CROSSWIND
17,75.90,Passage à niveau N° 34.,386.87,2026-07-22 13:11:00+00:00,2026-07-22 13:21:00+00:00,600,58.271,224.750,26.90,2.42,300.00,1.1205,-0.75,2.30,CROSSWIND
17,77.70,La Praire,462.30,2026-07-22 13:14:00+00:00,2026-07-22 13:23:00+00:00,540,57.976,225.696,26.70,2.42,300.00,1.1167,-0.52,2.36,CROSSWIND
17,79.50,SAINT-THIBAUD-DE-COUZ,482.12,2026-07-22 13:16:00+00:00,2026-07-22 13:26:00+00:00,600,57.676,226.623,25.30,2.34,320.00,1.1177,-1.21,2.00,CROSSWIND
17,81.80,Les Gros Louis,550.72,2026-07-22 13:19:00+00:00,2026-07-22 13:29:00+00:00,600,57.310,227.725,24.90,3.05,311.00,1.1089,-2.04,2.27,CROSSWIND
17,84.00,Col de Couz,624.12,2026-07-22 13:22:00+00:00,2026-07-22 13:32:00+00:00,600,56.937,228.796,24.70,3.05,311.00,1.1067,0.20,3.04,CROSSWIND
17,84.30,SAINT-JEAN-DE-COUZ (près),625.99,2026-07-22 13:22:00+00:00,2026-07-22 13:32:00+00:00,600,56.939,228.792,24.80,3.05,311.00,1.1073,0.27,3.04,CROSSWIND
17,87.50,Tunnel des Échelles,545.08,2026-07-22 13:26:00+00:00,2026-07-22 13:37:00+00:00,660,56.356,230.335,26.10,3.92,322.00,1.1190,2.10,3.31,CROSSWIND
17,88.50,SAINT-CHRISTOPHE-LA-GROTTE,495.80,2026-07-22 13:27:00+00:00,2026-07-22 13:38:00+00:00,660,56.228,230.670,26.30,4.14,323.00,1.1226,1.17,3.97,CROSSWIND
17,91.20,LES ÉCHELLES,396.25,2026-07-22 13:31:00+00:00,2026-07-22 13:42:00+00:00,660,55.698,232.017,26.80,3.76,343.00,1.1279,-2.35,2.94,CROSSWIND
17,96.70,Chailles (SAINT-FRANC),368.14,2026-07-22 13:38:00+00:00,2026-07-22 13:50:00+00:00,720,54.633,234.403,26.60,3.83,327.00,1.1257,3.60,1.30,HEADWIND
17,100.70,SAINT-BÉRON,341.08,2026-07-22 13:43:00+00:00,2026-07-22 13:55:00+00:00,720,53.903,235.943,28.00,3.61,318.00,1.1369,3.61,0.05,HEADWIND
17,104.60,Passage à niveau N° 15.,265.03,2026-07-22 13:48:00+00:00,2026-07-22 14:01:00+00:00,780,53.105,237.578,28.00,3.61,326.00,1.1360,3.17,1.73,HEADWIND
17,104.70,Le Bonnard (DOMESSIN),265.03,2026-07-22 13:48:00+00:00,2026-07-22 14:01:00+00:00,780,53.106,237.579,28.00,3.61,326.00,1.1360,3.14,1.79,HEADWIND
17,105.20,LE PONT-DE-BEAUVOISIN (D1006-D82 M),258.83,2026-07-22 13:49:00+00:00,2026-07-22 14:02:00+00:00,780,52.958,237.889,28.10,3.61,326.00,1.1371,3.61,0.04,HEADWIND
17,106.70,D82 M Les Éteppes-La Gare (LE PONT-DE-BEAUVOISIN) (D82 M-D82),283.81,2026-07-22 13:51:00+00:00,2026-07-22 14:04:00+00:00,780,52.659,238.515,28.00,3.61,318.00,1.1365,-1.73,3.17,CROSSWIND
17,106.90,D82 Passage à niveau N° 77.,284.12,2026-07-22 13:51:00+00:00,2026-07-22 14:04:00+00:00,780,52.659,238.518,28.00,3.61,318.00,1.1373,-3.54,0.70,TAILWIND
17,107.10,SAINT-JEAN-D'AVELANNE,278.50,2026-07-22 13:51:00+00:00,2026-07-22 14:04:00+00:00,780,52.659,238.522,28.00,3.69,327.00,1.1370,-3.65,0.51,TAILWIND
17,109.70,SAINT-ALBIN-DE-VAULSERRE,294.39,2026-07-22 13:55:00+00:00,2026-07-22 14:08:00+00:00,780,52.065,239.729,27.70,3.71,346.00,1.1291,-3.23,1.83,TAILWIND
17,113.40,SAINT-BUEIL-La Roche,346.49,2026-07-22 13:59:00+00:00,2026-07-22 14:13:00+00:00,840,51.409,241.003,27.60,3.69,347.00,1.1211,-0.95,3.56,CROSSWIND
17,114.60,La Rosetta (SAINT-BUEIL),367.13,2026-07-22 14:01:00+00:00,2026-07-22 14:15:00+00:00,840,51.111,241.562,27.60,3.59,347.00,1.1255,-0.22,3.58,CROSSWIND
17,116.60,Champet,379.89,2026-07-22 14:03:00+00:00,2026-07-22 14:18:00+00:00,900,50.740,242.256,27.30,3.54,352.00,1.1219,-0.28,3.53,CROSSWIND
17,117.60,SAINT-GEOIRE-EN-VALDAINE,399.65,2026-07-22 14:05:00+00:00,2026-07-22 14:19:00+00:00,840,50.515,242.668,27.20,3.54,352.00,1.1211,-2.03,2.90,CROSSWIND
17,120.20,La Côte-d'Ainan,433.51,2026-07-22 14:08:00+00:00,2026-07-22 14:23:00+00:00,900,49.987,243.605,27.00,3.67,349.00,1.1193,-1.11,3.50,CROSSWIND
17,121.80,MASSIEU (près),443.38,2026-07-22 14:10:00+00:00,2026-07-22 14:25:00+00:00,900,49.683,244.128,26.40,3.69,347.00,1.1201,0.32,3.68,CROSSWIND
17,124.40,L'Arsenal (D82-D1075),453.32,2026-07-22 14:13:00+00:00,2026-07-22 14:28:00+00:00,900,49.229,244.912,26.20,4.13,353.00,1.1179,-1.50,3.85,CROSSWIND
17,126.60,D1075 CHIRENS (D1075-D50 A),459.86,2026-07-22 14:16:00+00:00,2026-07-22 14:32:00+00:00,960,48.679,245.840,26.30,4.13,353.00,1.1183,-2.68,3.14,CROSSWIND
17,130.20,D50 A Carrefour D50 A-D50,447.82,2026-07-22 14:21:00+00:00,2026-07-22 14:37:00+00:00,960,47.890,247.099,26.60,3.92,354.00,1.1181,-1.93,3.41,CROSSWIND
17,131.40,Le Guillermet,461.30,2026-07-22 14:22:00+00:00,2026-07-22 14:38:00+00:00,960,47.731,247.335,26.30,3.92,354.00,1.1145,3.72,1.23,HEADWIND
17,133.20,CHARAVINES,494.59,2026-07-22 14:25:00+00:00,2026-07-22 14:41:00+00:00,960,47.246,248.062,25.50,3.98,348.00,1.1176,2.96,2.67,HEADWIND
17,136.80,Vers Ars (D50-D17) (VILLAGES DU LAC DE PALADRU),507.43,2026-07-22 14:29:00+00:00,2026-07-22 14:46:00+00:00,1020,46.517,249.141,25.50,3.93,353.00,1.1115,3.90,0.51,HEADWIND
17,141.30,D17 OYEU (près),555.51,2026-07-22 14:35:00+00:00,2026-07-22 14:52:00+00:00,1020,45.560,250.576,25.90,4.14,352.00,1.1136,0.00,4.14,CROSSWIND
17,143.00,Carrefour D17-D520,525.11,2026-07-22 14:37:00+00:00,2026-07-22 14:54:00+00:00,1020,45.230,251.070,26.40,3.83,353.00,1.1148,-3.14,2.20,TAILWIND
17,144.90,D520 APPRIEU (près) (D520-D73 A),500.87,2026-07-22 14:39:00+00:00,2026-07-22 14:57:00+00:00,1080,44.827,251.641,26.50,4.21,356.00,1.1171,-4.07,1.08,TAILWIND
17,145.20,D73 A COLOMBE (entrée),504.91,2026-07-22 14:40:00+00:00,2026-07-22 14:58:00+00:00,1080,44.662,251.871,26.60,4.21,356.00,1.1174,1.06,4.07,CROSSWIND
17,147.50,COLOMBE,464.72,2026-07-22 14:43:00+00:00,2026-07-22 15:01:00+00:00,1080,44.176,252.546,26.60,4.21,356.00,1.1175,0.83,4.13,CROSSWIND
17,147.80,LE GRAND-LEMPS (D73 A-VC-D73 B),467.47,2026-07-22 14:43:00+00:00,2026-07-22 15:01:00+00:00,1080,44.178,252.544,26.60,4.21,356.00,1.1178,0.50,4.18,CROSSWIND
17,152.90,D73 B Mi-Plaine (D73 B-D1085) (IZEAUX),443.37,2026-07-22 14:50:00+00:00,2026-07-22 15:08:00+00:00,1080,42.991,254.186,27.20,4.03,353.00,1.1197,-3.96,0.77,TAILWIND
17,157.30,D1085 BEAUCROISSANT (près),430.23,2026-07-22 14:55:00+00:00,2026-07-22 15:14:00+00:00,1140,42.029,255.442,28.50,3.73,352.00,1.1257,-2.90,2.35,TAILWIND
17,159.60,RIVES (près),355.98,2026-07-22 14:58:00+00:00,2026-07-22 15:18:00+00:00,1200,41.416,256.221,28.60,3.52,353.00,1.1219,0.86,3.41,CROSSWIND
17,160.90,CHARNÈCLES (près),379.89,2026-07-22 15:00:00+00:00,2026-07-22 15:19:00+00:00,1140,41.152,256.556,28.50,3.63,352.00,1.1249,-2.31,2.80,CROSSWIND
17,164.30,MOIRANS (près),224.28,2026-07-22 15:04:00+00:00,2026-07-22 15:24:00+00:00,1200,40.359,257.547,29.80,3.40,346.00,1.1392,-2.45,2.35,TAILWIND
17,166.30,L'Archat (D1085-D128 B-D120) (SAINT-JEAN-DE-MOIRANS),193.02,2026-07-22 15:07:00+00:00,2026-07-22 15:27:00+00:00,1200,39.831,258.192,30.00,3.26,333.00,1.1398,-1.78,2.73,CROSSWIND
17,167.40,"D120 Le Gay (SAINT-JEAN-DE-MOIRANS, LA BUISSE)",195.10,2026-07-22 15:08:00+00:00,2026-07-22 15:29:00+00:00,1260,39.564,258.509,30.10,3.49,336.00,1.1393,-0.09,3.49,CROSSWIND
17,168.50,Carrefour D120-D121,194.42,2026-07-22 15:10:00+00:00,2026-07-22 15:30:00+00:00,1200,39.297,258.827,30.20,3.41,328.00,1.1390,-2.29,2.53,CROSSWIND
17,169.40,D121 LA BUISSE (près) (D121-D1075),217.60,2026-07-22 15:11:00+00:00,2026-07-22 15:31:00+00:00,1200,39.118,259.034,30.00,3.49,336.00,1.1372,2.23,2.69,CROSSWIND
17,171.20,La Commanderie (SAINT-JEAN-DE-MOIRANS),282.52,2026-07-22 15:13:00+00:00,2026-07-22 15:34:00+00:00,1260,38.697,259.523,29.50,3.49,336.00,1.1294,2.17,2.74,CROSSWIND
17,171.90,COUBLEVIE,299.69,2026-07-22 15:14:00+00:00,2026-07-22 15:35:00+00:00,1260,38.528,259.719,29.50,3.49,336.00,1.1282,2.54,2.40,HEADWIND
17,173.10,VOIRON (D1075-VC) (entrée),288.31,2026-07-22 15:15:00+00:00,2026-07-22 15:36:00+00:00,1260,38.349,259.918,29.30,3.37,348.00,1.1297,2.88,1.75,HEADWIND
17,174.70,VC VOIRON,289.56,2026-07-22 15:18:00+00:00,2026-07-22 15:39:00+00:00,1260,37.835,260.508,29.30,3.37,348.00,1.1298,3.26,0.87,HEADWIND
18,0.00,VOIRON,197.26,2026-07-23 10:40:00+00:00,2026-07-23 10:41:00+00:00,60,61.466,147.195,25.70,3.71,346.00,1.1536,-1.52,3.39,CROSSWIND
18,0.00,VOIRON,197.26,2026-07-23 10:50:00+00:00,2026-07-23 10:50:00+00:00,0,62.315,151.576,25.70,3.71,346.00,1.1536,-1.52,3.39,CROSSWIND
18,0.00,D1092 VOUREY,197.26,2026-07-23 10:48:00+00:00,2026-07-23 10:48:00+00:00,0,62.145,150.636,25.70,3.71,346.00,1.1536,-1.52,3.39,CROSSWIND
18,0.00,MOIRANS (D592-D1092),197.26,2026-07-23 10:44:00+00:00,2026-07-23 10:45:00+00:00,60,61.837,149.013,25.70,3.71,346.00,1.1536,-1.52,3.39,CROSSWIND
18,0.00,La Patinière,197.26,2026-07-23 10:42:00+00:00,2026-07-23 10:42:00+00:00,0,61.607,147.873,25.70,3.71,346.00,1.1536,-1.52,3.39,CROSSWIND
18,0.00,D592 SAINT-JEAN-DE-MOIRANS,197.26,2026-07-23 10:40:00+00:00,2026-07-23 10:41:00+00:00,60,61.466,147.195,25.70,3.71,346.00,1.1536,-1.52,3.39,CROSSWIND
18,0.00,VC VOIRON (VC-D592),197.26,2026-07-23 10:35:00+00:00,2026-07-23 10:35:00+00:00,0,60.925,144.760,25.70,3.71,346.00,1.1536,-1.52,3.39,CROSSWIND
18,1.30,TULLINS-FURES (D1092-D45 A-D45),196.29,2026-07-23 10:52:00+00:00,2026-07-23 10:52:00+00:00,0,62.481,152.497,25.60,4.05,344.00,1.1540,-0.56,4.01,CROSSWIND
18,7.10,D45 SAINT-QUENTIN-SUR-ISÈRE (D45-D1532),183.88,2026-07-23 10:59:00+00:00,2026-07-23 11:00:00+00:00,60,63.081,156.162,25.90,2.73,352.00,1.1548,-2.12,1.72,TAILWIND
18,12.50,D1532 L'Échaillon,196.21,2026-07-23 11:06:00+00:00,2026-07-23 11:07:00+00:00,60,63.549,159.792,27.10,3.26,333.00,1.1473,0.68,3.19,CROSSWIND
18,17.30,VEUREY-VOROIZE (près),196.09,2026-07-23 11:12:00+00:00,2026-07-23 11:14:00+00:00,120,63.932,163.211,26.90,4.96,318.00,1.1488,-4.96,0.06,TAILWIND
18,17.90,Actipole,195.36,2026-07-23 11:13:00+00:00,2026-07-23 11:15:00+00:00,120,63.988,163.732,26.90,4.96,318.00,1.1486,-4.66,1.69,TAILWIND
18,20.10,NOYAREY,196.32,2026-07-23 11:16:00+00:00,2026-07-23 11:18:00+00:00,120,64.150,165.323,27.10,5.73,313.00,1.1478,-3.04,4.86,CROSSWIND
18,22.30,Pra-Paris,199.21,2026-07-23 11:18:00+00:00,2026-07-23 11:21:00+00:00,180,64.276,166.664,27.30,5.92,323.00,1.1468,-5.80,1.19,TAILWIND
18,23.70,SASSENAGE (D1532-D531),200.98,2026-07-23 11:20:00+00:00,2026-07-23 11:23:00+00:00,180,64.363,167.757,27.10,5.61,320.00,1.1473,-4.72,3.02,TAILWIND
18,27.80,D531 Les Côtes,359.44,2026-07-23 11:28:00+00:00,2026-07-23 11:32:00+00:00,240,64.627,172.347,26.10,5.61,320.00,1.1311,-0.59,5.58,CROSSWIND
18,30.00,Les Grandes Côtes,477.38,2026-07-23 11:33:00+00:00,2026-07-23 11:37:00+00:00,240,64.724,175.063,24.90,5.33,354.00,1.1195,-5.19,1.23,TAILWIND
18,31.70,Laliarey le Bas,580.38,2026-07-23 11:37:00+00:00,2026-07-23 11:42:00+00:00,300,64.788,177.529,24.20,5.33,354.00,1.1095,-0.73,5.28,CROSSWIND
18,36.70,Côte d'Engins,843.56,2026-07-23 11:49:00+00:00,2026-07-23 11:55:00+00:00,360,64.777,184.385,22.50,5.22,4.00,1.0798,-5.07,1.24,TAILWIND
18,36.70,ENGINS,843.56,2026-07-23 11:49:00+00:00,2026-07-23 11:55:00+00:00,360,64.777,184.385,22.50,5.22,4.00,1.0798,-5.07,1.24,TAILWIND
18,41.50,L'Olette,928.39,2026-07-23 11:54:00+00:00,2026-07-23 12:01:00+00:00,420,64.715,187.349,23.00,2.90,358.00,1.0680,-1.19,2.65,CROSSWIND
18,43.00,LANS-EN-VERCORS (D531-D106),995.93,2026-07-23 11:56:00+00:00,2026-07-23 12:03:00+00:00,420,64.678,188.432,22.60,4.27,327.00,1.0634,-1.63,3.95,CROSSWIND
18,45.60,D106 La Chenevarie,1060.90,2026-07-23 11:59:00+00:00,2026-07-23 12:07:00+00:00,480,64.569,190.381,23.10,2.98,346.00,1.0543,2.39,1.78,HEADWIND
18,49.70,Les Volants,1129.94,2026-07-23 12:04:00+00:00,2026-07-23 12:12:00+00:00,480,64.364,193.092,21.70,4.18,11.00,1.0502,4.18,0.15,HEADWIND
18,52.30,SAINT-NIZIER-DU-MOUCHEROTTE,1167.73,2026-07-23 12:07:00+00:00,2026-07-23 12:15:00+00:00,480,64.221,194.711,21.80,4.18,11.00,1.0506,4.10,0.83,HEADWIND
18,59.00,Pariset (SEYSSINET-PARISET),745.18,2026-07-23 12:15:00+00:00,2026-07-23 12:24:00+00:00,540,63.775,199.222,24.80,5.70,358.00,1.0966,-5.66,0.70,TAILWIND
18,60.10,La Tour Sans Venin,664.99,2026-07-23 12:17:00+00:00,2026-07-23 12:25:00+00:00,480,63.693,200.009,25.30,5.70,358.00,1.1035,-4.41,3.62,TAILWIND
18,63.10,SEYSSINS (D106-D106 D),468.93,2026-07-23 12:20:00+00:00,2026-07-23 12:29:00+00:00,540,63.475,201.809,27.30,6.25,7.00,1.1216,-5.92,2.01,TAILWIND
18,67.90,D106 D CLAIX (D106 D-D269),406.11,2026-07-23 12:26:00+00:00,2026-07-23 12:36:00+00:00,600,63.054,205.077,27.90,6.86,19.00,1.1327,-6.75,1.20,TAILWIND
18,70.60,D269 CLAIX-Le Pont Rouge (D269-D1075),245.50,2026-07-23 12:30:00+00:00,2026-07-23 12:40:00+00:00,600,62.749,207.058,28.40,5.94,7.00,1.1354,-1.81,5.66,CROSSWIND
18,72.10,D1075 VARCES ALLIÈRES ET RISSET,248.75,2026-07-23 12:32:00+00:00,2026-07-23 12:42:00+00:00,600,62.600,208.021,28.80,6.50,31.00,1.1317,-6.16,2.09,TAILWIND
18,78.10,VIF (D1075-D63),299.99,2026-07-23 12:39:00+00:00,2026-07-23 12:50:00+00:00,660,61.981,211.584,28.30,5.94,36.00,1.1242,-5.54,2.14,TAILWIND
18,81.60,D63 SAINT-GEORGES-DE-COMMIERS-Gare (D63-D529),304.31,2026-07-23 12:44:00+00:00,2026-07-23 12:56:00+00:00,720,61.457,214.119,27.80,4.66,15.00,1.1181,0.24,4.65,CROSSWIND
18,83.20,D529 SAINT-GEORGES-DE-COMMIERS,383.02,2026-07-23 12:47:00+00:00,2026-07-23 12:58:00+00:00,660,61.217,215.244,26.90,5.03,21.00,1.1138,-4.21,2.75,TAILWIND
18,84.10,Hameau de Saint-Pierre,411.11,2026-07-23 12:49:00+00:00,2026-07-23 13:01:00+00:00,720,60.966,216.336,26.70,5.03,21.00,1.1109,-4.70,1.80,TAILWIND
18,86.30,NOTRE-DAME-DE-COMMIERS,485.41,2026-07-23 12:53:00+00:00,2026-07-23 13:06:00+00:00,780,60.501,218.275,26.00,5.90,11.00,1.0996,-5.42,2.34,TAILWIND
18,90.40,MONTEYNARD-Les Ripeaux,734.33,2026-07-23 13:02:00+00:00,2026-07-23 13:16:00+00:00,840,59.432,222.225,25.10,4.44,352.00,1.0683,-4.29,1.13,TAILWIND
18,90.80,Les Blais (MONTEYNARD),753.93,2026-07-23 13:02:00+00:00,2026-07-23 13:17:00+00:00,900,59.371,222.431,25.10,4.44,352.00,1.0685,-4.44,0.01,TAILWIND
18,91.90,MONTEYNARD-La Ville,812.40,2026-07-23 13:05:00+00:00,2026-07-23 13:19:00+00:00,840,59.062,223.425,25.30,4.44,352.00,1.0705,-3.47,2.77,TAILWIND
18,92.20,Côte de Monteynard,832.96,2026-07-23 13:05:00+00:00,2026-07-23 13:20:00+00:00,900,58.998,223.623,25.40,4.44,352.00,1.0723,-3.40,2.86,TAILWIND
18,94.10,Le Mollard (LA MOTTE-SAINT-MARTIN),858.63,2026-07-23 13:08:00+00:00,2026-07-23 13:23:00+00:00,900,58.626,224.806,24.30,7.18,347.00,1.0710,4.55,5.55,CROSSWIND
18,94.90,Au-Cours (LA MOTTE-SAINT-MARTIN),834.96,2026-07-23 13:09:00+00:00,2026-07-23 13:24:00+00:00,900,58.497,225.200,24.10,7.18,347.00,1.0670,-0.20,7.18,CROSSWIND
18,96.30,LA MOTTE-D'AVEILLANS,840.01,2026-07-23 13:10:00+00:00,2026-07-23 13:26:00+00:00,960,58.309,225.795,23.80,7.18,347.00,1.0637,7.00,1.62,HEADWIND
18,98.50,La Festinière (LA MOTTE-D'AVEILLANS) (entrée),954.89,2026-07-23 13:13:00+00:00,2026-07-23 13:29:00+00:00,960,57.929,226.953,24.30,7.18,347.00,1.0699,-5.79,4.25,TAILWIND
18,98.70,La Festinière (PIERRE-CHÂTEL),954.89,2026-07-23 13:14:00+00:00,2026-07-23 13:29:00+00:00,900,57.865,227.141,24.30,7.18,347.00,1.0700,-5.82,4.21,TAILWIND
18,99.20,Le Collet (PIERRE-CHÂTEL),952.84,2026-07-23 13:14:00+00:00,2026-07-23 13:30:00+00:00,960,57.801,227.335,24.30,7.18,347.00,1.0699,-6.05,3.87,TAILWIND
18,99.90,Passage à niveau N° 11.,932.05,2026-07-23 13:15:00+00:00,2026-07-23 13:31:00+00:00,960,57.672,227.713,24.80,8.46,327.00,1.0680,-7.50,3.91,TAILWIND
18,100.30,Le Crey (SUSVILLE),910.56,2026-07-23 13:16:00+00:00,2026-07-23 13:31:00+00:00,900,57.608,227.902,24.80,8.46,327.00,1.0680,-7.68,3.54,TAILWIND
18,101.20,Les Moutières (SUSVILLE),892.03,2026-07-23 13:17:00+00:00,2026-07-23 13:33:00+00:00,960,57.414,228.459,24.90,8.46,327.00,1.0681,-8.35,1.34,TAILWIND
18,102.00,Le Villaret (SUSVILLE),891.67,2026-07-23 13:18:00+00:00,2026-07-23 13:34:00+00:00,960,57.282,228.829,24.90,8.74,344.00,1.0692,-8.46,2.18,TAILWIND
18,103.30,SUSVILLE-Nantizon,884.28,2026-07-23 13:19:00+00:00,2026-07-23 13:36:00+00:00,1020,57.078,229.384,25.40,8.74,344.00,1.0756,-8.72,0.66,TAILWIND
18,104.00,LA MURE (D529-D1085-D1085 F-D1085),882.39,2026-07-23 13:20:00+00:00,2026-07-23 13:36:00+00:00,960,57.009,229.573,25.60,8.74,344.00,1.0797,-8.62,1.42,TAILWIND
18,106.70,D1085 Le Crozet (SOUSVILLE),793.30,2026-07-23 13:24:00+00:00,2026-07-23 13:40:00+00:00,960,56.457,230.983,26.90,7.90,322.00,1.0946,-7.56,2.28,TAILWIND
18,109.30,Pont Haut (SOUSVILLE),609.08,2026-07-23 13:27:00+00:00,2026-07-23 13:44:00+00:00,1020,55.975,232.205,25.60,8.01,334.00,1.0737,3.49,7.21,CROSSWIND
18,110.10,Charlaix (SAINT-LAURENT-EN-BEAUMONT),650.01,2026-07-23 13:29:00+00:00,2026-07-23 13:46:00+00:00,1020,55.696,232.887,25.40,7.64,314.00,1.0713,-1.68,7.45,CROSSWIND
18,112.00,Les Terrasses (SAINT-LAURENT-EN-BEAUMONT),775.10,2026-07-23 13:32:00+00:00,2026-07-23 13:50:00+00:00,1080,55.194,234.070,25.30,7.16,319.00,1.0721,-5.62,4.44,TAILWIND
18,112.80,Côte des Terrasses,828.23,2026-07-23 13:34:00+00:00,2026-07-23 13:52:00+00:00,1080,54.904,234.732,25.70,7.16,319.00,1.0767,-5.31,4.80,TAILWIND
18,113.60,Les Égats (SAINT-LAURENT-EN-BEAUMONT),844.55,2026-07-23 13:35:00+00:00,2026-07-23 13:53:00+00:00,1080,54.754,235.065,26.10,5.55,304.00,1.0758,-5.55,0.11,TAILWIND
18,115.80,Les Allauves (LA SALLE-EN-BEAUMONT),794.27,2026-07-23 13:38:00+00:00,2026-07-23 13:56:00+00:00,1080,54.324,236.030,25.30,6.31,311.00,1.0693,-6.28,0.66,TAILWIND
18,116.30,LA SALLE-EN-BEAUMONT,758.49,2026-07-23 13:38:00+00:00,2026-07-23 13:57:00+00:00,1140,54.251,236.196,25.50,5.55,304.00,1.0674,-5.47,0.96,TAILWIND
18,118.30,Les Marcoux (LA SALLE-EN-BEAUMONT),845.63,2026-07-23 13:41:00+00:00,2026-07-23 13:59:00+00:00,1080,53.875,237.006,25.10,5.77,296.00,1.0624,-3.23,4.78,CROSSWIND
18,120.60,QUET-EN-BEAUMONT,909.86,2026-07-23 13:44:00+00:00,2026-07-23 14:02:00+00:00,1080,53.415,237.954,25.50,6.12,281.00,1.0620,-4.96,3.59,TAILWIND
18,125.00,Le Cardaire (LES CÔTES-DE-CORPS),910.10,2026-07-23 13:49:00+00:00,2026-07-23 14:08:00+00:00,1140,52.562,239.646,25.50,6.04,282.00,1.0673,4.02,4.51,CROSSWIND
18,129.00,CORPS,911.18,2026-07-23 13:54:00+00:00,2026-07-23 14:13:00+00:00,1140,51.790,241.130,25.30,6.48,279.00,1.0630,4.44,4.72,CROSSWIND
18,129.10,CORPS,911.18,2026-07-23 13:54:00+00:00,2026-07-23 14:13:00+00:00,1140,51.790,241.132,25.10,6.48,279.00,1.0601,5.36,3.64,HEADWIND
18,133.20,N85 ASPRES-LÈS-CORPS (près),895.15,2026-07-23 13:59:00+00:00,2026-07-23 14:19:00+00:00,1200,50.921,242.731,27.20,6.45,300.00,1.0711,-4.90,4.20,TAILWIND
18,134.20,"Le Motty (ASPRES-LÈS-CORPS, SAINT-FIRMIN)",805.23,2026-07-23 14:00:00+00:00,2026-07-23 14:20:00+00:00,1200,50.761,243.021,26.90,6.45,300.00,1.0656,-5.56,3.27,TAILWIND
18,135.90,La Trinité (SAINT-FIRMIN),800.15,2026-07-23 14:02:00+00:00,2026-07-23 14:23:00+00:00,1260,50.353,243.721,27.10,6.45,300.00,1.0694,-4.79,4.32,TAILWIND
18,141.80,Chauffayer (AUBESSAGNE),911.06,2026-07-23 14:09:00+00:00,2026-07-23 14:30:00+00:00,1260,49.247,245.620,27.30,6.26,335.00,1.0629,-3.65,5.08,CROSSWIND
18,145.10,La Guinguette (LE NOYER),853.52,2026-07-23 14:13:00+00:00,2026-07-23 14:35:00+00:00,1320,48.512,246.825,27.20,6.69,328.00,1.0591,-6.62,0.98,TAILWIND
18,148.60,Les Basses-Barraques (POLIGNY),906.47,2026-07-23 14:18:00+00:00,2026-07-23 14:40:00+00:00,1320,47.676,248.134,26.70,7.67,329.00,1.0563,-7.42,1.94,TAILWIND
18,151.40,L'Estiquaire (POLIGNY),942.26,2026-07-23 14:21:00+00:00,2026-07-23 14:43:00+00:00,1320,47.178,248.914,25.80,7.52,335.00,1.0542,-7.43,1.13,TAILWIND
18,152.90,LA FARE-EN-CHAMPSAUR-Les Barraques,961.08,2026-07-23 14:23:00+00:00,2026-07-23 14:45:00+00:00,1320,46.844,249.423,26.90,8.25,346.00,1.0485,-8.24,0.42,TAILWIND
18,154.50,Bonnette (LA FARE-EN-CHAMPSAUR),979.58,2026-07-23 14:25:00+00:00,2026-07-23 14:47:00+00:00,1320,46.507,249.925,26.20,7.74,333.00,1.0446,-7.57,1.60,TAILWIND
18,155.00,Brutinel (LAYE),998.48,2026-07-23 14:26:00+00:00,2026-07-23 14:48:00+00:00,1320,46.337,250.171,26.20,7.74,333.00,1.0435,-7.71,0.64,TAILWIND
18,156.00,Carrefour N85-D14,1037.65,2026-07-23 14:27:00+00:00,2026-07-23 14:49:00+00:00,1320,46.163,250.420,26.20,7.74,333.00,1.0439,-6.90,3.52,TAILWIND
18,157.10,D14 Le Cros (SAINT-LAURENT-DU-CROS),1056.44,2026-07-23 14:28:00+00:00,2026-07-23 14:51:00+00:00,1380,45.903,250.787,26.30,7.74,333.00,1.0445,-6.64,3.98,TAILWIND
18,158.10,SAINT-LAURENT-DU-CROS (près) (D14-D114),1059.70,2026-07-23 14:29:00+00:00,2026-07-23 14:52:00+00:00,1380,45.728,251.034,26.20,7.95,310.00,1.0462,-6.79,4.14,TAILWIND
18,159.90,D114 FOREST-SAINT-JULIEN,1045.05,2026-07-23 14:32:00+00:00,2026-07-23 14:55:00+00:00,1380,45.212,251.753,26.00,7.95,310.00,1.0443,-5.84,5.40,TAILWIND
18,161.30,Pont de Frappe (D114-D944) (FOREST-SAINT-JUILEN),1072.17,2026-07-23 14:33:00+00:00,2026-07-23 14:57:00+00:00,1440,44.948,252.112,26.10,7.95,310.00,1.0448,-7.94,0.43,TAILWIND
18,162.60,D944 La Basse Plaine (CHABOTTES),1051.28,2026-07-23 14:35:00+00:00,2026-07-23 14:58:00+00:00,1380,44.688,252.466,25.80,7.95,310.00,1.0400,-5.67,5.57,TAILWIND
18,163.50,La Haute Plaine (D944-D113) (CHABOTTES),1055.40,2026-07-23 14:36:00+00:00,2026-07-23 14:59:00+00:00,1380,44.511,252.701,25.30,8.61,301.00,1.0351,-6.58,5.55,TAILWIND
18,166.10,D113 SAINT-LÉGER-LES-MÉLÈZES (D113-D13),1222.52,2026-07-23 14:41:00+00:00,2026-07-23 15:05:00+00:00,1440,43.555,253.953,26.20,7.85,277.00,1.0276,-7.57,2.09,TAILWIND
18,166.20,Côte de Saint-Léger-les-Mélèzes,1231.65,2026-07-23 14:41:00+00:00,2026-07-23 15:06:00+00:00,1500,43.468,254.065,26.30,7.85,277.00,1.0291,-7.77,1.08,TAILWIND
18,167.80,D13 Les Forests,1203.16,2026-07-23 14:43:00+00:00,2026-07-23 15:08:00+00:00,1500,43.114,254.509,26.60,7.85,277.00,1.0329,-5.87,5.22,TAILWIND
18,168.90,Les Arieys (SAINT-JEAN-SAINT-NICOLAS),1157.77,2026-07-23 14:44:00+00:00,2026-07-23 15:09:00+00:00,1500,42.935,254.729,26.70,7.85,277.00,1.0333,-5.30,5.79,CROSSWIND
18,169.90,Pont-du-Fossé (D13-D944) (SAINT-JEAN-SAINT-NICOLAS),1128.86,2026-07-23 14:45:00+00:00,2026-07-23 15:10:00+00:00,1500,42.755,254.954,26.60,7.85,277.00,1.0323,-2.29,7.51,CROSSWIND
18,170.80,D944 Les Foulons (SAINT-JEAN-SAINT-NICOLAS),1130.57,2026-07-23 14:46:00+00:00,2026-07-23 15:11:00+00:00,1500,42.576,255.176,26.40,7.85,277.00,1.0302,-6.69,4.10,TAILWIND
18,171.70,Le Villaret (SAINT-JEAN-SAINT-NICOLAS),1143.20,2026-07-23 14:48:00+00:00,2026-07-23 15:12:00+00:00,1440,42.312,255.503,25.00,2.30,272.00,1.0280,-2.09,0.97,TAILWIND
18,174.00,Pont de Corbières (CHAMPOLÉON),1185.42,2026-07-23 14:51:00+00:00,2026-07-23 15:16:00+00:00,1500,41.693,256.266,25.00,2.30,272.00,1.0280,-0.66,2.20,CROSSWIND
18,174.70,Les Garnauds (CHAMPOLÉON),1185.81,2026-07-23 14:52:00+00:00,2026-07-23 15:17:00+00:00,1500,41.516,256.486,24.70,2.30,272.00,1.0234,-2.00,1.13,TAILWIND
18,175.30,Laye (CHAMPOLÉON),1213.39,2026-07-23 14:52:00+00:00,2026-07-23 15:18:00+00:00,1560,41.425,256.599,24.60,2.30,272.00,1.0213,-2.24,0.51,TAILWIND
18,178.10,Bousenayes,1345.70,2026-07-23 14:56:00+00:00,2026-07-23 15:22:00+00:00,1560,40.712,257.465,23.80,3.67,281.00,1.0105,-3.62,0.60,TAILWIND
18,179.00,ORCIÈRES (D944-D76),1394.70,2026-07-23 14:58:00+00:00,2026-07-23 15:24:00+00:00,1560,40.359,257.886,23.50,3.67,281.00,1.0066,-3.63,0.57,TAILWIND
18,182.50,D76 Les Veyers,1639.23,2026-07-23 15:06:00+00:00,2026-07-23 15:33:00+00:00,1620,38.878,259.615,21.60,4.10,271.00,0.9853,2.43,3.30,CROSSWIND
18,183.70,Les Plautus,1732.26,2026-07-23 15:08:00+00:00,2026-07-23 15:36:00+00:00,1680,38.445,260.111,21.10,4.10,271.00,0.9793,3.94,1.15,HEADWIND
18,184.50,Merlette (D76-VC),1794.79,2026-07-23 15:10:00+00:00,2026-07-23 15:38:00+00:00,1680,38.093,260.509,20.90,4.10,271.00,0.9758,-3.44,2.23,TAILWIND
18,185.20,VC ORCIÈRES-MERLETTE (1 825 m),1818.73,2026-07-23 15:12:00+00:00,2026-07-23 15:40:00+00:00,1680,37.737,260.907,20.50,4.37,286.00,0.9732,-1.09,4.23,CROSSWIND
19,0.00,Passage à niveau N° 20.,889.85,2026-07-24 12:11:00+00:00,2026-07-24 12:11:00+00:00,0,64.506,195.890,29.00,4.18,201.00,1.0542,-4.05,1.03,TAILWIND
19,0.00,N85 GAP,889.85,2026-07-24 12:15:00+00:00,2026-07-24 12:15:00+00:00,0,64.297,198.013,29.00,4.18,201.00,1.0542,-4.05,1.03,TAILWIND
19,0.00,VC GAP (VC-N85-VC-N85-VC-N85),889.85,2026-07-24 12:00:00+00:00,2026-07-24 12:00:00+00:00,0,64.945,189.915,29.00,4.18,201.00,1.0542,-4.05,1.03,TAILWIND
19,4.80,Col Bayard,1239.77,2026-07-24 12:23:00+00:00,2026-07-24 12:24:00+00:00,60,63.743,202.393,25.70,5.12,186.00,1.0257,-5.07,0.74,TAILWIND
19,10.40,Brutinel (LAYE),1002.20,2026-07-24 12:29:00+00:00,2026-07-24 12:30:00+00:00,60,63.259,205.354,28.40,4.80,179.00,1.0462,-4.76,0.62,TAILWIND
19,11.10,Bonnette (LA FARE-EN-CHAMPSAUR),987.18,2026-07-24 12:30:00+00:00,2026-07-24 12:31:00+00:00,60,63.179,205.833,27.50,4.37,169.00,1.0489,-3.75,2.25,TAILWIND
19,12.20,LA FARE-EN-CHAMPSAUR-Les Barraques,974.04,2026-07-24 12:31:00+00:00,2026-07-24 12:32:00+00:00,60,63.094,206.302,27.60,4.37,169.00,1.0501,-4.06,1.63,TAILWIND
19,13.40,Carrefour N85-D17,960.38,2026-07-24 12:32:00+00:00,2026-07-24 12:34:00+00:00,120,62.972,207.008,28.10,4.46,164.00,1.0405,-4.46,0.13,TAILWIND
19,15.10,D17 POLIGNY,1057.11,2026-07-24 12:34:00+00:00,2026-07-24 12:36:00+00:00,120,62.809,207.939,28.50,3.94,156.00,1.0359,-1.91,3.45,CROSSWIND
19,18.50,LE NOYER-Le Marthouret (près) (D17-VC),1098.56,2026-07-24 12:38:00+00:00,2026-07-24 12:40:00+00:00,120,62.474,209.789,27.40,4.30,144.00,1.0293,-3.26,2.81,TAILWIND
19,18.80,VC Le Villard (VC-D817) (LE NOYER),1118.69,2026-07-24 12:39:00+00:00,2026-07-24 12:41:00+00:00,120,62.387,210.264,27.20,4.30,144.00,1.0271,2.92,3.15,CROSSWIND
19,19.00,D817 Carrefour D817-D17,1124.01,2026-07-24 12:39:00+00:00,2026-07-24 12:42:00+00:00,180,62.343,210.495,27.00,4.30,144.00,1.0246,-3.30,2.75,TAILWIND
19,25.20,Col du Noyer,1659.64,2026-07-24 12:52:00+00:00,2026-07-24 12:56:00+00:00,240,61.026,216.517,23.80,4.03,210.00,0.9895,2.20,3.38,CROSSWIND
19,29.90,Truziaud (DÉVOLUY),1392.12,2026-07-24 12:57:00+00:00,2026-07-24 13:02:00+00:00,300,60.449,218.846,25.70,3.08,216.00,1.0091,1.99,2.35,CROSSWIND
19,31.20,Le Fourniel (DÉVOLUY),1333.84,2026-07-24 12:59:00+00:00,2026-07-24 13:04:00+00:00,300,60.225,219.668,26.50,4.81,249.00,1.0169,4.32,2.11,HEADWIND
19,32.40,Saint-Étienne-en-Dévoluy (DÉVOLUY),1283.28,2026-07-24 13:00:00+00:00,2026-07-24 13:05:00+00:00,300,60.107,220.057,26.50,4.19,220.00,1.0181,-2.26,3.53,CROSSWIND
19,34.80,Carrefour D17-D117,1213.15,2026-07-24 13:03:00+00:00,2026-07-24 13:08:00+00:00,300,59.758,221.237,26.70,4.19,220.00,1.0220,-1.97,3.70,CROSSWIND
19,35.50,D117 Giers Le Courtil (DÉVOLUY),1231.12,2026-07-24 13:04:00+00:00,2026-07-24 13:09:00+00:00,300,59.639,221.627,26.80,4.19,220.00,1.0233,-1.76,3.80,CROSSWIND
19,39.50,Saint-Disdier (D117-D937) (DÉVOLUY),1042.78,2026-07-24 13:08:00+00:00,2026-07-24 13:14:00+00:00,360,59.091,223.344,28.20,4.56,206.00,1.0403,1.15,4.41,CROSSWIND
19,41.90,D937 Tunnel de la Beaume (DÉVOLUY),985.19,2026-07-24 13:11:00+00:00,2026-07-24 13:17:00+00:00,360,58.712,224.473,29.60,1.80,357.00,1.0418,1.68,0.65,LIGHT
19,42.40,D537 Pont de la Beaume (PELLAFOL),917.04,2026-07-24 13:12:00+00:00,2026-07-24 13:18:00+00:00,360,58.584,224.851,29.60,1.80,357.00,1.0417,1.80,0.11,LIGHT
19,46.10,La Posterle (PELLAFOL),964.34,2026-07-24 13:17:00+00:00,2026-07-24 13:24:00+00:00,420,57.858,226.928,29.80,1.80,357.00,1.0441,1.78,0.26,LIGHT
19,49.10,Les Payas (PELLAFOL),929.56,2026-07-24 13:21:00+00:00,2026-07-24 13:28:00+00:00,420,57.310,228.354,29.40,1.92,332.00,1.0502,1.61,1.05,LIGHT
19,51.80,Le Sautet (PELLAFOL),823.17,2026-07-24 13:25:00+00:00,2026-07-24 13:32:00+00:00,420,56.764,229.777,30.10,1.84,338.00,1.0602,1.82,0.26,LIGHT
19,52.10,Barrage du Sautet (PELLAFOL),803.40,2026-07-24 13:26:00+00:00,2026-07-24 13:33:00+00:00,420,56.626,230.131,29.90,1.84,338.00,1.0582,0.38,1.80,LIGHT
19,55.40,CORPS (D537-D1085),924.98,2026-07-24 13:30:00+00:00,2026-07-24 13:38:00+00:00,480,55.987,231.712,29.50,1.92,332.00,1.0505,-0.79,1.75,LIGHT
19,59.70,D1085 LES CÔTES-DE-CORPS (près),920.87,2026-07-24 13:37:00+00:00,2026-07-24 13:45:00+00:00,480,55.012,233.972,29.50,1.30,247.00,1.0527,0.72,1.08,LIGHT
19,64.20,QUET-EN-BEAUMONT,904.22,2026-07-24 13:43:00+00:00,2026-07-24 13:52:00+00:00,540,54.087,235.986,29.50,1.32,9.00,1.0488,1.14,0.67,LIGHT
19,66.30,Les Marcoux,862.32,2026-07-24 13:46:00+00:00,2026-07-24 13:55:00+00:00,540,53.645,236.884,29.90,1.36,324.00,1.0554,1.32,0.34,LIGHT
19,67.50,LA SALLE-EN-BEAUMONT,815.51,2026-07-24 13:48:00+00:00,2026-07-24 13:57:00+00:00,540,53.339,237.493,30.30,2.15,28.00,1.0608,1.56,1.47,LIGHT
19,70.80,Les Égats (SAINT-LAURENT-EN-BEAUMONT),848.40,2026-07-24 13:52:00+00:00,2026-07-24 14:02:00+00:00,600,52.670,238.797,30.20,1.50,323.00,1.0542,1.25,0.83,LIGHT
19,71.80,Carrefour D1085-D212 B,845.77,2026-07-24 13:54:00+00:00,2026-07-24 14:03:00+00:00,540,52.446,239.226,30.20,1.50,323.00,1.0552,1.43,0.45,LIGHT
19,73.20,D212 B Les Miards (D212 B-D26 A) (SAINT-LAURENT-EN-BEAUMONT),842.30,2026-07-24 13:56:00+00:00,2026-07-24 14:05:00+00:00,540,52.130,239.811,30.80,1.53,32.00,1.0525,1.37,0.69,LIGHT
19,76.10,D26 A Carrefour D26 A-D526,698.45,2026-07-24 14:00:00+00:00,2026-07-24 14:10:00+00:00,600,51.420,241.121,32.20,0.99,45.00,1.0658,0.99,0.09,LIGHT
19,79.70,D526 VALBONNAIS,779.57,2026-07-24 14:05:00+00:00,2026-07-24 14:15:00+00:00,600,50.617,242.555,30.50,2.47,328.00,1.0619,-0.60,2.40,CROSSWIND
19,82.40,Pont des Fayettes,737.58,2026-07-24 14:09:00+00:00,2026-07-24 14:20:00+00:00,660,49.888,243.808,30.40,2.47,328.00,1.0601,-1.89,1.59,LIGHT
19,84.10,ENTRAIGUES,778.16,2026-07-24 14:11:00+00:00,2026-07-24 14:22:00+00:00,660,49.558,244.358,30.60,2.47,328.00,1.0638,-0.28,2.45,CROSSWIND
19,87.80,Les Doras (CHANTEPÉRIER),849.44,2026-07-24 14:17:00+00:00,2026-07-24 14:28:00+00:00,660,48.569,245.939,30.50,2.41,265.00,1.0562,-1.12,2.14,CROSSWIND
19,89.30,Le Périer (entrée) (CHANTEPÉRIER),885.53,2026-07-24 14:19:00+00:00,2026-07-24 14:30:00+00:00,660,48.234,246.450,29.60,3.04,261.00,1.0548,-2.18,2.12,TAILWIND
19,89.40,LE PÉRIER,893.09,2026-07-24 14:19:00+00:00,2026-07-24 14:30:00+00:00,660,48.233,246.450,29.60,3.04,261.00,1.0543,-2.20,2.10,TAILWIND
19,90.00,Les Rambeaux (CHANTEPÉRIER),903.10,2026-07-24 14:20:00+00:00,2026-07-24 14:31:00+00:00,660,48.067,246.702,29.40,3.04,261.00,1.0521,0.17,3.04,CROSSWIND
19,91.90,Les Daurens (CHANTEPÉRIER),967.34,2026-07-24 14:23:00+00:00,2026-07-24 14:34:00+00:00,660,47.576,247.434,28.30,2.79,249.00,1.0494,0.80,2.67,CROSSWIND
19,93.50,La Chalp (CHANTEPÉRIER),1017.90,2026-07-24 14:25:00+00:00,2026-07-24 14:37:00+00:00,720,47.164,248.038,28.00,2.79,249.00,1.0442,-0.63,2.72,CROSSWIND
19,95.30,Chantelouve (CHANTEPÉRIER),1101.92,2026-07-24 14:28:00+00:00,2026-07-24 14:41:00+00:00,780,46.579,248.888,27.70,5.00,179.00,1.0342,-1.58,4.74,CROSSWIND
19,97.60,Les Siauds (CHANTEPÉRIER),1275.63,2026-07-24 14:33:00+00:00,2026-07-24 14:46:00+00:00,780,45.744,250.085,26.70,5.00,179.00,1.0187,-1.01,4.90,CROSSWIND
19,99.20,Col d'Ornon,1369.62,2026-07-24 14:36:00+00:00,2026-07-24 14:49:00+00:00,780,45.241,250.782,26.90,4.30,162.00,1.0070,-3.88,1.85,TAILWIND
19,102.30,Le Rivier (ORNON),1185.34,2026-07-24 14:39:00+00:00,2026-07-24 14:53:00+00:00,840,44.643,251.585,29.50,1.12,80.00,1.0212,-0.98,0.54,LIGHT
19,104.30,Pont des Oulles (ORNON),1035.00,2026-07-24 14:41:00+00:00,2026-07-24 14:55:00+00:00,840,44.300,252.043,30.30,1.12,80.00,1.0319,0.87,0.71,LIGHT
19,106.00,La Pallud (ORNON),957.27,2026-07-24 14:43:00+00:00,2026-07-24 14:57:00+00:00,840,43.953,252.497,30.90,1.12,80.00,1.0408,0.77,0.81,LIGHT
19,109.70,La Paute (D526-D1091) (LE BOURG-D'OISANS),739.96,2026-07-24 14:47:00+00:00,2026-07-24 15:02:00+00:00,900,43.171,253.518,31.50,3.32,16.00,1.0620,1.88,2.74,CROSSWIND
19,111.60,D1091 LE BOURG D'OISANS (D1091-D1091 B-D211),718.06,2026-07-24 14:50:00+00:00,2026-07-24 15:04:00+00:00,840,42.741,254.099,31.50,3.32,16.00,1.0625,-2.37,2.32,TAILWIND
19,114.20,D211 La Ferrière (LE BOURG-D'OISANS),722.83,2026-07-24 14:53:00+00:00,2026-07-24 15:08:00+00:00,900,42.135,254.870,30.70,4.49,17.00,1.0585,3.98,2.08,HEADWIND
19,116.70,LA GARDE-EN-OISANS,967.02,2026-07-24 14:59:00+00:00,2026-07-24 15:15:00+00:00,960,41.017,256.279,28.30,3.64,344.00,1.0338,2.74,2.40,HEADWIND
19,118.20,Ribot d'en Bas,1098.33,2026-07-24 15:02:00+00:00,2026-07-24 15:18:00+00:00,960,40.500,256.913,27.40,3.64,344.00,1.0209,2.40,2.74,CROSSWIND
19,118.90,Le Ribot (HUEZ-EN-OISANS),1149.85,2026-07-24 15:04:00+00:00,2026-07-24 15:20:00+00:00,960,40.154,257.337,27.30,3.64,344.00,1.0188,3.08,1.94,HEADWIND
19,121.60,Saint-Ferréol (HUEZ-EN-OISANS),1385.26,2026-07-24 15:10:00+00:00,2026-07-24 15:27:00+00:00,1020,39.026,258.682,26.10,4.33,304.00,1.0001,-4.32,0.24,TAILWIND
19,122.20,HUEZ-Village,1435.58,2026-07-24 15:11:00+00:00,2026-07-24 15:29:00+00:00,1080,38.762,258.993,25.60,4.33,304.00,0.9933,-3.44,2.63,TAILWIND
19,125.20,ALPE D'HUEZ (D211-VC) (entrée),1686.07,2026-07-24 15:18:00+00:00,2026-07-24 15:37:00+00:00,1140,37.461,260.493,23.10,2.91,286.00,0.9773,2.25,1.85,HEADWIND
19,127.90,VC ALPE D'HUEZ (1 850 m),1834.83,2026-07-24 15:24:00+00:00,2026-07-24 15:44:00+00:00,1200,36.316,261.785,20.80,2.40,268.00,0.9710,0.69,2.30,CROSSWIND
20,0.00,VC LE BOURG D'OISANS (VC-D1091 B-D1091),712.29,2026-07-25 09:20:00+00:00,2026-07-25 09:20:00+00:00,0,51.093,119.101,26.80,1.36,17.00,1.0760,1.22,0.60,LIGHT
20,0.00,LE BOURG D'OISANS,712.29,2026-07-25 09:30:00+00:00,2026-07-25 09:30:00+00:00,0,52.612,122.016,26.80,1.36,17.00,1.0760,1.22,0.60,LIGHT
20,0.00,D1091 La Paute,712.29,2026-07-25 09:25:00+00:00,2026-07-25 09:26:00+00:00,60,51.934,120.684,26.80,1.36,17.00,1.0760,1.22,0.60,LIGHT
20,0.80,Les Sables,711.78,2026-07-25 09:31:00+00:00,2026-07-25 09:31:00+00:00,0,52.755,122.323,26.80,1.36,17.00,1.0761,1.22,0.61,LIGHT
20,1.40,Rochetaillée (D1091-D526),711.63,2026-07-25 09:32:00+00:00,2026-07-25 09:32:00+00:00,0,52.899,122.631,26.50,1.66,303.00,1.0759,1.12,1.22,LIGHT
20,2.70,D526 ALLEMOND,713.01,2026-07-25 09:33:00+00:00,2026-07-25 09:34:00+00:00,60,53.125,123.108,26.60,1.66,303.00,1.0763,-0.30,1.63,LIGHT
20,6.60,Viaduc de l'Eau d'Olle (ALLEMOND),772.28,2026-07-25 09:39:00+00:00,2026-07-25 09:39:00+00:00,0,53.940,124.867,26.30,1.66,303.00,1.0713,-0.37,1.62,LIGHT
20,7.20,Le Roberand (près) (OZ-EN-OISANS),768.00,2026-07-25 09:39:00+00:00,2026-07-25 09:40:00+00:00,60,54.010,125.034,26.20,1.66,303.00,1.0697,0.66,1.52,LIGHT
20,8.40,Le Verney (VAUJANY),784.87,2026-07-25 09:41:00+00:00,2026-07-25 09:42:00+00:00,60,54.295,125.688,26.30,2.24,243.00,1.0659,-2.10,0.77,TAILWIND
20,12.40,Articol (ALLEMOND),995.08,2026-07-25 09:49:00+00:00,2026-07-25 09:51:00+00:00,120,55.456,128.497,24.70,2.73,152.00,1.0404,-2.67,0.57,TAILWIND
20,15.10,Le Rivier-d'Allemond (ALLEMOND),1256.99,2026-07-25 09:55:00+00:00,2026-07-25 09:59:00+00:00,240,56.393,130.946,23.10,2.96,168.00,1.0220,-2.87,0.73,TAILWIND
20,24.80,Barrage de Grand'Maison (VAUJANY),1698.99,2026-07-25 10:17:00+00:00,2026-07-25 10:25:00+00:00,480,59.390,140.138,20.50,4.34,232.00,0.9798,-3.82,2.06,TAILWIND
20,27.60,D926 Rieu Claret (SAINT-COLOMBAN-DES-VILLARDS),1777.36,2026-07-25 10:24:00+00:00,2026-07-25 10:33:00+00:00,540,60.204,143.308,19.00,4.88,235.00,0.9802,-4.48,1.94,TAILWIND
20,30.10,Plan du Suel (SAINT-COLOMBAN-DES-VILLARDS),1806.67,2026-07-25 10:30:00+00:00,2026-07-25 10:39:00+00:00,540,60.818,145.950,18.70,4.88,235.00,0.9750,-4.45,2.01,TAILWIND
20,31.10,Col du Glandon (près),1900.87,2026-07-25 10:32:00+00:00,2026-07-25 10:42:00+00:00,600,61.060,147.076,18.60,4.16,235.00,0.9647,-2.99,2.89,TAILWIND
20,33.70,Col de la Croix de Fer,2057.69,2026-07-25 10:38:00+00:00,2026-07-25 10:49:00+00:00,660,61.675,150.051,18.80,2.33,115.00,0.9502,1.82,1.46,LIGHT
20,39.00,SAINT-SORLIN-D'ARVES,1653.20,2026-07-25 10:44:00+00:00,2026-07-25 10:56:00+00:00,720,62.230,153.121,22.90,2.85,72.00,0.9850,-0.15,2.85,CROSSWIND
20,43.50,Les Chambons (SAINT-JEAN-D'ARVES),1411.32,2026-07-25 10:49:00+00:00,2026-07-25 11:01:00+00:00,720,62.634,155.599,24.40,2.86,36.00,1.0039,0.32,2.84,CROSSWIND
20,46.20,Entraigues (près) (SAINT-JEAN-D'ARVES),1291.48,2026-07-25 10:52:00+00:00,2026-07-25 11:04:00+00:00,720,62.866,157.105,24.60,3.35,10.00,1.0174,-2.12,2.60,CROSSWIND
20,48.40,Viaduc des Sallanches,1247.94,2026-07-25 10:54:00+00:00,2026-07-25 11:07:00+00:00,780,63.032,158.387,26.10,3.11,6.00,1.0163,2.94,1.00,HEADWIND
20,49.90,Grand Tunnel,1279.72,2026-07-25 10:56:00+00:00,2026-07-25 11:09:00+00:00,780,63.149,159.406,25.80,3.11,6.00,1.0118,2.48,1.88,HEADWIND
20,50.50,Tunnel de Combe Soudan,1285.63,2026-07-25 10:57:00+00:00,2026-07-25 11:09:00+00:00,720,63.173,159.660,25.60,3.11,6.00,1.0085,2.99,0.86,HEADWIND
20,51.00,Tunnel des Quatre Jarriens - L'Arcellaz,1283.37,2026-07-25 10:57:00+00:00,2026-07-25 11:10:00+00:00,780,63.199,159.912,25.70,3.11,6.00,1.0109,3.11,0.14,HEADWIND
20,53.00,Charvin (FONTCOUVERTE-LA-TOUSSUIRE),1116.60,2026-07-25 10:59:00+00:00,2026-07-25 11:12:00+00:00,780,63.311,160.935,26.20,3.14,37.00,1.0311,-1.98,2.44,CROSSWIND
20,53.70,La Combe Bérard (FONTCOUVERTE-LA-TOUSSUIRE),1042.49,2026-07-25 11:00:00+00:00,2026-07-25 11:13:00+00:00,780,63.373,161.445,26.50,3.14,37.00,1.0357,-0.96,2.99,CROSSWIND
20,56.90,Le Crêt (FONTCOUVERTE-LA-TOUSSUIRE),802.00,2026-07-25 11:04:00+00:00,2026-07-25 11:17:00+00:00,780,63.565,163.531,27.20,3.26,18.00,1.0555,0.87,3.14,CROSSWIND
20,58.00,La Bettaz (FONTCOUVERTE-LA-TOUSSUIRE),839.62,2026-07-25 11:05:00+00:00,2026-07-25 11:19:00+00:00,840,63.630,164.314,27.00,3.26,18.00,1.0532,1.61,2.83,CROSSWIND
20,58.60,Pierre-Pin Dessous,845.28,2026-07-25 11:06:00+00:00,2026-07-25 11:19:00+00:00,780,63.651,164.584,27.40,3.26,18.00,1.0587,3.18,0.74,HEADWIND
20,60.40,Les Oulles,745.77,2026-07-25 11:08:00+00:00,2026-07-25 11:21:00+00:00,780,63.732,165.665,28.50,3.42,15.00,1.0721,3.33,0.79,HEADWIND
20,61.20,La Fournache,685.23,2026-07-25 11:09:00+00:00,2026-07-25 11:22:00+00:00,780,63.773,166.202,28.80,4.22,346.00,1.0792,1.64,3.89,CROSSWIND
20,61.60,SAINT-JEAN-DE-MAURIENNE (D926-D110-D906),653.46,2026-07-25 11:09:00+00:00,2026-07-25 11:23:00+00:00,840,63.794,166.473,29.00,4.22,346.00,1.0821,-0.58,4.18,CROSSWIND
20,65.30,D906 Carrefour D906-D1006,548.45,2026-07-25 11:14:00+00:00,2026-07-25 11:29:00+00:00,900,64.007,169.461,29.10,4.22,346.00,1.0834,-2.15,3.63,CROSSWIND
20,66.50,D1006 SAINT-JULIEN-MONT-DENIS,582.80,2026-07-25 11:16:00+00:00,2026-07-25 11:30:00+00:00,840,64.065,170.272,30.10,3.61,284.00,1.0773,-1.29,3.37,CROSSWIND
20,70.70,Les Œillettes (près) (SAINT-MARTIN-DE-LA-PORTE),677.03,2026-07-25 11:22:00+00:00,2026-07-25 11:37:00+00:00,900,64.240,173.854,29.10,3.40,298.00,1.0719,-3.15,1.27,TAILWIND
20,75.60,SAINT-MICHEL-DE-MAURIENNE (D1006-D902),713.37,2026-07-25 11:28:00+00:00,2026-07-25 11:44:00+00:00,960,64.354,177.459,29.60,3.06,308.00,1.0656,-3.06,0.04,TAILWIND
20,76.10,D902 SAINT-MARTIN-D'ARC,726.23,2026-07-25 11:30:00+00:00,2026-07-25 11:46:00+00:00,960,64.366,178.538,29.50,3.06,308.00,1.0636,1.60,2.61,CROSSWIND
20,78.10,Les Petites Seignères,872.65,2026-07-25 11:34:00+00:00,2026-07-25 11:51:00+00:00,1020,64.375,180.978,28.40,3.06,308.00,1.0475,3.06,0.14,HEADWIND
20,78.70,Les Grandes Seignères,922.58,2026-07-25 11:36:00+00:00,2026-07-25 11:53:00+00:00,1020,64.366,182.053,28.20,3.19,302.00,1.0413,1.36,2.89,CROSSWIND
20,83.10,Lavizard d'en Bas,1256.74,2026-07-25 11:46:00+00:00,2026-07-25 12:04:00+00:00,1080,64.217,187.769,24.60,2.93,8.00,1.0164,2.84,0.72,HEADWIND
20,84.10,Lavizard Dessus,1319.24,2026-07-25 11:48:00+00:00,2026-07-25 12:07:00+00:00,1140,64.153,189.110,24.20,2.93,8.00,1.0096,-2.45,1.60,TAILWIND
20,87.60,Col du Télégraphe,1558.01,2026-07-25 11:56:00+00:00,2026-07-25 12:17:00+00:00,1260,63.836,193.839,22.60,1.71,353.00,0.9916,1.68,0.32,LIGHT
20,90.70,Les Granges,1502.44,2026-07-25 11:59:00+00:00,2026-07-25 12:20:00+00:00,1260,63.731,195.406,23.40,1.65,14.00,1.0000,-1.54,0.60,LIGHT
20,91.10,VALLOIRE (D902-VC-D902),1480.82,2026-07-25 12:00:00+00:00,2026-07-25 12:21:00+00:00,1260,63.687,195.928,23.30,2.11,59.00,1.0051,-1.89,0.93,LIGHT
20,93.20,La Borgé,1429.48,2026-07-25 12:03:00+00:00,2026-07-25 12:24:00+00:00,1260,63.549,197.461,22.70,2.11,59.00,0.9959,-1.94,0.84,LIGHT
20,95.10,Les Verneys,1557.41,2026-07-25 12:07:00+00:00,2026-07-25 12:29:00+00:00,1320,63.314,199.772,22.20,2.11,59.00,0.9890,-0.87,1.92,LIGHT
20,96.10,Hameau de la Rivine,1582.14,2026-07-25 12:09:00+00:00,2026-07-25 12:32:00+00:00,1380,63.170,201.038,21.00,1.57,63.00,0.9885,-0.66,1.43,LIGHT
20,98.10,Hameau de Bonnenuit,1669.33,2026-07-25 12:14:00+00:00,2026-07-25 12:37:00+00:00,1380,62.848,203.554,20.20,1.00,84.00,0.9805,0.95,0.30,LIGHT
20,102.10,Plan Lachat,1956.34,2026-07-25 12:23:00+00:00,2026-07-25 12:48:00+00:00,1500,62.090,208.396,19.50,2.33,190.00,0.9516,1.97,1.25,LIGHT
20,106.10,Les Granges,2262.11,2026-07-25 12:32:00+00:00,2026-07-25 12:59:00+00:00,1620,61.208,212.958,16.10,3.11,184.00,0.9202,2.74,1.47,HEADWIND
20,109.50,Carrefour D902-D902 B,2525.48,2026-07-25 12:40:00+00:00,2026-07-25 13:08:00+00:00,1680,60.360,216.666,16.20,3.33,213.00,0.9112,3.02,1.41,HEADWIND
20,110.50,Col du Galibier - Souvenir Henri Desgrange,2617.16,2026-07-25 12:43:00+00:00,2026-07-25 13:11:00+00:00,1680,60.040,217.934,15.60,3.61,183.00,0.9140,-0.32,3.60,CROSSWIND
20,111.40,Carrefour D902 B-D902,2568.42,2026-07-25 12:44:00+00:00,2026-07-25 13:12:00+00:00,1680,59.937,218.353,16.10,3.11,184.00,0.9203,-0.85,2.99,CROSSWIND
20,119.00,D902 Col du Lautaret (D902-D1091) (LE MONÊTIER-LES-BAINS),2064.22,2026-07-25 12:52:00+00:00,2026-07-25 13:21:00+00:00,1740,58.993,221.796,21.10,1.00,233.00,0.9608,-0.01,1.00,LIGHT
20,125.90,D1091 VILLAR-D'ARÊNE,1693.18,2026-07-25 13:00:00+00:00,2026-07-25 13:30:00+00:00,1800,57.979,224.977,24.00,5.36,284.00,0.9958,5.29,0.86,HEADWIND
20,127.60,Tunnel des Ardoisières,1584.85,2026-07-25 13:02:00+00:00,2026-07-25 13:32:00+00:00,1800,57.734,225.700,24.20,5.36,284.00,0.9990,5.31,0.70,HEADWIND
20,129.00,Tunnel du Serre du Coin,1510.78,2026-07-25 13:03:00+00:00,2026-07-25 13:33:00+00:00,1800,57.616,226.054,24.70,5.36,284.00,1.0049,4.98,1.97,HEADWIND
20,129.40,LA GRAVE-LA MEIJE,1556.31,2026-07-25 13:04:00+00:00,2026-07-25 13:34:00+00:00,1800,57.491,226.417,25.00,5.36,284.00,1.0105,2.53,4.72,CROSSWIND
20,131.80,Les Fréaux (LA GRAVE),1388.42,2026-07-25 13:07:00+00:00,2026-07-25 13:37:00+00:00,1800,57.118,227.474,25.70,3.82,276.00,1.0135,3.71,0.91,HEADWIND
20,134.40,Tunnel du Grand Clot,1315.05,2026-07-25 13:10:00+00:00,2026-07-25 13:40:00+00:00,1800,56.742,228.515,25.80,6.01,252.00,1.0238,5.91,1.07,HEADWIND
20,142.50,Grand Tunnel du Chambon,1083.57,2026-07-25 13:19:00+00:00,2026-07-25 13:50:00+00:00,1860,55.495,231.670,27.10,4.34,244.00,1.0292,3.90,1.90,HEADWIND
20,143.70,Carrefour D1091-D25,1050.81,2026-07-25 13:20:00+00:00,2026-07-25 13:51:00+00:00,1860,55.361,231.985,27.50,4.34,244.00,1.0346,2.60,3.48,CROSSWIND
20,144.40,D25 MIZOËN,1121.15,2026-07-25 13:22:00+00:00,2026-07-25 13:53:00+00:00,1860,55.081,232.649,27.10,4.34,244.00,1.0293,-4.31,0.51,TAILWIND
20,147.20,Carrefour D25-D25 A,1287.78,2026-07-25 13:29:00+00:00,2026-07-25 14:01:00+00:00,1920,53.996,235.065,26.20,4.34,244.00,1.0155,-3.60,2.43,TAILWIND
20,148.00,D25 A Clavans-le-Bas (CLAVANS-EN-HAUT-OISANS),1359.06,2026-07-25 13:30:00+00:00,2026-07-25 14:03:00+00:00,1980,53.772,235.535,25.20,6.80,237.00,1.0130,-3.75,5.67,CROSSWIND
20,149.40,Clavans-le-Haut (CLAVANS-EN-HAUT-OISANS),1388.76,2026-07-25 13:34:00+00:00,2026-07-25 14:07:00+00:00,1980,53.176,236.768,24.80,6.80,237.00,1.0082,-6.35,2.44,TAILWIND
20,152.30,VC Le Perron (CLAVANS-EN-HAUT-OISANS),1598.31,2026-07-25 13:41:00+00:00,2026-07-25 14:16:00+00:00,2100,51.969,239.145,22.80,7.51,228.00,0.9890,7.46,0.87,HEADWIND
20,156.50,Col de Sarenne,1999.16,2026-07-25 13:51:00+00:00,2026-07-25 14:28:00+00:00,2220,50.294,242.266,19.10,5.44,234.00,0.9671,5.03,2.06,HEADWIND
20,164.00,ALPE D'HUEZ (VC-D211 F),1826.20,2026-07-25 13:59:00+00:00,2026-07-25 14:37:00+00:00,2280,48.989,244.483,20.90,4.75,240.00,0.9759,4.73,0.43,HEADWIND
20,167.10,D211 F Carrefour D211 F-D211,1613.88,2026-07-25 14:03:00+00:00,2026-07-25 14:40:00+00:00,2220,48.443,245.381,22.10,4.75,240.00,0.9924,0.69,4.70,CROSSWIND
20,168.00,D211 ALPE D'HUEZ (D211-VC) (entrée),1671.51,2026-07-25 14:05:00+00:00,2026-07-25 14:42:00+00:00,2220,48.119,245.896,22.00,4.63,264.00,0.9870,-4.50,1.07,TAILWIND
20,170.90,VC ALPE D'HUEZ (1 850 m),1835.54,2026-07-25 14:11:00+00:00,2026-07-25 14:50:00+00:00,2340,46.974,247.676,19.00,4.20,258.00,0.9756,0.46,4.18,CROSSWIND
21,0.00,Paris,121.00,,,,,,,,,,,,
21,0.00,Transfert vers PARIS Champs-Élysées,121.00,,,,,,,,,,,,
21,0.00,THOIRY,121.00,,,,,,,,,,,,
21,0.00,Yvelines,,,,,,,,,,,,,
21,0.00,PARIS Champs-Élysées,113.00,,,,,,,,,,,,
21,6.80,2e passage sur la ligne d'arrivée,100.00,,,,,,,,,,,,
21,13.60,3e passage sur la ligne d'arrivée,105.00,,,,,,,,,,,,
21,20.40,4e passage sur la ligne d'arrivée,75.00,,,,,,,,,,,,
21,24.70,D36 Carrefour D36-D38,170.00,,,,,,,,,,,,
21,25.50,D38 MONTIGNY-LE-BRETONNEUX,167.00,,,,,,,,,,,,
21,27.20,5e passage sur la ligne d'arrivée,72.00,,,,,,,,,,,,
21,27.90,PARIS - HAUT DES CHAMPS-ÉLYSÉES (5E PASSAGE),63.00,,,,,,,,,,,,
21,28.90,GUYANCOURT (D38-D127),167.00,,,,,,,,,,,,
21,29.20,D127 MONTIGNY-LE-BRETONNEUX (D127-D10),165.00,,,,,,,,,,,,
21,30.00,D10 SAINT-CYR-L'ÉCOLE,163.00,,,,,,,,,,,,
21,34.00,6e passage sur la ligne d'arrivée,63.00,,,,,,,,,,,,
21,35.10,Château de Versailles,121.00,,,,,,,,,,,,
21,35.30,VERSAILLES (D10-VC-D186-D10-D56),126.00,,,,,,,,,,,,
21,39.20,D56 VIROFLAY (D56-VC),128.00,,,,,,,,,,,,
21,40.40,VC VÉLIZY-VILLACOUBLAY (VC-D53),120.00,,,,,,,,,,,,
21,40.80,7e passage sur la ligne d'arrivée,75.00,,,,,,,,,,,,
21,41.40,D53 CHAVILLE (D53-D181),101.00,,,,,,,,,,,,
21,43.10,D181 Côte du Pavé des Gardes,169.00,,,,,,,,,,,,
21,43.20,SÈVRES,172.00,,,,,,,,,,,,
21,44.00,MEUDON (D181-D989),160.00,,,,,,,,,,,,
21,46.40,Côte de la Butte Montmartre,67.00,,,,,,,,,,,,
21,46.40,D989 ISSY-LES-MOULINEAUX (D989-D7),35.00,,,,,,,,,,,,
21,48.80,D7 Carrefour D7-VC,33.00,,,,,,,,,,,,
21,49.00,VC PARIS (entrée),33.00,,,,,,,,,,,,
21,51.70,Tour Eiffel,37.00,,,,,,,,,,,,
21,56.70,8e passage sur la ligne d'arrivée,93.00,,,,,,,,,,,,
21,57.40,1er passage sur la ligne d'arrivée,33.00,,,,,,,,,,,,
21,62.40,Côte de la Butte Montmartre,171.00,,,,,,,,,,,,
21,64.20,2e passage sur la ligne d'arrivée,35.00,,,,,,,,,,,,
21,71.00,3e passage sur la ligne d'arrivée,36.00,,,,,,,,,,,,
21,71.70,PARIS - HAUT DES CHAMPS-ELYSÉES (3E PASSAGE),46.00,,,,,,,,,,,,
21,72.70,9e passage sur la ligne d'arrivée,170.00,,,,,,,,,,,,
21,77.90,4e passage sur la ligne d'arrivée,35.00,,,,,,,,,,,,
21,78.40,Côte de la Butte Montmartre,169.00,,,,,,,,,,,,
21,84.70,5e passage sur la ligne d'arrivée,34.00,,,,,,,,,,,,
21,88.70,PARIS Champs-Élysées,166.00,,,,,,,,,,,,
21,90.30,Côte de la Butte Montmartre,122.00,,,,,,,,,,,,
21,100.60,6e passage sur la ligne d'arrivée,34.00,,,,,,,,,,,,
21,106.20,Côte de la Butte Montmartre,122.00,,,,,,,,,,,,
21,116.60,7e passage sur la ligne d'arrivée,32.00,,,,,,,,,,,,
21,122.20,Côte de la Butte Montmartre,127.00,,,,,,,,,,,,
21,132.50,PARIS Champs-Élysées,33.00,,,,,,,,,,,,
