stage_number,sequence,waypoint_label,road_ref,km_from_start,km_to_finish,caravan_local,sched_fast_local,sched_mid_local,sched_slow_local,row_kind,schedule_basis,status
1,1,ESPAGNE,,,,15:35:00,17:05:00,,18:55:00,ADMIN_BOUNDARY,FIRST_LAST_RIDER,OBSERVED_FACT
1,2,BARCELONA,,,,15:35:00,17:05:00,,18:55:00,ADMIN_BOUNDARY,FIRST_LAST_RIDER,OBSERVED_FACT
1,3,BARCELONE-Fòrum,,0.00,19.60,15:35:00,17:05:00,,18:55:00,WAYPOINT,FIRST_LAST_RIDER,OBSERVED_FACT
1,4,Avinguda del Litoral,,0.10,19.50,15:35:00,17:05:00,,18:55:00,WAYPOINT,FIRST_LAST_RIDER,OBSERVED_FACT
1,5,Port Olimpic,,2.60,17.00,15:40:00,17:08:00,,18:58:00,WAYPOINT,FIRST_LAST_RIDER,OBSERVED_FACT
1,6,Carre de l'Arquitecte Sert,,2.60,17.00,15:40:00,17:08:00,,18:58:00,WAYPOINT,FIRST_LAST_RIDER,OBSERVED_FACT
1,7,Carrer de Salvador Espriu,,2.70,16.90,15:40:00,17:08:00,,18:58:00,WAYPOINT,FIRST_LAST_RIDER,OBSERVED_FACT
1,8,Carrer de Jaume Vicens I Vives,,3.00,16.60,15:41:00,17:08:00,,18:58:00,WAYPOINT,FIRST_LAST_RIDER,OBSERVED_FACT
1,9,Carrer de Carmen Amaya,,3.10,16.50,15:41:00,17:08:00,,18:58:00,WAYPOINT,FIRST_LAST_RIDER,OBSERVED_FACT
1,10,Passeig de Calvell,,3.50,16.10,15:42:00,17:09:00,,18:59:00,WAYPOINT,FIRST_LAST_RIDER,OBSERVED_FACT
1,11,Passeig de Garcia Fària,,4.00,15.60,15:43:00,17:09:00,,18:59:00,WAYPOINT,FIRST_LAST_RIDER,OBSERVED_FACT
1,12,Carrer de Bac de Roda,,4.40,15.20,15:44:00,17:10:00,,19:00:00,WAYPOINT,FIRST_LAST_RIDER,OBSERVED_FACT
1,13,Carrer de Llull,,4.90,14.70,15:45:00,17:10:00,,19:00:00,WAYPOINT,FIRST_LAST_RIDER,OBSERVED_FACT
1,14,Point chrono n°1 / Carrer de Llull,,5.10,14.50,15:45:00,17:11:00,,19:01:00,WAYPOINT,FIRST_LAST_RIDER,OBSERVED_FACT
1,15,Passage à niveau : tramway,,5.60,14.00,15:46:00,17:11:00,,19:01:00,WAYPOINT,FIRST_LAST_RIDER,OBSERVED_FACT
1,16,Carrer de Josep Pla,,5.60,14.00,15:46:00,17:11:00,,19:01:00,WAYPOINT,FIRST_LAST_RIDER,OBSERVED_FACT
1,17,Carrer de Cantàbria,,6.70,12.90,15:48:00,17:12:00,,19:02:00,WAYPOINT,FIRST_LAST_RIDER,OBSERVED_FACT
1,18,Rambla de Guipúscoa,,7.20,12.40,15:49:00,17:13:00,,19:03:00,WAYPOINT,FIRST_LAST_RIDER,OBSERVED_FACT
1,19,Carrer d'Aragó,,8.20,11.40,15:51:00,17:14:00,,19:04:00,WAYPOINT,FIRST_LAST_RIDER,OBSERVED_FACT
1,20,Carrer de Lepant,,9.80,9.80,15:55:00,17:16:00,,19:06:00,WAYPOINT,FIRST_LAST_RIDER,OBSERVED_FACT
1,21,Carrer de Mallorca,,10.10,9.50,15:55:00,17:16:00,,19:06:00,WAYPOINT,FIRST_LAST_RIDER,OBSERVED_FACT
1,22,Sagrada Familia,,10.30,9.30,15:55:00,17:16:00,,19:06:00,WAYPOINT,FIRST_LAST_RIDER,OBSERVED_FACT
1,23,Point chrono n°2 / Sagrada Familia,,10.50,9.10,15:56:00,17:16:00,,19:06:00,WAYPOINT,FIRST_LAST_RIDER,OBSERVED_FACT
1,24,Plaça de Mossèn Jacint Verdaguer,,10.90,8.70,15:57:00,17:17:00,,19:07:00,WAYPOINT,FIRST_LAST_RIDER,OBSERVED_FACT
1,25,Passeig de Gràcia,,11.80,7.80,15:58:00,17:18:00,,19:08:00,WAYPOINT,FIRST_LAST_RIDER,OBSERVED_FACT
1,26,Carrer d'Aragó,,12.00,7.60,15:59:00,17:18:00,,19:08:00,WAYPOINT,FIRST_LAST_RIDER,OBSERVED_FACT
1,27,Carrer de Tarragona,,14.30,5.30,16:03:00,17:21:00,,19:11:00,WAYPOINT,FIRST_LAST_RIDER,OBSERVED_FACT
1,28,Plaça d'Espanya,,14.60,5.00,16:04:00,17:21:00,,19:11:00,WAYPOINT,FIRST_LAST_RIDER,OBSERVED_FACT
1,29,Avigunda de la Reina Maria Cristina,,14.80,4.80,16:05:00,17:21:00,,19:11:00,WAYPOINT,FIRST_LAST_RIDER,OBSERVED_FACT
1,30,Avinguda de Rius i Taulet,,15.20,4.40,16:05:00,17:22:00,,19:12:00,WAYPOINT,FIRST_LAST_RIDER,OBSERVED_FACT
1,31,Carrer de Lleida,,15.50,4.10,16:06:00,17:22:00,,19:12:00,WAYPOINT,FIRST_LAST_RIDER,OBSERVED_FACT
1,32,Passeig de Santa Madrona,,15.90,3.70,16:07:00,17:22:00,,19:12:00,WAYPOINT,FIRST_LAST_RIDER,OBSERVED_FACT
1,33,Point chrono n°3 / Passeig de Santa Madrona,,15.90,3.70,16:07:00,17:22:00,,19:12:00,WAYPOINT,FIRST_LAST_RIDER,OBSERVED_FACT
1,34,Avinguda de l'Estadi,,16.80,2.80,16:08:00,17:23:00,,19:13:00,WAYPOINT,FIRST_LAST_RIDER,OBSERVED_FACT
1,35,Carrer dels Jocs del 92,,17.90,1.70,16:11:00,17:25:00,,19:15:00,WAYPOINT,FIRST_LAST_RIDER,OBSERVED_FACT
1,36,Carrer del Foc,,18.80,0.80,16:12:00,17:25:00,,19:15:00,WAYPOINT,FIRST_LAST_RIDER,OBSERVED_FACT
1,37,Passeig Olimpic,,18.90,0.70,16:13:00,17:26:00,,19:16:00,WAYPOINT,FIRST_LAST_RIDER,OBSERVED_FACT
1,38,Côte du Stade Olympique de Montjuïc,,19.60,0.00,16:14:00,17:26:00,,19:16:00,WAYPOINT,FIRST_LAST_RIDER,OBSERVED_FACT
2,1,ESPAGNE,,,,11:30:00,13:45:00,13:45:00,13:45:00,ADMIN_BOUNDARY,REFERENCE_SPEEDS,OBSERVED_FACT
2,2,TARRAGONA,,,,11:30:00,13:45:00,13:45:00,13:45:00,ADMIN_BOUNDARY,REFERENCE_SPEEDS,OBSERVED_FACT
2,3,TARRAGONE (VC-N-340),,0.00,168.50,11:30:00,13:45:00,13:45:00,13:45:00,WAYPOINT,REFERENCE_SPEEDS,OBSERVED_FACT
2,4,N-340 TARRAGONE,N-340,0.00,168.50,11:40:00,13:55:00,13:55:00,13:55:00,WAYPOINT,REFERENCE_SPEEDS,OBSERVED_FACT
2,5,Cala Romana (près),,0.60,167.90,11:41:00,13:56:00,13:56:00,13:56:00,WAYPOINT,REFERENCE_SPEEDS,OBSERVED_FACT
2,6,Monnars (près),,2.00,166.50,11:43:00,13:57:00,13:58:00,13:58:00,WAYPOINT,REFERENCE_SPEEDS,OBSERVED_FACT
2,7,La Mora (près) (TARRAGONA),,5.70,162.80,11:50:00,14:02:00,14:03:00,14:03:00,WAYPOINT,REFERENCE_SPEEDS,OBSERVED_FACT
2,8,TORREDEMBARRA,,12.70,155.80,12:02:00,14:11:00,14:12:00,14:13:00,WAYPOINT,REFERENCE_SPEEDS,OBSERVED_FACT
2,9,CREIXELL,,14.80,153.70,12:05:00,14:14:00,14:15:00,14:16:00,WAYPOINT,REFERENCE_SPEEDS,OBSERVED_FACT
2,10,RODA DE BERÀ (près),,16.80,151.70,12:09:00,14:16:00,14:17:00,14:18:00,WAYPOINT,REFERENCE_SPEEDS,OBSERVED_FACT
2,11,Francàs (près),,20.30,148.20,12:15:00,14:21:00,14:22:00,14:23:00,WAYPOINT,REFERENCE_SPEEDS,OBSERVED_FACT
2,12,EL VENDRELL (N-340-VC-C-31),,25.40,143.10,12:23:00,14:27:00,14:29:00,14:30:00,WAYPOINT,REFERENCE_SPEEDS,OBSERVED_FACT
2,13,C-31 La Franquesa (près),C-31,28.70,139.80,12:29:00,14:32:00,14:33:00,14:35:00,WAYPOINT,REFERENCE_SPEEDS,OBSERVED_FACT
2,14,CALAFELL (C-31-C-246a-C-31),,30.70,137.80,12:33:00,14:34:00,14:36:00,14:38:00,WAYPOINT,REFERENCE_SPEEDS,OBSERVED_FACT
2,15,Bellamar (près),,32.80,135.70,12:36:00,14:37:00,14:39:00,14:41:00,WAYPOINT,REFERENCE_SPEEDS,OBSERVED_FACT
2,16,Segur de Calafell,,33.90,134.60,12:38:00,14:38:00,14:40:00,14:42:00,WAYPOINT,REFERENCE_SPEEDS,OBSERVED_FACT
2,17,CUNIT,,35.60,132.90,12:41:00,14:40:00,14:42:00,14:45:00,WAYPOINT,REFERENCE_SPEEDS,OBSERVED_FACT
2,18,BARCELONA,,,,12:45:00,14:43:00,14:46:00,14:48:00,ADMIN_BOUNDARY,REFERENCE_SPEEDS,OBSERVED_FACT
2,19,CUBELLES-La Gavina,,38.10,130.40,12:45:00,14:44:00,14:46:00,14:48:00,WAYPOINT,REFERENCE_SPEEDS,OBSERVED_FACT
2,20,C-31 CUBELLES,C-31,40.50,128.00,12:49:00,14:47:00,14:49:00,14:51:00,WAYPOINT,REFERENCE_SPEEDS,OBSERVED_FACT
2,21,Carrefour C-31-C-246a,,41.40,127.10,12:51:00,14:48:00,14:50:00,14:53:00,WAYPOINT,REFERENCE_SPEEDS,OBSERVED_FACT
2,22,C-246a Racó de Santa Llúcia (VILANOVA I LA GELTRÚ),C-246a,43.30,125.20,12:54:00,14:50:00,14:53:00,14:55:00,WAYPOINT,REFERENCE_SPEEDS,OBSERVED_FACT
2,23,VILANOVA I LA GELTRÚ,,44.40,124.10,12:56:00,14:52:00,14:54:00,14:57:00,WAYPOINT,REFERENCE_SPEEDS,OBSERVED_FACT
2,24,SANT PERE DE RIBES,,47.80,120.70,13:02:00,14:56:00,14:59:00,15:02:00,WAYPOINT,REFERENCE_SPEEDS,OBSERVED_FACT
2,25,SITGES (C-246a-VC-C-246a-C-31),,52.00,116.50,13:09:00,15:01:00,15:04:00,15:07:00,WAYPOINT,REFERENCE_SPEEDS,OBSERVED_FACT
2,26,C-31 Vallcarca (près),C-31,62.20,106.30,13:26:00,15:14:00,15:18:00,15:22:00,WAYPOINT,REFERENCE_SPEEDS,OBSERVED_FACT
2,27,Garraf (près),,67.00,101.50,13:35:00,15:20:00,15:24:00,15:28:00,WAYPOINT,REFERENCE_SPEEDS,OBSERVED_FACT
2,28,Les Botigues (C-31-VC),,70.30,98.20,13:40:00,15:25:00,15:29:00,15:33:00,WAYPOINT,REFERENCE_SPEEDS,OBSERVED_FACT
2,29,VC CASTELLDEFELS,VC,71.50,97.00,13:42:00,15:26:00,15:30:00,15:35:00,WAYPOINT,REFERENCE_SPEEDS,OBSERVED_FACT
2,30,GAVÀ-Mar,,76.50,92.00,13:51:00,15:33:00,15:37:00,15:42:00,WAYPOINT,REFERENCE_SPEEDS,OBSERVED_FACT
2,31,Carrefour VC-B-210,,80.70,87.80,13:58:00,15:38:00,15:43:00,15:48:00,WAYPOINT,REFERENCE_SPEEDS,OBSERVED_FACT
2,32,B-210 Carrefour B-210-B-204,B-210,82.50,86.00,14:01:00,15:40:00,15:45:00,15:50:00,WAYPOINT,REFERENCE_SPEEDS,OBSERVED_FACT
2,33,B-204 VILADECANS (B-204-C-245) (entrée),B-204,83.60,84.90,14:03:00,15:42:00,15:46:00,15:52:00,WAYPOINT,REFERENCE_SPEEDS,OBSERVED_FACT
2,34,C-245 VILADECANS,C-245,85.60,82.90,14:07:00,15:44:00,15:49:00,15:54:00,WAYPOINT,REFERENCE_SPEEDS,OBSERVED_FACT
2,35,GAVÀ (C-245-VC-BV-2041),,86.00,82.50,14:07:00,15:45:00,15:50:00,15:55:00,WAYPOINT,REFERENCE_SPEEDS,OBSERVED_FACT
2,36,BV-2041 Bruguers (près),BV-2041,90.50,78.00,14:15:00,15:52:00,15:57:00,16:03:00,WAYPOINT,REFERENCE_SPEEDS,OBSERVED_FACT
2,37,Côte de Begues,,94.20,74.30,14:21:00,15:58:00,16:04:00,16:10:00,WAYPOINT,REFERENCE_SPEEDS,OBSERVED_FACT
2,38,BEGUES (BV-2041-BV-2411),,94.20,74.30,14:21:00,15:58:00,16:04:00,16:10:00,WAYPOINT,REFERENCE_SPEEDS,OBSERVED_FACT
2,39,BV-2411 OLESA DE BONESVALLS (BV-2411-BV-2410),BV-2411,104.80,63.70,14:40:00,16:10:00,16:17:00,16:23:00,WAYPOINT,REFERENCE_SPEEDS,OBSERVED_FACT
2,40,BV-2410 El Pla del Pèlag,BV-2410,109.00,59.50,14:47:00,16:15:00,16:22:00,16:29:00,WAYPOINT,REFERENCE_SPEEDS,OBSERVED_FACT
2,41,Les Bassioles de Vallirana,,110.20,58.30,14:49:00,16:17:00,16:23:00,16:30:00,WAYPOINT,REFERENCE_SPEEDS,OBSERVED_FACT
2,42,Les Casetes d'en Julià (BV-2410-N-340),,113.20,55.30,14:54:00,16:20:00,16:27:00,16:34:00,WAYPOINT,REFERENCE_SPEEDS,OBSERVED_FACT
2,43,N-340 VALLIRANA,N-340,114.60,53.90,14:56:00,16:22:00,16:28:00,16:36:00,WAYPOINT,REFERENCE_SPEEDS,OBSERVED_FACT
2,44,CERVELLÓ,,117.10,51.40,15:00:00,16:25:00,16:31:00,16:39:00,WAYPOINT,REFERENCE_SPEEDS,OBSERVED_FACT
2,45,SANT VICENÇ DELS HORTS,,122.00,46.50,15:07:00,16:31:00,16:38:00,16:46:00,WAYPOINT,REFERENCE_SPEEDS,OBSERVED_FACT
2,46,MOLINS DE REI,,123.40,45.10,15:09:00,16:33:00,16:40:00,16:48:00,WAYPOINT,REFERENCE_SPEEDS,OBSERVED_FACT
2,47,SANT FELIU DE LLOBREGAT,,125.60,42.90,15:12:00,16:36:00,16:43:00,16:51:00,WAYPOINT,REFERENCE_SPEEDS,OBSERVED_FACT
2,48,ESPLUGUES DE LLOBREGAT,,131.20,37.30,15:20:00,16:43:00,16:50:00,16:58:00,WAYPOINT,REFERENCE_SPEEDS,OBSERVED_FACT
2,49,L'HOSPITALET DE LLOBREGAT (N-340-VC-N-340),,132.80,35.70,15:22:00,16:45:00,16:52:00,17:00:00,WAYPOINT,REFERENCE_SPEEDS,OBSERVED_FACT
2,50,Passage à niveau : tramway.,,133.60,34.90,15:23:00,16:46:00,16:53:00,17:02:00,WAYPOINT,REFERENCE_SPEEDS,OBSERVED_FACT
2,51,BARCELONA (N-340-VC),,134.90,33.60,15:25:00,16:47:00,16:55:00,17:03:00,WAYPOINT,REFERENCE_SPEEDS,OBSERVED_FACT
2,52,Fontaines de Montjuïc - Entrée sur le circuit final,,137.50,31.00,15:29:00,16:51:00,16:59:00,17:07:00,WAYPOINT,REFERENCE_SPEEDS,OBSERVED_FACT
2,53,Passeig de Montjuïc (BARCELONA),,140.00,28.50,15:32:00,16:54:00,17:02:00,17:11:00,WAYPOINT,REFERENCE_SPEEDS,OBSERVED_FACT
2,54,Côte du Château de Montjuïc,,141.60,26.90,15:29:00,16:52:00,17:00:00,17:08:00,WAYPOINT,REFERENCE_SPEEDS,OBSERVED_FACT
2,55,Stade Olympique - 1er passage sur la ligne d'arrivée,,144.10,24.40,15:34:00,16:55:00,17:03:00,17:12:00,WAYPOINT,REFERENCE_SPEEDS,OBSERVED_FACT
2,56,Passeig de la Zona Franca,,146.80,21.70,15:38:00,16:58:00,17:06:00,17:15:00,WAYPOINT,REFERENCE_SPEEDS,OBSERVED_FACT
2,57,Polvori,,149.00,19.50,15:42:00,17:01:00,17:09:00,17:19:00,WAYPOINT,REFERENCE_SPEEDS,OBSERVED_FACT
2,58,Fontaines de Montjuïc (BARCELONA),,149.70,18.80,15:43:00,17:02:00,17:10:00,17:20:00,WAYPOINT,REFERENCE_SPEEDS,OBSERVED_FACT
2,59,Côte du Château de Montjuïc,,153.80,14.70,15:50:00,17:07:00,17:16:00,17:25:00,WAYPOINT,REFERENCE_SPEEDS,OBSERVED_FACT
2,60,Stade Olympique - 2e passage sur la ligne d'arrivée,,156.30,12.20,15:55:00,17:10:00,17:19:00,17:29:00,WAYPOINT,REFERENCE_SPEEDS,OBSERVED_FACT
2,61,Côte du Château de Montjuïc,,166.00,2.50,16:11:00,17:23:00,17:32:00,17:42:00,WAYPOINT,REFERENCE_SPEEDS,OBSERVED_FACT
2,62,BARCELONE - Stade Olympique,,168.50,0.00,16:15:00,17:26:00,17:35:00,17:46:00,WAYPOINT,REFERENCE_SPEEDS,OBSERVED_FACT
3,1,ESPAGNE,,,,09:55:00,12:10:00,12:10:00,12:10:00,ADMIN_BOUNDARY,REFERENCE_SPEEDS,OBSERVED_FACT
3,2,BARCELONA,,,,09:55:00,12:10:00,12:10:00,12:10:00,ADMIN_BOUNDARY,REFERENCE_SPEEDS,OBSERVED_FACT
3,3,VC GRANOLLERS,VC,0.00,195.90,09:55:00,12:10:00,12:10:00,12:10:00,WAYPOINT,REFERENCE_SPEEDS,OBSERVED_FACT
3,4,Corró d'Avall (VC-C-352) (LES FRANQUESES DEL VALLÈS),,0.00,195.90,09:58:00,12:14:00,12:14:00,12:14:00,WAYPOINT,REFERENCE_SPEEDS,OBSERVED_FACT
3,5,C-352 CANOVELLES (C-352-C-1415b),C-352,0.00,195.90,10:00:00,12:16:00,12:16:00,12:16:00,WAYPOINT,REFERENCE_SPEEDS,OBSERVED_FACT
3,6,C-1415b GRANOLLERS,C-1415b,0.00,195.90,10:05:00,12:20:00,12:20:00,12:20:00,WAYPOINT,REFERENCE_SPEEDS,OBSERVED_FACT
3,7,LLIÇÀ D'AMUNT,,1.20,194.70,10:07:00,12:22:00,12:22:00,12:22:00,WAYPOINT,REFERENCE_SPEEDS,OBSERVED_FACT
3,8,Can Farell (près),,2.90,193.00,10:10:00,12:24:00,12:24:00,12:24:00,WAYPOINT,REFERENCE_SPEEDS,OBSERVED_FACT
3,9,SANTA EULÀLIA DE RONÇANA,,4.90,191.00,10:14:00,12:27:00,12:27:00,12:27:00,WAYPOINT,REFERENCE_SPEEDS,OBSERVED_FACT
3,10,CALDES DE MONTBUI (près) (C-1415b-C-59),,7.50,188.40,10:18:00,12:30:00,12:31:00,12:32:00,WAYPOINT,REFERENCE_SPEEDS,OBSERVED_FACT
3,11,C-59 Els Saulons,C-59,9.80,186.10,10:22:00,12:34:00,12:34:00,12:35:00,WAYPOINT,REFERENCE_SPEEDS,OBSERVED_FACT
3,12,SANT FELIU DE CODINES,,13.40,182.50,10:29:00,12:41:00,12:42:00,12:43:00,WAYPOINT,REFERENCE_SPEEDS,OBSERVED_FACT
3,13,Côte de Saint Feliu de Codines,,17.20,178.70,10:35:00,12:48:00,12:49:00,12:51:00,WAYPOINT,REFERENCE_SPEEDS,OBSERVED_FACT
3,14,Carrefour C-59-C-1413b,,18.30,177.60,10:37:00,12:49:00,12:51:00,12:53:00,WAYPOINT,REFERENCE_SPEEDS,OBSERVED_FACT
3,15,C-1413b Les Clotes (près) (SANT QUIRZE SAFAJA),C-1413b,20.50,175.40,10:41:00,12:52:00,12:54:00,12:56:00,WAYPOINT,REFERENCE_SPEEDS,OBSERVED_FACT
3,16,Les Comes (près) (SANT MARTÍ DE CENTELLES),,30.90,165.00,10:59:00,13:06:00,13:08:00,13:11:00,WAYPOINT,REFERENCE_SPEEDS,OBSERVED_FACT
3,17,CENTELLES,,34.40,161.50,11:06:00,13:10:00,13:13:00,13:16:00,WAYPOINT,REFERENCE_SPEEDS,OBSERVED_FACT
3,18,Els Hostalets de Balenyà (C-1413b-N-152a-VC) (BALENYÀ),,37.70,158.20,11:11:00,13:15:00,13:18:00,13:21:00,WAYPOINT,REFERENCE_SPEEDS,OBSERVED_FACT
3,19,VC TONA (VC-BV-5303),VC,41.70,154.20,11:18:00,13:20:00,13:23:00,13:27:00,WAYPOINT,REFERENCE_SPEEDS,OBSERVED_FACT
3,20,BV-5303 Sant Miquel de Balenyà (BV-5303-BV-5305) (SEVA),BV-5303,43.20,152.70,11:21:00,13:22:00,13:26:00,13:29:00,WAYPOINT,REFERENCE_SPEEDS,OBSERVED_FACT
3,21,TARADELL (BV-5305-VC-B-520),,46.90,149.00,11:28:00,13:27:00,13:31:00,13:34:00,WAYPOINT,REFERENCE_SPEEDS,OBSERVED_FACT
3,22,B-520 SANTA EUGÈNIA DE BERGA,B-520,51.10,144.80,11:35:00,13:33:00,13:36:00,13:41:00,WAYPOINT,REFERENCE_SPEEDS,OBSERVED_FACT
3,23,VIC (B-520-VC-B-522),,54.80,141.10,11:42:00,13:38:00,13:42:00,13:46:00,WAYPOINT,REFERENCE_SPEEDS,OBSERVED_FACT
3,24,B-522 Granollers de la Plana (près) (GURB),B-522,62.10,133.80,11:55:00,13:47:00,13:52:00,13:57:00,WAYPOINT,REFERENCE_SPEEDS,OBSERVED_FACT
3,25,MANLLEU (B-522-BV-5224),,64.10,131.80,11:58:00,13:50:00,13:55:00,14:00:00,WAYPOINT,REFERENCE_SPEEDS,OBSERVED_FACT
3,26,BV-5224 TORELLÓ (BV-5224-VC-BV-5226),BV-5224,69.90,126.00,12:08:00,13:58:00,14:03:00,14:08:00,WAYPOINT,REFERENCE_SPEEDS,OBSERVED_FACT
3,27,BV-5226 Vila-seca (SANT VICENÇ DE TORELLÓ),BV-5226,73.50,122.40,12:15:00,14:03:00,14:08:00,14:13:00,WAYPOINT,REFERENCE_SPEEDS,OBSERVED_FACT
3,28,Borgonyà (BV-5226-VC) (SANT VICENÇ DE TORELLÓ),,74.90,121.00,12:17:00,14:04:00,14:10:00,14:15:00,WAYPOINT,REFERENCE_SPEEDS,OBSERVED_FACT
3,29,VC La Mambla (près) (ORÍS),VC,76.50,119.40,12:20:00,14:07:00,14:12:00,14:18:00,WAYPOINT,REFERENCE_SPEEDS,OBSERVED_FACT
3,30,Carrefour VC-C-17,,78.00,117.90,12:23:00,14:09:00,14:14:00,14:20:00,WAYPOINT,REFERENCE_SPEEDS,OBSERVED_FACT
3,31,C-17 Tunnel de Sant Quirze de Besora,C-17,79.30,116.60,12:25:00,14:10:00,14:16:00,14:22:00,WAYPOINT,REFERENCE_SPEEDS,OBSERVED_FACT
3,32,SANT QUIRZE DE BESORA (C-17-C-17z),,80.40,115.50,12:27:00,14:12:00,14:17:00,14:23:00,WAYPOINT,REFERENCE_SPEEDS,OBSERVED_FACT
3,33,C-17z MONTESQUIU (C-17z-C-17Z-C-17Z-C-17Z-C-17Z-C-17Z),C-17z,81.50,114.40,12:29:00,14:13:00,14:19:00,14:25:00,WAYPOINT,REFERENCE_SPEEDS,OBSERVED_FACT
3,34,Carrefour C-17z-C-17,,83.20,112.70,12:32:00,14:16:00,14:21:00,14:28:00,WAYPOINT,REFERENCE_SPEEDS,OBSERVED_FACT
3,35,GIRONA,,,,12:34:00,14:17:00,14:23:00,14:29:00,ADMIN_BOUNDARY,REFERENCE_SPEEDS,OBSERVED_FACT
3,36,C-17 Tunnel de la Farga de Bebié (LES LLOSSES),C-17,84.70,111.20,12:34:00,14:18:00,14:23:00,14:30:00,WAYPOINT,REFERENCE_SPEEDS,OBSERVED_FACT
3,37,BARCELONA,,,,12:36:00,14:19:00,14:25:00,14:31:00,ADMIN_BOUNDARY,REFERENCE_SPEEDS,OBSERVED_FACT
3,38,GIRONA,,,,12:37:00,14:19:00,14:25:00,14:32:00,ADMIN_BOUNDARY,REFERENCE_SPEEDS,OBSERVED_FACT
3,39,Tunnel de la Cúbia,,86.50,109.40,12:38:00,14:20:00,14:26:00,14:32:00,WAYPOINT,REFERENCE_SPEEDS,OBSERVED_FACT
3,40,Tunnel de Terradelles,,88.00,107.90,12:40:00,14:22:00,14:28:00,14:35:00,WAYPOINT,REFERENCE_SPEEDS,OBSERVED_FACT
3,41,RIPOLL (C-17-C-26-N-260),,91.70,104.20,12:47:00,14:27:00,14:33:00,14:40:00,WAYPOINT,REFERENCE_SPEEDS,OBSERVED_FACT
3,42,N-260 CAMPDEVÀNOL (entrée),N-260,97.30,98.60,12:57:00,14:34:00,14:41:00,14:48:00,WAYPOINT,REFERENCE_SPEEDS,OBSERVED_FACT
3,43,CAMPDEVÀNOL,,98.40,97.50,12:59:00,14:36:00,14:42:00,14:50:00,WAYPOINT,REFERENCE_SPEEDS,OBSERVED_FACT
3,44,Colònia Molinou,,98.90,97.00,12:59:00,14:37:00,14:43:00,14:51:00,WAYPOINT,REFERENCE_SPEEDS,OBSERVED_FACT
3,45,Colònia Pernau,,99.30,96.60,13:00:00,14:37:00,14:44:00,14:51:00,WAYPOINT,REFERENCE_SPEEDS,OBSERVED_FACT
3,46,Colònia Herand,,100.20,95.70,13:02:00,14:38:00,14:45:00,14:52:00,WAYPOINT,REFERENCE_SPEEDS,OBSERVED_FACT
3,47,RIBES DE FRESER,,107.00,88.90,13:14:00,14:47:00,14:54:00,15:02:00,WAYPOINT,REFERENCE_SPEEDS,OBSERVED_FACT
3,48,PLANOLES,,114.40,81.50,13:27:00,14:57:00,15:05:00,15:13:00,WAYPOINT,REFERENCE_SPEEDS,OBSERVED_FACT
3,49,Planès (N-260-GIV-4016),,115.30,80.60,13:28:00,14:58:00,15:06:00,15:15:00,WAYPOINT,REFERENCE_SPEEDS,OBSERVED_FACT
3,50,GV-4016 Espinosa,GV-4016,118.10,77.80,13:33:00,15:02:00,15:10:00,15:19:00,WAYPOINT,REFERENCE_SPEEDS,OBSERVED_FACT
3,51,Fornells de la Muntanya,,120.40,75.50,13:37:00,15:07:00,15:15:00,15:24:00,WAYPOINT,REFERENCE_SPEEDS,OBSERVED_FACT
3,52,TOSES (GIV-4016-VC),,123.40,72.50,13:43:00,15:14:00,15:23:00,15:32:00,WAYPOINT,REFERENCE_SPEEDS,OBSERVED_FACT
3,53,Col de Toses,,127.70,68.20,13:50:00,15:23:00,15:33:00,15:43:00,WAYPOINT,REFERENCE_SPEEDS,OBSERVED_FACT
3,54,LA MOLINA (GI-400-VC-GIV-4082),,131.80,64.10,13:58:00,15:28:00,15:38:00,15:49:00,WAYPOINT,REFERENCE_SPEEDS,OBSERVED_FACT
3,55,GI-400 Tunnel de la Molina (GI-400-400-VC),GI-400,132.80,63.10,13:59:00,15:29:00,15:39:00,15:50:00,WAYPOINT,REFERENCE_SPEEDS,OBSERVED_FACT
3,56,GV-4082 ALP (près) (GIV-4082-C-162),GV-4082,144.20,51.70,14:19:00,15:43:00,15:53:00,16:05:00,WAYPOINT,REFERENCE_SPEEDS,OBSERVED_FACT
3,57,C-162 Escadarcs (près) (FONTANALS DE CERDANYA),C-162,145.60,50.30,14:22:00,15:45:00,15:55:00,16:07:00,WAYPOINT,REFERENCE_SPEEDS,OBSERVED_FACT
3,58,Queixans (près) (C-162-N-260) (FONTANALS DE CERDANYA),,148.50,47.40,14:27:00,15:48:00,15:59:00,16:10:00,WAYPOINT,REFERENCE_SPEEDS,OBSERVED_FACT
3,59,N-260 PUIGCERDÀ (N-260-N-152-N-154),N-260,151.50,44.40,14:32:00,15:52:00,16:02:00,16:14:00,WAYPOINT,REFERENCE_SPEEDS,OBSERVED_FACT
3,60,FRANCE,,,,14:37:00,15:55:00,16:06:00,16:18:00,ADMIN_BOUNDARY,REFERENCE_SPEEDS,OBSERVED_FACT
3,61,PYRÉNÉES-ORIENTALES (66),,,,14:37:00,15:55:00,16:06:00,16:18:00,ADMIN_BOUNDARY,REFERENCE_SPEEDS,OBSERVED_FACT
3,62,N20 UR (N20-D618),N20,156.20,39.70,14:41:00,15:57:00,16:08:00,16:21:00,WAYPOINT,REFERENCE_SPEEDS,OBSERVED_FACT
3,63,D618 Villeneuve-des-Escaldes (ANGOUSTRINE-VILLENEUVE-DES-ESCALDES),D618,158.90,37.00,14:45:00,16:01:00,16:12:00,16:24:00,WAYPOINT,REFERENCE_SPEEDS,OBSERVED_FACT
3,64,Angoustrine (ANGOUSTRINE-VILLENEUVE-DES-ESCALDES),,159.80,36.10,14:47:00,16:02:00,16:13:00,16:25:00,WAYPOINT,REFERENCE_SPEEDS,OBSERVED_FACT
3,65,TARGASONNE,,165.80,30.10,14:57:00,16:12:00,16:24:00,16:37:00,WAYPOINT,REFERENCE_SPEEDS,OBSERVED_FACT
3,66,Col de Fau (D618-D10 F),,167.80,28.10,15:01:00,16:16:00,16:28:00,16:42:00,WAYPOINT,REFERENCE_SPEEDS,OBSERVED_FACT
3,67,D10 F ÉGAT,D10 F,168.40,27.50,15:02:00,16:17:00,16:29:00,16:43:00,WAYPOINT,REFERENCE_SPEEDS,OBSERVED_FACT
3,68,FONT-ROMEU-ODEILLO-VIA (D10 F-D618),,169.80,26.10,15:05:00,16:20:00,16:32:00,16:46:00,WAYPOINT,REFERENCE_SPEEDS,OBSERVED_FACT
3,69,D618 L'Ermitage,D618,171.90,24.00,15:08:00,16:24:00,16:36:00,16:50:00,WAYPOINT,REFERENCE_SPEEDS,OBSERVED_FACT
3,70,Col du Calvaire,,172.30,23.60,15:09:00,16:24:00,16:37:00,16:51:00,WAYPOINT,REFERENCE_SPEEDS,OBSERVED_FACT
3,71,BOLQUÈRE,,173.20,22.70,15:11:00,16:25:00,16:38:00,16:52:00,WAYPOINT,REFERENCE_SPEEDS,OBSERVED_FACT
3,72,LA CABANASSE (D618-D118),,178.30,17.60,15:20:00,16:32:00,16:45:00,16:59:00,WAYPOINT,REFERENCE_SPEEDS,OBSERVED_FACT
3,73,D118 LA LLAGONNE,D118,180.30,15.60,15:23:00,16:34:00,16:47:00,17:02:00,WAYPOINT,REFERENCE_SPEEDS,OBSERVED_FACT
3,74,Col de la Quillane,,184.00,11.90,15:30:00,16:38:00,16:52:00,17:06:00,WAYPOINT,REFERENCE_SPEEDS,OBSERVED_FACT
3,75,Lac de Matemale,,187.30,8.60,15:35:00,16:42:00,16:56:00,17:11:00,WAYPOINT,REFERENCE_SPEEDS,OBSERVED_FACT
3,76,MATEMALE (près) (D118-D52),,188.90,7.00,15:38:00,16:44:00,16:58:00,17:13:00,WAYPOINT,REFERENCE_SPEEDS,OBSERVED_FACT
3,77,D52 Carrefour D52-D32,D52,191.20,4.70,15:42:00,16:47:00,17:01:00,17:16:00,WAYPOINT,REFERENCE_SPEEDS,OBSERVED_FACT
3,78,D32 LES ANGLES (D32-VC) (entrée),D32,192.00,3.90,15:44:00,16:48:00,17:02:00,17:17:00,WAYPOINT,REFERENCE_SPEEDS,OBSERVED_FACT
3,79,VC Pla del Mir,VC,195.80,0.10,15:50:00,16:54:00,17:08:00,17:23:00,WAYPOINT,REFERENCE_SPEEDS,OBSERVED_FACT
3,80,LES ANGLES,,195.90,0.00,15:51:00,16:54:00,17:08:00,17:23:00,WAYPOINT,REFERENCE_SPEEDS,OBSERVED_FACT
4,1,FRANCE,,,,10:55:00,13:10:00,13:10:00,13:10:00,ADMIN_BOUNDARY,REFERENCE_SPEEDS,OBSERVED_FACT
4,2,AUDE (11),,,,10:55:00,13:10:00,13:10:00,13:10:00,ADMIN_BOUNDARY,REFERENCE_SPEEDS,OBSERVED_FACT
4,3,VC CARCASSONNE,VC,0.00,181.90,10:55:00,13:10:00,13:10:00,13:10:00,WAYPOINT,REFERENCE_SPEEDS,OBSERVED_FACT
4,4,La Cité,,0.00,181.90,11:00:00,13:17:00,13:17:00,13:16:00,WAYPOINT,REFERENCE_SPEEDS,OBSERVED_FACT
4,5,Carrefour VC-D6161,,0.00,181.90,11:02:00,13:18:00,13:18:00,13:17:00,WAYPOINT,REFERENCE_SPEEDS,OBSERVED_FACT
4,6,D6161 Carrefour D6161-D6113,D6161,0.00,181.90,11:04:00,13:20:00,13:19:00,13:19:00,WAYPOINT,REFERENCE_SPEEDS,OBSERVED_FACT
4,7,D6113 TRÈBES (D6113-D3),D6113,0.00,181.90,11:08:00,13:24:00,13:24:00,13:24:00,WAYPOINT,REFERENCE_SPEEDS,OBSERVED_FACT
4,8,D3 CARCASSONNE,D3,0.00,181.90,11:10:00,13:25:00,13:25:00,13:25:00,WAYPOINT,REFERENCE_SPEEDS,OBSERVED_FACT
4,9,FONTIÈS D'AUDE,,1.70,180.20,11:12:00,13:27:00,13:27:00,13:27:00,WAYPOINT,REFERENCE_SPEEDS,OBSERVED_FACT
4,10,Col de Bouc,,4.60,177.30,11:16:00,13:30:00,13:31:00,13:31:00,WAYPOINT,REFERENCE_SPEEDS,OBSERVED_FACT
4,11,MONZE,,6.00,175.90,11:19:00,13:32:00,13:32:00,13:33:00,WAYPOINT,REFERENCE_SPEEDS,OBSERVED_FACT
4,12,Carbonac,,8.30,173.60,11:22:00,13:35:00,13:35:00,13:36:00,WAYPOINT,REFERENCE_SPEEDS,OBSERVED_FACT
4,13,Pradelles-en-Val (VAL-DE-DAGNE),,10.70,171.20,11:25:00,13:38:00,13:38:00,13:39:00,WAYPOINT,REFERENCE_SPEEDS,OBSERVED_FACT
4,14,La Bedosse (près) (SERVIÈS-EN-VAL),,17.40,164.50,11:35:00,13:46:00,13:47:00,13:48:00,WAYPOINT,REFERENCE_SPEEDS,OBSERVED_FACT
4,15,Villemagne (LAGRASSE),,19.30,162.60,11:37:00,13:48:00,13:49:00,13:50:00,WAYPOINT,REFERENCE_SPEEDS,OBSERVED_FACT
4,16,Moulin de Boysede (LAGRASSE),,26.30,155.60,11:47:00,13:56:00,13:58:00,13:59:00,WAYPOINT,REFERENCE_SPEEDS,OBSERVED_FACT
4,17,Carrefour D3-D23,,31.00,150.90,11:54:00,14:02:00,14:04:00,14:05:00,WAYPOINT,REFERENCE_SPEEDS,OBSERVED_FACT
4,18,Forodonos (SAINT-PIERRE-DES-CHAMPS),,33.10,148.80,11:57:00,14:05:00,14:06:00,14:08:00,WAYPOINT,REFERENCE_SPEEDS,OBSERVED_FACT
4,19,Carrefour D23-D613,,36.60,145.30,12:02:00,14:09:00,14:11:00,14:13:00,WAYPOINT,REFERENCE_SPEEDS,OBSERVED_FACT
4,20,D613 Bouttes (TALAIRAN),D613,38.60,143.30,12:05:00,14:11:00,14:13:00,14:15:00,WAYPOINT,REFERENCE_SPEEDS,OBSERVED_FACT
4,21,Col de Villerouge,,40.30,141.60,12:07:00,14:13:00,14:15:00,14:17:00,WAYPOINT,REFERENCE_SPEEDS,OBSERVED_FACT
4,22,VILLEROUGE-TERMENÈS,,41.50,140.40,12:09:00,14:15:00,14:17:00,14:19:00,WAYPOINT,REFERENCE_SPEEDS,OBSERVED_FACT
4,23,Col de la Tranchée,,43.40,138.50,12:12:00,14:17:00,14:19:00,14:22:00,WAYPOINT,REFERENCE_SPEEDS,OBSERVED_FACT
4,24,FÉLINES TERMENÈS,,44.20,137.70,12:13:00,14:18:00,14:20:00,14:23:00,WAYPOINT,REFERENCE_SPEEDS,OBSERVED_FACT
4,25,Col de Bedos,,48.20,133.70,12:19:00,14:25:00,14:28:00,14:31:00,WAYPOINT,REFERENCE_SPEEDS,OBSERVED_FACT
4,26,LAROQUE DE FA,,50.60,131.30,12:22:00,14:28:00,14:31:00,14:34:00,WAYPOINT,REFERENCE_SPEEDS,OBSERVED_FACT
4,27,Col des Fourches,,53.40,128.50,12:26:00,14:31:00,14:34:00,14:37:00,WAYPOINT,REFERENCE_SPEEDS,OBSERVED_FACT
4,28,MOUTHOUMET,,54.30,127.60,12:28:00,14:32:00,14:35:00,14:38:00,WAYPOINT,REFERENCE_SPEEDS,OBSERVED_FACT
4,29,Le Pont d'Orbieu (LANET),,58.10,123.80,12:33:00,14:36:00,14:40:00,14:43:00,WAYPOINT,REFERENCE_SPEEDS,OBSERVED_FACT
4,30,ALBIÈRES (près),,61.20,120.70,12:37:00,14:42:00,14:45:00,14:49:00,WAYPOINT,REFERENCE_SPEEDS,OBSERVED_FACT
4,31,Col du Paradis,,64.90,117.00,12:43:00,14:48:00,14:52:00,14:57:00,WAYPOINT,REFERENCE_SPEEDS,OBSERVED_FACT
4,32,ARQUES,,70.80,111.10,12:51:00,14:56:00,15:00:00,15:04:00,WAYPOINT,REFERENCE_SPEEDS,OBSERVED_FACT
4,33,La Parade,,73.30,108.60,12:55:00,14:59:00,15:03:00,15:08:00,WAYPOINT,REFERENCE_SPEEDS,OBSERVED_FACT
4,34,Pébrières (PEYROLLES),,73.80,108.10,12:55:00,14:59:00,15:04:00,15:08:00,WAYPOINT,REFERENCE_SPEEDS,OBSERVED_FACT
4,35,Les Pontils (PEYROLLES),,74.50,107.40,12:56:00,15:00:00,15:04:00,15:09:00,WAYPOINT,REFERENCE_SPEEDS,OBSERVED_FACT
4,36,SERRES,,76.10,105.80,12:59:00,15:02:00,15:06:00,15:11:00,WAYPOINT,REFERENCE_SPEEDS,OBSERVED_FACT
4,37,Pachevan (près) (CASSAIGNES),,77.30,104.60,13:00:00,15:03:00,15:08:00,15:13:00,WAYPOINT,REFERENCE_SPEEDS,OBSERVED_FACT
4,38,COUSTAUSSA (près),,80.50,101.40,13:05:00,15:07:00,15:12:00,15:17:00,WAYPOINT,REFERENCE_SPEEDS,OBSERVED_FACT
4,39,COUIZA (D613-D118),,82.00,99.90,13:07:00,15:09:00,15:14:00,15:19:00,WAYPOINT,REFERENCE_SPEEDS,OBSERVED_FACT
4,40,ESPÉRAZA,,85.40,96.50,13:12:00,15:13:00,15:18:00,15:23:00,WAYPOINT,REFERENCE_SPEEDS,OBSERVED_FACT
4,41,D118 La Roquette,D118,86.30,95.60,13:13:00,15:14:00,15:19:00,15:25:00,WAYPOINT,REFERENCE_SPEEDS,OBSERVED_FACT
4,42,Campagne-les-Bains,,86.80,95.10,13:14:00,15:15:00,15:20:00,15:25:00,WAYPOINT,REFERENCE_SPEEDS,OBSERVED_FACT
4,43,CAMPAGNE SUR AUDE,,87.00,94.90,13:14:00,15:15:00,15:20:00,15:26:00,WAYPOINT,REFERENCE_SPEEDS,OBSERVED_FACT
4,44,QUILLAN (D118-D117) (entrée),,91.60,90.30,13:21:00,15:20:00,15:26:00,15:31:00,WAYPOINT,REFERENCE_SPEEDS,OBSERVED_FACT
4,45,QUILLAN,,93.40,88.50,13:23:00,15:23:00,15:28:00,15:34:00,WAYPOINT,REFERENCE_SPEEDS,OBSERVED_FACT
4,46,GINOLES (près),,96.80,85.10,13:28:00,15:29:00,15:34:00,15:41:00,WAYPOINT,REFERENCE_SPEEDS,OBSERVED_FACT
4,47,Col du Portel (près) (D117-D59),,99.20,82.70,13:32:00,15:33:00,15:39:00,15:46:00,WAYPOINT,REFERENCE_SPEEDS,OBSERVED_FACT
4,48,D59 Carrefour D59-D613,D59,100.30,81.60,13:33:00,15:35:00,15:41:00,15:48:00,WAYPOINT,REFERENCE_SPEEDS,OBSERVED_FACT
4,49,D613 COUDONS,D613,104.10,77.80,13:39:00,15:42:00,15:49:00,15:56:00,WAYPOINT,REFERENCE_SPEEDS,OBSERVED_FACT
4,50,Col de Coudons,,104.90,77.00,13:40:00,15:44:00,15:50:00,15:58:00,WAYPOINT,REFERENCE_SPEEDS,OBSERVED_FACT
4,51,Lapeyre (BELVIS),,108.40,73.50,13:45:00,15:48:00,15:55:00,16:02:00,WAYPOINT,REFERENCE_SPEEDS,OBSERVED_FACT
4,52,ESPEZEL,,116.00,65.90,13:56:00,15:57:00,16:04:00,16:12:00,WAYPOINT,REFERENCE_SPEEDS,OBSERVED_FACT
4,53,D829 ROQUEFEUIL (près) (D613-D29),D829,118.00,63.90,13:58:00,15:59:00,16:07:00,16:15:00,WAYPOINT,REFERENCE_SPEEDS,OBSERVED_FACT
4,54,D29 Hameau de Larémassadou,D29,120.30,61.60,14:02:00,16:02:00,16:10:00,16:18:00,WAYPOINT,REFERENCE_SPEEDS,OBSERVED_FACT
4,55,ARIÈGE (09),,,,14:06:00,16:06:00,16:14:00,16:22:00,ADMIN_BOUNDARY,REFERENCE_SPEEDS,OBSERVED_FACT
4,56,D16 Col de la Croix des Morts,D16,125.40,56.50,14:09:00,16:08:00,16:16:00,16:25:00,WAYPOINT,REFERENCE_SPEEDS,OBSERVED_FACT
4,57,BÉLESTA (D16-D9),,132.20,49.70,14:19:00,16:17:00,16:25:00,16:33:00,WAYPOINT,REFERENCE_SPEEDS,OBSERVED_FACT
4,58,D9 Fontaine de Fontestorbes,D9,133.50,48.40,14:21:00,16:18:00,16:26:00,16:35:00,WAYPOINT,REFERENCE_SPEEDS,OBSERVED_FACT
4,59,La Barraque,,134.30,47.60,14:22:00,16:19:00,16:27:00,16:36:00,WAYPOINT,REFERENCE_SPEEDS,OBSERVED_FACT
4,60,FOUGAX-ET-BARRINEUF,,135.20,46.70,14:23:00,16:20:00,16:29:00,16:38:00,WAYPOINT,REFERENCE_SPEEDS,OBSERVED_FACT
4,61,Plaine Saint-Nicolas,,137.90,44.00,14:27:00,16:24:00,16:32:00,16:42:00,WAYPOINT,REFERENCE_SPEEDS,OBSERVED_FACT
4,62,Serrelongue (près) (BÉNAIX),,141.70,40.20,14:32:00,16:30:00,16:39:00,16:49:00,WAYPOINT,REFERENCE_SPEEDS,OBSERVED_FACT
4,63,MONTSÉGUR,,144.90,37.00,14:37:00,16:37:00,16:46:00,16:56:00,WAYPOINT,REFERENCE_SPEEDS,OBSERVED_FACT
4,64,Col de Montségur,,146.70,35.20,14:39:00,16:41:00,16:50:00,17:01:00,WAYPOINT,REFERENCE_SPEEDS,OBSERVED_FACT
4,65,MONTFERRIER,,150.90,31.00,14:46:00,16:46:00,16:56:00,17:06:00,WAYPOINT,REFERENCE_SPEEDS,OBSERVED_FACT
4,66,VILLENEUVE-D'OLMES,,153.10,28.80,14:49:00,16:48:00,16:58:00,17:09:00,WAYPOINT,REFERENCE_SPEEDS,OBSERVED_FACT
4,67,Les Chaubets (D9-D117),,155.20,26.70,14:52:00,16:51:00,17:01:00,17:12:00,WAYPOINT,REFERENCE_SPEEDS,OBSERVED_FACT
4,68,D117 LAVELANET (D117-VC-D10),D117,156.00,25.90,14:53:00,16:52:00,17:02:00,17:13:00,WAYPOINT,REFERENCE_SPEEDS,OBSERVED_FACT
4,69,D10 RAISSAC,D10,160.30,21.60,14:59:00,16:57:00,17:07:00,17:19:00,WAYPOINT,REFERENCE_SPEEDS,OBSERVED_FACT
4,70,Tanière,,162.80,19.10,15:03:00,17:00:00,17:10:00,17:22:00,WAYPOINT,REFERENCE_SPEEDS,OBSERVED_FACT
4,71,ILHAT (près),,164.40,17.50,15:05:00,17:02:00,17:12:00,17:24:00,WAYPOINT,REFERENCE_SPEEDS,OBSERVED_FACT
4,72,Rapy (D10-D1),,164.70,17.20,15:05:00,17:02:00,17:13:00,17:24:00,WAYPOINT,REFERENCE_SPEEDS,OBSERVED_FACT
4,73,Le Carol (ROQUEFORT-LES-CASCADES),,166.50,15.40,15:08:00,17:04:00,17:15:00,17:27:00,WAYPOINT,REFERENCE_SPEEDS,OBSERVED_FACT
4,74,Le Pradet (ROQUEFORT-LES-CASCADES),,169.40,12.50,15:12:00,17:08:00,17:19:00,17:30:00,WAYPOINT,REFERENCE_SPEEDS,OBSERVED_FACT
4,75,Le Sabarthès (L'HERM),,173.20,8.70,15:17:00,17:12:00,17:23:00,17:35:00,WAYPOINT,REFERENCE_SPEEDS,OBSERVED_FACT
4,76,Le Général (ARABAUX),,176.90,5.00,15:23:00,17:17:00,17:28:00,17:40:00,WAYPOINT,REFERENCE_SPEEDS,OBSERVED_FACT
4,77,Le Barbié (ARABAUX),,178.10,3.80,15:24:00,17:18:00,17:29:00,17:42:00,WAYPOINT,REFERENCE_SPEEDS,OBSERVED_FACT
4,78,FOIX (D1-D919-D117) (entrée),,179.80,2.10,15:27:00,17:20:00,17:32:00,17:44:00,WAYPOINT,REFERENCE_SPEEDS,OBSERVED_FACT
4,79,D117 FOIX,D117,181.90,0.00,15:30:00,17:23:00,17:34:00,17:47:00,WAYPOINT,REFERENCE_SPEEDS,OBSERVED_FACT
5,1,FRANCE,,,,11:50:00,14:05:00,14:05:00,14:05:00,ADMIN_BOUNDARY,REFERENCE_SPEEDS,OBSERVED_FACT
5,2,HAUTES-PYRÉNÉES (65),,,,11:50:00,14:05:00,14:05:00,14:05:00,ADMIN_BOUNDARY,REFERENCE_SPEEDS,OBSERVED_FACT
5,3,VC LANNEMEZAN (VC-D939-D817-D10),VC,0.00,158.30,11:50:00,14:05:00,14:05:00,14:05:00,WAYPOINT,REFERENCE_SPEEDS,OBSERVED_FACT
5,4,D10 Passage à niveau N° 126.,D10,0.00,158.30,11:55:00,14:10:00,14:10:00,14:10:00,WAYPOINT,REFERENCE_SPEEDS,OBSERVED_FACT
5,5,Carrefour D10-D929,,0.00,158.30,11:56:00,14:11:00,14:11:00,14:11:00,WAYPOINT,REFERENCE_SPEEDS,OBSERVED_FACT
5,6,D929 Passage à niveau N° 125.,D929,0.00,158.30,11:57:00,14:12:00,14:12:00,14:12:00,WAYPOINT,REFERENCE_SPEEDS,OBSERVED_FACT
5,7,LANNEMEZAN,,0.00,158.30,12:00:00,14:15:00,14:15:00,14:15:00,WAYPOINT,REFERENCE_SPEEDS,OBSERVED_FACT
5,8,UGLAS (près),,1.00,157.30,12:01:00,14:16:00,14:16:00,14:16:00,WAYPOINT,REFERENCE_SPEEDS,OBSERVED_FACT
5,9,Bordes Plégades (RÉJAUMONT),,1.80,156.50,12:02:00,14:17:00,14:17:00,14:17:00,WAYPOINT,REFERENCE_SPEEDS,OBSERVED_FACT
5,10,TAJAN (près),,6.10,152.20,12:08:00,14:23:00,14:23:00,14:23:00,WAYPOINT,REFERENCE_SPEEDS,OBSERVED_FACT
5,11,MONLONG,,9.30,149.00,12:13:00,14:27:00,14:27:00,14:28:00,WAYPOINT,REFERENCE_SPEEDS,OBSERVED_FACT
5,12,La Plaine,,11.50,146.80,12:16:00,14:30:00,14:30:00,14:31:00,WAYPOINT,REFERENCE_SPEEDS,OBSERVED_FACT
5,13,GAUSSAN (près),,12.80,145.50,12:18:00,14:31:00,14:32:00,14:33:00,WAYPOINT,REFERENCE_SPEEDS,OBSERVED_FACT
5,14,La Bourie (LARAN),,13.40,144.90,12:19:00,14:32:00,14:33:00,14:34:00,WAYPOINT,REFERENCE_SPEEDS,OBSERVED_FACT
5,15,Le Goua (près) (MONLÉON-MAGNOAC),,14.80,143.50,12:21:00,14:34:00,14:35:00,14:36:00,WAYPOINT,REFERENCE_SPEEDS,OBSERVED_FACT
5,16,Cantaou (CIZOS),,16.40,141.90,12:23:00,14:36:00,14:37:00,14:38:00,WAYPOINT,REFERENCE_SPEEDS,OBSERVED_FACT
5,17,CASTELNAU-MAGNOAC (D929-D632),,20.30,138.00,12:28:00,14:41:00,14:42:00,14:43:00,WAYPOINT,REFERENCE_SPEEDS,OBSERVED_FACT
5,18,D632 Lac du Magnoac (LARROQUE),D632,22.20,136.10,12:31:00,14:43:00,14:45:00,14:46:00,WAYPOINT,REFERENCE_SPEEDS,OBSERVED_FACT
5,19,PUNTOUS,,24.40,133.90,12:34:00,14:46:00,14:47:00,14:49:00,WAYPOINT,REFERENCE_SPEEDS,OBSERVED_FACT
5,20,La Rivière,,25.90,132.40,12:36:00,14:48:00,14:50:00,14:51:00,WAYPOINT,REFERENCE_SPEEDS,OBSERVED_FACT
5,21,Lac de Puydarrieux (près) (PUYDARRIEUX),,29.80,128.50,12:41:00,14:53:00,14:55:00,14:56:00,WAYPOINT,REFERENCE_SPEEDS,OBSERVED_FACT
5,22,TRIE-SUR-BAÏSE (D632-D939),,35.10,123.20,12:49:00,15:00:00,15:02:00,15:04:00,WAYPOINT,REFERENCE_SPEEDS,OBSERVED_FACT
5,23,D939 Montine (près) (FONTRAILLES),D939,37.70,120.60,12:53:00,15:03:00,15:05:00,15:08:00,WAYPOINT,REFERENCE_SPEEDS,OBSERVED_FACT
5,24,GERS (32),,,,12:55:00,15:05:00,15:08:00,15:10:00,ADMIN_BOUNDARY,REFERENCE_SPEEDS,OBSERVED_FACT
5,25,Montagnan (BARCUGNAN),,40.10,118.20,12:56:00,15:06:00,15:08:00,15:11:00,WAYPOINT,REFERENCE_SPEEDS,OBSERVED_FACT
5,26,Tire-Houec (près) (MANAS-BASTANOUS),,41.60,116.70,12:58:00,15:08:00,15:10:00,15:13:00,WAYPOINT,REFERENCE_SPEEDS,OBSERVED_FACT
5,27,La Carrère (BARCUGNAN),,42.70,115.60,12:59:00,15:09:00,15:12:00,15:14:00,WAYPOINT,REFERENCE_SPEEDS,OBSERVED_FACT
5,28,SAINT-MICHEL,,48.10,110.20,13:07:00,15:16:00,15:19:00,15:22:00,WAYPOINT,REFERENCE_SPEEDS,OBSERVED_FACT
5,29,BERDOUES,,54.60,103.70,13:16:00,15:25:00,15:28:00,15:31:00,WAYPOINT,REFERENCE_SPEEDS,OBSERVED_FACT
5,30,MIRANDE (D939-D1021-D137),,57.80,100.50,13:21:00,15:29:00,15:32:00,15:36:00,WAYPOINT,REFERENCE_SPEEDS,OBSERVED_FACT
5,31,D137 Le Couy (ESTIPOUY),D137,62.80,95.50,13:28:00,15:35:00,15:39:00,15:43:00,WAYPOINT,REFERENCE_SPEEDS,OBSERVED_FACT
5,32,MONTESQUIOU (D137-D943),,69.50,88.80,13:37:00,15:44:00,15:48:00,15:52:00,WAYPOINT,REFERENCE_SPEEDS,OBSERVED_FACT
5,33,D943 BASSOUES (D943-VC-D943),D943,76.80,81.50,13:47:00,15:53:00,15:57:00,16:02:00,WAYPOINT,REFERENCE_SPEEDS,OBSERVED_FACT
5,34,MASCARAS,,82.60,75.70,13:55:00,16:00:00,16:05:00,16:10:00,WAYPOINT,REFERENCE_SPEEDS,OBSERVED_FACT
5,35,La Gravette (SAINT-CHRISTAUD) (près),,84.10,74.20,13:57:00,16:02:00,16:07:00,16:12:00,WAYPOINT,REFERENCE_SPEEDS,OBSERVED_FACT
5,36,LAVERAËT,,86.20,72.10,14:00:00,16:05:00,16:10:00,16:15:00,WAYPOINT,REFERENCE_SPEEDS,OBSERVED_FACT
5,37,MARCIAC (D943-D3-D3 B-D943),,90.80,67.50,14:07:00,16:11:00,16:16:00,16:22:00,WAYPOINT,REFERENCE_SPEEDS,OBSERVED_FACT
5,38,ARMENTIEUX (près),,97.40,60.90,14:16:00,16:19:00,16:25:00,16:31:00,WAYPOINT,REFERENCE_SPEEDS,OBSERVED_FACT
5,39,HAUTES-PYRÉNÉES (65),,,,14:17:00,16:20:00,16:26:00,16:32:00,ADMIN_BOUNDARY,REFERENCE_SPEEDS,OBSERVED_FACT
5,40,Tucoulet (près) (AURIÉBAT),,98.50,59.80,14:17:00,16:21:00,16:26:00,16:32:00,WAYPOINT,REFERENCE_SPEEDS,OBSERVED_FACT
5,41,MAUBOURGUET (D943-D835-D935),,103.10,55.20,14:24:00,16:27:00,16:32:00,16:39:00,WAYPOINT,REFERENCE_SPEEDS,OBSERVED_FACT
5,42,D935 NOUILHAN,D935,109.50,48.80,14:33:00,16:35:00,16:41:00,16:48:00,WAYPOINT,REFERENCE_SPEEDS,OBSERVED_FACT
5,43,VIC-EN-BIGORRE (D935-D835-D6) (entrée),,112.90,45.40,14:37:00,16:39:00,16:45:00,16:52:00,WAYPOINT,REFERENCE_SPEEDS,OBSERVED_FACT
5,44,D835 VIC-EN-BIGORRE,D835,113.50,44.80,14:38:00,16:40:00,16:46:00,16:53:00,WAYPOINT,REFERENCE_SPEEDS,OBSERVED_FACT
5,45,D6 SANOUS (près),D6,118.70,39.60,14:45:00,16:46:00,16:53:00,17:00:00,WAYPOINT,REFERENCE_SPEEDS,OBSERVED_FACT
5,46,PYRÉNÉES-ATLANTIQUES (64),,,,14:46:00,16:47:00,16:54:00,17:01:00,ADMIN_BOUNDARY,REFERENCE_SPEEDS,OBSERVED_FACT
5,47,D7 CASTEIDE-DOAT,D7,119.90,38.40,14:47:00,16:48:00,16:55:00,17:02:00,WAYPOINT,REFERENCE_SPEEDS,OBSERVED_FACT
5,48,LAMAYOU (près),,122.20,36.10,14:50:00,16:51:00,16:58:00,17:05:00,WAYPOINT,REFERENCE_SPEEDS,OBSERVED_FACT
5,49,Viellepinte (près) (PONTIACQ-VIELLEPINTE),,125.00,33.30,14:54:00,16:55:00,17:02:00,17:09:00,WAYPOINT,REFERENCE_SPEEDS,OBSERVED_FACT
5,50,MAURE (près),,127.10,31.20,14:57:00,16:57:00,17:04:00,17:12:00,WAYPOINT,REFERENCE_SPEEDS,OBSERVED_FACT
5,51,Castelnau (près) (MOMY),,128.90,29.40,15:00:00,16:59:00,17:07:00,17:15:00,WAYPOINT,REFERENCE_SPEEDS,OBSERVED_FACT
5,52,BALEIX,,131.40,26.90,15:03:00,17:03:00,17:10:00,17:18:00,WAYPOINT,REFERENCE_SPEEDS,OBSERVED_FACT
5,53,Côte de Baleix,,132.70,25.60,15:05:00,17:04:00,17:12:00,17:20:00,WAYPOINT,REFERENCE_SPEEDS,OBSERVED_FACT
5,54,GABASTON,,138.20,20.10,15:13:00,17:11:00,17:19:00,17:28:00,WAYPOINT,REFERENCE_SPEEDS,OBSERVED_FACT
5,55,SAINT-JAMMES (D7-D943),,141.40,16.90,15:17:00,17:15:00,17:23:00,17:32:00,WAYPOINT,REFERENCE_SPEEDS,OBSERVED_FACT
5,56,D943 MORLAÀS,D943,143.40,14.90,15:20:00,17:18:00,17:26:00,17:35:00,WAYPOINT,REFERENCE_SPEEDS,OBSERVED_FACT
5,57,Quartier Haute-Vue,,146.60,11.70,15:25:00,17:22:00,17:30:00,17:40:00,WAYPOINT,REFERENCE_SPEEDS,OBSERVED_FACT
5,58,Quartier Berlanne,,148.70,9.60,15:27:00,17:25:00,17:33:00,17:42:00,WAYPOINT,REFERENCE_SPEEDS,OBSERVED_FACT
5,59,PAU (D943-VC) (entrée),,150.40,7.90,15:30:00,17:27:00,17:35:00,17:45:00,WAYPOINT,REFERENCE_SPEEDS,OBSERVED_FACT
5,60,VC PAU,VC,158.30,0.00,15:41:00,17:37:00,17:46:00,17:56:00,WAYPOINT,REFERENCE_SPEEDS,OBSERVED_FACT
6,1,FRANCE,,,,10:00:00,12:25:00,12:25:00,12:25:00,ADMIN_BOUNDARY,REFERENCE_SPEEDS,OBSERVED_FACT
6,2,PYRÉNÉES-ATLANTIQUES (64),,,,10:00:00,12:25:00,12:25:00,12:25:00,ADMIN_BOUNDARY,REFERENCE_SPEEDS,OBSERVED_FACT
6,3,VC PAU,VC,0.00,186.20,10:00:00,12:25:00,12:25:00,12:25:00,WAYPOINT,REFERENCE_SPEEDS,OBSERVED_FACT
6,4,JURANÇON,,0.00,186.20,10:08:00,12:35:00,12:34:00,12:34:00,WAYPOINT,REFERENCE_SPEEDS,OBSERVED_FACT
6,5,PAU (VC-D37),,0.00,186.20,10:09:00,12:35:00,12:35:00,12:35:00,WAYPOINT,REFERENCE_SPEEDS,OBSERVED_FACT
6,6,D37 Passage à niveau N° 3.,D37,0.00,186.20,10:11:00,12:36:00,12:36:00,12:36:00,WAYPOINT,REFERENCE_SPEEDS,OBSERVED_FACT
6,7,GELOS,,0.00,186.20,10:11:00,12:37:00,12:36:00,12:36:00,WAYPOINT,REFERENCE_SPEEDS,OBSERVED_FACT
6,8,MAZÈRES-LEZONS (D37-D802),,0.00,186.20,10:14:00,12:39:00,12:39:00,12:39:00,WAYPOINT,REFERENCE_SPEEDS,OBSERVED_FACT
6,9,D802 PAU,D802,0.00,186.20,10:15:00,12:40:00,12:40:00,12:40:00,WAYPOINT,REFERENCE_SPEEDS,OBSERVED_FACT
6,10,BIZANOS (près),,0.90,185.30,10:17:00,12:41:00,12:41:00,12:41:00,WAYPOINT,REFERENCE_SPEEDS,OBSERVED_FACT
6,11,Tunnel de Franqueville,,1.10,185.10,10:17:00,12:42:00,12:42:00,12:42:00,WAYPOINT,REFERENCE_SPEEDS,OBSERVED_FACT
6,12,Carrefour D802-D938,,2.00,184.20,10:19:00,12:43:00,12:43:00,12:43:00,WAYPOINT,REFERENCE_SPEEDS,OBSERVED_FACT
6,13,D938 IDRON (près),D938,3.00,183.20,10:21:00,12:44:00,12:45:00,12:45:00,WAYPOINT,REFERENCE_SPEEDS,OBSERVED_FACT
6,14,MEILLON (près),,4.80,181.40,10:24:00,12:47:00,12:47:00,12:48:00,WAYPOINT,REFERENCE_SPEEDS,OBSERVED_FACT
6,15,ASSAT (près),,7.20,179.00,10:28:00,12:51:00,12:51:00,12:52:00,WAYPOINT,REFERENCE_SPEEDS,OBSERVED_FACT
6,16,BORDES (près),,9.50,176.70,10:33:00,12:54:00,12:55:00,12:56:00,WAYPOINT,REFERENCE_SPEEDS,OBSERVED_FACT
6,17,BOEIL-BEZING (près),,12.00,174.20,10:37:00,12:58:00,12:59:00,13:00:00,WAYPOINT,REFERENCE_SPEEDS,OBSERVED_FACT
6,18,MIREPEIX (près),,15.60,170.60,10:44:00,13:03:00,13:05:00,13:06:00,WAYPOINT,REFERENCE_SPEEDS,OBSERVED_FACT
6,19,COARRAZE,,17.20,169.00,10:47:00,13:06:00,13:07:00,13:09:00,WAYPOINT,REFERENCE_SPEEDS,OBSERVED_FACT
6,20,IGON (près) (D938-D937),,20.80,165.40,10:54:00,13:11:00,13:13:00,13:15:00,WAYPOINT,REFERENCE_SPEEDS,OBSERVED_FACT
6,21,D937 LESTELLE-BÉTHARRAM,D937,22.90,163.30,10:58:00,13:14:00,13:16:00,13:18:00,WAYPOINT,REFERENCE_SPEEDS,OBSERVED_FACT
6,22,MONTAUT,,24.50,161.70,11:01:00,13:17:00,13:19:00,13:21:00,WAYPOINT,REFERENCE_SPEEDS,OBSERVED_FACT
6,23,HAUTES-PYRÉNÉES (65),,,,11:04:00,13:19:00,13:21:00,13:23:00,ADMIN_BOUNDARY,REFERENCE_SPEEDS,OBSERVED_FACT
6,24,Passage à niveau N° 192.,,27.10,159.10,11:06:00,13:21:00,13:23:00,13:25:00,WAYPOINT,REFERENCE_SPEEDS,OBSERVED_FACT
6,25,SAINT-PÉ-DE-BIGORRE,,28.10,158.10,11:08:00,13:22:00,13:24:00,13:27:00,WAYPOINT,REFERENCE_SPEEDS,OBSERVED_FACT
6,26,PEYROUSE,,32.90,153.30,11:17:00,13:29:00,13:32:00,13:35:00,WAYPOINT,REFERENCE_SPEEDS,OBSERVED_FACT
6,27,Carrefour D937-D13,,36.60,149.60,11:24:00,13:35:00,13:38:00,13:41:00,WAYPOINT,REFERENCE_SPEEDS,OBSERVED_FACT
6,28,D13 Passage à niveau N° 182.,D13,36.70,149.50,11:24:00,13:35:00,13:38:00,13:41:00,WAYPOINT,REFERENCE_SPEEDS,OBSERVED_FACT
6,29,LOURDES (D13-VC-D937),,37.50,148.70,11:25:00,13:36:00,13:39:00,13:42:00,WAYPOINT,REFERENCE_SPEEDS,OBSERVED_FACT
6,30,D937 LÉZIGNAN (près),D937,44.30,141.90,11:38:00,13:46:00,13:50:00,13:54:00,WAYPOINT,REFERENCE_SPEEDS,OBSERVED_FACT
6,31,ARCIZAC-EZ-ANGLES,,44.80,141.40,11:39:00,13:47:00,13:51:00,13:55:00,WAYPOINT,REFERENCE_SPEEDS,OBSERVED_FACT
6,32,ESCOUBÈS-POUTS,,47.20,139.00,11:43:00,13:51:00,13:54:00,13:59:00,WAYPOINT,REFERENCE_SPEEDS,OBSERVED_FACT
6,33,Le Hameau (ORINCLES),,48.90,137.30,11:47:00,13:53:00,13:57:00,14:01:00,WAYPOINT,REFERENCE_SPEEDS,OBSERVED_FACT
6,34,Côte de Loucrup,,50.90,135.30,11:50:00,13:57:00,14:01:00,14:06:00,WAYPOINT,REFERENCE_SPEEDS,OBSERVED_FACT
6,35,LOUCRUP,,50.90,135.30,11:50:00,13:57:00,14:01:00,14:06:00,WAYPOINT,REFERENCE_SPEEDS,OBSERVED_FACT
6,36,MONTGAILLARD,,54.10,132.10,11:56:00,14:01:00,14:05:00,14:10:00,WAYPOINT,REFERENCE_SPEEDS,OBSERVED_FACT
6,37,Carrefour D937-D935,,54.90,131.30,11:58:00,14:02:00,14:06:00,14:11:00,WAYPOINT,REFERENCE_SPEEDS,OBSERVED_FACT
6,38,D935 TRÉBONS,D935,55.80,130.40,12:00:00,14:03:00,14:08:00,14:13:00,WAYPOINT,REFERENCE_SPEEDS,OBSERVED_FACT
6,39,POUZAC (entrée),,58.00,128.20,12:04:00,14:06:00,14:11:00,14:16:00,WAYPOINT,REFERENCE_SPEEDS,OBSERVED_FACT
6,40,POUZAC,,59.10,127.10,12:06:00,14:07:00,14:12:00,14:17:00,WAYPOINT,REFERENCE_SPEEDS,OBSERVED_FACT
6,41,BAGNÈRES-DE-BIGORRE (D935-VC-D935-D938),,60.10,126.10,12:08:00,14:09:00,14:13:00,14:19:00,WAYPOINT,REFERENCE_SPEEDS,OBSERVED_FACT
6,42,D938 Quartier Haut de la Côte,D938,63.80,122.40,12:15:00,14:13:00,14:18:00,14:24:00,WAYPOINT,REFERENCE_SPEEDS,OBSERVED_FACT
6,43,La Coume (près) (MÉRILHEU),,65.50,120.70,12:18:00,14:16:00,14:21:00,14:26:00,WAYPOINT,REFERENCE_SPEEDS,OBSERVED_FACT
6,44,CIEUTAT,,67.40,118.80,12:21:00,14:18:00,14:23:00,14:29:00,WAYPOINT,REFERENCE_SPEEDS,OBSERVED_FACT
6,45,Abbaye de l'Escaladieu (BONNEMAZON),,73.90,112.30,12:34:00,14:26:00,14:32:00,14:38:00,WAYPOINT,REFERENCE_SPEEDS,OBSERVED_FACT
6,46,L'Escaladieu (MAUVEZIN),,74.30,111.90,12:34:00,14:27:00,14:32:00,14:38:00,WAYPOINT,REFERENCE_SPEEDS,OBSERVED_FACT
6,47,MAUVEZIN,,77.10,109.10,12:39:00,14:32:00,14:38:00,14:44:00,WAYPOINT,REFERENCE_SPEEDS,OBSERVED_FACT
6,48,Côte de Mauvezin,,77.30,108.90,12:40:00,14:32:00,14:38:00,14:45:00,WAYPOINT,REFERENCE_SPEEDS,OBSERVED_FACT
6,49,CAPVERN,,79.80,106.40,12:45:00,14:36:00,14:42:00,14:48:00,WAYPOINT,REFERENCE_SPEEDS,OBSERVED_FACT
6,50,Avezac-Gare (D938-D929 A) (AVEZAC-PRAT-LAHITTE),,85.10,101.10,12:54:00,14:43:00,14:49:00,14:56:00,WAYPOINT,REFERENCE_SPEEDS,OBSERVED_FACT
6,51,Passage à niveau :,,85.50,100.70,12:55:00,14:43:00,14:50:00,14:57:00,WAYPOINT,REFERENCE_SPEEDS,OBSERVED_FACT
6,52,D929 A Carrefour D929 A-D929,D929 A,91.80,94.40,13:07:00,14:52:00,14:58:00,15:06:00,WAYPOINT,REFERENCE_SPEEDS,OBSERVED_FACT
6,53,D929 HÈCHES,D929,92.30,93.90,13:08:00,14:52:00,14:59:00,15:07:00,WAYPOINT,REFERENCE_SPEEDS,OBSERVED_FACT
6,54,Rebouc,,94.90,91.30,13:13:00,14:56:00,15:03:00,15:10:00,WAYPOINT,REFERENCE_SPEEDS,OBSERVED_FACT
6,55,SARRANCOLIN,,98.00,88.20,13:19:00,15:00:00,15:07:00,15:15:00,WAYPOINT,REFERENCE_SPEEDS,OBSERVED_FACT
6,56,Beyrède (BEYRÈDE-JUMET-CAMOUS),,99.80,86.40,13:22:00,15:02:00,15:10:00,15:18:00,WAYPOINT,REFERENCE_SPEEDS,OBSERVED_FACT
6,57,Escalère (BEYRÈDE-JUMET-CAMOUS),,101.10,85.10,13:24:00,15:04:00,15:11:00,15:20:00,WAYPOINT,REFERENCE_SPEEDS,OBSERVED_FACT
6,58,ARREAU (D929-D918),,106.00,80.20,13:34:00,15:11:00,15:18:00,15:27:00,WAYPOINT,REFERENCE_SPEEDS,OBSERVED_FACT
6,59,D918 Le Plagnou (près) (ASPIN-AURE),D918,108.10,78.10,13:38:00,15:15:00,15:23:00,15:32:00,WAYPOINT,REFERENCE_SPEEDS,OBSERVED_FACT
6,60,Col d'Aspin,,118.10,68.10,13:56:00,15:37:00,15:47:00,15:58:00,WAYPOINT,REFERENCE_SPEEDS,OBSERVED_FACT
6,61,Payolle (CAMPAN),,122.90,63.30,14:05:00,15:43:00,15:53:00,16:04:00,WAYPOINT,REFERENCE_SPEEDS,OBSERVED_FACT
6,62,La Séoube (CAMPAN),,126.60,59.60,14:12:00,15:47:00,15:57:00,16:09:00,WAYPOINT,REFERENCE_SPEEDS,OBSERVED_FACT
6,63,Hountmelouse (CAMPAN),,127.70,58.50,14:14:00,15:49:00,15:59:00,16:10:00,WAYPOINT,REFERENCE_SPEEDS,OBSERVED_FACT
6,64,Mariouse Daban (CAMPAN),,128.40,57.80,14:16:00,15:49:00,16:00:00,16:11:00,WAYPOINT,REFERENCE_SPEEDS,OBSERVED_FACT
6,65,Trassouet (CAMPAN),,129.30,56.90,14:17:00,15:50:00,16:01:00,16:12:00,WAYPOINT,REFERENCE_SPEEDS,OBSERVED_FACT
6,66,Sainte-Marie-de-Campan (CAMPAN),,130.20,56.00,14:19:00,15:52:00,16:02:00,16:13:00,WAYPOINT,REFERENCE_SPEEDS,OBSERVED_FACT
6,67,Les Bulanettes (CAMPAN),,131.10,55.10,14:21:00,15:53:00,16:03:00,16:14:00,WAYPOINT,REFERENCE_SPEEDS,OBSERVED_FACT
6,68,Las Basses (CAMPAN),,132.60,53.60,14:24:00,15:56:00,16:06:00,16:18:00,WAYPOINT,REFERENCE_SPEEDS,OBSERVED_FACT
6,69,Pas de la Barane (CAMPAN),,132.90,53.30,14:24:00,15:57:00,16:07:00,16:19:00,WAYPOINT,REFERENCE_SPEEDS,OBSERVED_FACT
6,70,Gripp (CAMPAN),,134.80,51.40,14:28:00,16:01:00,16:12:00,16:24:00,WAYPOINT,REFERENCE_SPEEDS,OBSERVED_FACT
6,71,Artigues (CAMPAN),,137.30,48.90,14:32:00,16:06:00,16:18:00,16:31:00,WAYPOINT,REFERENCE_SPEEDS,OBSERVED_FACT
6,72,La Mongie,,143.20,43.00,14:43:00,16:19:00,16:32:00,16:46:00,WAYPOINT,REFERENCE_SPEEDS,OBSERVED_FACT
6,73,Col du Tourmalet - Souvenir Jacques Goddet,,147.80,38.40,14:52:00,16:30:00,16:43:00,16:58:00,WAYPOINT,REFERENCE_SPEEDS,OBSERVED_FACT
6,74,Super Barèges,,152.40,33.80,15:01:00,16:35:00,16:48:00,17:03:00,WAYPOINT,REFERENCE_SPEEDS,OBSERVED_FACT
6,75,"Tournaboup (BARÈGES, SERS)",,156.00,30.20,15:07:00,16:38:00,16:52:00,17:07:00,WAYPOINT,REFERENCE_SPEEDS,OBSERVED_FACT
6,76,BARÈGES,,158.70,27.50,15:13:00,16:41:00,16:55:00,17:10:00,WAYPOINT,REFERENCE_SPEEDS,OBSERVED_FACT
6,77,BETPOUEY (près),,162.90,23.30,15:20:00,16:46:00,16:59:00,17:15:00,WAYPOINT,REFERENCE_SPEEDS,OBSERVED_FACT
6,78,Lonquere Garets (VIELLA),,164.40,21.80,15:23:00,16:47:00,17:01:00,17:17:00,WAYPOINT,REFERENCE_SPEEDS,OBSERVED_FACT
6,79,ESTERRE,,165.60,20.60,15:25:00,16:48:00,17:02:00,17:18:00,WAYPOINT,REFERENCE_SPEEDS,OBSERVED_FACT
6,80,LUZ-SAINT-SAUVEUR (D918-D921),,166.40,19.80,15:27:00,16:49:00,17:03:00,17:19:00,WAYPOINT,REFERENCE_SPEEDS,OBSERVED_FACT
6,81,D921 Sia,D921,171.00,15.20,15:36:00,16:58:00,17:12:00,17:29:00,WAYPOINT,REFERENCE_SPEEDS,OBSERVED_FACT
6,82,Pragnères,,173.50,12.70,15:40:00,17:03:00,17:18:00,17:35:00,WAYPOINT,REFERENCE_SPEEDS,OBSERVED_FACT
6,83,Gèdre,,177.30,8.90,15:47:00,17:11:00,17:26:00,17:44:00,WAYPOINT,REFERENCE_SPEEDS,OBSERVED_FACT
6,84,Biroulet,,180.10,6.10,15:53:00,17:17:00,17:33:00,17:51:00,WAYPOINT,REFERENCE_SPEEDS,OBSERVED_FACT
6,85,Chaos de Coumély,,181.50,4.70,15:55:00,17:19:00,17:36:00,17:54:00,WAYPOINT,REFERENCE_SPEEDS,OBSERVED_FACT
6,86,Couret,,182.60,3.60,15:57:00,17:22:00,17:38:00,17:57:00,WAYPOINT,REFERENCE_SPEEDS,OBSERVED_FACT
6,87,Gavarnie (D921-D128) (entrée),,185.60,0.60,16:03:00,17:28:00,17:45:00,18:04:00,WAYPOINT,REFERENCE_SPEEDS,OBSERVED_FACT
6,88,D128 GAVARNIE-GÈDRE (1 380 m),D128,186.20,0.00,16:04:00,17:29:00,17:46:00,18:05:00,WAYPOINT,REFERENCE_SPEEDS,OBSERVED_FACT
7,1,FRANCE,,,,10:50:00,13:15:00,13:15:00,13:15:00,ADMIN_BOUNDARY,REFERENCE_SPEEDS,OBSERVED_FACT
7,2,LANDES (40),,,,10:50:00,13:15:00,13:15:00,13:15:00,ADMIN_BOUNDARY,REFERENCE_SPEEDS,OBSERVED_FACT
7,3,VC HAGETMAU (VC-D933 S),VC,0.00,175.10,10:50:00,13:15:00,13:15:00,13:15:00,WAYPOINT,REFERENCE_SPEEDS,OBSERVED_FACT
7,4,D933 S HAGETMAU,D933 S,0.00,175.10,11:00:00,13:25:00,13:25:00,13:25:00,WAYPOINT,REFERENCE_SPEEDS,OBSERVED_FACT
7,5,Barrat (près) (HORSARRIEU),,3.00,172.10,11:05:00,13:29:00,13:29:00,13:29:00,WAYPOINT,REFERENCE_SPEEDS,OBSERVED_FACT
7,6,Menhir de Capdoubos (près) (SAINTE-COLOMBE),,3.20,171.90,11:05:00,13:29:00,13:29:00,13:29:00,WAYPOINT,REFERENCE_SPEEDS,OBSERVED_FACT
7,7,DUMES (près),,4.50,170.60,11:07:00,13:31:00,13:31:00,13:31:00,WAYPOINT,REFERENCE_SPEEDS,OBSERVED_FACT
7,8,SAINT-SEVER,,9.10,166.00,11:15:00,13:37:00,13:37:00,13:38:00,WAYPOINT,REFERENCE_SPEEDS,OBSERVED_FACT
7,9,BAS-MAUCO (près),,15.50,159.60,11:26:00,13:45:00,13:46:00,13:47:00,WAYPOINT,REFERENCE_SPEEDS,OBSERVED_FACT
7,10,Castagnet (près) (BENQUET),,18.80,156.30,11:31:00,13:49:00,13:51:00,13:52:00,WAYPOINT,REFERENCE_SPEEDS,OBSERVED_FACT
7,11,Quartier Sitton (près) (HAUT-MAUCO),,21.40,153.70,11:36:00,13:53:00,13:54:00,13:55:00,WAYPOINT,REFERENCE_SPEEDS,OBSERVED_FACT
7,12,SAINT-PIERRE-DU-MONT,,24.50,150.60,11:41:00,13:57:00,13:58:00,14:00:00,WAYPOINT,REFERENCE_SPEEDS,OBSERVED_FACT
7,13,MONT-DE-MARSAN (D933 S-VC-D53),,25.90,149.20,11:43:00,13:59:00,14:00:00,14:02:00,WAYPOINT,REFERENCE_SPEEDS,OBSERVED_FACT
7,14,Passage à niveau N° 29.,,26.20,148.90,11:44:00,13:59:00,14:01:00,14:02:00,WAYPOINT,REFERENCE_SPEEDS,OBSERVED_FACT
7,15,Carrefour D53-D53 E,,32.60,142.50,11:54:00,14:08:00,14:09:00,14:12:00,WAYPOINT,REFERENCE_SPEEDS,OBSERVED_FACT
7,16,D53 E Carrefour D53 E-D651,D53 E,35.90,139.20,12:00:00,14:12:00,14:14:00,14:16:00,WAYPOINT,REFERENCE_SPEEDS,OBSERVED_FACT
7,17,Parentis d'Uchacq (UCHACQ-ET-PARENTIS),,38.80,136.30,12:05:00,14:16:00,14:18:00,14:20:00,WAYPOINT,REFERENCE_SPEEDS,OBSERVED_FACT
7,18,CÈRE,,42.60,132.50,12:11:00,14:20:00,14:23:00,14:26:00,WAYPOINT,REFERENCE_SPEEDS,OBSERVED_FACT
7,19,BROCAS LES FORGES,,49.00,126.10,12:22:00,14:29:00,14:32:00,14:35:00,WAYPOINT,REFERENCE_SPEEDS,OBSERVED_FACT
7,20,LABRIT,,56.20,118.90,12:34:00,14:38:00,14:42:00,14:45:00,WAYPOINT,REFERENCE_SPEEDS,OBSERVED_FACT
7,21,LUXEY,,73.90,101.20,13:03:00,15:01:00,15:06:00,15:11:00,WAYPOINT,REFERENCE_SPEEDS,OBSERVED_FACT
7,22,SORE (D651-D43),,84.00,91.10,13:20:00,15:15:00,15:19:00,15:25:00,WAYPOINT,REFERENCE_SPEEDS,OBSERVED_FACT
7,23,GIRONDE (33),,,,13:33:00,15:25:00,15:30:00,15:36:00,ADMIN_BOUNDARY,REFERENCE_SPEEDS,OBSERVED_FACT
7,24,SAINT-SYMPHORIEN (D220-D3-D11),,98.30,76.80,13:44:00,15:33:00,15:39:00,15:45:00,WAYPOINT,REFERENCE_SPEEDS,OBSERVED_FACT
7,25,D11 Carrefour D11-D220,D11,103.20,71.90,13:52:00,15:40:00,15:46:00,15:52:00,WAYPOINT,REFERENCE_SPEEDS,OBSERVED_FACT
7,26,D220 ORIGNE (D220-D110-D220),D220,107.30,67.80,13:59:00,15:45:00,15:51:00,15:58:00,WAYPOINT,REFERENCE_SPEEDS,OBSERVED_FACT
7,27,Blaye,,108.70,66.40,14:01:00,15:47:00,15:53:00,16:00:00,WAYPOINT,REFERENCE_SPEEDS,OBSERVED_FACT
7,28,GUILLOS (D220-D125),,113.50,61.60,14:09:00,15:53:00,16:00:00,16:07:00,WAYPOINT,REFERENCE_SPEEDS,OBSERVED_FACT
7,29,D125 LANDIRAS (D125-D11) (entrée),D125,120.20,54.90,14:20:00,16:02:00,16:09:00,16:17:00,WAYPOINT,REFERENCE_SPEEDS,OBSERVED_FACT
7,30,LANDIRAS,,120.30,54.80,14:20:00,16:02:00,16:09:00,16:17:00,WAYPOINT,REFERENCE_SPEEDS,OBSERVED_FACT
7,31,D11 Artigues,D11,123.10,52.00,14:25:00,16:06:00,16:13:00,16:21:00,WAYPOINT,REFERENCE_SPEEDS,OBSERVED_FACT
7,32,ILLATS,,125.50,49.60,14:29:00,16:09:00,16:16:00,16:24:00,WAYPOINT,REFERENCE_SPEEDS,OBSERVED_FACT
7,33,Carrefour D11-D117 E2,,128.20,46.90,14:34:00,16:12:00,16:20:00,16:28:00,WAYPOINT,REFERENCE_SPEEDS,OBSERVED_FACT
7,34,CÉRONS (D117 E2-D117-D11),,131.10,44.00,14:38:00,16:16:00,16:24:00,16:32:00,WAYPOINT,REFERENCE_SPEEDS,OBSERVED_FACT
7,35,D11 CADILLAC-SUR-GARONNE (D11-D10-D10 E7),D11,133.90,41.20,14:43:00,16:20:00,16:28:00,16:36:00,WAYPOINT,REFERENCE_SPEEDS,OBSERVED_FACT
7,36,D10 E7 BÉGUEY (D10 E7-D13),D10 E7,134.30,40.80,14:44:00,16:20:00,16:28:00,16:37:00,WAYPOINT,REFERENCE_SPEEDS,OBSERVED_FACT
7,37,D13 Reynon,D13,136.00,39.10,14:47:00,16:22:00,16:30:00,16:39:00,WAYPOINT,REFERENCE_SPEEDS,OBSERVED_FACT
7,38,Côte de Béguey,,137.30,37.80,14:49:00,16:24:00,16:32:00,16:41:00,WAYPOINT,REFERENCE_SPEEDS,OBSERVED_FACT
7,39,Jourdan (près) (RIONS),,138.40,36.70,14:51:00,16:25:00,16:34:00,16:43:00,WAYPOINT,REFERENCE_SPEEDS,OBSERVED_FACT
7,40,CARDAN,,139.10,36.00,14:52:00,16:26:00,16:35:00,16:44:00,WAYPOINT,REFERENCE_SPEEDS,OBSERVED_FACT
7,41,Gaudin,,142.70,32.40,14:58:00,16:31:00,16:40:00,16:49:00,WAYPOINT,REFERENCE_SPEEDS,OBSERVED_FACT
7,42,CAPIAN,,144.10,31.00,15:00:00,16:33:00,16:41:00,16:51:00,WAYPOINT,REFERENCE_SPEEDS,OBSERVED_FACT
7,43,Carrefour D13-D140,,145.70,29.40,15:03:00,16:35:00,16:44:00,16:53:00,WAYPOINT,REFERENCE_SPEEDS,OBSERVED_FACT
7,44,D140 Carrefour D140-D239,D140,150.10,25.00,15:10:00,16:41:00,16:50:00,16:59:00,WAYPOINT,REFERENCE_SPEEDS,OBSERVED_FACT
7,45,D239 LANGOIRAN (D239-D240),D239,150.60,24.50,15:11:00,16:41:00,16:50:00,17:00:00,WAYPOINT,REFERENCE_SPEEDS,OBSERVED_FACT
7,46,D240 LE TOURNE (D240-D10 E6-D10),D240,151.50,23.60,15:12:00,16:43:00,16:51:00,17:01:00,WAYPOINT,REFERENCE_SPEEDS,OBSERVED_FACT
7,47,D10 Rouquey (TABANAC),D10,153.40,21.70,15:16:00,16:45:00,16:54:00,17:04:00,WAYPOINT,REFERENCE_SPEEDS,OBSERVED_FACT
7,48,BAURECH,,155.10,20.00,15:18:00,16:47:00,16:56:00,17:06:00,WAYPOINT,REFERENCE_SPEEDS,OBSERVED_FACT
7,49,CAMBES,,157.00,18.10,15:22:00,16:50:00,16:59:00,17:09:00,WAYPOINT,REFERENCE_SPEEDS,OBSERVED_FACT
7,50,"Esconac (CAMBES, QUINSAC)",,159.20,15.90,15:25:00,16:53:00,17:02:00,17:12:00,WAYPOINT,REFERENCE_SPEEDS,OBSERVED_FACT
7,51,Le Joucla,,160.10,15.00,15:27:00,16:54:00,17:03:00,17:14:00,WAYPOINT,REFERENCE_SPEEDS,OBSERVED_FACT
7,52,Bigueresse,,160.70,14.40,15:28:00,16:55:00,17:04:00,17:15:00,WAYPOINT,REFERENCE_SPEEDS,OBSERVED_FACT
7,53,QUINSAC (près),,162.00,13.10,15:30:00,16:56:00,17:06:00,17:16:00,WAYPOINT,REFERENCE_SPEEDS,OBSERVED_FACT
7,54,CAMBLANES-ET-MEYNAC,,163.30,11.80,15:32:00,16:58:00,17:08:00,17:18:00,WAYPOINT,REFERENCE_SPEEDS,OBSERVED_FACT
7,55,Carrefour D10-D113,,164.30,10.80,15:34:00,16:59:00,17:09:00,17:20:00,WAYPOINT,REFERENCE_SPEEDS,OBSERVED_FACT
7,56,D113 LATRESNE,D113,166.90,8.20,15:38:00,17:03:00,17:13:00,17:23:00,WAYPOINT,REFERENCE_SPEEDS,OBSERVED_FACT
7,57,BOULIAC (D113-VC),,169.10,6.00,15:42:00,17:06:00,17:16:00,17:27:00,WAYPOINT,REFERENCE_SPEEDS,OBSERVED_FACT
7,58,VC FLOIRAC,VC,169.60,5.50,15:43:00,17:06:00,17:16:00,17:27:00,WAYPOINT,REFERENCE_SPEEDS,OBSERVED_FACT
7,59,Pont Simone Veil,,170.60,4.50,15:44:00,17:07:00,17:18:00,17:29:00,WAYPOINT,REFERENCE_SPEEDS,OBSERVED_FACT
7,60,BORDEAUX (entrée),,171.20,3.90,15:45:00,17:08:00,17:18:00,17:30:00,WAYPOINT,REFERENCE_SPEEDS,OBSERVED_FACT
7,61,BORDEAUX,,175.10,0.00,15:52:00,17:13:00,17:24:00,17:35:00,WAYPOINT,REFERENCE_SPEEDS,OBSERVED_FACT
8,1,FRANCE,,,,11:00:00,13:15:00,13:15:00,13:15:00,ADMIN_BOUNDARY,REFERENCE_SPEEDS,OBSERVED_FACT
8,2,DORDOGNE (24),,,,11:00:00,13:15:00,13:15:00,13:15:00,ADMIN_BOUNDARY,REFERENCE_SPEEDS,OBSERVED_FACT
8,3,VC PÉRIGUEUX (VC-D6021-D6089),VC,0.00,180.40,11:00:00,13:15:00,13:15:00,13:15:00,WAYPOINT,REFERENCE_SPEEDS,OBSERVED_FACT
8,4,D6089 Boulazac (D6089-N221) (BOULAZAC ISLE MANOIRE),D6089,0.00,180.40,11:06:00,13:22:00,13:21:00,13:21:00,WAYPOINT,REFERENCE_SPEEDS,OBSERVED_FACT
8,5,N221 PÉRIGUEUX,N221,0.00,180.40,11:10:00,13:25:00,13:25:00,13:25:00,WAYPOINT,REFERENCE_SPEEDS,OBSERVED_FACT
8,6,Saint-Laurent-sur-Manoire (N221-D6089) (BOULAZAC ISLE MANOIRE),,2.40,178.00,11:13:00,13:28:00,13:28:00,13:28:00,WAYPOINT,REFERENCE_SPEEDS,OBSERVED_FACT
8,7,D6089 Niversac (BOULAZAC ISLE MANOIRE),D6089,4.90,175.50,11:17:00,13:31:00,13:32:00,13:32:00,WAYPOINT,REFERENCE_SPEEDS,OBSERVED_FACT
8,8,Passage à niveau N° 294.,,5.00,175.40,11:17:00,13:31:00,13:32:00,13:32:00,WAYPOINT,REFERENCE_SPEEDS,OBSERVED_FACT
8,9,Sainte-Marie-de-Chignac (BOULAZAC ISLE MANOIRE),,6.10,174.30,11:19:00,13:33:00,13:33:00,13:34:00,WAYPOINT,REFERENCE_SPEEDS,OBSERVED_FACT
8,10,SAINT-PIERRE-DE-CHIGNAC,,8.40,172.00,11:22:00,13:36:00,13:36:00,13:37:00,WAYPOINT,REFERENCE_SPEEDS,OBSERVED_FACT
8,11,SAINT-CRÉPIN-D'AUBEROCHE,,11.40,169.00,11:26:00,13:40:00,13:41:00,13:41:00,WAYPOINT,REFERENCE_SPEEDS,OBSERVED_FACT
8,12,Milhac Gare (BASSILLAC ET AUBEROCHE),,14.10,166.30,11:30:00,13:43:00,13:44:00,13:45:00,WAYPOINT,REFERENCE_SPEEDS,OBSERVED_FACT
8,13,La Chènevrière,,17.50,162.90,11:35:00,13:48:00,13:49:00,13:50:00,WAYPOINT,REFERENCE_SPEEDS,OBSERVED_FACT
8,14,FOSSEMAGNE,,19.40,161.00,11:38:00,13:50:00,13:51:00,13:53:00,WAYPOINT,REFERENCE_SPEEDS,OBSERVED_FACT
8,15,THENON (D6089-D67),,26.20,154.20,11:47:00,13:59:00,14:01:00,14:02:00,WAYPOINT,REFERENCE_SPEEDS,OBSERVED_FACT
8,16,D67 La Rivière,D67,31.50,148.90,11:55:00,14:06:00,14:08:00,14:10:00,WAYPOINT,REFERENCE_SPEEDS,OBSERVED_FACT
8,17,AURIAC-DU-PÉRIGORD,,34.30,146.10,11:59:00,14:10:00,14:12:00,14:14:00,WAYPOINT,REFERENCE_SPEEDS,OBSERVED_FACT
8,18,Carrefour D67-D704,,39.70,140.70,12:07:00,14:17:00,14:19:00,14:22:00,WAYPOINT,REFERENCE_SPEEDS,OBSERVED_FACT
8,19,D704 MONTIGNAC-LASCAUX (D704-D704 E2-D704-D704 E1-VC-D704-D65),D704,40.00,140.40,12:07:00,14:17:00,14:19:00,14:22:00,WAYPOINT,REFERENCE_SPEEDS,OBSERVED_FACT
8,20,D65 Les Bories (près) (VALOJOULX),D65,47.90,132.50,12:18:00,14:27:00,14:30:00,14:33:00,WAYPOINT,REFERENCE_SPEEDS,OBSERVED_FACT
8,21,Carrefour D65-D65 E,,50.30,130.10,12:22:00,14:31:00,14:34:00,14:37:00,WAYPOINT,REFERENCE_SPEEDS,OBSERVED_FACT
8,22,D65 E THONAC (D65 E-D706),D65 E,50.50,129.90,12:22:00,14:31:00,14:34:00,14:37:00,WAYPOINT,REFERENCE_SPEEDS,OBSERVED_FACT
8,23,D706 SAINT-LÉON-SUR-VÉZÈRE (près),D706,54.30,126.10,12:27:00,14:36:00,14:39:00,14:42:00,WAYPOINT,REFERENCE_SPEEDS,OBSERVED_FACT
8,24,Le Moustier (PEYZAC-LE-MOUSTIER),,59.20,121.20,12:35:00,14:42:00,14:46:00,14:50:00,WAYPOINT,REFERENCE_SPEEDS,OBSERVED_FACT
8,25,Roche Morel (PEYZAC-LE-MOUSTIER),,59.90,120.50,12:35:00,14:43:00,14:47:00,14:50:00,WAYPOINT,REFERENCE_SPEEDS,OBSERVED_FACT
8,26,Maison Forte de Reignac,,61.40,119.00,12:38:00,14:45:00,14:49:00,14:53:00,WAYPOINT,REFERENCE_SPEEDS,OBSERVED_FACT
8,27,TURSAC,,63.10,117.30,12:40:00,14:47:00,14:51:00,14:55:00,WAYPOINT,REFERENCE_SPEEDS,OBSERVED_FACT
8,28,Les Cugnes,,66.00,114.40,12:44:00,14:51:00,14:55:00,14:59:00,WAYPOINT,REFERENCE_SPEEDS,OBSERVED_FACT
8,29,LES EYZIES (D706-D47),,68.30,112.10,12:47:00,14:54:00,14:58:00,15:02:00,WAYPOINT,REFERENCE_SPEEDS,OBSERVED_FACT
8,30,D47 Grotte des Combarelles,D47,70.70,109.70,12:51:00,14:57:00,15:01:00,15:06:00,WAYPOINT,REFERENCE_SPEEDS,OBSERVED_FACT
8,31,Grottes du Roc de Cazelle,,72.60,107.80,12:54:00,15:00:00,15:04:00,15:09:00,WAYPOINT,REFERENCE_SPEEDS,OBSERVED_FACT
8,32,Grotte de Bernifal,,74.10,106.30,12:56:00,15:02:00,15:06:00,15:11:00,WAYPOINT,REFERENCE_SPEEDS,OBSERVED_FACT
8,33,Benivès,,77.30,103.10,13:00:00,15:06:00,15:10:00,15:15:00,WAYPOINT,REFERENCE_SPEEDS,OBSERVED_FACT
8,34,Allas (près) (SAINT-ANDRÉ-D'ALLAS),,79.20,101.20,13:03:00,15:08:00,15:13:00,15:18:00,WAYPOINT,REFERENCE_SPEEDS,OBSERVED_FACT
8,35,Carrefour D47-D6,,85.70,94.70,13:12:00,15:17:00,15:22:00,15:27:00,WAYPOINT,REFERENCE_SPEEDS,OBSERVED_FACT
8,36,D6 SARLAT-LA-CANÉDA (D6-D704-VC-D46),D6,87.60,92.80,13:15:00,15:19:00,15:24:00,15:30:00,WAYPOINT,REFERENCE_SPEEDS,OBSERVED_FACT
8,37,Vitrac-Port (D46-D703-D46 E) (VITRAC),,96.70,83.70,13:28:00,15:31:00,15:37:00,15:43:00,WAYPOINT,REFERENCE_SPEEDS,OBSERVED_FACT
8,38,D46 E Carrefour D46 E-D50-D46 E3,D46 E,98.00,82.40,13:30:00,15:33:00,15:39:00,15:45:00,WAYPOINT,REFERENCE_SPEEDS,OBSERVED_FACT
8,39,D46 E3 La Roche,D46 E3,99.00,81.40,13:31:00,15:34:00,15:40:00,15:46:00,WAYPOINT,REFERENCE_SPEEDS,OBSERVED_FACT
8,40,DOMME (D46 E3-VC-D49),,102.20,78.20,13:36:00,15:38:00,15:44:00,15:51:00,WAYPOINT,REFERENCE_SPEEDS,OBSERVED_FACT
8,41,VC Côte de Domme,VC,102.60,77.80,13:37:00,15:39:00,15:45:00,15:52:00,WAYPOINT,REFERENCE_SPEEDS,OBSERVED_FACT
8,42,D49 CÉNAC-ET-SAINT-JULIEN (D49-D46),D49,104.80,75.60,13:40:00,15:42:00,15:48:00,15:55:00,WAYPOINT,REFERENCE_SPEEDS,OBSERVED_FACT
8,43,D46 Le Port de Domme (D46-D703),D46,105.70,74.70,13:41:00,15:43:00,15:49:00,15:56:00,WAYPOINT,REFERENCE_SPEEDS,OBSERVED_FACT
8,44,D703 Les Campagnes,D703,106.20,74.20,13:42:00,15:43:00,15:50:00,15:57:00,WAYPOINT,REFERENCE_SPEEDS,OBSERVED_FACT
8,45,Les Écoles,,107.70,72.70,13:44:00,15:45:00,15:52:00,15:59:00,WAYPOINT,REFERENCE_SPEEDS,OBSERVED_FACT
8,46,LA ROQUE-GAGEAC,,108.20,72.20,13:45:00,15:46:00,15:53:00,16:00:00,WAYPOINT,REFERENCE_SPEEDS,OBSERVED_FACT
8,47,La Malartrie (VÉZAC),,109.30,71.10,13:46:00,15:47:00,15:54:00,16:01:00,WAYPOINT,REFERENCE_SPEEDS,OBSERVED_FACT
8,48,Nineyrol (VÉZAC),,110.30,70.10,13:48:00,15:49:00,15:55:00,16:03:00,WAYPOINT,REFERENCE_SPEEDS,OBSERVED_FACT
8,49,VÉZAC (près),,112.00,68.40,13:50:00,15:51:00,15:58:00,16:05:00,WAYPOINT,REFERENCE_SPEEDS,OBSERVED_FACT
8,50,BEYNAC-ET-CAZENAC,,112.60,67.80,13:51:00,15:52:00,15:59:00,16:06:00,WAYPOINT,REFERENCE_SPEEDS,OBSERVED_FACT
8,51,SAINT-VINCENT-DE-COSSE (près),,115.50,64.90,13:55:00,15:56:00,16:02:00,16:10:00,WAYPOINT,REFERENCE_SPEEDS,OBSERVED_FACT
8,52,Argentonnesse,,120.50,59.90,14:02:00,16:02:00,16:09:00,16:17:00,WAYPOINT,REFERENCE_SPEEDS,OBSERVED_FACT
8,53,CASTELS ET BÉZENAC,,121.90,58.50,14:04:00,16:04:00,16:11:00,16:19:00,WAYPOINT,REFERENCE_SPEEDS,OBSERVED_FACT
8,54,SAINT-CYPRIEN (entrée),,122.20,58.20,14:05:00,16:04:00,16:12:00,16:20:00,WAYPOINT,REFERENCE_SPEEDS,OBSERVED_FACT
8,55,SAINT-CYPRIEN,,122.80,57.60,14:05:00,16:05:00,16:12:00,16:20:00,WAYPOINT,REFERENCE_SPEEDS,OBSERVED_FACT
8,56,MARNAC (près),,126.40,54.00,14:11:00,16:10:00,16:17:00,16:26:00,WAYPOINT,REFERENCE_SPEEDS,OBSERVED_FACT
8,57,SIORAC-EN-PÉRIGORD (D703-D25),,129.20,51.20,14:14:00,16:13:00,16:21:00,16:29:00,WAYPOINT,REFERENCE_SPEEDS,OBSERVED_FACT
8,58,D25 LE BUISSON-DE-CADOUIN (D25-D29 E-D29),D25,136.30,44.10,14:25:00,16:23:00,16:31:00,16:40:00,WAYPOINT,REFERENCE_SPEEDS,OBSERVED_FACT
8,59,Passage à niveau N° 326.,,136.90,43.50,14:26:00,16:24:00,16:32:00,16:41:00,WAYPOINT,REFERENCE_SPEEDS,OBSERVED_FACT
8,60,D29 Côte du Buisson-de-Cadouin,D29,140.40,40.00,14:31:00,16:28:00,16:36:00,16:46:00,WAYPOINT,REFERENCE_SPEEDS,OBSERVED_FACT
8,61,CALÈS (près),,146.50,33.90,14:39:00,16:36:00,16:45:00,16:54:00,WAYPOINT,REFERENCE_SPEEDS,OBSERVED_FACT
8,62,BADEFOLS-SUR-DORDOGNE,,148.50,31.90,14:42:00,16:39:00,16:47:00,16:57:00,WAYPOINT,REFERENCE_SPEEDS,OBSERVED_FACT
8,63,PONTOURS,,150.80,29.60,14:45:00,16:42:00,16:51:00,17:00:00,WAYPOINT,REFERENCE_SPEEDS,OBSERVED_FACT
8,64,Saint-Front (près) (D29-D8 E4) (COUZE-ET-SAINT-FRONT),,152.90,27.50,14:48:00,16:44:00,16:53:00,17:03:00,WAYPOINT,REFERENCE_SPEEDS,OBSERVED_FACT
8,65,D8 E4 LALINDE (D8 E4-D703-D8 E3-D703),D8 E4,153.20,27.20,14:49:00,16:45:00,16:54:00,17:04:00,WAYPOINT,REFERENCE_SPEEDS,OBSERVED_FACT
8,66,D703 Port de Couze (LALINDE) (D703-D660),D703,155.70,24.70,14:52:00,16:48:00,16:57:00,17:07:00,WAYPOINT,REFERENCE_SPEEDS,OBSERVED_FACT
8,67,D660 La Borie Basse (BANEUIL),D660,158.30,22.10,14:56:00,16:51:00,17:01:00,17:11:00,WAYPOINT,REFERENCE_SPEEDS,OBSERVED_FACT
8,68,SAINT-CAPRAISE-DE-LALINDE,,160.20,20.20,14:59:00,16:54:00,17:03:00,17:14:00,WAYPOINT,REFERENCE_SPEEDS,OBSERVED_FACT
8,69,Tuilières,,162.30,18.10,15:02:00,16:57:00,17:06:00,17:17:00,WAYPOINT,REFERENCE_SPEEDS,OBSERVED_FACT
8,70,MOULEYDIER,,164.00,16.40,15:04:00,16:59:00,17:09:00,17:19:00,WAYPOINT,REFERENCE_SPEEDS,OBSERVED_FACT
8,71,CREYSSE,,166.80,13.60,15:08:00,17:03:00,17:12:00,17:23:00,WAYPOINT,REFERENCE_SPEEDS,OBSERVED_FACT
8,72,La Nauve (D660-N21),,170.30,10.10,15:13:00,17:07:00,17:17:00,17:28:00,WAYPOINT,REFERENCE_SPEEDS,OBSERVED_FACT
8,73,N21 Carrefour N21-D936 E1,N21,174.50,5.90,15:19:00,17:13:00,17:23:00,17:34:00,WAYPOINT,REFERENCE_SPEEDS,OBSERVED_FACT
8,74,D936 E1 BERGERAC (D936 E1-VC) (entrée),D936 E1,176.20,4.20,15:22:00,17:15:00,17:25:00,17:37:00,WAYPOINT,REFERENCE_SPEEDS,OBSERVED_FACT
8,75,VC BERGERAC,VC,180.40,0.00,15:28:00,17:20:00,17:31:00,17:43:00,WAYPOINT,REFERENCE_SPEEDS,OBSERVED_FACT
9,1,FRANCE,,,,11:20:00,13:45:00,13:45:00,13:45:00,ADMIN_BOUNDARY,REFERENCE_SPEEDS,OBSERVED_FACT
9,2,CORRÈZE (19),,,,11:20:00,13:45:00,13:45:00,13:45:00,ADMIN_BOUNDARY,REFERENCE_SPEEDS,OBSERVED_FACT
9,3,D141 MALEMORT,D141,0.00,154.60,11:20:00,13:45:00,13:45:00,13:45:00,WAYPOINT,REFERENCE_SPEEDS,OBSERVED_FACT
9,4,BRIVE-LA-GAILLARDE (D141-VC-D921),,0.00,154.60,11:28:00,13:53:00,13:53:00,13:53:00,WAYPOINT,REFERENCE_SPEEDS,OBSERVED_FACT
9,5,D921 MALEMORT,D921,0.00,154.60,11:35:00,14:00:00,14:00:00,14:00:00,WAYPOINT,REFERENCE_SPEEDS,OBSERVED_FACT
9,6,"Pont du Cayre (COSNAC, LA CHAPELLE-AUX-BROCS)",,1.10,153.50,11:37:00,14:01:00,14:01:00,14:02:00,WAYPOINT,REFERENCE_SPEEDS,OBSERVED_FACT
9,7,La Croix d'Oriol (DAMPNIAT),,5.20,149.40,11:42:00,14:07:00,14:07:00,14:07:00,WAYPOINT,REFERENCE_SPEEDS,OBSERVED_FACT
9,8,LANTEUIL,,6.20,148.40,11:44:00,14:08:00,14:08:00,14:09:00,WAYPOINT,REFERENCE_SPEEDS,OBSERVED_FACT
9,9,La Miraudie,,7.10,147.50,11:45:00,14:09:00,14:10:00,14:10:00,WAYPOINT,REFERENCE_SPEEDS,OBSERVED_FACT
9,10,Le Moulin à Papier,,10.70,143.90,11:50:00,14:14:00,14:15:00,14:15:00,WAYPOINT,REFERENCE_SPEEDS,OBSERVED_FACT
9,11,BEYNAT (entrée),,13.60,141.00,11:54:00,14:18:00,14:18:00,14:19:00,WAYPOINT,REFERENCE_SPEEDS,OBSERVED_FACT
9,12,BEYNAT,,13.90,140.70,11:55:00,14:18:00,14:19:00,14:20:00,WAYPOINT,REFERENCE_SPEEDS,OBSERVED_FACT
9,13,Le Perrier Haut,,16.40,138.20,11:58:00,14:21:00,14:22:00,14:23:00,WAYPOINT,REFERENCE_SPEEDS,OBSERVED_FACT
9,14,Lac de Miel,,17.40,137.20,12:00:00,14:23:00,14:24:00,14:25:00,WAYPOINT,REFERENCE_SPEEDS,OBSERVED_FACT
9,15,Les Quatre Routes (D921-D940) (ALBUSSAC),,19.40,135.20,12:03:00,14:25:00,14:26:00,14:28:00,WAYPOINT,REFERENCE_SPEEDS,OBSERVED_FACT
9,16,D940 Clairfage,D940,24.60,130.00,12:10:00,14:32:00,14:33:00,14:35:00,WAYPOINT,REFERENCE_SPEEDS,OBSERVED_FACT
9,17,Riou-Blanquet,,26.70,127.90,12:13:00,14:35:00,14:36:00,14:38:00,WAYPOINT,REFERENCE_SPEEDS,OBSERVED_FACT
9,18,La Chapeloune,,27.60,127.00,12:14:00,14:36:00,14:38:00,14:39:00,WAYPOINT,REFERENCE_SPEEDS,OBSERVED_FACT
9,19,SAINTE-FORTUNADE,,28.40,126.20,12:15:00,14:37:00,14:39:00,14:40:00,WAYPOINT,REFERENCE_SPEEDS,OBSERVED_FACT
9,20,Le Grelet,,30.70,123.90,12:19:00,14:40:00,14:42:00,14:44:00,WAYPOINT,REFERENCE_SPEEDS,OBSERVED_FACT
9,21,La Croix d'Eure,,31.10,123.50,12:19:00,14:40:00,14:42:00,14:44:00,WAYPOINT,REFERENCE_SPEEDS,OBSERVED_FACT
9,22,Quartier Montana (LAGUENNE-SUR-AVALOUZE),,34.70,119.90,12:25:00,14:45:00,14:47:00,14:50:00,WAYPOINT,REFERENCE_SPEEDS,OBSERVED_FACT
9,23,TULLE (D940-VC-D23),,34.80,119.80,12:25:00,14:45:00,14:47:00,14:50:00,WAYPOINT,REFERENCE_SPEEDS,OBSERVED_FACT
9,24,D23 Carrefour D23-D58,D23,43.60,111.00,12:37:00,14:57:00,14:59:00,15:02:00,WAYPOINT,REFERENCE_SPEEDS,OBSERVED_FACT
9,25,D58 Le Maugein,D58,44.60,110.00,12:39:00,14:58:00,15:01:00,15:04:00,WAYPOINT,REFERENCE_SPEEDS,OBSERVED_FACT
9,26,Côte de Naves,,46.00,108.60,12:41:00,15:00:00,15:03:00,15:06:00,WAYPOINT,REFERENCE_SPEEDS,OBSERVED_FACT
9,27,NAVES (D58-D1120),,46.40,108.20,12:42:00,15:00:00,15:03:00,15:06:00,WAYPOINT,REFERENCE_SPEEDS,OBSERVED_FACT
9,28,D1120 Carrefour D1120-D53,D1120,48.90,105.70,12:46:00,15:04:00,15:07:00,15:10:00,WAYPOINT,REFERENCE_SPEEDS,OBSERVED_FACT
9,29,D53 Puy de Cueille,D53,50.20,104.40,12:48:00,15:05:00,15:08:00,15:12:00,WAYPOINT,REFERENCE_SPEEDS,OBSERVED_FACT
9,30,Vimbelle (D53-D23-D32) (BAR),,51.50,103.10,12:50:00,15:07:00,15:10:00,15:14:00,WAYPOINT,REFERENCE_SPEEDS,OBSERVED_FACT
9,31,D32 Neuvialle (ORLIAC-DE-BAR),D32,54.40,100.20,12:55:00,15:11:00,15:14:00,15:18:00,WAYPOINT,REFERENCE_SPEEDS,OBSERVED_FACT
9,32,Le Chassagnou (ORLIAC-DE-BAR),,56.40,98.20,12:59:00,15:14:00,15:17:00,15:21:00,WAYPOINT,REFERENCE_SPEEDS,OBSERVED_FACT
9,33,La Chèze (ORLIAC-DE-BAR),,57.20,97.40,13:00:00,15:15:00,15:18:00,15:22:00,WAYPOINT,REFERENCE_SPEEDS,OBSERVED_FACT
9,34,L'Échamel (ORLIAC-DE-BAR),,57.90,96.70,13:01:00,15:15:00,15:19:00,15:23:00,WAYPOINT,REFERENCE_SPEEDS,OBSERVED_FACT
9,35,Sarlat,,60.30,94.30,13:05:00,15:19:00,15:22:00,15:26:00,WAYPOINT,REFERENCE_SPEEDS,OBSERVED_FACT
9,36,Le Mas,,61.60,93.00,13:07:00,15:20:00,15:24:00,15:28:00,WAYPOINT,REFERENCE_SPEEDS,OBSERVED_FACT
9,37,SAINT-AUGUSTIN (D32-D26-D32),,62.70,91.90,13:09:00,15:22:00,15:25:00,15:29:00,WAYPOINT,REFERENCE_SPEEDS,OBSERVED_FACT
9,38,Mézinges,,65.30,89.30,13:13:00,15:25:00,15:29:00,15:33:00,WAYPOINT,REFERENCE_SPEEDS,OBSERVED_FACT
9,39,CHAUMEIL (D32-D121-VC),,69.00,85.60,13:19:00,15:30:00,15:34:00,15:38:00,WAYPOINT,REFERENCE_SPEEDS,OBSERVED_FACT
9,40,VC Étang de Maurianges,VC,70.30,84.30,13:22:00,15:32:00,15:36:00,15:40:00,WAYPOINT,REFERENCE_SPEEDS,OBSERVED_FACT
9,41,Site de la Fournaise,,73.80,80.80,13:27:00,15:36:00,15:41:00,15:45:00,WAYPOINT,REFERENCE_SPEEDS,OBSERVED_FACT
9,42,Suc au May (903 m),,74.10,80.50,13:28:00,15:37:00,15:41:00,15:46:00,WAYPOINT,REFERENCE_SPEEDS,OBSERVED_FACT
9,43,Site du Hangar (VC-D128 E),,74.50,80.10,13:29:00,15:37:00,15:42:00,15:46:00,WAYPOINT,REFERENCE_SPEEDS,OBSERVED_FACT
9,44,D128 E Col du Bos (D128 E-D128),D128 E,76.00,78.60,13:31:00,15:39:00,15:44:00,15:48:00,WAYPOINT,REFERENCE_SPEEDS,OBSERVED_FACT
9,45,D128 Carrefour D128-D121,D128,79.90,74.70,13:38:00,15:44:00,15:49:00,15:54:00,WAYPOINT,REFERENCE_SPEEDS,OBSERVED_FACT
9,46,D121 MADRANGES (D121-D44),D121,82.00,72.60,13:41:00,15:47:00,15:52:00,15:57:00,WAYPOINT,REFERENCE_SPEEDS,OBSERVED_FACT
9,47,"D44 Boulou (D44-D940) (AFFIEUX, LE LONZAC)",D44,84.10,70.50,13:45:00,15:50:00,15:55:00,16:00:00,WAYPOINT,REFERENCE_SPEEDS,OBSERVED_FACT
9,48,D940 La Gane Sauviat (AFFIEUX),D940,87.00,67.60,13:50:00,15:53:00,15:59:00,16:04:00,WAYPOINT,REFERENCE_SPEEDS,OBSERVED_FACT
9,49,Le Puy Montviallard (AFFIEUX),,89.20,65.40,13:53:00,15:56:00,16:02:00,16:07:00,WAYPOINT,REFERENCE_SPEEDS,OBSERVED_FACT
9,50,TREIGNAC (D940-D16 E5-D16),,90.10,64.50,13:55:00,15:58:00,16:03:00,16:09:00,WAYPOINT,REFERENCE_SPEEDS,OBSERVED_FACT
9,51,D16 Le Boucheteil Bas,D16,92.50,62.10,13:59:00,16:01:00,16:06:00,16:12:00,WAYPOINT,REFERENCE_SPEEDS,OBSERVED_FACT
9,52,Le Boucheteil Haut,,92.70,61.90,13:59:00,16:01:00,16:06:00,16:12:00,WAYPOINT,REFERENCE_SPEEDS,OBSERVED_FACT
9,53,Pont d'Auxillat,,93.70,60.90,14:01:00,16:02:00,16:08:00,16:14:00,WAYPOINT,REFERENCE_SPEEDS,OBSERVED_FACT
9,54,La Croix de la Gane,,97.50,57.10,14:07:00,16:07:00,16:13:00,16:19:00,WAYPOINT,REFERENCE_SPEEDS,OBSERVED_FACT
9,55,Côte de la Croix du Pey,,98.50,56.10,14:09:00,16:08:00,16:14:00,16:21:00,WAYPOINT,REFERENCE_SPEEDS,OBSERVED_FACT
9,56,LESTARDS,,99.00,55.60,14:10:00,16:09:00,16:15:00,16:21:00,WAYPOINT,REFERENCE_SPEEDS,OBSERVED_FACT
9,57,La Philipperie (D16-D32),,99.80,54.80,14:11:00,16:10:00,16:16:00,16:22:00,WAYPOINT,REFERENCE_SPEEDS,OBSERVED_FACT
9,58,D32 GOURDON-MURAT,D32,105.60,49.00,14:20:00,16:18:00,16:24:00,16:31:00,WAYPOINT,REFERENCE_SPEEDS,OBSERVED_FACT
9,59,Chemin,,106.40,48.20,14:22:00,16:19:00,16:25:00,16:32:00,WAYPOINT,REFERENCE_SPEEDS,OBSERVED_FACT
9,60,Vezou,,111.80,42.80,14:31:00,16:26:00,16:32:00,16:40:00,WAYPOINT,REFERENCE_SPEEDS,OBSERVED_FACT
9,61,BUGEAT (D32-D979),,111.90,42.70,14:31:00,16:26:00,16:33:00,16:40:00,WAYPOINT,REFERENCE_SPEEDS,OBSERVED_FACT
9,62,D979 PÉROLS-SUR-VÉZÈRE (près),D979,117.30,37.30,14:40:00,16:33:00,16:40:00,16:47:00,WAYPOINT,REFERENCE_SPEEDS,OBSERVED_FACT
9,63,Carrefour D979-VC,,128.10,26.50,14:58:00,16:47:00,16:55:00,17:03:00,WAYPOINT,REFERENCE_SPEEDS,OBSERVED_FACT
9,64,VC Mont Bessou,VC,130.10,24.50,15:01:00,16:50:00,16:57:00,17:06:00,WAYPOINT,REFERENCE_SPEEDS,OBSERVED_FACT
9,65,Carrefour VC-D36,,132.20,22.40,15:05:00,16:52:00,17:00:00,17:09:00,WAYPOINT,REFERENCE_SPEEDS,OBSERVED_FACT
9,66,D36 La Feuillade,D36,135.30,19.30,15:10:00,16:56:00,17:04:00,17:13:00,WAYPOINT,REFERENCE_SPEEDS,OBSERVED_FACT
9,67,MEYMAC (D36-D36 E-D979),,135.60,19.00,15:11:00,16:57:00,17:05:00,17:14:00,WAYPOINT,REFERENCE_SPEEDS,OBSERVED_FACT
9,68,D979 Passage à niveau N° 64.,D979,136.60,18.00,15:12:00,16:58:00,17:06:00,17:15:00,WAYPOINT,REFERENCE_SPEEDS,OBSERVED_FACT
9,69,Les Buigeottes,,141.00,13.60,15:19:00,17:04:00,17:12:00,17:21:00,WAYPOINT,REFERENCE_SPEEDS,OBSERVED_FACT
9,70,SAINT-ANGEL (D979-D1089),,145.20,9.40,15:27:00,17:09:00,17:18:00,17:27:00,WAYPOINT,REFERENCE_SPEEDS,OBSERVED_FACT
9,71,D1089 L'Empereur,D1089,149.60,5.00,15:34:00,17:15:00,17:24:00,17:34:00,WAYPOINT,REFERENCE_SPEEDS,OBSERVED_FACT
9,72,USSEL (entrée),,153.70,0.90,15:41:00,17:20:00,17:30:00,17:40:00,WAYPOINT,REFERENCE_SPEEDS,OBSERVED_FACT
9,73,USSEL,,154.60,0.00,15:42:00,17:22:00,17:31:00,17:41:00,WAYPOINT,REFERENCE_SPEEDS,OBSERVED_FACT
10,1,FRANCE,,,,10:35:00,13:00:00,13:00:00,13:00:00,ADMIN_BOUNDARY,REFERENCE_SPEEDS,OBSERVED_FACT
10,2,CANTAL (15),,,,10:35:00,13:00:00,13:00:00,13:00:00,ADMIN_BOUNDARY,REFERENCE_SPEEDS,OBSERVED_FACT
10,3,VC AURILLAC (VC-N122),VC,0.00,166.60,10:35:00,13:00:00,13:00:00,13:00:00,WAYPOINT,REFERENCE_SPEEDS,OBSERVED_FACT
10,4,Milly-Crespiat (ARPAJON-SUR-CÈRE) (N122-D617),,0.00,166.60,10:45:00,13:11:00,13:11:00,13:11:00,WAYPOINT,REFERENCE_SPEEDS,OBSERVED_FACT
10,5,D617 AURILLAC,D617,0.00,166.60,10:50:00,13:15:00,13:15:00,13:15:00,WAYPOINT,REFERENCE_SPEEDS,OBSERVED_FACT
10,6,La Course du Mouton,,2.60,164.00,10:54:00,13:18:00,13:19:00,13:19:00,WAYPOINT,REFERENCE_SPEEDS,OBSERVED_FACT
10,7,ROANNES-SAINT-MARY,,3.40,163.20,10:56:00,13:20:00,13:20:00,13:20:00,WAYPOINT,REFERENCE_SPEEDS,OBSERVED_FACT
10,8,Carrefour D617-D20,,10.20,156.40,11:08:00,13:28:00,13:29:00,13:30:00,WAYPOINT,REFERENCE_SPEEDS,OBSERVED_FACT
10,9,D20 Carrefour D20-D45,D20,11.00,155.60,11:09:00,13:30:00,13:30:00,13:31:00,WAYPOINT,REFERENCE_SPEEDS,OBSERVED_FACT
10,10,D45 La Loudière,D45,15.00,151.60,11:16:00,13:35:00,13:36:00,13:37:00,WAYPOINT,REFERENCE_SPEEDS,OBSERVED_FACT
10,11,MARCOLÈS (D45-VC-D66),,15.20,151.40,11:17:00,13:35:00,13:36:00,13:37:00,WAYPOINT,REFERENCE_SPEEDS,OBSERVED_FACT
10,12,D66 Carrefour D66-D51,D66,16.30,150.30,11:19:00,13:37:00,13:38:00,13:39:00,WAYPOINT,REFERENCE_SPEEDS,OBSERVED_FACT
10,13,D51 Carrefour D51-D601,D51,21.90,144.70,11:29:00,13:44:00,13:45:00,13:47:00,WAYPOINT,REFERENCE_SPEEDS,OBSERVED_FACT
10,14,D601 Le Garric,D601,23.90,142.70,11:32:00,13:47:00,13:48:00,13:50:00,WAYPOINT,REFERENCE_SPEEDS,OBSERVED_FACT
10,15,LACAPELLE-DEL-FRAISSE (entrée),,25.30,141.30,11:35:00,13:49:00,13:50:00,13:52:00,WAYPOINT,REFERENCE_SPEEDS,OBSERVED_FACT
10,16,LACAPELLE-DEL-FRAISSE,,25.50,141.10,11:35:00,13:49:00,13:50:00,13:52:00,WAYPOINT,REFERENCE_SPEEDS,OBSERVED_FACT
10,17,LAFEUILLADE-EN-VÉZIE (D601-D920),,26.90,139.70,11:37:00,13:51:00,13:52:00,13:54:00,WAYPOINT,REFERENCE_SPEEDS,OBSERVED_FACT
10,18,D920 PRUNET (près),D920,31.70,134.90,11:46:00,13:57:00,13:59:00,14:01:00,WAYPOINT,REFERENCE_SPEEDS,OBSERVED_FACT
10,19,Lasprandine,,32.20,134.40,11:47:00,13:58:00,14:00:00,14:02:00,WAYPOINT,REFERENCE_SPEEDS,OBSERVED_FACT
10,20,La Croix d'Aubugues (D920-D8),,32.90,133.70,11:48:00,13:59:00,14:01:00,14:03:00,WAYPOINT,REFERENCE_SPEEDS,OBSERVED_FACT
10,21,D8 Carrefour D8-D32,D8,35.00,131.60,11:52:00,14:02:00,14:04:00,14:06:00,WAYPOINT,REFERENCE_SPEEDS,OBSERVED_FACT
10,22,D32 La Joyeuse (D32-D8),D32,35.70,130.90,11:53:00,14:02:00,14:05:00,14:07:00,WAYPOINT,REFERENCE_SPEEDS,OBSERVED_FACT
10,23,D8 Lachaux,D8,42.80,123.80,12:05:00,14:12:00,14:15:00,14:18:00,WAYPOINT,REFERENCE_SPEEDS,OBSERVED_FACT
10,24,Feneyrols,,43.90,122.70,12:07:00,14:13:00,14:16:00,14:19:00,WAYPOINT,REFERENCE_SPEEDS,OBSERVED_FACT
10,25,Carrefour D8-D990,,44.40,122.20,12:08:00,14:14:00,14:17:00,14:20:00,WAYPOINT,REFERENCE_SPEEDS,OBSERVED_FACT
10,26,D990 CARLAT,D990,48.30,118.30,12:15:00,14:19:00,14:22:00,14:26:00,WAYPOINT,REFERENCE_SPEEDS,OBSERVED_FACT
10,27,Loubéjac,,54.40,112.20,12:26:00,14:27:00,14:31:00,14:35:00,WAYPOINT,REFERENCE_SPEEDS,OBSERVED_FACT
10,28,Carrefour D990-D59,,59.50,107.10,12:35:00,14:34:00,14:38:00,14:42:00,WAYPOINT,REFERENCE_SPEEDS,OBSERVED_FACT
10,29,D59 Cropières (RAULHAC),D59,60.70,105.90,12:37:00,14:36:00,14:40:00,14:44:00,WAYPOINT,REFERENCE_SPEEDS,OBSERVED_FACT
10,30,JOU-SOUS-MONJOU,,62.70,103.90,12:41:00,14:39:00,14:42:00,14:47:00,WAYPOINT,REFERENCE_SPEEDS,OBSERVED_FACT
10,31,Carrefour D59-D54,,64.90,101.70,12:45:00,14:42:00,14:46:00,14:50:00,WAYPOINT,REFERENCE_SPEEDS,OBSERVED_FACT
10,32,D54 Cassagne,D54,65.50,101.10,12:46:00,14:42:00,14:46:00,14:51:00,WAYPOINT,REFERENCE_SPEEDS,OBSERVED_FACT
10,33,Côte de Pailherols,,68.00,98.60,12:50:00,14:46:00,14:50:00,14:55:00,WAYPOINT,REFERENCE_SPEEDS,OBSERVED_FACT
10,34,PAILHEROLS,,68.50,98.10,12:51:00,14:47:00,14:51:00,14:55:00,WAYPOINT,REFERENCE_SPEEDS,OBSERVED_FACT
10,35,La Bonétie,,70.40,96.20,12:54:00,14:49:00,14:54:00,14:58:00,WAYPOINT,REFERENCE_SPEEDS,OBSERVED_FACT
10,36,LACAPELLE-BARRÈS (D54-D990),,73.40,93.20,12:59:00,14:53:00,14:58:00,15:03:00,WAYPOINT,REFERENCE_SPEEDS,OBSERVED_FACT
10,37,AVEYRON (12),,,,13:01:00,14:55:00,14:59:00,15:05:00,ADMIN_BOUNDARY,REFERENCE_SPEEDS,OBSERVED_FACT
10,38,D990 Le Chambon (THÉRONDELS),D990,74.50,92.10,13:01:00,14:55:00,15:00:00,15:05:00,WAYPOINT,REFERENCE_SPEEDS,OBSERVED_FACT
10,39,CANTAL (15),,,,13:04:00,14:57:00,15:02:00,15:07:00,ADMIN_BOUNDARY,REFERENCE_SPEEDS,OBSERVED_FACT
10,40,Pont la Vieille (D990-D57) (NARNHAC),,76.10,90.50,13:04:00,14:57:00,15:02:00,15:07:00,WAYPOINT,REFERENCE_SPEEDS,OBSERVED_FACT
10,41,D57 Vigouroux (SAINT-MARTIN-SOUS-VIGOUROUX),D57,81.30,85.30,13:13:00,15:04:00,15:10:00,15:15:00,WAYPOINT,REFERENCE_SPEEDS,OBSERVED_FACT
10,42,Landonnes (BREZONS),,85.00,81.60,13:20:00,15:09:00,15:15:00,15:21:00,WAYPOINT,REFERENCE_SPEEDS,OBSERVED_FACT
10,43,Chauteil (BREZONS),,85.40,81.20,13:21:00,15:10:00,15:15:00,15:21:00,WAYPOINT,REFERENCE_SPEEDS,OBSERVED_FACT
10,44,Le Pessin (D57-D39) (BREZONS),,85.70,80.90,13:21:00,15:10:00,15:16:00,15:22:00,WAYPOINT,REFERENCE_SPEEDS,OBSERVED_FACT
10,45,D39 Farreyre (BREZONS),D39,87.40,79.20,13:24:00,15:13:00,15:18:00,15:25:00,WAYPOINT,REFERENCE_SPEEDS,OBSERVED_FACT
10,46,Les Roussinches (BREZONS),,90.00,76.60,13:29:00,15:16:00,15:22:00,15:28:00,WAYPOINT,REFERENCE_SPEEDS,OBSERVED_FACT
10,47,Le Bourguet (BREZONS),,91.50,75.10,13:31:00,15:19:00,15:24:00,15:31:00,WAYPOINT,REFERENCE_SPEEDS,OBSERVED_FACT
10,48,La Griffoul (BREZONS),,95.50,71.10,13:38:00,15:24:00,15:30:00,15:37:00,WAYPOINT,REFERENCE_SPEEDS,OBSERVED_FACT
10,49,Col de la Griffoul,,97.30,69.30,13:42:00,15:27:00,15:33:00,15:40:00,WAYPOINT,REFERENCE_SPEEDS,OBSERVED_FACT
10,50,La Sagnette (PAULHAC),,100.70,65.90,13:48:00,15:31:00,15:38:00,15:45:00,WAYPOINT,REFERENCE_SPEEDS,OBSERVED_FACT
10,51,Col de Prat de Bouc,,103.80,62.80,13:53:00,15:36:00,15:42:00,15:50:00,WAYPOINT,REFERENCE_SPEEDS,OBSERVED_FACT
10,52,Albepierre (ALBEPIERRE-BREDONS),,108.40,58.20,14:01:00,15:42:00,15:49:00,15:57:00,WAYPOINT,REFERENCE_SPEEDS,OBSERVED_FACT
10,53,MURAT (D39-D3-VC-D3),,112.70,53.90,14:09:00,15:48:00,15:55:00,16:03:00,WAYPOINT,REFERENCE_SPEEDS,OBSERVED_FACT
10,54,D3 Côte de Murat,D3,118.80,47.80,14:20:00,15:57:00,16:04:00,16:13:00,WAYPOINT,REFERENCE_SPEEDS,OBSERVED_FACT
10,55,Carrefour D3-D680,,121.20,45.40,14:24:00,16:00:00,16:08:00,16:17:00,WAYPOINT,REFERENCE_SPEEDS,OBSERVED_FACT
10,56,D680 Le Peuch,D680,122.80,43.80,14:27:00,16:02:00,16:10:00,16:19:00,WAYPOINT,REFERENCE_SPEEDS,OBSERVED_FACT
10,57,DIENNE,,123.50,43.10,14:28:00,16:03:00,16:11:00,16:20:00,WAYPOINT,REFERENCE_SPEEDS,OBSERVED_FACT
10,58,LAVIGERIE,,127.70,38.90,14:35:00,16:09:00,16:17:00,16:27:00,WAYPOINT,REFERENCE_SPEEDS,OBSERVED_FACT
10,59,Col de Serre,,131.50,35.10,14:42:00,16:14:00,16:23:00,16:32:00,WAYPOINT,REFERENCE_SPEEDS,OBSERVED_FACT
10,60,Col d'Eylac,,134.20,32.40,14:47:00,16:18:00,16:27:00,16:37:00,WAYPOINT,REFERENCE_SPEEDS,OBSERVED_FACT
10,61,Puy Mary - Pas de Peyrol,,135.70,30.90,14:49:00,16:20:00,16:29:00,16:39:00,WAYPOINT,REFERENCE_SPEEDS,OBSERVED_FACT
10,62,D17 Col de Redondet,D17,137.50,29.10,14:53:00,16:22:00,16:31:00,16:41:00,WAYPOINT,REFERENCE_SPEEDS,OBSERVED_FACT
10,63,Rudez,,144.40,22.20,15:05:00,16:29:00,16:38:00,16:48:00,WAYPOINT,REFERENCE_SPEEDS,OBSERVED_FACT
10,64,MANDAILLES-SAINT-JULIEN (D17-D317),,147.00,19.60,15:09:00,16:31:00,16:40:00,16:51:00,WAYPOINT,REFERENCE_SPEEDS,OBSERVED_FACT
10,65,Col de Pertus,,152.10,14.50,15:18:00,16:41:00,16:51:00,17:02:00,WAYPOINT,REFERENCE_SPEEDS,OBSERVED_FACT
10,66,SAINT-JACQUES-DES-BLATS (D317-N122),,157.50,9.10,15:28:00,16:48:00,16:59:00,17:10:00,WAYPOINT,REFERENCE_SPEEDS,OBSERVED_FACT
10,67,Carrefour N122-D67,,160.80,5.80,15:34:00,16:52:00,17:03:00,17:14:00,WAYPOINT,REFERENCE_SPEEDS,OBSERVED_FACT
10,68,D67 Carrefour D67-VC,D67,163.40,3.20,15:38:00,16:58:00,17:08:00,17:20:00,WAYPOINT,REFERENCE_SPEEDS,OBSERVED_FACT
10,69,VC Col de Font de Cère,VC,163.90,2.70,15:39:00,16:59:00,17:09:00,17:22:00,WAYPOINT,REFERENCE_SPEEDS,OBSERVED_FACT
10,70,Carrefour VC-D67,,166.00,0.60,15:43:00,17:01:00,17:13:00,17:25:00,WAYPOINT,REFERENCE_SPEEDS,OBSERVED_FACT
10,71,D67 LE LIORAN,D67,166.60,0.00,15:44:00,17:02:00,17:14:00,17:26:00,WAYPOINT,REFERENCE_SPEEDS,OBSERVED_FACT
11,1,FRANCE,,,,11:35:00,13:50:00,13:50:00,13:50:00,ADMIN_BOUNDARY,REFERENCE_SPEEDS,OBSERVED_FACT
11,2,ALLIER (03),,,,11:35:00,13:50:00,13:50:00,13:50:00,ADMIN_BOUNDARY,REFERENCE_SPEEDS,OBSERVED_FACT
11,3,VC VICHY,VC,0.00,161.30,11:35:00,13:50:00,13:50:00,13:50:00,WAYPOINT,REFERENCE_SPEEDS,OBSERVED_FACT
11,4,Pont de l'Europe (BELLERIVE-SUR-ALLIER),,0.00,161.30,11:39:00,13:55:00,13:55:00,13:54:00,WAYPOINT,REFERENCE_SPEEDS,OBSERVED_FACT
11,5,VICHY (VC-D6 E),,0.00,161.30,11:40:00,13:56:00,13:55:00,13:55:00,WAYPOINT,REFERENCE_SPEEDS,OBSERVED_FACT
11,6,D6 E Boutiron (D6 E-D174) (CREUZIER-LE-VIEUX),D6 E,0.00,161.30,11:48:00,14:03:00,14:03:00,14:03:00,WAYPOINT,REFERENCE_SPEEDS,OBSERVED_FACT
11,7,D174 VICHY,D174,0.00,161.30,11:50:00,14:05:00,14:05:00,14:05:00,WAYPOINT,REFERENCE_SPEEDS,OBSERVED_FACT
11,8,Rhue (D174-D258) (CREUZIER-LE-VIEUX),,1.10,160.20,11:51:00,14:06:00,14:06:00,14:06:00,WAYPOINT,REFERENCE_SPEEDS,OBSERVED_FACT
11,9,D258 Bourzat,D258,3.10,158.20,11:54:00,14:09:00,14:09:00,14:09:00,WAYPOINT,REFERENCE_SPEEDS,OBSERVED_FACT
11,10,SAINT-GERMAIN-DES-FOSSÉS (D258-D258 E-D77),,4.40,156.90,11:56:00,14:11:00,14:11:00,14:11:00,WAYPOINT,REFERENCE_SPEEDS,OBSERVED_FACT
11,11,D77 Carrefour D77-N209,D77,7.20,154.10,12:00:00,14:14:00,14:14:00,14:15:00,WAYPOINT,REFERENCE_SPEEDS,OBSERVED_FACT
11,12,N209 Champs Rosier (SEUILLET),N209,9.00,152.30,12:02:00,14:16:00,14:17:00,14:17:00,WAYPOINT,REFERENCE_SPEEDS,OBSERVED_FACT
11,13,Fougerat,,11.00,150.30,12:05:00,14:19:00,14:20:00,14:20:00,WAYPOINT,REFERENCE_SPEEDS,OBSERVED_FACT
11,14,BILLY (N209-D130),,12.20,149.10,12:07:00,14:21:00,14:21:00,14:22:00,WAYPOINT,REFERENCE_SPEEDS,OBSERVED_FACT
11,15,D130 La Boire Henon,D130,14.10,147.20,12:10:00,14:23:00,14:24:00,14:25:00,WAYPOINT,REFERENCE_SPEEDS,OBSERVED_FACT
11,16,MARCENAT,,15.10,146.20,12:11:00,14:24:00,14:25:00,14:26:00,WAYPOINT,REFERENCE_SPEEDS,OBSERVED_FACT
11,17,LORIGES,,20.90,140.40,12:19:00,14:32:00,14:33:00,14:34:00,WAYPOINT,REFERENCE_SPEEDS,OBSERVED_FACT
11,18,Les Noix,,23.90,137.40,12:23:00,14:35:00,14:37:00,14:38:00,WAYPOINT,REFERENCE_SPEEDS,OBSERVED_FACT
11,19,SAINT-POURÇAIN-SUR-SIOULE (D130-D2009) (entrée),,26.30,135.00,12:27:00,14:39:00,14:40:00,14:42:00,WAYPOINT,REFERENCE_SPEEDS,OBSERVED_FACT
11,20,SAINT-POURÇAIN-SUR-SIOULE,,27.90,133.40,12:29:00,14:40:00,14:42:00,14:44:00,WAYPOINT,REFERENCE_SPEEDS,OBSERVED_FACT
11,21,Bouteresse (SAULCET),,29.50,131.80,12:31:00,14:43:00,14:44:00,14:46:00,WAYPOINT,REFERENCE_SPEEDS,OBSERVED_FACT
11,22,Côte de Billonnière,,32.90,128.40,12:36:00,14:47:00,14:49:00,14:51:00,WAYPOINT,REFERENCE_SPEEDS,OBSERVED_FACT
11,23,La Pierre Corbe (CONTIGNY),,33.50,127.80,12:37:00,14:48:00,14:50:00,14:52:00,WAYPOINT,REFERENCE_SPEEDS,OBSERVED_FACT
11,24,Montigny (près),,34.60,126.70,12:38:00,14:49:00,14:51:00,14:53:00,WAYPOINT,REFERENCE_SPEEDS,OBSERVED_FACT
11,25,MONÉTAY-SUR-ALLIER (près),,36.10,125.20,12:40:00,14:51:00,14:53:00,14:55:00,WAYPOINT,REFERENCE_SPEEDS,OBSERVED_FACT
11,26,CHÂTEL-DE-NEUVRE,,38.70,122.60,12:44:00,14:54:00,14:57:00,14:59:00,WAYPOINT,REFERENCE_SPEEDS,OBSERVED_FACT
11,27,CHEMILLY,,48.30,113.00,12:58:00,15:07:00,15:09:00,15:12:00,WAYPOINT,REFERENCE_SPEEDS,OBSERVED_FACT
11,28,Les Guénaudins-Longvé (près) (BRESSOLLES),,51.10,110.20,13:01:00,15:10:00,15:13:00,15:16:00,WAYPOINT,REFERENCE_SPEEDS,OBSERVED_FACT
11,29,Les Bassets (BRESSOLLES),,52.80,108.50,13:04:00,15:12:00,15:15:00,15:19:00,WAYPOINT,REFERENCE_SPEEDS,OBSERVED_FACT
11,30,MOULINS (D2009-VC),,55.70,105.60,13:08:00,15:16:00,15:19:00,15:23:00,WAYPOINT,REFERENCE_SPEEDS,OBSERVED_FACT
11,31,VC Passage à niveau N° 136.,VC,59.10,102.20,13:13:00,15:20:00,15:24:00,15:27:00,WAYPOINT,REFERENCE_SPEEDS,OBSERVED_FACT
11,32,YZEURE (VC-D493),,59.60,101.70,13:13:00,15:21:00,15:24:00,15:28:00,WAYPOINT,REFERENCE_SPEEDS,OBSERVED_FACT
11,33,D493 L'Épine (D493-D979 A) (AVERMES),D493,62.50,98.80,13:17:00,15:25:00,15:28:00,15:32:00,WAYPOINT,REFERENCE_SPEEDS,OBSERVED_FACT
11,34,"D979 A Champ des Balais (AVERMES, YZEURE)",D979 A,63.60,97.70,13:19:00,15:26:00,15:30:00,15:34:00,WAYPOINT,REFERENCE_SPEEDS,OBSERVED_FACT
11,35,La Barbizenne (GENNETINES),,65.70,95.60,13:22:00,15:29:00,15:33:00,15:37:00,WAYPOINT,REFERENCE_SPEEDS,OBSERVED_FACT
11,36,SAINT-ENNEMOND,,73.20,88.10,13:32:00,15:38:00,15:42:00,15:47:00,WAYPOINT,REFERENCE_SPEEDS,OBSERVED_FACT
11,37,Les Galmins,,75.10,86.20,13:35:00,15:41:00,15:45:00,15:50:00,WAYPOINT,REFERENCE_SPEEDS,OBSERVED_FACT
11,38,NIÈVRE (58),,,,13:37:00,15:42:00,15:47:00,15:51:00,ADMIN_BOUNDARY,REFERENCE_SPEEDS,OBSERVED_FACT
11,39,Banville (LUCENAY-LÈS-AIX),,77.70,83.60,13:39:00,15:44:00,15:49:00,15:53:00,WAYPOINT,REFERENCE_SPEEDS,OBSERVED_FACT
11,40,La Poulecaude (TOURY-LURCY),,80.40,80.90,13:42:00,15:48:00,15:52:00,15:57:00,WAYPOINT,REFERENCE_SPEEDS,OBSERVED_FACT
11,41,Les Oudilles (TOURY-LURCY),,83.10,78.20,13:46:00,15:51:00,15:56:00,16:01:00,WAYPOINT,REFERENCE_SPEEDS,OBSERVED_FACT
11,42,Les Oudilles (SAINT-GERMAIN-CHASSENAY),,84.20,77.10,13:48:00,15:52:00,15:57:00,16:02:00,WAYPOINT,REFERENCE_SPEEDS,OBSERVED_FACT
11,43,Carrefour D979 A-D978 A,,86.40,74.90,13:51:00,15:55:00,16:00:00,16:05:00,WAYPOINT,REFERENCE_SPEEDS,OBSERVED_FACT
11,44,DECIZE (D978 A-D981),,90.30,71.00,13:56:00,16:00:00,16:05:00,16:11:00,WAYPOINT,REFERENCE_SPEEDS,OBSERVED_FACT
11,45,D981 SAINT-LÉGER-DES-VIGNES (D981-D34),D981,93.50,67.80,14:01:00,16:04:00,16:10:00,16:15:00,WAYPOINT,REFERENCE_SPEEDS,OBSERVED_FACT
11,46,D34 LA MACHINE,D34,99.50,61.80,14:09:00,16:12:00,16:18:00,16:24:00,WAYPOINT,REFERENCE_SPEEDS,OBSERVED_FACT
11,47,Le Bois Vieux (près) (THIANGES),,104.20,57.10,14:16:00,16:18:00,16:24:00,16:30:00,WAYPOINT,REFERENCE_SPEEDS,OBSERVED_FACT
11,48,La Chapelle,,106.10,55.20,14:18:00,16:20:00,16:26:00,16:33:00,WAYPOINT,REFERENCE_SPEEDS,OBSERVED_FACT
11,49,VILLE-LANGY,,106.60,54.70,14:19:00,16:21:00,16:27:00,16:34:00,WAYPOINT,REFERENCE_SPEEDS,OBSERVED_FACT
11,50,ANLEZY,,108.50,52.80,14:22:00,16:23:00,16:30:00,16:36:00,WAYPOINT,REFERENCE_SPEEDS,OBSERVED_FACT
11,51,FRASNAY-REUGNY,,113.40,47.90,14:28:00,16:30:00,16:36:00,16:43:00,WAYPOINT,REFERENCE_SPEEDS,OBSERVED_FACT
11,52,Carrefour D34-D978,,116.30,45.00,14:32:00,16:33:00,16:40:00,16:47:00,WAYPOINT,REFERENCE_SPEEDS,OBSERVED_FACT
11,53,D978 Conseuille (ROUY),D978,117.50,43.80,14:34:00,16:35:00,16:42:00,16:49:00,WAYPOINT,REFERENCE_SPEEDS,OBSERVED_FACT
11,54,BILLY-CHEVANNES,,121.50,39.80,14:40:00,16:40:00,16:47:00,16:54:00,WAYPOINT,REFERENCE_SPEEDS,OBSERVED_FACT
11,55,Côte de Billy-Chevannes,,123.40,37.90,14:42:00,16:43:00,16:50:00,16:57:00,WAYPOINT,REFERENCE_SPEEDS,OBSERVED_FACT
11,56,SAINT-BENIN-D'AZY,,126.30,35.00,14:46:00,16:46:00,16:53:00,17:01:00,WAYPOINT,REFERENCE_SPEEDS,OBSERVED_FACT
11,57,Cougny (D978-D26),,129.60,31.70,14:51:00,16:50:00,16:58:00,17:06:00,WAYPOINT,REFERENCE_SPEEDS,OBSERVED_FACT
11,58,D26 Trélaigues,D26,130.70,30.60,14:53:00,16:52:00,16:59:00,17:07:00,WAYPOINT,REFERENCE_SPEEDS,OBSERVED_FACT
11,59,SAINT-JEAN-AUX-AMOGNES,,131.60,29.70,14:54:00,16:53:00,17:00:00,17:09:00,WAYPOINT,REFERENCE_SPEEDS,OBSERVED_FACT
11,60,Ourouër (VAUX D'AMOGNES),,137.30,24.00,15:02:00,17:00:00,17:08:00,17:16:00,WAYPOINT,REFERENCE_SPEEDS,OBSERVED_FACT
11,61,Balleray (VAUX D'AMOGNES),,140.10,21.20,15:06:00,17:04:00,17:12:00,17:20:00,WAYPOINT,REFERENCE_SPEEDS,OBSERVED_FACT
11,62,La Forêt Ronde (VAUX D'AMOGNES),,140.70,20.60,15:06:00,17:05:00,17:13:00,17:21:00,WAYPOINT,REFERENCE_SPEEDS,OBSERVED_FACT
11,63,GUÉRIGNY (D26-D977),,146.00,15.30,15:14:00,17:11:00,17:20:00,17:29:00,WAYPOINT,REFERENCE_SPEEDS,OBSERVED_FACT
11,64,D977 Demeurs,D977,148.10,13.20,15:17:00,17:14:00,17:22:00,17:32:00,WAYPOINT,REFERENCE_SPEEDS,OBSERVED_FACT
11,65,URZY,,150.40,10.90,15:20:00,17:17:00,17:25:00,17:35:00,WAYPOINT,REFERENCE_SPEEDS,OBSERVED_FACT
11,66,La Pacauderie (D977-D176) (SAINT-MARTIN-D'HEUILLE),,155.00,6.30,15:26:00,17:23:00,17:32:00,17:41:00,WAYPOINT,REFERENCE_SPEEDS,OBSERVED_FACT
11,67,"D176 La Grippe (SAINT-MARTIN-D'HEUILLE, COULANGES-LÈS-NEVERS)",D176,155.00,6.30,15:27:00,17:23:00,17:32:00,17:41:00,WAYPOINT,REFERENCE_SPEEDS,OBSERVED_FACT
11,68,Trangy (près) (SAINT-ÉLOI),,157.70,3.60,15:30:00,17:26:00,17:35:00,17:45:00,WAYPOINT,REFERENCE_SPEEDS,OBSERVED_FACT
11,69,Chaluzy (SAINT-ÉLOI),,159.00,2.30,15:32:00,17:28:00,17:37:00,17:47:00,WAYPOINT,REFERENCE_SPEEDS,OBSERVED_FACT
11,70,NEVERS (D176-VC) (entrée),,159.60,1.70,15:33:00,17:29:00,17:38:00,17:48:00,WAYPOINT,REFERENCE_SPEEDS,OBSERVED_FACT
11,71,Passage à niveau N° 5.,,160.30,1.00,15:34:00,17:30:00,17:39:00,17:49:00,WAYPOINT,REFERENCE_SPEEDS,OBSERVED_FACT
11,72,VC NEVERS,VC,161.30,0.00,15:35:00,17:31:00,17:40:00,17:50:00,WAYPOINT,REFERENCE_SPEEDS,OBSERVED_FACT
12,1,FRANCE,,,,11:15:00,13:30:00,13:30:00,13:30:00,ADMIN_BOUNDARY,REFERENCE_SPEEDS,OBSERVED_FACT
12,2,NIÈVRE (58),,,,11:15:00,13:30:00,13:30:00,13:30:00,ADMIN_BOUNDARY,REFERENCE_SPEEDS,OBSERVED_FACT
12,3,VC CIRCUIT NEVERS MAGNY-COURS,VC,0.00,179.10,11:15:00,13:30:00,13:30:00,13:30:00,WAYPOINT,REFERENCE_SPEEDS,OBSERVED_FACT
12,4,Porte du Circuit (VC-D58) (MAGNY-COURS),,0.00,179.10,11:25:00,13:40:00,13:40:00,13:40:00,WAYPOINT,REFERENCE_SPEEDS,OBSERVED_FACT
12,5,D58 CIRCUIT NEVERS MAGNY-COURS,D58,0.00,179.10,11:25:00,13:40:00,13:40:00,13:40:00,WAYPOINT,REFERENCE_SPEEDS,OBSERVED_FACT
12,6,SAINT-PARIZE-LE-CHÂTEL (D58-D133),,0.40,178.70,11:25:00,13:40:00,13:40:00,13:40:00,WAYPOINT,REFERENCE_SPEEDS,OBSERVED_FACT
12,7,D133 Moiry (D133-D907),D133,3.50,175.60,11:30:00,13:44:00,13:45:00,13:45:00,WAYPOINT,REFERENCE_SPEEDS,OBSERVED_FACT
12,8,D907 Carrefour D907-D2076,D907,10.70,168.40,11:40:00,13:54:00,13:54:00,13:55:00,WAYPOINT,REFERENCE_SPEEDS,OBSERVED_FACT
12,9,D2076 Carrefour D2076-D108,D2076,11.20,167.90,11:40:00,13:54:00,13:55:00,13:55:00,WAYPOINT,REFERENCE_SPEEDS,OBSERVED_FACT
12,10,D108 SAINT-PIERRE-LE-MOÛTIER (D108-D978 A-D431-D978 A),D108,11.70,167.40,11:41:00,13:55:00,13:56:00,13:56:00,WAYPOINT,REFERENCE_SPEEDS,OBSERVED_FACT
12,11,D978 A AZY-LE-VIF,D978 A,22.20,156.90,11:56:00,14:08:00,14:10:00,14:11:00,WAYPOINT,REFERENCE_SPEEDS,OBSERVED_FACT
12,12,Le Charme,,28.00,151.10,12:04:00,14:16:00,14:17:00,14:19:00,WAYPOINT,REFERENCE_SPEEDS,OBSERVED_FACT
12,13,NEUVILLE-LÈS-DECIZE,,28.90,150.20,12:05:00,14:17:00,14:18:00,14:20:00,WAYPOINT,REFERENCE_SPEEDS,OBSERVED_FACT
12,14,"Bruyères-Paray (SAINT-PARIZE-EN-VIRY, AVRIL-SUR-LOIRE)",,31.10,148.00,12:08:00,14:20:00,14:21:00,14:23:00,WAYPOINT,REFERENCE_SPEEDS,OBSERVED_FACT
12,15,SAINT-GERMAIN-CHASSENAY,,34.90,144.20,12:14:00,14:25:00,14:27:00,14:29:00,WAYPOINT,REFERENCE_SPEEDS,OBSERVED_FACT
12,16,Boudrillon,,37.10,142.00,12:17:00,14:27:00,14:29:00,14:32:00,WAYPOINT,REFERENCE_SPEEDS,OBSERVED_FACT
12,17,DECIZE (D978 A-D981) (entrée),,42.30,136.80,12:24:00,14:34:00,14:36:00,14:39:00,WAYPOINT,REFERENCE_SPEEDS,OBSERVED_FACT
12,18,D981 DECIZE,D981,45.80,133.30,12:29:00,14:38:00,14:41:00,14:44:00,WAYPOINT,REFERENCE_SPEEDS,OBSERVED_FACT
12,19,Marcy (CHAMPVERT),,48.50,130.60,12:33:00,14:42:00,14:45:00,14:48:00,WAYPOINT,REFERENCE_SPEEDS,OBSERVED_FACT
12,20,L'Ouche Migeard (VERNEUIL),,54.30,124.80,12:41:00,14:49:00,14:52:00,14:56:00,WAYPOINT,REFERENCE_SPEEDS,OBSERVED_FACT
12,21,Les Arreaux (D981-D37),,57.40,121.70,12:45:00,14:53:00,14:56:00,15:00:00,WAYPOINT,REFERENCE_SPEEDS,OBSERVED_FACT
12,22,D37 CERCY-LA-TOUR (D37-D10-D981),D37,59.00,120.10,12:47:00,14:55:00,14:59:00,15:02:00,WAYPOINT,REFERENCE_SPEEDS,OBSERVED_FACT
12,23,D981 FOURS,D981,66.10,113.00,12:57:00,15:04:00,15:08:00,15:12:00,WAYPOINT,REFERENCE_SPEEDS,OBSERVED_FACT
12,24,Apponay (RÉMILLY),,71.90,107.20,13:05:00,15:12:00,15:16:00,15:20:00,WAYPOINT,REFERENCE_SPEEDS,OBSERVED_FACT
12,25,Côte de Lanty,,76.50,102.60,13:12:00,15:18:00,15:22:00,15:27:00,WAYPOINT,REFERENCE_SPEEDS,OBSERVED_FACT
12,26,LANTY (près),,77.30,101.80,13:13:00,15:19:00,15:23:00,15:28:00,WAYPOINT,REFERENCE_SPEEDS,OBSERVED_FACT
12,27,Les Flaudes (AVRÉE),,80.20,98.90,13:17:00,15:22:00,15:27:00,15:32:00,WAYPOINT,REFERENCE_SPEEDS,OBSERVED_FACT
12,28,Recoulon (FLÉTY),,81.80,97.30,13:20:00,15:24:00,15:29:00,15:34:00,WAYPOINT,REFERENCE_SPEEDS,OBSERVED_FACT
12,29,LUZY (D981-VC-D981-D985),,86.40,92.70,13:26:00,15:30:00,15:35:00,15:41:00,WAYPOINT,REFERENCE_SPEEDS,OBSERVED_FACT
12,30,SAÔNE-ET-LOIRE (71),,,,13:33:00,15:37:00,15:42:00,15:48:00,ADMIN_BOUNDARY,REFERENCE_SPEEDS,OBSERVED_FACT
12,31,D985 Le Moulin de Cuzy (CUZY),D985,93.90,85.20,13:36:00,15:40:00,15:45:00,15:51:00,WAYPOINT,REFERENCE_SPEEDS,OBSERVED_FACT
12,32,La Croix de l'Arbre (ISSY-L'ÉVÊQUE),,97.50,81.60,13:41:00,15:44:00,15:50:00,15:56:00,WAYPOINT,REFERENCE_SPEEDS,OBSERVED_FACT
12,33,Côte de Cuzy,,97.80,81.30,13:42:00,15:45:00,15:50:00,15:56:00,WAYPOINT,REFERENCE_SPEEDS,OBSERVED_FACT
12,34,La Gare (MONTMORT),,102.40,76.70,13:48:00,15:51:00,15:57:00,16:03:00,WAYPOINT,REFERENCE_SPEEDS,OBSERVED_FACT
12,35,Le Buisson Borget (SAINTE-RADEGONDE),,103.90,75.20,13:50:00,15:53:00,15:58:00,16:05:00,WAYPOINT,REFERENCE_SPEEDS,OBSERVED_FACT
12,36,TOULON-SUR-ARROUX,,106.70,72.40,13:54:00,15:56:00,16:02:00,16:09:00,WAYPOINT,REFERENCE_SPEEDS,OBSERVED_FACT
12,37,Carrefour D985-D57,,110.90,68.20,14:00:00,16:01:00,16:08:00,16:15:00,WAYPOINT,REFERENCE_SPEEDS,OBSERVED_FACT
12,38,La Praye (SAINT-EUGÈNE),,115.00,64.10,14:06:00,16:07:00,16:13:00,16:20:00,WAYPOINT,REFERENCE_SPEEDS,OBSERVED_FACT
12,39,La Coudraye,,118.70,60.40,14:11:00,16:11:00,16:18:00,16:26:00,WAYPOINT,REFERENCE_SPEEDS,OBSERVED_FACT
12,40,La Villa Sirot,,122.90,56.20,14:17:00,16:17:00,16:24:00,16:31:00,WAYPOINT,REFERENCE_SPEEDS,OBSERVED_FACT
12,41,SAINT-BERAIN-SOUS-SANVIGNES,,125.50,53.60,14:21:00,16:20:00,16:27:00,16:35:00,WAYPOINT,REFERENCE_SPEEDS,OBSERVED_FACT
12,42,MONTCEAU-LES-MINES (D57-VC),,126.50,52.60,14:22:00,16:21:00,16:29:00,16:36:00,WAYPOINT,REFERENCE_SPEEDS,OBSERVED_FACT
12,43,VC BLANZY (VC-D980-D974),VC,132.40,46.70,14:30:00,16:29:00,16:36:00,16:45:00,WAYPOINT,REFERENCE_SPEEDS,OBSERVED_FACT
12,44,D980 Passage à niveau N° 94.,D980,133.90,45.20,14:32:00,16:31:00,16:39:00,16:47:00,WAYPOINT,REFERENCE_SPEEDS,OBSERVED_FACT
12,45,D974 Pont des Morands (D974-D977) (SAINT-EUSÈBE),D974,141.40,37.70,14:43:00,16:40:00,16:48:00,16:57:00,WAYPOINT,REFERENCE_SPEEDS,OBSERVED_FACT
12,46,D977 Montchanin-le-Haut (SAINT-EUSÈBE),D977,142.50,36.60,14:44:00,16:42:00,16:50:00,16:59:00,WAYPOINT,REFERENCE_SPEEDS,OBSERVED_FACT
12,47,Les Cuisiniers (SAINT-EUSÈBE),,143.40,35.70,14:46:00,16:43:00,16:51:00,17:00:00,WAYPOINT,REFERENCE_SPEEDS,OBSERVED_FACT
12,48,Moulin à Vent (SAINT-LAURENT-D'ANDENAY),,144.10,35.00,14:46:00,16:44:00,16:52:00,17:01:00,WAYPOINT,REFERENCE_SPEEDS,OBSERVED_FACT
12,49,Les Grandes Bruyères (SAINT-LAURENT-D'ANDENAY),,145.10,34.00,14:48:00,16:45:00,16:53:00,17:02:00,WAYPOINT,REFERENCE_SPEEDS,OBSERVED_FACT
12,50,La Grosse Auberge (SAINT-MARTIN-D'AUXY),,148.90,30.20,14:53:00,16:50:00,16:58:00,17:08:00,WAYPOINT,REFERENCE_SPEEDS,OBSERVED_FACT
12,51,Les Baudots (MARCILLY-LÈS-BUXY),,149.00,30.10,14:53:00,16:50:00,16:59:00,17:08:00,WAYPOINT,REFERENCE_SPEEDS,OBSERVED_FACT
12,52,La Croix Pautet (MARCILLY-LÈS-BUXY),,150.40,28.70,14:55:00,16:52:00,17:00:00,17:10:00,WAYPOINT,REFERENCE_SPEEDS,OBSERVED_FACT
12,53,Le Reuil (MARCILLY-LÈS-BUXY),,152.70,26.40,14:59:00,16:55:00,17:04:00,17:13:00,WAYPOINT,REFERENCE_SPEEDS,OBSERVED_FACT
12,54,Les Blignys,,155.10,24.00,15:02:00,16:58:00,17:07:00,17:16:00,WAYPOINT,REFERENCE_SPEEDS,OBSERVED_FACT
12,55,CERSOT,,155.60,23.50,15:03:00,16:59:00,17:07:00,17:17:00,WAYPOINT,REFERENCE_SPEEDS,OBSERVED_FACT
12,56,La Redoute (près) (SASSANGY),,156.80,22.30,15:04:00,17:00:00,17:09:00,17:19:00,WAYPOINT,REFERENCE_SPEEDS,OBSERVED_FACT
12,57,Côte de Montagny-lès-Buxy,,159.40,19.70,15:08:00,17:03:00,17:12:00,17:22:00,WAYPOINT,REFERENCE_SPEEDS,OBSERVED_FACT
12,58,MONTAGNY-LÈS-BUXY (près),,160.20,18.90,15:10:00,17:04:00,17:14:00,17:23:00,WAYPOINT,REFERENCE_SPEEDS,OBSERVED_FACT
12,59,BUXY,,162.30,16.80,15:12:00,17:07:00,17:16:00,17:26:00,WAYPOINT,REFERENCE_SPEEDS,OBSERVED_FACT
12,60,Les Grands Champs,,165.40,13.70,15:17:00,17:11:00,17:21:00,17:31:00,WAYPOINT,REFERENCE_SPEEDS,OBSERVED_FACT
12,61,Les Ponts (GRANGES),,167.80,11.30,15:20:00,17:14:00,17:24:00,17:34:00,WAYPOINT,REFERENCE_SPEEDS,OBSERVED_FACT
12,62,Sienne-le-Haut (près) (LA CHARMÉE),,171.50,7.60,15:25:00,17:19:00,17:29:00,17:39:00,WAYPOINT,REFERENCE_SPEEDS,OBSERVED_FACT
12,63,Cortelin,,174.00,5.10,15:29:00,17:22:00,17:32:00,17:43:00,WAYPOINT,REFERENCE_SPEEDS,OBSERVED_FACT
12,64,SAINT-RÉMY (D977-VC-D906),,175.80,3.30,15:31:00,17:24:00,17:34:00,17:45:00,WAYPOINT,REFERENCE_SPEEDS,OBSERVED_FACT
12,65,D906 CHALON-SUR-SAÔNE (D906-VC) (entrée),D906,178.40,0.70,15:35:00,17:28:00,17:38:00,17:49:00,WAYPOINT,REFERENCE_SPEEDS,OBSERVED_FACT
12,66,VC CHALON-SUR-SAÔNE,VC,179.10,0.00,15:36:00,17:29:00,17:39:00,17:50:00,WAYPOINT,REFERENCE_SPEEDS,OBSERVED_FACT
13,1,FRANCE,,,,10:45:00,13:00:00,13:00:00,13:00:00,ADMIN_BOUNDARY,REFERENCE_SPEEDS,OBSERVED_FACT
13,2,JURA (39),,,,10:45:00,13:00:00,13:00:00,13:00:00,ADMIN_BOUNDARY,REFERENCE_SPEEDS,OBSERVED_FACT
13,3,VC DOLE (VC-D405-VC-D229),VC,0.00,205.80,10:45:00,13:00:00,13:00:00,13:00:00,WAYPOINT,REFERENCE_SPEEDS,OBSERVED_FACT
13,4,D229 Carrefour D229-D244,D229,0.00,205.80,11:05:00,13:20:00,13:20:00,13:20:00,WAYPOINT,REFERENCE_SPEEDS,OBSERVED_FACT
13,5,D244 DOLE,D244,0.00,205.80,11:05:00,13:20:00,13:20:00,13:20:00,WAYPOINT,REFERENCE_SPEEDS,OBSERVED_FACT
13,6,FALLETANS,,1.40,204.40,11:07:00,13:22:00,13:22:00,13:22:00,WAYPOINT,REFERENCE_SPEEDS,OBSERVED_FACT
13,7,Gros Buisson (près) (ROCHEFORT-SUR-NENON),,3.30,202.50,11:10:00,13:24:00,13:24:00,13:24:00,WAYPOINT,REFERENCE_SPEEDS,OBSERVED_FACT
13,8,Carrefour D244-D76,,4.80,201.00,11:12:00,13:26:00,13:26:00,13:27:00,WAYPOINT,REFERENCE_SPEEDS,OBSERVED_FACT
13,9,D76 Nenon (ÉCLANS-NENON),D76,6.00,199.80,11:13:00,13:27:00,13:28:00,13:28:00,WAYPOINT,REFERENCE_SPEEDS,OBSERVED_FACT
13,10,Éclans (ÉCLANS-NENON),,7.40,198.40,11:16:00,13:29:00,13:30:00,13:30:00,WAYPOINT,REFERENCE_SPEEDS,OBSERVED_FACT
13,11,OUR,,11.40,194.40,11:21:00,13:34:00,13:35:00,13:36:00,WAYPOINT,REFERENCE_SPEEDS,OBSERVED_FACT
13,12,Carrefour D76-D12,,12.80,193.00,11:23:00,13:36:00,13:37:00,13:37:00,WAYPOINT,REFERENCE_SPEEDS,OBSERVED_FACT
13,13,D12 ORCHAMPS (D12-D673),D12,13.20,192.60,11:24:00,13:36:00,13:37:00,13:38:00,WAYPOINT,REFERENCE_SPEEDS,OBSERVED_FACT
13,14,D673 LA BARRE (près),D673,15.50,190.30,11:27:00,13:39:00,13:40:00,13:41:00,WAYPOINT,REFERENCE_SPEEDS,OBSERVED_FACT
13,15,MONTEPLAIN (près),,18.10,187.70,11:31:00,13:43:00,13:44:00,13:45:00,WAYPOINT,REFERENCE_SPEEDS,OBSERVED_FACT
13,16,RANCHOT,,18.80,187.00,11:32:00,13:43:00,13:45:00,13:46:00,WAYPOINT,REFERENCE_SPEEDS,OBSERVED_FACT
13,17,DAMPIERRE,,20.20,185.60,11:34:00,13:45:00,13:46:00,13:47:00,WAYPOINT,REFERENCE_SPEEDS,OBSERVED_FACT
13,18,Châteauneuf,,22.00,183.80,11:36:00,13:47:00,13:49:00,13:50:00,WAYPOINT,REFERENCE_SPEEDS,OBSERVED_FACT
13,19,ÉVANS (près),,23.00,182.80,11:38:00,13:49:00,13:50:00,13:51:00,WAYPOINT,REFERENCE_SPEEDS,OBSERVED_FACT
13,20,DOUBS (25),,,,11:40:00,13:51:00,13:52:00,13:54:00,ADMIN_BOUNDARY,REFERENCE_SPEEDS,OBSERVED_FACT
13,21,SAINT-VIT (D673-D13),,25.00,180.80,11:41:00,13:51:00,13:53:00,13:54:00,WAYPOINT,REFERENCE_SPEEDS,OBSERVED_FACT
13,22,D13 FERRIÈRES-LES-BOIS,D13,29.30,176.50,11:47:00,13:57:00,13:58:00,14:00:00,WAYPOINT,REFERENCE_SPEEDS,OBSERVED_FACT
13,23,CORCELLES-FERRIÈRES (D13-D11-D13),,32.20,173.60,11:51:00,14:00:00,14:02:00,14:04:00,WAYPOINT,REFERENCE_SPEEDS,OBSERVED_FACT
13,24,LAVERNAY,,34.50,171.30,11:54:00,14:03:00,14:05:00,14:07:00,WAYPOINT,REFERENCE_SPEEDS,OBSERVED_FACT
13,25,FRANEY,,36.50,169.30,11:57:00,14:06:00,14:08:00,14:10:00,WAYPOINT,REFERENCE_SPEEDS,OBSERVED_FACT
13,26,RECOLOGNE (près) (D13-D5-D67),,37.90,167.90,11:59:00,14:07:00,14:09:00,14:12:00,WAYPOINT,REFERENCE_SPEEDS,OBSERVED_FACT
13,27,D67 RUFFEY-LE-CHÂTEAU (près),D67,40.40,165.40,12:03:00,14:10:00,14:13:00,14:15:00,WAYPOINT,REFERENCE_SPEEDS,OBSERVED_FACT
13,28,Carrefour D67-D279,,40.80,165.00,12:03:00,14:11:00,14:13:00,14:16:00,WAYPOINT,REFERENCE_SPEEDS,OBSERVED_FACT
13,29,HAUTE-SAÔNE (70),,,,12:04:00,14:12:00,14:14:00,14:17:00,ADMIN_BOUNDARY,REFERENCE_SPEEDS,OBSERVED_FACT
13,30,D29 A MARNAY (D29 A-D29-D15),D29 A,41.80,164.00,12:05:00,14:12:00,14:14:00,14:17:00,WAYPOINT,REFERENCE_SPEEDS,OBSERVED_FACT
13,31,D15 BRUSSEY,D15,44.60,161.20,12:09:00,14:16:00,14:18:00,14:21:00,WAYPOINT,REFERENCE_SPEEDS,OBSERVED_FACT
13,32,BEAUMOTTE-LÈS-PIN (près),,47.70,158.10,12:13:00,14:20:00,14:22:00,14:25:00,WAYPOINT,REFERENCE_SPEEDS,OBSERVED_FACT
13,33,PIN,,49.90,155.90,12:16:00,14:22:00,14:25:00,14:28:00,WAYPOINT,REFERENCE_SPEEDS,OBSERVED_FACT
13,34,VREGILLE (près),,53.00,152.80,12:21:00,14:26:00,14:29:00,14:32:00,WAYPOINT,REFERENCE_SPEEDS,OBSERVED_FACT
13,35,CHAMBORNAY-LÈS-PIN,,53.60,152.20,12:21:00,14:27:00,14:30:00,14:33:00,WAYPOINT,REFERENCE_SPEEDS,OBSERVED_FACT
13,36,ÉTUZ (D15-D3-D15),,56.90,148.90,12:26:00,14:31:00,14:34:00,14:38:00,WAYPOINT,REFERENCE_SPEEDS,OBSERVED_FACT
13,37,BOULOT,,58.40,147.40,12:28:00,14:33:00,14:36:00,14:40:00,WAYPOINT,REFERENCE_SPEEDS,OBSERVED_FACT
13,38,Fusier,,61.40,144.40,12:33:00,14:37:00,14:40:00,14:44:00,WAYPOINT,REFERENCE_SPEEDS,OBSERVED_FACT
13,39,BOULT,,63.80,142.00,12:36:00,14:40:00,14:43:00,14:47:00,WAYPOINT,REFERENCE_SPEEDS,OBSERVED_FACT
13,40,Breurey (près) (SORANS-LÈS-BREUREY),,67.50,138.30,12:41:00,14:44:00,14:48:00,14:52:00,WAYPOINT,REFERENCE_SPEEDS,OBSERVED_FACT
13,41,Sorans (près) (SORANS-LÈS-BREUREY),,68.80,137.00,12:43:00,14:46:00,14:50:00,14:54:00,WAYPOINT,REFERENCE_SPEEDS,OBSERVED_FACT
13,42,Le Verjoulot (D15-D232) (NEUVELLE-LÈS-CROMARY),,71.50,134.30,12:47:00,14:49:00,14:53:00,14:57:00,WAYPOINT,REFERENCE_SPEEDS,OBSERVED_FACT
13,43,D232 RIOZ (D232-D15),D232,71.70,134.10,12:47:00,14:50:00,14:53:00,14:58:00,WAYPOINT,REFERENCE_SPEEDS,OBSERVED_FACT
13,44,D15 Anthon,D15,75.50,130.30,12:53:00,14:54:00,14:58:00,15:03:00,WAYPOINT,REFERENCE_SPEEDS,OBSERVED_FACT
13,45,Marloz (CIREY),,77.80,128.00,12:56:00,14:57:00,15:01:00,15:06:00,WAYPOINT,REFERENCE_SPEEDS,OBSERVED_FACT
13,46,LOULANS-VERCHAMP,,83.40,122.40,13:04:00,15:04:00,15:09:00,15:14:00,WAYPOINT,REFERENCE_SPEEDS,OBSERVED_FACT
13,47,Le Poirier (près) (ORMENANS),,85.90,119.90,13:08:00,15:07:00,15:12:00,15:17:00,WAYPOINT,REFERENCE_SPEEDS,OBSERVED_FACT
13,48,MONTBOZON (D15-D49),,88.20,117.60,13:11:00,15:10:00,15:15:00,15:20:00,WAYPOINT,REFERENCE_SPEEDS,OBSERVED_FACT
13,49,D49 THIÉNANS (près),D49,90.10,115.70,13:14:00,15:13:00,15:17:00,15:23:00,WAYPOINT,REFERENCE_SPEEDS,OBSERVED_FACT
13,50,BOUHANS-LÈS-MONTBOZON (près),,91.80,114.00,13:16:00,15:15:00,15:20:00,15:25:00,WAYPOINT,REFERENCE_SPEEDS,OBSERVED_FACT
13,51,COGNIÈRES (près) (D49-D76),,92.70,113.10,13:17:00,15:16:00,15:21:00,15:26:00,WAYPOINT,REFERENCE_SPEEDS,OBSERVED_FACT
13,52,DOUBS (25),,,,13:18:00,15:16:00,15:22:00,15:27:00,ADMIN_BOUNDARY,REFERENCE_SPEEDS,OBSERVED_FACT
13,53,D29 La Forge (près) (MONTAGNEY-SERVIGNEY),D29,93.90,111.90,13:19:00,15:17:00,15:22:00,15:28:00,WAYPOINT,REFERENCE_SPEEDS,OBSERVED_FACT
13,54,Montferney,,95.80,110.00,13:22:00,15:20:00,15:25:00,15:31:00,WAYPOINT,REFERENCE_SPEEDS,OBSERVED_FACT
13,55,ROUGEMONT (D29-D486),,97.30,108.50,13:24:00,15:22:00,15:27:00,15:33:00,WAYPOINT,REFERENCE_SPEEDS,OBSERVED_FACT
13,56,D486 Le Pré Rond (D486-D50) (CUSE-ET-ADRISANS),D486,100.00,105.80,13:28:00,15:25:00,15:30:00,15:36:00,WAYPOINT,REFERENCE_SPEEDS,OBSERVED_FACT
13,57,D50 CUBRIAL,D50,102.30,103.50,13:31:00,15:28:00,15:33:00,15:39:00,WAYPOINT,REFERENCE_SPEEDS,OBSERVED_FACT
13,58,Ferme de la Pâture (près) (CUBRY),,105.40,100.40,13:35:00,15:32:00,15:37:00,15:44:00,WAYPOINT,REFERENCE_SPEEDS,OBSERVED_FACT
13,59,HAUTE-SAÔNE (70),,,,13:36:00,15:32:00,15:38:00,15:44:00,ADMIN_BOUNDARY,REFERENCE_SPEEDS,OBSERVED_FACT
13,60,D486 Rullet (près) (LES MAGNY),D486,106.50,99.30,13:37:00,15:33:00,15:39:00,15:45:00,WAYPOINT,REFERENCE_SPEEDS,OBSERVED_FACT
13,61,MOIMAY (près),,109.30,96.50,13:41:00,15:37:00,15:42:00,15:49:00,WAYPOINT,REFERENCE_SPEEDS,OBSERVED_FACT
13,62,VILLERSEXEL (près),,110.30,95.50,13:42:00,15:38:00,15:44:00,15:50:00,WAYPOINT,REFERENCE_SPEEDS,OBSERVED_FACT
13,63,AILLEVANS (près),,114.10,91.70,13:48:00,15:43:00,15:49:00,15:56:00,WAYPOINT,REFERENCE_SPEEDS,OBSERVED_FACT
13,64,"La Tuilerie (ARPENANS, LES AYNANS)",,117.80,88.00,13:53:00,15:47:00,15:54:00,16:01:00,WAYPOINT,REFERENCE_SPEEDS,OBSERVED_FACT
13,65,VY-LÈS-LURE,,120.10,85.70,13:57:00,15:50:00,15:57:00,16:04:00,WAYPOINT,REFERENCE_SPEEDS,OBSERVED_FACT
13,66,MAGNY-VERNOIS,,123.20,82.60,14:01:00,15:54:00,16:01:00,16:08:00,WAYPOINT,REFERENCE_SPEEDS,OBSERVED_FACT
13,67,Tuilerie,,124.40,81.40,14:03:00,15:55:00,16:02:00,16:10:00,WAYPOINT,REFERENCE_SPEEDS,OBSERVED_FACT
13,68,LURE (D486-VC-D486 B-D486),,126.10,79.70,14:05:00,15:58:00,16:04:00,16:12:00,WAYPOINT,REFERENCE_SPEEDS,OBSERVED_FACT
13,69,VC Passage à niveau N° 225.,VC,127.30,78.50,14:07:00,15:59:00,16:06:00,16:13:00,WAYPOINT,REFERENCE_SPEEDS,OBSERVED_FACT
13,70,D486 FROIDETERRE (près),D486,130.90,74.90,14:12:00,16:04:00,16:11:00,16:18:00,WAYPOINT,REFERENCE_SPEEDS,OBSERVED_FACT
13,71,Le Mont de Saint-Germain,,131.80,74.00,14:13:00,16:05:00,16:12:00,16:20:00,WAYPOINT,REFERENCE_SPEEDS,OBSERVED_FACT
13,72,SAINT-GERMAIN,,132.40,73.40,14:14:00,16:05:00,16:13:00,16:20:00,WAYPOINT,REFERENCE_SPEEDS,OBSERVED_FACT
13,73,MÉLISEY (entrée),,136.20,69.60,14:20:00,16:10:00,16:18:00,16:26:00,WAYPOINT,REFERENCE_SPEEDS,OBSERVED_FACT
13,74,MÉLISEY,,137.80,68.00,14:22:00,16:12:00,16:20:00,16:28:00,WAYPOINT,REFERENCE_SPEEDS,OBSERVED_FACT
13,75,BELONCHAMP,,140.40,65.40,14:26:00,16:15:00,16:23:00,16:31:00,WAYPOINT,REFERENCE_SPEEDS,OBSERVED_FACT
13,76,Ternuay (TERNUAY-MELAY-ET-SAINT-HILAIRE),,143.40,62.40,14:30:00,16:19:00,16:27:00,16:36:00,WAYPOINT,REFERENCE_SPEEDS,OBSERVED_FACT
13,77,Les Champs Journet (TERNUAY-MELAY-ET-SAINT-HILAIRE),,145.50,60.30,14:33:00,16:22:00,16:30:00,16:38:00,WAYPOINT,REFERENCE_SPEEDS,OBSERVED_FACT
13,78,Le Ru-Jeannot (TERNUAY-MELAY-ET-SAINT-HILAIRE),,147.00,58.80,14:35:00,16:24:00,16:32:00,16:40:00,WAYPOINT,REFERENCE_SPEEDS,OBSERVED_FACT
13,79,Servance (SERVANCE-MIELLIN),,149.00,56.80,14:38:00,16:26:00,16:34:00,16:43:00,WAYPOINT,REFERENCE_SPEEDS,OBSERVED_FACT
13,80,Le Them (SERVANCE-MIELLIN),,150.80,55.00,14:40:00,16:28:00,16:37:00,16:46:00,WAYPOINT,REFERENCE_SPEEDS,OBSERVED_FACT
13,81,Les Grands Champs (HAUT-DU-THEM-CHÂTEAU-LAMBERT),,151.70,54.10,14:42:00,16:30:00,16:38:00,16:47:00,WAYPOINT,REFERENCE_SPEEDS,OBSERVED_FACT
13,82,Haut-du-Them (près) (HAUT-DU-THEM-CHÂTEAU-LAMBERT),,153.70,52.10,14:44:00,16:33:00,16:42:00,16:51:00,WAYPOINT,REFERENCE_SPEEDS,OBSERVED_FACT
13,83,Col des Croix,,157.40,48.40,14:50:00,16:41:00,16:50:00,17:00:00,WAYPOINT,REFERENCE_SPEEDS,OBSERVED_FACT
13,84,VOSGES (88),,,,14:50:00,16:41:00,16:50:00,17:00:00,ADMIN_BOUNDARY,REFERENCE_SPEEDS,OBSERVED_FACT
13,85,LE THILLOT (D486-N66),,160.10,45.70,14:54:00,16:44:00,16:53:00,17:03:00,WAYPOINT,REFERENCE_SPEEDS,OBSERVED_FACT
13,86,N66 FRESSE-SUR-MOSELLE,N66,161.90,43.90,14:56:00,16:46:00,16:55:00,17:05:00,WAYPOINT,REFERENCE_SPEEDS,OBSERVED_FACT
13,87,Le Pont Jean,,165.30,40.50,15:01:00,16:50:00,17:00:00,17:10:00,WAYPOINT,REFERENCE_SPEEDS,OBSERVED_FACT
13,88,SAINT-MAURICE-SUR-MOSELLE (N66-D465),,166.00,39.80,15:02:00,16:51:00,17:01:00,17:11:00,WAYPOINT,REFERENCE_SPEEDS,OBSERVED_FACT
13,89,D465 La Jumenterie,D465,174.20,31.60,15:14:00,17:08:00,17:19:00,17:31:00,WAYPOINT,REFERENCE_SPEEDS,OBSERVED_FACT
13,90,Ballon d'Alsace,,175.90,29.90,15:16:00,17:12:00,17:23:00,17:36:00,WAYPOINT,REFERENCE_SPEEDS,OBSERVED_FACT
13,91,TERRITOIRE DE BELFORT (90),,,,15:16:00,17:12:00,17:23:00,17:36:00,ADMIN_BOUNDARY,REFERENCE_SPEEDS,OBSERVED_FACT
13,92,Les Sapins,,177.00,28.80,15:18:00,17:13:00,17:25:00,17:37:00,WAYPOINT,REFERENCE_SPEEDS,OBSERVED_FACT
13,93,La Chaumière,,178.10,27.70,15:19:00,17:15:00,17:26:00,17:38:00,WAYPOINT,REFERENCE_SPEEDS,OBSERVED_FACT
13,94,Saut de la Truite,,185.00,20.80,15:29:00,17:22:00,17:33:00,17:46:00,WAYPOINT,REFERENCE_SPEEDS,OBSERVED_FACT
13,95,Malvaux,,187.00,18.80,15:32:00,17:24:00,17:36:00,17:48:00,WAYPOINT,REFERENCE_SPEEDS,OBSERVED_FACT
13,96,LEPUIX,,190.00,15.80,15:36:00,17:27:00,17:39:00,17:52:00,WAYPOINT,REFERENCE_SPEEDS,OBSERVED_FACT
13,97,GIROMAGNY,,191.40,14.40,15:38:00,17:29:00,17:41:00,17:53:00,WAYPOINT,REFERENCE_SPEEDS,OBSERVED_FACT
13,98,CHAUX,,194.30,11.50,15:43:00,17:32:00,17:44:00,17:57:00,WAYPOINT,REFERENCE_SPEEDS,OBSERVED_FACT
13,99,SERMAMAGNY (D465-D5),,197.60,8.20,15:47:00,17:36:00,17:48:00,18:02:00,WAYPOINT,REFERENCE_SPEEDS,OBSERVED_FACT
13,100,D5 VALDOIE (D5-D13),D5,200.60,5.20,15:51:00,17:40:00,17:52:00,18:05:00,WAYPOINT,REFERENCE_SPEEDS,OBSERVED_FACT
13,101,D13 OFFEMONT,D13,202.70,3.10,15:54:00,17:42:00,17:55:00,18:08:00,WAYPOINT,REFERENCE_SPEEDS,OBSERVED_FACT
13,102,BELFORT (D13-VC) (entrée),,203.70,2.10,15:56:00,17:44:00,17:56:00,18:10:00,WAYPOINT,REFERENCE_SPEEDS,OBSERVED_FACT
13,103,VC BELFORT,VC,205.80,0.00,15:59:00,17:46:00,17:59:00,18:12:00,WAYPOINT,REFERENCE_SPEEDS,OBSERVED_FACT
14,1,FRANCE,,,,10:55:00,13:10:00,13:10:00,13:10:00,ADMIN_BOUNDARY,REFERENCE_SPEEDS,OBSERVED_FACT
14,2,HAUT-RHIN (68),,,,10:55:00,13:10:00,13:10:00,13:10:00,ADMIN_BOUNDARY,REFERENCE_SPEEDS,OBSERVED_FACT
14,3,VC MULHOUSE (VC-D429),VC,0.00,155.30,10:55:00,13:10:00,13:10:00,13:10:00,WAYPOINT,REFERENCE_SPEEDS,OBSERVED_FACT
14,4,Passage à niveau : tramway,,0.00,155.30,10:59:00,13:19:00,13:18:00,13:18:00,WAYPOINT,REFERENCE_SPEEDS,OBSERVED_FACT
14,5,Passage à niveau : tramway,,0.00,155.30,11:00:00,13:19:00,13:19:00,13:18:00,WAYPOINT,REFERENCE_SPEEDS,OBSERVED_FACT
14,6,D429 KINGERSHEIM,D429,0.00,155.30,11:06:00,13:24:00,13:23:00,13:23:00,WAYPOINT,REFERENCE_SPEEDS,OBSERVED_FACT
14,7,Le Kaligone,,0.00,155.30,11:09:00,13:25:00,13:25:00,13:25:00,WAYPOINT,REFERENCE_SPEEDS,OBSERVED_FACT
14,8,WITTENHEIM,,0.00,155.30,11:10:00,13:27:00,13:26:00,13:26:00,WAYPOINT,REFERENCE_SPEEDS,OBSERVED_FACT
14,9,MULHOUSE,,0.00,155.30,11:15:00,13:30:00,13:30:00,13:30:00,WAYPOINT,REFERENCE_SPEEDS,OBSERVED_FACT
14,10,Schoenensteinbach,,0.30,155.00,11:15:00,13:30:00,13:30:00,13:30:00,WAYPOINT,REFERENCE_SPEEDS,OBSERVED_FACT
14,11,PULVERSHEIM,,1.10,154.20,11:17:00,13:31:00,13:31:00,13:31:00,WAYPOINT,REFERENCE_SPEEDS,OBSERVED_FACT
14,12,Alex-Thur (PULVERSHEIM),,3.30,152.00,11:20:00,13:34:00,13:34:00,13:34:00,WAYPOINT,REFERENCE_SPEEDS,OBSERVED_FACT
14,13,Carrefour VC-D429,,4.00,151.30,11:22:00,13:35:00,13:35:00,13:35:00,WAYPOINT,REFERENCE_SPEEDS,OBSERVED_FACT
14,14,Cité Alex (FELDKIRCH),,4.60,150.70,11:23:00,13:36:00,13:36:00,13:36:00,WAYPOINT,REFERENCE_SPEEDS,OBSERVED_FACT
14,15,BOLLWILLER (D429-D44),,5.30,150.00,11:24:00,13:36:00,13:37:00,13:37:00,WAYPOINT,REFERENCE_SPEEDS,OBSERVED_FACT
14,16,D44 Carrefour D44-D44 I,D44,8.00,147.30,11:28:00,13:40:00,13:40:00,13:41:00,WAYPOINT,REFERENCE_SPEEDS,OBSERVED_FACT
14,17,D44 I BERRWILLER (D44 I-D505),D44 I,9.40,145.90,11:31:00,13:41:00,13:42:00,13:42:00,WAYPOINT,REFERENCE_SPEEDS,OBSERVED_FACT
14,18,D505 WATTWILLER,D505,12.60,142.70,11:36:00,13:45:00,13:46:00,13:47:00,WAYPOINT,REFERENCE_SPEEDS,OBSERVED_FACT
14,19,WATTWILLER (entrée),,12.70,142.60,11:36:00,13:45:00,13:46:00,13:47:00,WAYPOINT,REFERENCE_SPEEDS,OBSERVED_FACT
14,20,UFFHOLTZ (D505-D431),,14.40,140.90,11:39:00,13:48:00,13:48:00,13:49:00,WAYPOINT,REFERENCE_SPEEDS,OBSERVED_FACT
14,21,Hartmannswillerkopf Vieil-Armand,,25.50,129.80,11:57:00,14:11:00,14:13:00,14:16:00,WAYPOINT,REFERENCE_SPEEDS,OBSERVED_FACT
14,22,Freundstein (WILLER-SUR-THUR),,28.20,127.10,12:02:00,14:16:00,14:19:00,14:23:00,WAYPOINT,REFERENCE_SPEEDS,OBSERVED_FACT
14,23,Col Amic (SOULTZ-HAUT-RHIN),,30.10,125.20,12:05:00,14:21:00,14:24:00,14:28:00,WAYPOINT,REFERENCE_SPEEDS,OBSERVED_FACT
14,24,La Ferme du Grand Ballon (SOULTZ-HAUT-RHIN),,33.60,121.70,12:11:00,14:28:00,14:32:00,14:36:00,WAYPOINT,REFERENCE_SPEEDS,OBSERVED_FACT
14,25,Grand Ballon,,36.60,118.70,12:16:00,14:35:00,14:39:00,14:44:00,WAYPOINT,REFERENCE_SPEEDS,OBSERVED_FACT
14,26,"Le Haag (LAUTENBACHZELL, GEISHOUSE)",,38.10,117.20,12:18:00,14:36:00,14:40:00,14:46:00,WAYPOINT,REFERENCE_SPEEDS,OBSERVED_FACT
14,27,"Le Markstein (D431-D27) (entrée) (RANSPACH, FELLERING)",,43.30,112.00,12:27:00,14:41:00,14:46:00,14:51:00,WAYPOINT,REFERENCE_SPEEDS,OBSERVED_FACT
14,28,D27 LE MARKSTEIN FELLERING - 1er passage sur la ligne d'arrivée,D27,43.90,111.40,12:28:00,14:42:00,14:47:00,14:52:00,WAYPOINT,REFERENCE_SPEEDS,OBSERVED_FACT
14,29,Le Treh (RANSPACH),,44.80,110.50,12:30:00,14:43:00,14:48:00,14:53:00,WAYPOINT,REFERENCE_SPEEDS,OBSERVED_FACT
14,30,Lac de Kruth-Wildenstein (D27-D13 BIS),,58.30,97.00,12:52:00,14:57:00,15:02:00,15:08:00,WAYPOINT,REFERENCE_SPEEDS,OBSERVED_FACT
14,31,D13 BIS KRUTH (D13 BIS-D13 BIS I),D13,60.20,95.10,12:55:00,14:59:00,15:05:00,15:11:00,WAYPOINT,REFERENCE_SPEEDS,OBSERVED_FACT
14,32,Werschmatt (ODEREN),,63.40,91.90,13:01:00,15:05:00,15:11:00,15:17:00,WAYPOINT,REFERENCE_SPEEDS,OBSERVED_FACT
14,33,Col d'Oderen,,68.30,87.00,13:09:00,15:15:00,15:21:00,15:29:00,WAYPOINT,REFERENCE_SPEEDS,OBSERVED_FACT
14,34,VOSGES (88),,,,13:09:00,15:15:00,15:22:00,15:29:00,ADMIN_BOUNDARY,REFERENCE_SPEEDS,OBSERVED_FACT
14,35,D43 Carrefour D43-VC (VENTRON),D43,69.70,85.60,13:11:00,15:18:00,15:25:00,15:32:00,WAYPOINT,REFERENCE_SPEEDS,OBSERVED_FACT
14,36,Col du Page,,71.30,84.00,13:14:00,15:22:00,15:29:00,15:36:00,WAYPOINT,REFERENCE_SPEEDS,OBSERVED_FACT
14,37,Larcenaire (VC-D89),,75.10,80.20,13:20:00,15:26:00,15:33:00,15:41:00,WAYPOINT,REFERENCE_SPEEDS,OBSERVED_FACT
14,38,D89 La Hutte,D89,77.60,77.70,13:24:00,15:28:00,15:35:00,15:43:00,WAYPOINT,REFERENCE_SPEEDS,OBSERVED_FACT
14,39,BUSSANG (D89-N66),,79.20,76.10,13:27:00,15:30:00,15:37:00,15:46:00,WAYPOINT,REFERENCE_SPEEDS,OBSERVED_FACT
14,40,N66 SAINT-MAURICE-SUR-MOSELLE (N66-D465),N66,84.00,71.30,13:35:00,15:36:00,15:44:00,15:52:00,WAYPOINT,REFERENCE_SPEEDS,OBSERVED_FACT
14,41,La Jumenterie,,92.70,62.60,13:49:00,15:54:00,16:02:00,16:12:00,WAYPOINT,REFERENCE_SPEEDS,OBSERVED_FACT
14,42,Ballon d'Alsace,,94.40,60.90,13:52:00,15:57:00,16:06:00,16:17:00,WAYPOINT,REFERENCE_SPEEDS,OBSERVED_FACT
14,43,TERRITOIRE DE BELFORT (90),,,,13:52:00,15:57:00,16:06:00,16:17:00,ADMIN_BOUNDARY,REFERENCE_SPEEDS,OBSERVED_FACT
14,44,Les Sapins (LEPUIX),,95.60,59.70,13:54:00,15:58:00,16:07:00,16:18:00,WAYPOINT,REFERENCE_SPEEDS,OBSERVED_FACT
14,45,La Chaumière (D465-D466) (LEPUIX),,96.70,58.60,13:56:00,15:59:00,16:09:00,16:19:00,WAYPOINT,REFERENCE_SPEEDS,OBSERVED_FACT
14,46,HAUT-RHIN (68),,,,13:58:00,16:00:00,16:10:00,16:20:00,ADMIN_BOUNDARY,REFERENCE_SPEEDS,OBSERVED_FACT
14,47,D466 La Gentiane,D466,97.70,57.60,13:58:00,16:01:00,16:10:00,16:20:00,WAYPOINT,REFERENCE_SPEEDS,OBSERVED_FACT
14,48,Lac d'Alfeld,,103.50,51.80,14:07:00,16:06:00,16:16:00,16:26:00,WAYPOINT,REFERENCE_SPEEDS,OBSERVED_FACT
14,49,Lac de Sewen,,106.40,48.90,14:12:00,16:09:00,16:19:00,16:29:00,WAYPOINT,REFERENCE_SPEEDS,OBSERVED_FACT
14,50,SEWEN,,106.90,48.40,14:13:00,16:10:00,16:19:00,16:30:00,WAYPOINT,REFERENCE_SPEEDS,OBSERVED_FACT
14,51,DOLLEREN,,108.90,46.40,14:16:00,16:12:00,16:22:00,16:33:00,WAYPOINT,REFERENCE_SPEEDS,OBSERVED_FACT
14,52,OBERBRUCK,,110.10,45.20,14:18:00,16:14:00,16:24:00,16:34:00,WAYPOINT,REFERENCE_SPEEDS,OBSERVED_FACT
14,53,WEGSCHEID,,111.50,43.80,14:21:00,16:16:00,16:26:00,16:36:00,WAYPOINT,REFERENCE_SPEEDS,OBSERVED_FACT
14,54,KIRCHBERG,,112.80,42.50,14:23:00,16:18:00,16:28:00,16:38:00,WAYPOINT,REFERENCE_SPEEDS,OBSERVED_FACT
14,55,Niederbruck (MASEVAUX-NIEDERBRUCK),,114.10,41.20,14:25:00,16:20:00,16:29:00,16:40:00,WAYPOINT,REFERENCE_SPEEDS,OBSERVED_FACT
14,56,SICKERT,,114.70,40.60,14:26:00,16:20:00,16:30:00,16:41:00,WAYPOINT,REFERENCE_SPEEDS,OBSERVED_FACT
14,57,Masevaux (D466-D14 BIS IV) (MASEVAUX-NIEDERBRUCK),,116.00,39.30,14:28:00,16:22:00,16:32:00,16:43:00,WAYPOINT,REFERENCE_SPEEDS,OBSERVED_FACT
14,58,D14 BIS IV Houppach (MASEVAUX-NIEDERBRUCK),D14,117.60,37.70,14:31:00,16:24:00,16:35:00,16:45:00,WAYPOINT,REFERENCE_SPEEDS,OBSERVED_FACT
14,59,Col du Schirm (MASEVAUX-NIEDERBRUCK),,120.40,34.90,14:36:00,16:28:00,16:38:00,16:49:00,WAYPOINT,REFERENCE_SPEEDS,OBSERVED_FACT
14,60,BOURBACH-LE-HAUT,,121.40,33.90,14:37:00,16:30:00,16:40:00,16:51:00,WAYPOINT,REFERENCE_SPEEDS,OBSERVED_FACT
14,61,Col du Hundsruck,,125.20,30.10,14:44:00,16:35:00,16:45:00,16:57:00,WAYPOINT,REFERENCE_SPEEDS,OBSERVED_FACT
14,62,BITSCHWILLER-LÈS-THANN (D14 BIS IV-D1066),,130.50,24.80,14:52:00,16:42:00,16:53:00,17:04:00,WAYPOINT,REFERENCE_SPEEDS,OBSERVED_FACT
14,63,Passage à niveau N° 33.,,131.30,24.00,14:54:00,16:43:00,16:54:00,17:05:00,WAYPOINT,REFERENCE_SPEEDS,OBSERVED_FACT
14,64,D1066 WILLER-SUR-THUR,D1066,132.40,22.90,14:56:00,16:44:00,16:56:00,17:07:00,WAYPOINT,REFERENCE_SPEEDS,OBSERVED_FACT
14,65,Gehren (MOOSCH),,134.40,20.90,14:59:00,16:47:00,16:58:00,17:10:00,WAYPOINT,REFERENCE_SPEEDS,OBSERVED_FACT
14,66,Passage à niveau N° 38.,,134.60,20.70,14:59:00,16:47:00,16:59:00,17:10:00,WAYPOINT,REFERENCE_SPEEDS,OBSERVED_FACT
14,67,MOOSCH,,135.10,20.20,15:00:00,16:48:00,16:59:00,17:11:00,WAYPOINT,REFERENCE_SPEEDS,OBSERVED_FACT
14,68,MALMERSPACH (près) (D1066-D741),,136.80,18.50,15:03:00,16:50:00,17:02:00,17:13:00,WAYPOINT,REFERENCE_SPEEDS,OBSERVED_FACT
14,69,D741 SAINT-AMARIN (D741-VC),D741,137.10,18.20,15:03:00,16:51:00,17:02:00,17:14:00,WAYPOINT,REFERENCE_SPEEDS,OBSERVED_FACT
14,70,Passage à niveau N° 44 BIS.,,137.20,18.10,15:04:00,16:51:00,17:02:00,17:14:00,WAYPOINT,REFERENCE_SPEEDS,OBSERVED_FACT
14,71,VC GEISHOUSE,VC,142.30,13.00,15:12:00,17:01:00,17:13:00,17:26:00,WAYPOINT,REFERENCE_SPEEDS,OBSERVED_FACT
14,72,Voie verte du Haag,,143.80,11.50,15:15:00,17:04:00,17:17:00,17:30:00,WAYPOINT,REFERENCE_SPEEDS,OBSERVED_FACT
14,73,Virage du Hibou,,147.80,7.50,15:21:00,17:13:00,17:26:00,17:40:00,WAYPOINT,REFERENCE_SPEEDS,OBSERVED_FACT
14,74,Col du Haag,,149.40,5.90,15:24:00,17:17:00,17:30:00,17:44:00,WAYPOINT,REFERENCE_SPEEDS,OBSERVED_FACT
14,75,"Le Markstein (D431-D27) (entrée) (RANSPACH, FELLERING)",,154.60,0.70,15:33:00,17:23:00,17:37:00,17:51:00,WAYPOINT,REFERENCE_SPEEDS,OBSERVED_FACT
14,76,D27 LE MARKSTEIN FELLERING,D27,155.30,0.00,15:34:00,17:24:00,17:38:00,17:52:00,WAYPOINT,REFERENCE_SPEEDS,OBSERVED_FACT
15,1,FRANCE,,,,10:45:00,13:10:00,13:10:00,13:10:00,ADMIN_BOUNDARY,REFERENCE_SPEEDS,OBSERVED_FACT
15,2,JURA (39),,,,10:45:00,13:10:00,13:10:00,13:10:00,ADMIN_BOUNDARY,REFERENCE_SPEEDS,OBSERVED_FACT
15,3,VC CHAMPAGNOLE (VC-D471 E-N5),VC,0.00,183.90,10:45:00,13:10:00,13:10:00,13:10:00,WAYPOINT,REFERENCE_SPEEDS,OBSERVED_FACT
15,4,N5 CIZE (près),N5,0.00,183.90,10:54:00,13:19:00,13:19:00,13:19:00,WAYPOINT,REFERENCE_SPEEDS,OBSERVED_FACT
15,5,CHAMPAGNOLE,,0.00,183.90,10:55:00,13:20:00,13:20:00,13:20:00,WAYPOINT,REFERENCE_SPEEDS,OBSERVED_FACT
15,6,LE VAUDIOUX (près),,2.70,181.20,11:00:00,13:23:00,13:24:00,13:24:00,WAYPOINT,REFERENCE_SPEEDS,OBSERVED_FACT
15,7,N5 Passage à niveau N° 15.,N5,3.50,180.40,11:01:00,13:25:00,13:25:00,13:25:00,WAYPOINT,REFERENCE_SPEEDS,OBSERVED_FACT
15,8,La Billaude,,4.30,179.60,11:03:00,13:26:00,13:26:00,13:26:00,WAYPOINT,REFERENCE_SPEEDS,OBSERVED_FACT
15,9,Pont-de-la-Chaux (CHAUX-DES-CROTENAY),,7.30,176.60,11:08:00,13:30:00,13:30:00,13:30:00,WAYPOINT,REFERENCE_SPEEDS,OBSERVED_FACT
15,10,Passage à niveau N° 17.,,8.30,175.60,11:10:00,13:31:00,13:31:00,13:32:00,WAYPOINT,REFERENCE_SPEEDS,OBSERVED_FACT
15,11,Morillon (ENTRE-DEUX-MONTS),,9.10,174.80,11:11:00,13:32:00,13:32:00,13:33:00,WAYPOINT,REFERENCE_SPEEDS,OBSERVED_FACT
15,12,Le Bourg Derrière (près) (FORT-DU-PLASNE),,12.10,171.80,11:17:00,13:36:00,13:36:00,13:37:00,WAYPOINT,REFERENCE_SPEEDS,OBSERVED_FACT
15,13,Le Pont de Lemme (LA CHAUMUSSE),,13.60,170.30,11:20:00,13:38:00,13:38:00,13:39:00,WAYPOINT,REFERENCE_SPEEDS,OBSERVED_FACT
15,14,SAINT-LAURENT-EN-GRANDVAUX (N5-VC-D678-N5) (entrée),,16.80,167.10,11:25:00,13:42:00,13:43:00,13:44:00,WAYPOINT,REFERENCE_SPEEDS,OBSERVED_FACT
15,15,VC SAINT-LAURENT-EN-GRANDVAUX,VC,17.30,166.60,11:26:00,13:43:00,13:44:00,13:45:00,WAYPOINT,REFERENCE_SPEEDS,OBSERVED_FACT
15,16,N5 La Savine,N5,18.80,165.10,11:29:00,13:45:00,13:46:00,13:47:00,WAYPOINT,REFERENCE_SPEEDS,OBSERVED_FACT
15,17,Col de la Savine,,22.00,161.90,11:35:00,13:49:00,13:50:00,13:51:00,WAYPOINT,REFERENCE_SPEEDS,OBSERVED_FACT
15,18,Le Marais,,23.10,160.80,11:37:00,13:50:00,13:51:00,13:53:00,WAYPOINT,REFERENCE_SPEEDS,OBSERVED_FACT
15,19,MORBIER,,24.70,159.20,11:40:00,13:52:00,13:54:00,13:55:00,WAYPOINT,REFERENCE_SPEEDS,OBSERVED_FACT
15,20,Morez (N5-VC-N5) (HAUTS DE BIENNE),,27.40,156.50,11:45:00,13:56:00,13:57:00,13:59:00,WAYPOINT,REFERENCE_SPEEDS,OBSERVED_FACT
15,21,Sous les Barres,,33.80,150.10,11:56:00,14:07:00,14:09:00,14:12:00,WAYPOINT,REFERENCE_SPEEDS,OBSERVED_FACT
15,22,Le Sagy,,34.70,149.20,11:58:00,14:09:00,14:11:00,14:14:00,WAYPOINT,REFERENCE_SPEEDS,OBSERVED_FACT
15,23,LES ROUSSES,,36.50,147.40,12:01:00,14:12:00,14:15:00,14:18:00,WAYPOINT,REFERENCE_SPEEDS,OBSERVED_FACT
15,24,Côte des Rousses,,36.80,147.10,12:02:00,14:13:00,14:16:00,14:19:00,WAYPOINT,REFERENCE_SPEEDS,OBSERVED_FACT
15,25,La Cure (près) (N5-D1005),,39.80,144.10,12:07:00,14:16:00,14:19:00,14:23:00,WAYPOINT,REFERENCE_SPEEDS,OBSERVED_FACT
15,26,D1005 Le Tabagnoz (D1005-D313) (PRÉMANON),D1005,44.50,139.40,12:16:00,14:22:00,14:25:00,14:28:00,WAYPOINT,REFERENCE_SPEEDS,OBSERVED_FACT
15,27,D313 La Combe en Haut (LAJOUX),D313,46.40,137.50,12:19:00,14:24:00,14:27:00,14:31:00,WAYPOINT,REFERENCE_SPEEDS,OBSERVED_FACT
15,28,AIN (01),,,,12:30:00,14:31:00,14:34:00,14:38:00,ADMIN_BOUNDARY,REFERENCE_SPEEDS,OBSERVED_FACT
15,29,D50 Combe en Haut,D50,52.30,131.60,12:30:00,14:31:00,14:34:00,14:38:00,WAYPOINT,REFERENCE_SPEEDS,OBSERVED_FACT
15,30,MIJOUX (D50-D936-D991),,54.50,129.40,12:34:00,14:33:00,14:37:00,14:41:00,WAYPOINT,REFERENCE_SPEEDS,OBSERVED_FACT
15,31,D991 Les Sept Fontaines,D991,60.50,123.40,12:45:00,14:40:00,14:44:00,14:49:00,WAYPOINT,REFERENCE_SPEEDS,OBSERVED_FACT
15,32,Les Mars,,62.20,121.70,12:48:00,14:42:00,14:46:00,14:51:00,WAYPOINT,REFERENCE_SPEEDS,OBSERVED_FACT
15,33,LÉLEX,,62.60,121.30,12:49:00,14:43:00,14:47:00,14:51:00,WAYPOINT,REFERENCE_SPEEDS,OBSERVED_FACT
15,34,Tunnel des Hirondelles,,70.80,113.10,13:04:00,14:52:00,14:57:00,15:01:00,WAYPOINT,REFERENCE_SPEEDS,OBSERVED_FACT
15,35,La RIvière,,71.70,112.20,13:05:00,14:53:00,14:58:00,15:03:00,WAYPOINT,REFERENCE_SPEEDS,OBSERVED_FACT
15,36,CHÉZERY-FORENS,,74.70,109.20,13:11:00,14:57:00,15:01:00,15:06:00,WAYPOINT,REFERENCE_SPEEDS,OBSERVED_FACT
15,37,Le Grand Essert,,76.80,107.10,13:15:00,14:59:00,15:04:00,15:09:00,WAYPOINT,REFERENCE_SPEEDS,OBSERVED_FACT
15,38,La Serpentouze,,83.30,100.60,13:26:00,15:07:00,15:12:00,15:17:00,WAYPOINT,REFERENCE_SPEEDS,OBSERVED_FACT
15,39,La Mulaz,,83.80,100.10,13:27:00,15:07:00,15:12:00,15:18:00,WAYPOINT,REFERENCE_SPEEDS,OBSERVED_FACT
15,40,CONFORT,,85.10,98.80,13:30:00,15:09:00,15:14:00,15:19:00,WAYPOINT,REFERENCE_SPEEDS,OBSERVED_FACT
15,41,La Grande Côte (VALSERHÔNE),,87.30,96.60,13:34:00,15:12:00,15:17:00,15:22:00,WAYPOINT,REFERENCE_SPEEDS,OBSERVED_FACT
15,42,Lancrans (VALSERHÔNE),,88.40,95.50,13:36:00,15:13:00,15:18:00,15:24:00,WAYPOINT,REFERENCE_SPEEDS,OBSERVED_FACT
15,43,La Pierre (VALSERHÔNE),,90.40,93.50,13:39:00,15:16:00,15:21:00,15:27:00,WAYPOINT,REFERENCE_SPEEDS,OBSERVED_FACT
15,44,Bellegarde-sur-Valserine (D991-D1084-D1206) (VALSERHÔNE),,90.80,93.10,13:40:00,15:16:00,15:22:00,15:28:00,WAYPOINT,REFERENCE_SPEEDS,OBSERVED_FACT
15,45,D1206 Grésin,D1206,95.20,88.70,13:48:00,15:22:00,15:28:00,15:34:00,WAYPOINT,REFERENCE_SPEEDS,OBSERVED_FACT
15,46,LÉAZ,,96.90,87.00,13:51:00,15:25:00,15:31:00,15:37:00,WAYPOINT,REFERENCE_SPEEDS,OBSERVED_FACT
15,47,Longeray,,99.60,84.30,13:56:00,15:28:00,15:34:00,15:41:00,WAYPOINT,REFERENCE_SPEEDS,OBSERVED_FACT
15,48,Tunnel du Fort l'Écluse,,100.70,83.20,13:58:00,15:30:00,15:36:00,15:43:00,WAYPOINT,REFERENCE_SPEEDS,OBSERVED_FACT
15,49,Villard (près) (COLLONGES),,102.60,81.30,14:02:00,15:33:00,15:39:00,15:45:00,WAYPOINT,REFERENCE_SPEEDS,OBSERVED_FACT
15,50,HAUTE-SAVOIE (74),,,,14:04:00,15:34:00,15:40:00,15:47:00,ADMIN_BOUNDARY,REFERENCE_SPEEDS,OBSERVED_FACT
15,51,CHEVRIER (près),,106.10,77.80,14:08:00,15:37:00,15:44:00,15:51:00,WAYPOINT,REFERENCE_SPEEDS,OBSERVED_FACT
15,52,VULBENS,,107.00,76.90,14:09:00,15:38:00,15:45:00,15:52:00,WAYPOINT,REFERENCE_SPEEDS,OBSERVED_FACT
15,53,Les Vernes,,109.70,74.20,14:14:00,15:42:00,15:49:00,15:56:00,WAYPOINT,REFERENCE_SPEEDS,OBSERVED_FACT
15,54,VALLEIRY,,109.80,74.10,14:15:00,15:42:00,15:49:00,15:56:00,WAYPOINT,REFERENCE_SPEEDS,OBSERVED_FACT
15,55,La Boutique (CHÊNEX),,111.90,72.00,14:18:00,15:45:00,15:52:00,15:59:00,WAYPOINT,REFERENCE_SPEEDS,OBSERVED_FACT
15,56,Essertet,,114.40,69.50,14:23:00,15:49:00,15:55:00,16:03:00,WAYPOINT,REFERENCE_SPEEDS,OBSERVED_FACT
15,57,VIRY (D1206-D992-D18),,115.80,68.10,14:25:00,15:50:00,15:57:00,16:05:00,WAYPOINT,REFERENCE_SPEEDS,OBSERVED_FACT
15,58,D18 La Côte,D18,117.10,66.80,14:28:00,15:52:00,15:59:00,16:07:00,WAYPOINT,REFERENCE_SPEEDS,OBSERVED_FACT
15,59,Vaux,,117.90,66.00,14:29:00,15:53:00,16:00:00,16:08:00,WAYPOINT,REFERENCE_SPEEDS,OBSERVED_FACT
15,60,Malchamp (FEIGÈRES),,119.10,64.80,14:31:00,15:55:00,16:02:00,16:10:00,WAYPOINT,REFERENCE_SPEEDS,OBSERVED_FACT
15,61,La Tuilière (PRÉSILLY),,120.70,63.20,14:34:00,15:57:00,16:04:00,16:13:00,WAYPOINT,REFERENCE_SPEEDS,OBSERVED_FACT
15,62,"Le Châble (D18-D1201-D18) (PRÉSILLY, BEAUMONT)",,122.40,61.50,14:37:00,15:59:00,16:07:00,16:15:00,WAYPOINT,REFERENCE_SPEEDS,OBSERVED_FACT
15,63,Les Roquettes (BEAUMONT),,123.50,60.40,14:39:00,16:01:00,16:08:00,16:17:00,WAYPOINT,REFERENCE_SPEEDS,OBSERVED_FACT
15,64,La Forge (NEYDENS),,125.40,58.50,14:43:00,16:03:00,16:11:00,16:20:00,WAYPOINT,REFERENCE_SPEEDS,OBSERVED_FACT
15,65,ARCHAMPS (D18-D318),,127.60,56.30,14:47:00,16:07:00,16:14:00,16:23:00,WAYPOINT,REFERENCE_SPEEDS,OBSERVED_FACT
15,66,D318 Aux Peupliers,D318,129.50,54.40,14:50:00,16:09:00,16:17:00,16:26:00,WAYPOINT,REFERENCE_SPEEDS,OBSERVED_FACT
15,67,La Montagnère,,130.20,53.70,14:52:00,16:10:00,16:18:00,16:27:00,WAYPOINT,REFERENCE_SPEEDS,OBSERVED_FACT
15,68,Chotard (D318-D145),,130.50,53.40,14:52:00,16:10:00,16:18:00,16:27:00,WAYPOINT,REFERENCE_SPEEDS,OBSERVED_FACT
15,69,D145 Vovray,D145,130.60,53.30,14:52:00,16:11:00,16:19:00,16:27:00,WAYPOINT,REFERENCE_SPEEDS,OBSERVED_FACT
15,70,Chez Voirier (COLLONGES-SOUS-SALÈVE),,130.80,53.10,14:53:00,16:11:00,16:19:00,16:28:00,WAYPOINT,REFERENCE_SPEEDS,OBSERVED_FACT
15,71,Le Coin (D145-D45) (COLLONGES-SOUS-SALÈVE),,131.30,52.60,14:54:00,16:12:00,16:20:00,16:28:00,WAYPOINT,REFERENCE_SPEEDS,OBSERVED_FACT
15,72,"D45 La Croisette (D45-D41 A-D215) (LA MURAZ, COLLONGES-SOUS-SALÈVE)",D45,135.90,48.00,15:02:00,16:23:00,16:32:00,16:42:00,WAYPOINT,REFERENCE_SPEEDS,OBSERVED_FACT
15,73,Le Salève - Col de la Croisette,,136.00,47.90,15:02:00,16:23:00,16:32:00,16:42:00,WAYPOINT,REFERENCE_SPEEDS,OBSERVED_FACT
15,74,D215 Le Tournier (D215-D48),D215,138.50,45.40,15:07:00,16:26:00,16:35:00,16:45:00,WAYPOINT,REFERENCE_SPEEDS,OBSERVED_FACT
15,75,D48 Les Mouilles,D48,140.50,43.40,15:10:00,16:28:00,16:37:00,16:48:00,WAYPOINT,REFERENCE_SPEEDS,OBSERVED_FACT
15,76,Chez Blondin,,141.50,42.40,15:12:00,16:29:00,16:38:00,16:49:00,WAYPOINT,REFERENCE_SPEEDS,OBSERVED_FACT
15,77,Chez Joindet,,142.30,41.60,15:14:00,16:30:00,16:39:00,16:50:00,WAYPOINT,REFERENCE_SPEEDS,OBSERVED_FACT
15,78,LA MURAZ (D48-D15-VC),,143.00,40.90,15:15:00,16:31:00,16:40:00,16:51:00,WAYPOINT,REFERENCE_SPEEDS,OBSERVED_FACT
15,79,VC Champs de la Pierre,VC,144.10,39.80,15:17:00,16:32:00,16:41:00,16:52:00,WAYPOINT,REFERENCE_SPEEDS,OBSERVED_FACT
15,80,Les Côtes du Fernex,,144.60,39.30,15:18:00,16:33:00,16:43:00,16:53:00,WAYPOINT,REFERENCE_SPEEDS,OBSERVED_FACT
15,81,Le Mont (près),,145.70,38.20,15:20:00,16:35:00,16:45:00,16:56:00,WAYPOINT,REFERENCE_SPEEDS,OBSERVED_FACT
15,82,Côte du Mont,,146.00,37.90,15:20:00,16:36:00,16:46:00,16:57:00,WAYPOINT,REFERENCE_SPEEDS,OBSERVED_FACT
15,83,La Moussière,,146.80,37.10,15:22:00,16:37:00,16:47:00,16:58:00,WAYPOINT,REFERENCE_SPEEDS,OBSERVED_FACT
15,84,ARBUSIGNY (VC-D6),,147.70,36.20,15:23:00,16:38:00,16:48:00,16:59:00,WAYPOINT,REFERENCE_SPEEDS,OBSERVED_FACT
15,85,D6 La Platière,D6,149.00,34.90,15:26:00,16:40:00,16:50:00,17:01:00,WAYPOINT,REFERENCE_SPEEDS,OBSERVED_FACT
15,86,Le Souget,,149.50,34.40,15:27:00,16:41:00,16:51:00,17:02:00,WAYPOINT,REFERENCE_SPEEDS,OBSERVED_FACT
15,87,Marny (PERS-JUSSY),,150.60,33.30,15:29:00,16:43:00,16:53:00,17:04:00,WAYPOINT,REFERENCE_SPEEDS,OBSERVED_FACT
15,88,Ornex Haut (PERS-JUSSY),,152.40,31.50,15:32:00,16:45:00,16:55:00,17:07:00,WAYPOINT,REFERENCE_SPEEDS,OBSERVED_FACT
15,89,Ornex Bas (PERS-JUSSY),,153.20,30.70,15:34:00,16:46:00,16:57:00,17:08:00,WAYPOINT,REFERENCE_SPEEDS,OBSERVED_FACT
15,90,Moussy (D6-D2) (CORNIER),,156.70,27.20,15:40:00,16:51:00,17:02:00,17:13:00,WAYPOINT,REFERENCE_SPEEDS,OBSERVED_FACT
15,91,LA ROCHE-SUR-FORON (D2-VC-D2 B),,158.70,25.20,15:43:00,16:54:00,17:05:00,17:17:00,WAYPOINT,REFERENCE_SPEEDS,OBSERVED_FACT
15,92,D2 B Vallières (AMANCY) (D2 B-D1203),D2 B,161.60,22.30,15:49:00,16:58:00,17:09:00,17:21:00,WAYPOINT,REFERENCE_SPEEDS,OBSERVED_FACT
15,93,D1203 AMANCY (près),D1203,162.30,21.60,15:50:00,16:59:00,17:10:00,17:22:00,WAYPOINT,REFERENCE_SPEEDS,OBSERVED_FACT
15,94,Passeirier (SAINT-PIERRE-EN-FAUCIGNY),,164.50,19.40,15:54:00,17:02:00,17:14:00,17:26:00,WAYPOINT,REFERENCE_SPEEDS,OBSERVED_FACT
15,95,Toisinges (SAINT-PIERRE-EN-FAUCIGNY),,167.10,16.80,15:59:00,17:06:00,17:17:00,17:30:00,WAYPOINT,REFERENCE_SPEEDS,OBSERVED_FACT
15,96,BONNEVILLE (D1203-D1205-D19),,167.80,16.10,16:00:00,17:07:00,17:19:00,17:31:00,WAYPOINT,REFERENCE_SPEEDS,OBSERVED_FACT
15,97,Thuet (D19-D186),,171.60,12.30,16:07:00,17:13:00,17:24:00,17:37:00,WAYPOINT,REFERENCE_SPEEDS,OBSERVED_FACT
15,98,D186 BRISON (D186-D186 A),D186,177.20,6.70,16:17:00,17:25:00,17:38:00,17:52:00,WAYPOINT,REFERENCE_SPEEDS,OBSERVED_FACT
15,99,D186 A Les Croix,D186 A,178.80,5.10,16:20:00,17:29:00,17:42:00,17:56:00,WAYPOINT,REFERENCE_SPEEDS,OBSERVED_FACT
15,100,Les Saillets,,179.40,4.50,16:21:00,17:31:00,17:44:00,17:58:00,WAYPOINT,REFERENCE_SPEEDS,OBSERVED_FACT
15,101,Les Esserts,,179.60,4.30,16:21:00,17:31:00,17:44:00,17:59:00,WAYPOINT,REFERENCE_SPEEDS,OBSERVED_FACT
15,102,PLATEAU DE SOLAISON BRISON (1 508 m),,183.90,0.00,16:29:00,17:41:00,17:55:00,18:11:00,WAYPOINT,REFERENCE_SPEEDS,OBSERVED_FACT
16,1,FRANCE,,,,11:20:00,13:00:00,,17:15:00,ADMIN_BOUNDARY,FIRST_LAST_RIDER,OBSERVED_FACT
16,2,HAUTE-SAVOIE (74),,,,11:20:00,13:00:00,,17:15:00,ADMIN_BOUNDARY,FIRST_LAST_RIDER,OBSERVED_FACT
16,3,VC ÉVIAN-LES-BAINS (VC-D24),VC,0.00,26.10,11:20:00,13:00:00,,17:15:00,WAYPOINT,FIRST_LAST_RIDER,OBSERVED_FACT
16,4,D24 NEUVECELLE (D24-D21),D24,1.10,25.00,11:22:00,13:02:00,,17:17:00,WAYPOINT,FIRST_LAST_RIDER,OBSERVED_FACT
16,5,D21 ÉVIAN-LES-BAINS,D21,3.80,22.30,11:28:00,13:06:00,,17:21:00,WAYPOINT,FIRST_LAST_RIDER,OBSERVED_FACT
16,6,L'X (D21-D11),,4.80,21.30,11:29:00,13:08:00,,17:23:00,WAYPOINT,FIRST_LAST_RIDER,OBSERVED_FACT
16,7,Point chrono n°1 / L'X,,4.80,21.30,11:30:00,13:08:00,,17:23:00,WAYPOINT,FIRST_LAST_RIDER,OBSERVED_FACT
16,8,D11 La Guinchère (PUBLIER) (près),D11,6.20,19.90,11:32:00,13:11:00,,17:26:00,WAYPOINT,FIRST_LAST_RIDER,OBSERVED_FACT
16,9,CHAMPANGES (D11-D32),,7.10,19.00,11:34:00,13:12:00,,17:27:00,WAYPOINT,FIRST_LAST_RIDER,OBSERVED_FACT
16,10,D32 LARRINGES (D32-D121) (entrée),D32,9.10,17.00,11:38:00,13:16:00,,17:31:00,WAYPOINT,FIRST_LAST_RIDER,OBSERVED_FACT
16,11,Point chrono n°2 / Côte de Larringes,,9.70,16.40,11:39:00,13:14:00,,17:32:00,WAYPOINT,FIRST_LAST_RIDER,OBSERVED_FACT
16,12,D121 Curninge (D121-D21),D121,11.10,15.00,11:42:00,13:16:00,,17:33:00,WAYPOINT,FIRST_LAST_RIDER,OBSERVED_FACT
16,13,D21 FÉTERNES,D21,11.60,14.50,11:43:00,13:17:00,,17:34:00,WAYPOINT,FIRST_LAST_RIDER,OBSERVED_FACT
16,14,Château Vieux,,13.00,13.10,11:46:00,13:19:00,,17:36:00,WAYPOINT,FIRST_LAST_RIDER,OBSERVED_FACT
16,15,Carrefour D21-D902,,17.00,9.10,11:54:00,13:24:00,,17:41:00,WAYPOINT,FIRST_LAST_RIDER,OBSERVED_FACT
16,16,D902 Pont de la Douceur (MARIN),D902,17.10,9.00,11:54:00,13:26:00,,17:41:00,WAYPOINT,FIRST_LAST_RIDER,OBSERVED_FACT
16,17,Point chrono n°3 / THONON-LES-BAINS-Bords de Dranse,,18.10,8.00,11:56:00,13:27:00,,17:42:00,WAYPOINT,FIRST_LAST_RIDER,OBSERVED_FACT
16,18,THONON-LES-BAINS (D902-VC) (entrée),,18.40,7.70,11:57:00,13:27:00,,17:42:00,WAYPOINT,FIRST_LAST_RIDER,OBSERVED_FACT
16,19,Place du Château,,22.90,3.20,12:06:00,13:32:00,,17:47:00,WAYPOINT,FIRST_LAST_RIDER,OBSERVED_FACT
16,20,Quai de Ripaille,,24.70,1.40,12:09:00,13:34:00,,17:49:00,WAYPOINT,FIRST_LAST_RIDER,OBSERVED_FACT
16,21,VC THONON-LES-BAINS,VC,26.10,0.00,12:12:00,13:35:00,,17:50:00,WAYPOINT,FIRST_LAST_RIDER,OBSERVED_FACT
17,1,FRANCE,,,,10:55:00,13:20:00,13:20:00,13:20:00,ADMIN_BOUNDARY,REFERENCE_SPEEDS,OBSERVED_FACT
17,2,SAVOIE (73),,,,10:55:00,13:20:00,13:20:00,13:20:00,ADMIN_BOUNDARY,REFERENCE_SPEEDS,OBSERVED_FACT
17,3,VC CHAMBÉRY,VC,0.00,174.70,10:55:00,13:20:00,13:20:00,13:20:00,WAYPOINT,REFERENCE_SPEEDS,OBSERVED_FACT
17,4,Les Hauts-de-Chambéry (VC-D991),,0.00,174.70,11:00:00,13:28:00,13:28:00,13:27:00,WAYPOINT,REFERENCE_SPEEDS,OBSERVED_FACT
17,5,D991 SONNAZ (près),D991,0.00,174.70,11:06:00,13:32:00,13:32:00,13:32:00,WAYPOINT,REFERENCE_SPEEDS,OBSERVED_FACT
17,6,CHAMBÉRY,,0.00,174.70,11:10:00,13:35:00,13:35:00,13:35:00,WAYPOINT,REFERENCE_SPEEDS,OBSERVED_FACT
17,7,VIVIERS-DU-LAC (D991-D17-D17 B),,1.20,173.50,11:12:00,13:36:00,13:36:00,13:36:00,WAYPOINT,REFERENCE_SPEEDS,OBSERVED_FACT
17,8,D17 B Carrefour D17 B-D1201,D17 B,3.30,171.40,11:15:00,13:39:00,13:39:00,13:39:00,WAYPOINT,REFERENCE_SPEEDS,OBSERVED_FACT
17,9,D1201 TRESSERVE,D1201,7.20,167.50,11:22:00,13:44:00,13:44:00,13:44:00,WAYPOINT,REFERENCE_SPEEDS,OBSERVED_FACT
17,10,AIX-LES-BAINS,,8.20,166.50,11:23:00,13:45:00,13:45:00,13:46:00,WAYPOINT,REFERENCE_SPEEDS,OBSERVED_FACT
17,11,GRÉSY-SUR-AIX (D1201-D911),,11.90,162.80,11:29:00,13:49:00,13:50:00,13:50:00,WAYPOINT,REFERENCE_SPEEDS,OBSERVED_FACT
17,12,D911 La Verdasse (ENTRELACS),D911,16.10,158.60,11:36:00,13:54:00,13:55:00,13:56:00,WAYPOINT,REFERENCE_SPEEDS,OBSERVED_FACT
17,13,Les Chenevriers (SAINT-OFFENGE),,17.90,156.80,11:39:00,13:57:00,13:57:00,13:58:00,WAYPOINT,REFERENCE_SPEEDS,OBSERVED_FACT
17,14,Bassa (SAINT-OURS),,19.00,155.70,11:41:00,13:59:00,14:00:00,14:01:00,WAYPOINT,REFERENCE_SPEEDS,OBSERVED_FACT
17,15,Côte de Bassa,,19.20,155.50,11:41:00,13:59:00,14:00:00,14:01:00,WAYPOINT,REFERENCE_SPEEDS,OBSERVED_FACT
17,16,HAUTE-SAVOIE (74),,,,11:42:00,14:00:00,14:01:00,14:02:00,ADMIN_BOUNDARY,REFERENCE_SPEEDS,OBSERVED_FACT
17,17,Lachat,,20.70,154.00,11:43:00,14:01:00,14:02:00,14:03:00,WAYPOINT,REFERENCE_SPEEDS,OBSERVED_FACT
17,18,CUSY,,22.40,152.30,11:46:00,14:03:00,14:04:00,14:06:00,WAYPOINT,REFERENCE_SPEEDS,OBSERVED_FACT
17,19,Pont de Banges,,29.20,145.50,11:57:00,14:12:00,14:13:00,14:15:00,WAYPOINT,REFERENCE_SPEEDS,OBSERVED_FACT
17,20,Martinod (ALLÈVES),,29.80,144.90,11:58:00,14:13:00,14:14:00,14:16:00,WAYPOINT,REFERENCE_SPEEDS,OBSERVED_FACT
17,21,SAVOIE (73),,,,12:00:00,14:14:00,14:15:00,14:17:00,ADMIN_BOUNDARY,REFERENCE_SPEEDS,OBSERVED_FACT
17,22,La Charniaz (BELLECOMBE-EN-BAUGES),,32.10,142.60,12:02:00,14:16:00,14:17:00,14:19:00,WAYPOINT,REFERENCE_SPEEDS,OBSERVED_FACT
17,23,Le Pont (D911-D912),,33.00,141.70,12:03:00,14:17:00,14:18:00,14:21:00,WAYPOINT,REFERENCE_SPEEDS,OBSERVED_FACT
17,24,D912 LESCHERAINES (D912-D59),D912,34.60,140.10,12:06:00,14:19:00,14:21:00,14:23:00,WAYPOINT,REFERENCE_SPEEDS,OBSERVED_FACT
17,25,D59 Rossillon,D59,35.50,139.20,12:08:00,14:21:00,14:23:00,14:25:00,WAYPOINT,REFERENCE_SPEEDS,OBSERVED_FACT
17,26,Côte de Rossillon,,35.50,139.20,12:08:00,14:21:00,14:23:00,14:25:00,WAYPOINT,REFERENCE_SPEEDS,OBSERVED_FACT
17,27,Le Cimeterêt (AILLON-LE-VIEUX),,39.80,134.90,12:14:00,14:25:00,14:28:00,14:30:00,WAYPOINT,REFERENCE_SPEEDS,OBSERVED_FACT
17,28,Blanchin (AILLON-LE-VIEUX),,41.70,133.00,12:18:00,14:27:00,14:30:00,14:32:00,WAYPOINT,REFERENCE_SPEEDS,OBSERVED_FACT
17,29,Sur la Vy (AILLON-LE-VIEUX),,44.50,130.20,12:22:00,14:30:00,14:33:00,14:35:00,WAYPOINT,REFERENCE_SPEEDS,OBSERVED_FACT
17,30,Rocquerand,,45.20,129.50,12:23:00,14:31:00,14:33:00,14:36:00,WAYPOINT,REFERENCE_SPEEDS,OBSERVED_FACT
17,31,AILLON-LE-JEUNE (D59-D206),,45.70,129.00,12:24:00,14:32:00,14:34:00,14:37:00,WAYPOINT,REFERENCE_SPEEDS,OBSERVED_FACT
17,32,D206 Mas Dessous,D206,46.30,128.40,12:25:00,14:32:00,14:35:00,14:38:00,WAYPOINT,REFERENCE_SPEEDS,OBSERVED_FACT
17,33,Col des Près,,49.60,125.10,12:30:00,14:39:00,14:42:00,14:45:00,WAYPOINT,REFERENCE_SPEEDS,OBSERVED_FACT
17,34,THOIRY,,55.50,119.20,12:40:00,14:45:00,14:48:00,14:52:00,WAYPOINT,REFERENCE_SPEEDS,OBSERVED_FACT
17,35,Côte de Saint-Jean d'Arvey,,59.50,115.20,12:46:00,14:50:00,14:54:00,14:58:00,WAYPOINT,REFERENCE_SPEEDS,OBSERVED_FACT
17,36,SAINT-JEAN-D'ARVEY (D206-D912),,59.70,115.00,12:47:00,14:51:00,14:54:00,14:58:00,WAYPOINT,REFERENCE_SPEEDS,OBSERVED_FACT
17,37,D912 Tunnel de Plamaz,D912,63.70,111.00,12:53:00,14:56:00,15:00:00,15:04:00,WAYPOINT,REFERENCE_SPEEDS,OBSERVED_FACT
17,38,SAINT-ALBAN-LEYSSE,,64.80,109.90,12:55:00,14:57:00,15:01:00,15:05:00,WAYPOINT,REFERENCE_SPEEDS,OBSERVED_FACT
17,39,LA RAVOIRE (D912-D11-D1006),,65.70,109.00,12:57:00,14:58:00,15:02:00,15:07:00,WAYPOINT,REFERENCE_SPEEDS,OBSERVED_FACT
17,40,D1006 BARBERAZ,D1006,66.80,107.90,12:58:00,15:00:00,15:04:00,15:08:00,WAYPOINT,REFERENCE_SPEEDS,OBSERVED_FACT
17,41,CHAMBÉRY (D1006-VC-D1006),,67.70,107.00,13:00:00,15:01:00,15:05:00,15:09:00,WAYPOINT,REFERENCE_SPEEDS,OBSERVED_FACT
17,42,COGNIN,,71.40,103.30,13:06:00,15:06:00,15:10:00,15:15:00,WAYPOINT,REFERENCE_SPEEDS,OBSERVED_FACT
17,43,La Cascade (SAINT-CASSIN),,75.80,98.90,13:13:00,15:11:00,15:16:00,15:21:00,WAYPOINT,REFERENCE_SPEEDS,OBSERVED_FACT
17,44,Passage à niveau N° 34.,,75.90,98.80,13:13:00,15:11:00,15:16:00,15:21:00,WAYPOINT,REFERENCE_SPEEDS,OBSERVED_FACT
17,45,La Praire,,77.70,97.00,13:16:00,15:14:00,15:18:00,15:23:00,WAYPOINT,REFERENCE_SPEEDS,OBSERVED_FACT
17,46,SAINT-THIBAUD-DE-COUZ,,79.50,95.20,13:19:00,15:16:00,15:21:00,15:26:00,WAYPOINT,REFERENCE_SPEEDS,OBSERVED_FACT
17,47,Les Gros Louis,,81.80,92.90,13:23:00,15:19:00,15:24:00,15:29:00,WAYPOINT,REFERENCE_SPEEDS,OBSERVED_FACT
17,48,Col de Couz,,84.00,90.70,13:26:00,15:22:00,15:27:00,15:32:00,WAYPOINT,REFERENCE_SPEEDS,OBSERVED_FACT
17,49,SAINT-JEAN-DE-COUZ (près),,84.30,90.40,13:27:00,15:22:00,15:27:00,15:32:00,WAYPOINT,REFERENCE_SPEEDS,OBSERVED_FACT
17,50,Tunnel des Échelles,,87.50,87.20,13:32:00,15:26:00,15:31:00,15:37:00,WAYPOINT,REFERENCE_SPEEDS,OBSERVED_FACT
17,51,SAINT-CHRISTOPHE-LA-GROTTE,,88.50,86.20,13:33:00,15:27:00,15:33:00,15:38:00,WAYPOINT,REFERENCE_SPEEDS,OBSERVED_FACT
17,52,LES ÉCHELLES,,91.20,83.50,13:38:00,15:31:00,15:36:00,15:42:00,WAYPOINT,REFERENCE_SPEEDS,OBSERVED_FACT
17,53,Chailles (SAINT-FRANC),,96.70,78.00,13:47:00,15:38:00,15:44:00,15:50:00,WAYPOINT,REFERENCE_SPEEDS,OBSERVED_FACT
17,54,SAINT-BÉRON,,100.70,74.00,13:53:00,15:43:00,15:49:00,15:55:00,WAYPOINT,REFERENCE_SPEEDS,OBSERVED_FACT
17,55,Passage à niveau N° 15.,,104.60,70.10,14:00:00,15:48:00,15:54:00,16:01:00,WAYPOINT,REFERENCE_SPEEDS,OBSERVED_FACT
17,56,Le Bonnard (DOMESSIN),,104.70,70.00,14:00:00,15:48:00,15:54:00,16:01:00,WAYPOINT,REFERENCE_SPEEDS,OBSERVED_FACT
17,57,LE PONT-DE-BEAUVOISIN (D1006-D82 M),,105.20,69.50,14:01:00,15:49:00,15:55:00,16:02:00,WAYPOINT,REFERENCE_SPEEDS,OBSERVED_FACT
17,58,ISÈRE (38),,,,14:02:00,15:50:00,15:56:00,16:03:00,ADMIN_BOUNDARY,REFERENCE_SPEEDS,OBSERVED_FACT
17,59,D82 M Les Éteppes-La Gare (LE PONT-DE-BEAUVOISIN) (D82 M-D82),D82 M,106.70,68.00,14:03:00,15:51:00,15:57:00,16:04:00,WAYPOINT,REFERENCE_SPEEDS,OBSERVED_FACT
17,60,D82 Passage à niveau N° 77.,D82,106.90,67.80,14:03:00,15:51:00,15:57:00,16:04:00,WAYPOINT,REFERENCE_SPEEDS,OBSERVED_FACT
17,61,SAINT-JEAN-D'AVELANNE,,107.10,67.60,14:04:00,15:51:00,15:58:00,16:04:00,WAYPOINT,REFERENCE_SPEEDS,OBSERVED_FACT
17,62,SAINT-ALBIN-DE-VAULSERRE,,109.70,65.00,14:08:00,15:55:00,16:01:00,16:08:00,WAYPOINT,REFERENCE_SPEEDS,OBSERVED_FACT
17,63,SAINT-BUEIL-La Roche,,113.40,61.30,14:14:00,15:59:00,16:06:00,16:13:00,WAYPOINT,REFERENCE_SPEEDS,OBSERVED_FACT
17,64,La Rosetta (SAINT-BUEIL),,114.60,60.10,14:16:00,16:01:00,16:07:00,16:15:00,WAYPOINT,REFERENCE_SPEEDS,OBSERVED_FACT
17,65,Champet,,116.60,58.10,14:19:00,16:03:00,16:10:00,16:18:00,WAYPOINT,REFERENCE_SPEEDS,OBSERVED_FACT
17,66,SAINT-GEOIRE-EN-VALDAINE,,117.60,57.10,14:21:00,16:05:00,16:11:00,16:19:00,WAYPOINT,REFERENCE_SPEEDS,OBSERVED_FACT
17,67,La Côte-d'Ainan,,120.20,54.50,14:25:00,16:08:00,16:15:00,16:23:00,WAYPOINT,REFERENCE_SPEEDS,OBSERVED_FACT
17,68,MASSIEU (près),,121.80,52.90,14:28:00,16:10:00,16:17:00,16:25:00,WAYPOINT,REFERENCE_SPEEDS,OBSERVED_FACT
17,69,L'Arsenal (D82-D1075),,124.40,50.30,14:32:00,16:13:00,16:20:00,16:28:00,WAYPOINT,REFERENCE_SPEEDS,OBSERVED_FACT
17,70,D1075 CHIRENS (D1075-D50 A),D1075,126.60,48.10,14:35:00,16:16:00,16:24:00,16:32:00,WAYPOINT,REFERENCE_SPEEDS,OBSERVED_FACT
17,71,D50 A Carrefour D50 A-D50,D50 A,130.20,44.50,14:41:00,16:21:00,16:28:00,16:37:00,WAYPOINT,REFERENCE_SPEEDS,OBSERVED_FACT
17,72,Le Guillermet,,131.40,43.30,14:43:00,16:22:00,16:30:00,16:38:00,WAYPOINT,REFERENCE_SPEEDS,OBSERVED_FACT
17,73,CHARAVINES,,133.20,41.50,14:46:00,16:25:00,16:32:00,16:41:00,WAYPOINT,REFERENCE_SPEEDS,OBSERVED_FACT
17,74,Vers Ars (D50-D17) (VILLAGES DU LAC DE PALADRU),,136.80,37.90,14:52:00,16:29:00,16:37:00,16:46:00,WAYPOINT,REFERENCE_SPEEDS,OBSERVED_FACT
17,75,D17 OYEU (près),D17,141.30,33.40,14:59:00,16:35:00,16:43:00,16:52:00,WAYPOINT,REFERENCE_SPEEDS,OBSERVED_FACT
17,76,Carrefour D17-D520,,143.00,31.70,15:02:00,16:37:00,16:45:00,16:54:00,WAYPOINT,REFERENCE_SPEEDS,OBSERVED_FACT
17,77,D520 APPRIEU (près) (D520-D73 A),D520,144.90,29.80,15:05:00,16:39:00,16:48:00,16:57:00,WAYPOINT,REFERENCE_SPEEDS,OBSERVED_FACT
17,78,D73 A COLOMBE (entrée),D73 A,145.20,29.50,15:05:00,16:40:00,16:48:00,16:58:00,WAYPOINT,REFERENCE_SPEEDS,OBSERVED_FACT
17,79,COLOMBE,,147.50,27.20,15:09:00,16:43:00,16:51:00,17:01:00,WAYPOINT,REFERENCE_SPEEDS,OBSERVED_FACT
17,80,LE GRAND-LEMPS (D73 A-VC-D73 B),,147.80,26.90,15:10:00,16:43:00,16:52:00,17:01:00,WAYPOINT,REFERENCE_SPEEDS,OBSERVED_FACT
17,81,D73 B Mi-Plaine (D73 B-D1085) (IZEAUX),D73 B,152.90,21.80,15:18:00,16:50:00,16:59:00,17:08:00,WAYPOINT,REFERENCE_SPEEDS,OBSERVED_FACT
17,82,D1085 BEAUCROISSANT (près),D1085,157.30,17.40,15:25:00,16:55:00,17:04:00,17:14:00,WAYPOINT,REFERENCE_SPEEDS,OBSERVED_FACT
17,83,RIVES (près),,159.60,15.10,15:29:00,16:58:00,17:07:00,17:18:00,WAYPOINT,REFERENCE_SPEEDS,OBSERVED_FACT
17,84,CHARNÈCLES (près),,160.90,13.80,15:31:00,17:00:00,17:09:00,17:19:00,WAYPOINT,REFERENCE_SPEEDS,OBSERVED_FACT
17,85,MOIRANS (près),,164.30,10.40,15:36:00,17:04:00,17:14:00,17:24:00,WAYPOINT,REFERENCE_SPEEDS,OBSERVED_FACT
17,86,L'Archat (D1085-D128 B-D120) (SAINT-JEAN-DE-MOIRANS),,166.30,8.40,15:40:00,17:07:00,17:16:00,17:27:00,WAYPOINT,REFERENCE_SPEEDS,OBSERVED_FACT
17,87,"D120 Le Gay (SAINT-JEAN-DE-MOIRANS, LA BUISSE)",D120,167.40,7.30,15:41:00,17:08:00,17:18:00,17:29:00,WAYPOINT,REFERENCE_SPEEDS,OBSERVED_FACT
17,88,Carrefour D120-D121,,168.50,6.20,15:43:00,17:10:00,17:19:00,17:30:00,WAYPOINT,REFERENCE_SPEEDS,OBSERVED_FACT
17,89,D121 LA BUISSE (près) (D121-D1075),D121,169.40,5.30,15:45:00,17:11:00,17:21:00,17:31:00,WAYPOINT,REFERENCE_SPEEDS,OBSERVED_FACT
17,90,La Commanderie (SAINT-JEAN-DE-MOIRANS),,171.20,3.50,15:48:00,17:13:00,17:23:00,17:34:00,WAYPOINT,REFERENCE_SPEEDS,OBSERVED_FACT
17,91,COUBLEVIE,,171.90,2.80,15:49:00,17:14:00,17:24:00,17:35:00,WAYPOINT,REFERENCE_SPEEDS,OBSERVED_FACT
17,92,VOIRON (D1075-VC) (entrée),,173.10,1.60,15:51:00,17:15:00,17:25:00,17:36:00,WAYPOINT,REFERENCE_SPEEDS,OBSERVED_FACT
17,93,VC VOIRON,VC,174.70,0.00,15:53:00,17:18:00,17:28:00,17:39:00,WAYPOINT,REFERENCE_SPEEDS,OBSERVED_FACT
18,1,FRANCE,,,,10:10:00,12:35:00,12:35:00,12:35:00,ADMIN_BOUNDARY,REFERENCE_SPEEDS,OBSERVED_FACT
18,2,ISÈRE (38),,,,10:10:00,12:35:00,12:35:00,12:35:00,ADMIN_BOUNDARY,REFERENCE_SPEEDS,OBSERVED_FACT
18,3,VC VOIRON (VC-D592),VC,0.00,185.20,10:10:00,12:35:00,12:35:00,12:35:00,WAYPOINT,REFERENCE_SPEEDS,OBSERVED_FACT
18,4,D592 SAINT-JEAN-DE-MOIRANS,D592,0.00,185.20,10:12:00,12:41:00,12:40:00,12:40:00,WAYPOINT,REFERENCE_SPEEDS,OBSERVED_FACT
18,5,VOIRON,,0.00,185.20,10:13:00,12:41:00,12:41:00,12:40:00,WAYPOINT,REFERENCE_SPEEDS,OBSERVED_FACT
18,6,La Patinière,,0.00,185.20,10:15:00,12:42:00,12:42:00,12:42:00,WAYPOINT,REFERENCE_SPEEDS,OBSERVED_FACT
18,7,MOIRANS (D592-D1092),,0.00,185.20,10:18:00,12:45:00,12:45:00,12:44:00,WAYPOINT,REFERENCE_SPEEDS,OBSERVED_FACT
18,8,D1092 VOUREY,D1092,0.00,185.20,10:23:00,12:48:00,12:48:00,12:48:00,WAYPOINT,REFERENCE_SPEEDS,OBSERVED_FACT
18,9,VOIRON,,0.00,185.20,10:25:00,12:50:00,12:50:00,12:50:00,WAYPOINT,REFERENCE_SPEEDS,OBSERVED_FACT
18,10,TULLINS-FURES (D1092-D45 A-D45),,1.30,183.90,10:27:00,12:52:00,12:52:00,12:52:00,WAYPOINT,REFERENCE_SPEEDS,OBSERVED_FACT
18,11,D45 SAINT-QUENTIN-SUR-ISÈRE (D45-D1532),D45,7.10,178.10,10:37:00,12:59:00,12:59:00,13:00:00,WAYPOINT,REFERENCE_SPEEDS,OBSERVED_FACT
18,12,D1532 L'Échaillon,D1532,12.50,172.70,10:47:00,13:06:00,13:07:00,13:07:00,WAYPOINT,REFERENCE_SPEEDS,OBSERVED_FACT
18,13,VEUREY-VOROIZE (près),,17.30,167.90,10:55:00,13:12:00,13:13:00,13:14:00,WAYPOINT,REFERENCE_SPEEDS,OBSERVED_FACT
18,14,Actipole,,17.90,167.30,10:57:00,13:13:00,13:14:00,13:15:00,WAYPOINT,REFERENCE_SPEEDS,OBSERVED_FACT
18,15,NOYAREY,,20.10,165.10,11:00:00,13:16:00,13:17:00,13:18:00,WAYPOINT,REFERENCE_SPEEDS,OBSERVED_FACT
18,16,Pra-Paris,,22.30,162.90,11:04:00,13:18:00,13:20:00,13:21:00,WAYPOINT,REFERENCE_SPEEDS,OBSERVED_FACT
18,17,SASSENAGE (D1532-D531),,23.70,161.50,11:07:00,13:20:00,13:21:00,13:23:00,WAYPOINT,REFERENCE_SPEEDS,OBSERVED_FACT
18,18,D531 Les Côtes,D531,27.80,157.40,11:14:00,13:28:00,13:30:00,13:32:00,WAYPOINT,REFERENCE_SPEEDS,OBSERVED_FACT
18,19,Les Grandes Côtes,,30.00,155.20,11:18:00,13:33:00,13:35:00,13:37:00,WAYPOINT,REFERENCE_SPEEDS,OBSERVED_FACT
18,20,Laliarey le Bas,,31.70,153.50,11:21:00,13:37:00,13:39:00,13:42:00,WAYPOINT,REFERENCE_SPEEDS,OBSERVED_FACT
18,21,Côte d'Engins,,36.70,148.50,11:30:00,13:49:00,13:51:00,13:55:00,WAYPOINT,REFERENCE_SPEEDS,OBSERVED_FACT
18,22,ENGINS,,36.70,148.50,11:30:00,13:49:00,13:51:00,13:55:00,WAYPOINT,REFERENCE_SPEEDS,OBSERVED_FACT
18,23,L'Olette,,41.50,143.70,11:38:00,13:54:00,13:57:00,14:01:00,WAYPOINT,REFERENCE_SPEEDS,OBSERVED_FACT
18,24,LANS-EN-VERCORS (D531-D106),,43.00,142.20,11:41:00,13:56:00,13:59:00,14:03:00,WAYPOINT,REFERENCE_SPEEDS,OBSERVED_FACT
18,25,D106 La Chenevarie,D106,45.60,139.60,11:45:00,13:59:00,14:02:00,14:07:00,WAYPOINT,REFERENCE_SPEEDS,OBSERVED_FACT
18,26,Les Volants,,49.70,135.50,11:53:00,14:04:00,14:07:00,14:12:00,WAYPOINT,REFERENCE_SPEEDS,OBSERVED_FACT
18,27,SAINT-NIZIER-DU-MOUCHEROTTE,,52.30,132.90,11:57:00,14:07:00,14:11:00,14:15:00,WAYPOINT,REFERENCE_SPEEDS,OBSERVED_FACT
18,28,Pariset (SEYSSINET-PARISET),,59.00,126.20,12:09:00,14:15:00,14:19:00,14:24:00,WAYPOINT,REFERENCE_SPEEDS,OBSERVED_FACT
18,29,La Tour Sans Venin,,60.10,125.10,12:11:00,14:17:00,14:20:00,14:25:00,WAYPOINT,REFERENCE_SPEEDS,OBSERVED_FACT
18,30,SEYSSINS (D106-D106 D),,63.10,122.10,12:16:00,14:20:00,14:24:00,14:29:00,WAYPOINT,REFERENCE_SPEEDS,OBSERVED_FACT
18,31,D106 D CLAIX (D106 D-D269),D106 D,67.90,117.30,12:25:00,14:26:00,14:30:00,14:36:00,WAYPOINT,REFERENCE_SPEEDS,OBSERVED_FACT
18,32,D269 CLAIX-Le Pont Rouge (D269-D1075),D269,70.60,114.60,12:30:00,14:30:00,14:34:00,14:40:00,WAYPOINT,REFERENCE_SPEEDS,OBSERVED_FACT
18,33,D1075 VARCES ALLIÈRES ET RISSET,D1075,72.10,113.10,12:32:00,14:32:00,14:36:00,14:42:00,WAYPOINT,REFERENCE_SPEEDS,OBSERVED_FACT
18,34,VIF (D1075-D63),,78.10,107.10,12:43:00,14:39:00,14:44:00,14:50:00,WAYPOINT,REFERENCE_SPEEDS,OBSERVED_FACT
18,35,D63 SAINT-GEORGES-DE-COMMIERS-Gare (D63-D529),D63,81.60,103.60,12:49:00,14:44:00,14:49:00,14:56:00,WAYPOINT,REFERENCE_SPEEDS,OBSERVED_FACT
18,36,D529 SAINT-GEORGES-DE-COMMIERS,D529,83.20,102.00,12:52:00,14:47:00,14:52:00,14:58:00,WAYPOINT,REFERENCE_SPEEDS,OBSERVED_FACT
18,37,Hameau de Saint-Pierre,,84.10,101.10,12:53:00,14:49:00,14:54:00,15:01:00,WAYPOINT,REFERENCE_SPEEDS,OBSERVED_FACT
18,38,NOTRE-DAME-DE-COMMIERS,,86.30,98.90,12:57:00,14:53:00,14:58:00,15:06:00,WAYPOINT,REFERENCE_SPEEDS,OBSERVED_FACT
18,39,MONTEYNARD-Les Ripeaux,,90.40,94.80,13:04:00,15:02:00,15:08:00,15:16:00,WAYPOINT,REFERENCE_SPEEDS,OBSERVED_FACT
18,40,Les Blais (MONTEYNARD),,90.80,94.40,13:05:00,15:02:00,15:09:00,15:17:00,WAYPOINT,REFERENCE_SPEEDS,OBSERVED_FACT
18,41,MONTEYNARD-La Ville,,91.90,93.30,13:07:00,15:05:00,15:11:00,15:19:00,WAYPOINT,REFERENCE_SPEEDS,OBSERVED_FACT
18,42,Côte de Monteynard,,92.20,93.00,13:08:00,15:05:00,15:12:00,15:20:00,WAYPOINT,REFERENCE_SPEEDS,OBSERVED_FACT
18,43,Le Mollard (LA MOTTE-SAINT-MARTIN),,94.10,91.10,13:11:00,15:08:00,15:14:00,15:23:00,WAYPOINT,REFERENCE_SPEEDS,OBSERVED_FACT
18,44,Au-Cours (LA MOTTE-SAINT-MARTIN),,94.90,90.30,13:12:00,15:09:00,15:15:00,15:24:00,WAYPOINT,REFERENCE_SPEEDS,OBSERVED_FACT
18,45,LA MOTTE-D'AVEILLANS,,96.30,88.90,13:15:00,15:10:00,15:17:00,15:26:00,WAYPOINT,REFERENCE_SPEEDS,OBSERVED_FACT
18,46,La Festinière (LA MOTTE-D'AVEILLANS) (entrée),,98.50,86.70,13:19:00,15:13:00,15:20:00,15:29:00,WAYPOINT,REFERENCE_SPEEDS,OBSERVED_FACT
18,47,La Festinière (PIERRE-CHÂTEL),,98.70,86.50,13:19:00,15:14:00,15:20:00,15:29:00,WAYPOINT,REFERENCE_SPEEDS,OBSERVED_FACT
18,48,Le Collet (PIERRE-CHÂTEL),,99.20,86.00,13:20:00,15:14:00,15:21:00,15:30:00,WAYPOINT,REFERENCE_SPEEDS,OBSERVED_FACT
18,49,Passage à niveau N° 11.,,99.90,85.30,13:21:00,15:15:00,15:22:00,15:31:00,WAYPOINT,REFERENCE_SPEEDS,OBSERVED_FACT
18,50,Le Crey (SUSVILLE),,100.30,84.90,13:22:00,15:16:00,15:22:00,15:31:00,WAYPOINT,REFERENCE_SPEEDS,OBSERVED_FACT
18,51,Les Moutières (SUSVILLE),,101.20,84.00,13:23:00,15:17:00,15:24:00,15:33:00,WAYPOINT,REFERENCE_SPEEDS,OBSERVED_FACT
18,52,Le Villaret (SUSVILLE),,102.00,83.20,13:25:00,15:18:00,15:25:00,15:34:00,WAYPOINT,REFERENCE_SPEEDS,OBSERVED_FACT
18,53,SUSVILLE-Nantizon,,103.30,81.90,13:27:00,15:19:00,15:27:00,15:36:00,WAYPOINT,REFERENCE_SPEEDS,OBSERVED_FACT
18,54,LA MURE (D529-D1085-D1085 F-D1085),,104.00,81.20,13:28:00,15:20:00,15:27:00,15:36:00,WAYPOINT,REFERENCE_SPEEDS,OBSERVED_FACT
18,55,D1085 Le Crozet (SOUSVILLE),D1085,106.70,78.50,13:33:00,15:24:00,15:31:00,15:40:00,WAYPOINT,REFERENCE_SPEEDS,OBSERVED_FACT
18,56,Pont Haut (SOUSVILLE),,109.30,75.90,13:38:00,15:27:00,15:35:00,15:44:00,WAYPOINT,REFERENCE_SPEEDS,OBSERVED_FACT
18,57,Charlaix (SAINT-LAURENT-EN-BEAUMONT),,110.10,75.10,13:39:00,15:29:00,15:36:00,15:46:00,WAYPOINT,REFERENCE_SPEEDS,OBSERVED_FACT
18,58,Les Terrasses (SAINT-LAURENT-EN-BEAUMONT),,112.00,73.20,13:43:00,15:32:00,15:40:00,15:50:00,WAYPOINT,REFERENCE_SPEEDS,OBSERVED_FACT
18,59,Côte des Terrasses,,112.80,72.40,13:44:00,15:34:00,15:42:00,15:52:00,WAYPOINT,REFERENCE_SPEEDS,OBSERVED_FACT
18,60,Les Égats (SAINT-LAURENT-EN-BEAUMONT),,113.60,71.60,13:45:00,15:35:00,15:43:00,15:53:00,WAYPOINT,REFERENCE_SPEEDS,OBSERVED_FACT
18,61,Les Allauves (LA SALLE-EN-BEAUMONT),,115.80,69.40,13:49:00,15:38:00,15:46:00,15:56:00,WAYPOINT,REFERENCE_SPEEDS,OBSERVED_FACT
18,62,LA SALLE-EN-BEAUMONT,,116.30,68.90,13:50:00,15:38:00,15:46:00,15:57:00,WAYPOINT,REFERENCE_SPEEDS,OBSERVED_FACT
18,63,Les Marcoux (LA SALLE-EN-BEAUMONT),,118.30,66.90,13:54:00,15:41:00,15:49:00,15:59:00,WAYPOINT,REFERENCE_SPEEDS,OBSERVED_FACT
18,64,QUET-EN-BEAUMONT,,120.60,64.60,13:58:00,15:44:00,15:52:00,16:02:00,WAYPOINT,REFERENCE_SPEEDS,OBSERVED_FACT
18,65,Le Cardaire (LES CÔTES-DE-CORPS),,125.00,60.20,14:06:00,15:49:00,15:57:00,16:08:00,WAYPOINT,REFERENCE_SPEEDS,OBSERVED_FACT
18,66,CORPS,,129.00,56.20,14:13:00,15:54:00,16:03:00,16:13:00,WAYPOINT,REFERENCE_SPEEDS,OBSERVED_FACT
18,67,CORPS,,129.10,56.10,14:13:00,15:54:00,16:03:00,16:13:00,WAYPOINT,REFERENCE_SPEEDS,OBSERVED_FACT
18,68,HAUTES-ALPES (05),,,,14:16:00,15:56:00,16:05:00,16:16:00,ADMIN_BOUNDARY,REFERENCE_SPEEDS,OBSERVED_FACT
18,69,N85 ASPRES-LÈS-CORPS (près),N85,133.20,52.00,14:20:00,15:59:00,16:08:00,16:19:00,WAYPOINT,REFERENCE_SPEEDS,OBSERVED_FACT
18,70,"Le Motty (ASPRES-LÈS-CORPS, SAINT-FIRMIN)",,134.20,51.00,14:22:00,16:00:00,16:09:00,16:20:00,WAYPOINT,REFERENCE_SPEEDS,OBSERVED_FACT
18,71,La Trinité (SAINT-FIRMIN),,135.90,49.30,14:25:00,16:02:00,16:11:00,16:23:00,WAYPOINT,REFERENCE_SPEEDS,OBSERVED_FACT
18,72,Chauffayer (AUBESSAGNE),,141.80,43.40,14:35:00,16:09:00,16:19:00,16:30:00,WAYPOINT,REFERENCE_SPEEDS,OBSERVED_FACT
18,73,La Guinguette (LE NOYER),,145.10,40.10,14:41:00,16:13:00,16:23:00,16:35:00,WAYPOINT,REFERENCE_SPEEDS,OBSERVED_FACT
18,74,Les Basses-Barraques (POLIGNY),,148.60,36.60,14:47:00,16:18:00,16:28:00,16:40:00,WAYPOINT,REFERENCE_SPEEDS,OBSERVED_FACT
18,75,L'Estiquaire (POLIGNY),,151.40,33.80,14:52:00,16:21:00,16:31:00,16:43:00,WAYPOINT,REFERENCE_SPEEDS,OBSERVED_FACT
18,76,LA FARE-EN-CHAMPSAUR-Les Barraques,,152.90,32.30,14:55:00,16:23:00,16:33:00,16:45:00,WAYPOINT,REFERENCE_SPEEDS,OBSERVED_FACT
18,77,Bonnette (LA FARE-EN-CHAMPSAUR),,154.50,30.70,14:58:00,16:25:00,16:35:00,16:47:00,WAYPOINT,REFERENCE_SPEEDS,OBSERVED_FACT
18,78,Brutinel (LAYE),,155.00,30.20,14:58:00,16:26:00,16:36:00,16:48:00,WAYPOINT,REFERENCE_SPEEDS,OBSERVED_FACT
18,79,Carrefour N85-D14,,156.00,29.20,15:00:00,16:27:00,16:37:00,16:49:00,WAYPOINT,REFERENCE_SPEEDS,OBSERVED_FACT
18,80,D14 Le Cros (SAINT-LAURENT-DU-CROS),D14,157.10,28.10,15:02:00,16:28:00,16:38:00,16:51:00,WAYPOINT,REFERENCE_SPEEDS,OBSERVED_FACT
18,81,SAINT-LAURENT-DU-CROS (près) (D14-D114),,158.10,27.10,15:04:00,16:29:00,16:40:00,16:52:00,WAYPOINT,REFERENCE_SPEEDS,OBSERVED_FACT
18,82,D114 FOREST-SAINT-JULIEN,D114,159.90,25.30,15:07:00,16:32:00,16:42:00,16:55:00,WAYPOINT,REFERENCE_SPEEDS,OBSERVED_FACT
18,83,Pont de Frappe (D114-D944) (FOREST-SAINT-JUILEN),,161.30,23.90,15:10:00,16:33:00,16:44:00,16:57:00,WAYPOINT,REFERENCE_SPEEDS,OBSERVED_FACT
18,84,D944 La Basse Plaine (CHABOTTES),D944,162.60,22.60,15:12:00,16:35:00,16:45:00,16:58:00,WAYPOINT,REFERENCE_SPEEDS,OBSERVED_FACT
18,85,La Haute Plaine (D944-D113) (CHABOTTES),,163.50,21.70,15:13:00,16:36:00,16:47:00,16:59:00,WAYPOINT,REFERENCE_SPEEDS,OBSERVED_FACT
18,86,D113 SAINT-LÉGER-LES-MÉLÈZES (D113-D13),D113,166.10,19.10,15:18:00,16:41:00,16:52:00,17:05:00,WAYPOINT,REFERENCE_SPEEDS,OBSERVED_FACT
18,87,Côte de Saint-Léger-les-Mélèzes,,166.20,19.00,15:18:00,16:41:00,16:52:00,17:06:00,WAYPOINT,REFERENCE_SPEEDS,OBSERVED_FACT
18,88,D13 Les Forests,D13,167.80,17.40,15:21:00,16:43:00,16:54:00,17:08:00,WAYPOINT,REFERENCE_SPEEDS,OBSERVED_FACT
18,89,Les Arieys (SAINT-JEAN-SAINT-NICOLAS),,168.90,16.30,15:23:00,16:44:00,16:55:00,17:09:00,WAYPOINT,REFERENCE_SPEEDS,OBSERVED_FACT
18,90,Pont-du-Fossé (D13-D944) (SAINT-JEAN-SAINT-NICOLAS),,169.90,15.30,15:25:00,16:45:00,16:56:00,17:10:00,WAYPOINT,REFERENCE_SPEEDS,OBSERVED_FACT
18,91,D944 Les Foulons (SAINT-JEAN-SAINT-NICOLAS),D944,170.80,14.40,15:26:00,16:46:00,16:58:00,17:11:00,WAYPOINT,REFERENCE_SPEEDS,OBSERVED_FACT
18,92,Le Villaret (SAINT-JEAN-SAINT-NICOLAS),,171.70,13.50,15:28:00,16:48:00,16:59:00,17:12:00,WAYPOINT,REFERENCE_SPEEDS,OBSERVED_FACT
18,93,Pont de Corbières (CHAMPOLÉON),,174.00,11.20,15:32:00,16:51:00,17:02:00,17:16:00,WAYPOINT,REFERENCE_SPEEDS,OBSERVED_FACT
18,94,Les Garnauds (CHAMPOLÉON),,174.70,10.50,15:33:00,16:52:00,17:03:00,17:17:00,WAYPOINT,REFERENCE_SPEEDS,OBSERVED_FACT
18,95,Laye (CHAMPOLÉON),,175.30,9.90,15:34:00,16:52:00,17:04:00,17:18:00,WAYPOINT,REFERENCE_SPEEDS,OBSERVED_FACT
18,96,Bousenayes,,178.10,7.10,15:39:00,16:56:00,17:08:00,17:22:00,WAYPOINT,REFERENCE_SPEEDS,OBSERVED_FACT
18,97,ORCIÈRES (D944-D76),,179.00,6.20,15:41:00,16:58:00,17:10:00,17:24:00,WAYPOINT,REFERENCE_SPEEDS,OBSERVED_FACT
18,98,D76 Les Veyers,D76,182.50,2.70,15:47:00,17:06:00,17:18:00,17:33:00,WAYPOINT,REFERENCE_SPEEDS,OBSERVED_FACT
18,99,Les Plautus,,183.70,1.50,15:49:00,17:08:00,17:21:00,17:36:00,WAYPOINT,REFERENCE_SPEEDS,OBSERVED_FACT
18,100,Merlette (D76-VC),,184.50,0.70,15:51:00,17:10:00,17:23:00,17:38:00,WAYPOINT,REFERENCE_SPEEDS,OBSERVED_FACT
18,101,VC ORCIÈRES-MERLETTE (1 825 m),VC,185.20,0.00,15:52:00,17:12:00,17:25:00,17:40:00,WAYPOINT,REFERENCE_SPEEDS,OBSERVED_FACT
19,1,FRANCE,,,,11:35:00,14:00:00,14:00:00,14:00:00,ADMIN_BOUNDARY,REFERENCE_SPEEDS,OBSERVED_FACT
19,2,HAUTES-ALPES (05),,,,11:35:00,14:00:00,14:00:00,14:00:00,ADMIN_BOUNDARY,REFERENCE_SPEEDS,OBSERVED_FACT
19,3,VC GAP (VC-N85-VC-N85-VC-N85),VC,0.00,127.90,11:35:00,14:00:00,14:00:00,14:00:00,WAYPOINT,REFERENCE_SPEEDS,OBSERVED_FACT
19,4,Passage à niveau N° 20.,,0.00,127.90,11:46:00,14:11:00,14:11:00,14:11:00,WAYPOINT,REFERENCE_SPEEDS,OBSERVED_FACT
19,5,N85 GAP,N85,0.00,127.90,11:50:00,14:15:00,14:15:00,14:15:00,WAYPOINT,REFERENCE_SPEEDS,OBSERVED_FACT
19,6,Col Bayard,,4.80,123.10,11:59:00,14:23:00,14:23:00,14:24:00,WAYPOINT,REFERENCE_SPEEDS,OBSERVED_FACT
19,7,Brutinel (LAYE),,10.40,117.50,12:11:00,14:29:00,14:29:00,14:30:00,WAYPOINT,REFERENCE_SPEEDS,OBSERVED_FACT
19,8,Bonnette (LA FARE-EN-CHAMPSAUR),,11.10,116.80,12:12:00,14:30:00,14:30:00,14:31:00,WAYPOINT,REFERENCE_SPEEDS,OBSERVED_FACT
19,9,LA FARE-EN-CHAMPSAUR-Les Barraques,,12.20,115.70,12:14:00,14:31:00,14:31:00,14:32:00,WAYPOINT,REFERENCE_SPEEDS,OBSERVED_FACT
19,10,Carrefour N85-D17,,13.40,114.50,12:17:00,14:32:00,14:33:00,14:34:00,WAYPOINT,REFERENCE_SPEEDS,OBSERVED_FACT
19,11,D17 POLIGNY,D17,15.10,112.80,12:20:00,14:34:00,14:35:00,14:36:00,WAYPOINT,REFERENCE_SPEEDS,OBSERVED_FACT
19,12,LE NOYER-Le Marthouret (près) (D17-VC),,18.50,109.40,12:27:00,14:38:00,14:39:00,14:40:00,WAYPOINT,REFERENCE_SPEEDS,OBSERVED_FACT
19,13,VC Le Villard (VC-D817) (LE NOYER),VC,18.80,109.10,12:27:00,14:39:00,14:40:00,14:41:00,WAYPOINT,REFERENCE_SPEEDS,OBSERVED_FACT
19,14,D817 Carrefour D817-D17,D817,19.00,108.90,12:28:00,14:39:00,14:40:00,14:42:00,WAYPOINT,REFERENCE_SPEEDS,OBSERVED_FACT
19,15,Col du Noyer,,25.20,102.70,12:40:00,14:52:00,14:54:00,14:56:00,WAYPOINT,REFERENCE_SPEEDS,OBSERVED_FACT
19,16,Truziaud (DÉVOLUY),,29.90,98.00,12:50:00,14:57:00,15:00:00,15:02:00,WAYPOINT,REFERENCE_SPEEDS,OBSERVED_FACT
19,17,Le Fourniel (DÉVOLUY),,31.20,96.70,12:52:00,14:59:00,15:01:00,15:04:00,WAYPOINT,REFERENCE_SPEEDS,OBSERVED_FACT
19,18,Saint-Étienne-en-Dévoluy (DÉVOLUY),,32.40,95.50,12:55:00,15:00:00,15:03:00,15:05:00,WAYPOINT,REFERENCE_SPEEDS,OBSERVED_FACT
19,19,Carrefour D17-D117,,34.80,93.10,12:59:00,15:03:00,15:06:00,15:08:00,WAYPOINT,REFERENCE_SPEEDS,OBSERVED_FACT
19,20,D117 Giers Le Courtil (DÉVOLUY),D117,35.50,92.40,13:01:00,15:04:00,15:06:00,15:09:00,WAYPOINT,REFERENCE_SPEEDS,OBSERVED_FACT
19,21,Saint-Disdier (D117-D937) (DÉVOLUY),,39.50,88.40,13:09:00,15:08:00,15:11:00,15:14:00,WAYPOINT,REFERENCE_SPEEDS,OBSERVED_FACT
19,22,D937 Tunnel de la Beaume (DÉVOLUY),D937,41.90,86.00,13:14:00,15:11:00,15:14:00,15:17:00,WAYPOINT,REFERENCE_SPEEDS,OBSERVED_FACT
19,23,ISÈRE (38),,,,13:14:00,15:11:00,15:14:00,15:17:00,ADMIN_BOUNDARY,REFERENCE_SPEEDS,OBSERVED_FACT
19,24,D537 Pont de la Beaume (PELLAFOL),D537,42.40,85.50,13:15:00,15:12:00,15:15:00,15:18:00,WAYPOINT,REFERENCE_SPEEDS,OBSERVED_FACT
19,25,La Posterle (PELLAFOL),,46.10,81.80,13:22:00,15:17:00,15:20:00,15:24:00,WAYPOINT,REFERENCE_SPEEDS,OBSERVED_FACT
19,26,Les Payas (PELLAFOL),,49.10,78.80,13:28:00,15:21:00,15:25:00,15:28:00,WAYPOINT,REFERENCE_SPEEDS,OBSERVED_FACT
19,27,Le Sautet (PELLAFOL),,51.80,76.10,13:33:00,15:25:00,15:29:00,15:32:00,WAYPOINT,REFERENCE_SPEEDS,OBSERVED_FACT
19,28,Barrage du Sautet (PELLAFOL),,52.10,75.80,13:34:00,15:26:00,15:29:00,15:33:00,WAYPOINT,REFERENCE_SPEEDS,OBSERVED_FACT
19,29,CORPS (D537-D1085),,55.40,72.50,13:41:00,15:30:00,15:34:00,15:38:00,WAYPOINT,REFERENCE_SPEEDS,OBSERVED_FACT
19,30,D1085 LES CÔTES-DE-CORPS (près),D1085,59.70,68.20,13:49:00,15:37:00,15:41:00,15:45:00,WAYPOINT,REFERENCE_SPEEDS,OBSERVED_FACT
19,31,QUET-EN-BEAUMONT,,64.20,63.70,13:58:00,15:43:00,15:47:00,15:52:00,WAYPOINT,REFERENCE_SPEEDS,OBSERVED_FACT
19,32,Les Marcoux,,66.30,61.60,14:03:00,15:46:00,15:51:00,15:55:00,WAYPOINT,REFERENCE_SPEEDS,OBSERVED_FACT
19,33,LA SALLE-EN-BEAUMONT,,67.50,60.40,14:05:00,15:48:00,15:52:00,15:57:00,WAYPOINT,REFERENCE_SPEEDS,OBSERVED_FACT
19,34,Les Égats (SAINT-LAURENT-EN-BEAUMONT),,70.80,57.10,14:11:00,15:52:00,15:57:00,16:02:00,WAYPOINT,REFERENCE_SPEEDS,OBSERVED_FACT
19,35,Carrefour D1085-D212 B,,71.80,56.10,14:14:00,15:54:00,15:59:00,16:03:00,WAYPOINT,REFERENCE_SPEEDS,OBSERVED_FACT
19,36,D212 B Les Miards (D212 B-D26 A) (SAINT-LAURENT-EN-BEAUMONT),D212 B,73.20,54.70,14:16:00,15:56:00,16:01:00,16:05:00,WAYPOINT,REFERENCE_SPEEDS,OBSERVED_FACT
19,37,D26 A Carrefour D26 A-D526,D26 A,76.10,51.80,14:22:00,16:00:00,16:05:00,16:10:00,WAYPOINT,REFERENCE_SPEEDS,OBSERVED_FACT
19,38,D526 VALBONNAIS,D526,79.70,48.20,14:29:00,16:05:00,16:11:00,16:15:00,WAYPOINT,REFERENCE_SPEEDS,OBSERVED_FACT
19,39,Pont des Fayettes,,82.40,45.50,14:35:00,16:09:00,16:15:00,16:20:00,WAYPOINT,REFERENCE_SPEEDS,OBSERVED_FACT
19,40,ENTRAIGUES,,84.10,43.80,14:38:00,16:11:00,16:17:00,16:22:00,WAYPOINT,REFERENCE_SPEEDS,OBSERVED_FACT
19,41,Les Doras (CHANTEPÉRIER),,87.80,40.10,14:46:00,16:17:00,16:23:00,16:28:00,WAYPOINT,REFERENCE_SPEEDS,OBSERVED_FACT
19,42,Le Périer (entrée) (CHANTEPÉRIER),,89.30,38.60,14:48:00,16:19:00,16:25:00,16:30:00,WAYPOINT,REFERENCE_SPEEDS,OBSERVED_FACT
19,43,LE PÉRIER,,89.40,38.50,14:49:00,16:19:00,16:25:00,16:30:00,WAYPOINT,REFERENCE_SPEEDS,OBSERVED_FACT
19,44,Les Rambeaux (CHANTEPÉRIER),,90.00,37.90,14:50:00,16:20:00,16:26:00,16:31:00,WAYPOINT,REFERENCE_SPEEDS,OBSERVED_FACT
19,45,Les Daurens (CHANTEPÉRIER),,91.90,36.00,14:54:00,16:23:00,16:29:00,16:34:00,WAYPOINT,REFERENCE_SPEEDS,OBSERVED_FACT
19,46,La Chalp (CHANTEPÉRIER),,93.50,34.40,14:57:00,16:25:00,16:31:00,16:37:00,WAYPOINT,REFERENCE_SPEEDS,OBSERVED_FACT
19,47,Chantelouve (CHANTEPÉRIER),,95.30,32.60,15:01:00,16:28:00,16:35:00,16:41:00,WAYPOINT,REFERENCE_SPEEDS,OBSERVED_FACT
19,48,Les Siauds (CHANTEPÉRIER),,97.60,30.30,15:05:00,16:33:00,16:40:00,16:46:00,WAYPOINT,REFERENCE_SPEEDS,OBSERVED_FACT
19,49,Col d'Ornon,,99.20,28.70,15:08:00,16:36:00,16:43:00,16:49:00,WAYPOINT,REFERENCE_SPEEDS,OBSERVED_FACT
19,50,Le Rivier (ORNON),,102.30,25.60,15:15:00,16:39:00,16:47:00,16:53:00,WAYPOINT,REFERENCE_SPEEDS,OBSERVED_FACT
19,51,Pont des Oulles (ORNON),,104.30,23.60,15:18:00,16:41:00,16:49:00,16:55:00,WAYPOINT,REFERENCE_SPEEDS,OBSERVED_FACT
19,52,La Pallud (ORNON),,106.00,21.90,15:22:00,16:43:00,16:51:00,16:57:00,WAYPOINT,REFERENCE_SPEEDS,OBSERVED_FACT
19,53,La Paute (D526-D1091) (LE BOURG-D'OISANS),,109.70,18.20,15:29:00,16:47:00,16:55:00,17:02:00,WAYPOINT,REFERENCE_SPEEDS,OBSERVED_FACT
19,54,D1091 LE BOURG D'OISANS (D1091-D1091 B-D211),D1091,111.60,16.30,15:33:00,16:50:00,16:58:00,17:04:00,WAYPOINT,REFERENCE_SPEEDS,OBSERVED_FACT
19,55,D211 La Ferrière (LE BOURG-D'OISANS),D211,114.20,13.70,15:38:00,16:53:00,17:01:00,17:08:00,WAYPOINT,REFERENCE_SPEEDS,OBSERVED_FACT
19,56,LA GARDE-EN-OISANS,,116.70,11.20,15:43:00,16:59:00,17:07:00,17:15:00,WAYPOINT,REFERENCE_SPEEDS,OBSERVED_FACT
19,57,Ribot d'en Bas,,118.20,9.70,15:46:00,17:02:00,17:11:00,17:18:00,WAYPOINT,REFERENCE_SPEEDS,OBSERVED_FACT
19,58,Le Ribot (HUEZ-EN-OISANS),,118.90,9.00,15:48:00,17:04:00,17:12:00,17:20:00,WAYPOINT,REFERENCE_SPEEDS,OBSERVED_FACT
19,59,Saint-Ferréol (HUEZ-EN-OISANS),,121.60,6.30,15:53:00,17:10:00,17:19:00,17:27:00,WAYPOINT,REFERENCE_SPEEDS,OBSERVED_FACT
19,60,HUEZ-Village,,122.20,5.70,15:54:00,17:11:00,17:20:00,17:29:00,WAYPOINT,REFERENCE_SPEEDS,OBSERVED_FACT
19,61,ALPE D'HUEZ (D211-VC) (entrée),,125.20,2.70,16:00:00,17:18:00,17:28:00,17:37:00,WAYPOINT,REFERENCE_SPEEDS,OBSERVED_FACT
19,62,VC ALPE D'HUEZ (1 850 m),VC,127.90,0.00,16:06:00,17:24:00,17:34:00,17:44:00,WAYPOINT,REFERENCE_SPEEDS,OBSERVED_FACT
20,1,FRANCE,,,,08:55:00,11:20:00,11:20:00,11:20:00,ADMIN_BOUNDARY,REFERENCE_SPEEDS,OBSERVED_FACT
20,2,ISÈRE (38),,,,08:55:00,11:20:00,11:20:00,11:20:00,ADMIN_BOUNDARY,REFERENCE_SPEEDS,OBSERVED_FACT
20,3,VC LE BOURG D'OISANS (VC-D1091 B-D1091),VC,0.00,170.90,08:55:00,11:20:00,11:20:00,11:20:00,WAYPOINT,REFERENCE_SPEEDS,OBSERVED_FACT
20,4,D1091 La Paute,D1091,0.00,170.90,08:58:00,11:26:00,11:25:00,11:25:00,WAYPOINT,REFERENCE_SPEEDS,OBSERVED_FACT
20,5,LE BOURG D'OISANS,,0.00,170.90,09:05:00,11:30:00,11:30:00,11:30:00,WAYPOINT,REFERENCE_SPEEDS,OBSERVED_FACT
20,6,Les Sables,,0.80,170.10,09:06:00,11:31:00,11:31:00,11:31:00,WAYPOINT,REFERENCE_SPEEDS,OBSERVED_FACT
20,7,Rochetaillée (D1091-D526),,1.40,169.50,09:08:00,11:32:00,11:32:00,11:32:00,WAYPOINT,REFERENCE_SPEEDS,OBSERVED_FACT
20,8,D526 ALLEMOND,D526,2.70,168.20,09:10:00,11:33:00,11:34:00,11:34:00,WAYPOINT,REFERENCE_SPEEDS,OBSERVED_FACT
20,9,Viaduc de l'Eau d'Olle (ALLEMOND),,6.60,164.30,09:18:00,11:39:00,11:39:00,11:39:00,WAYPOINT,REFERENCE_SPEEDS,OBSERVED_FACT
20,10,Le Roberand (près) (OZ-EN-OISANS),,7.20,163.70,09:19:00,11:39:00,11:40:00,11:40:00,WAYPOINT,REFERENCE_SPEEDS,OBSERVED_FACT
20,11,Le Verney (VAUJANY),,8.40,162.50,09:22:00,11:41:00,11:42:00,11:42:00,WAYPOINT,REFERENCE_SPEEDS,OBSERVED_FACT
20,12,Articol (ALLEMOND),,12.40,158.50,09:30:00,11:49:00,11:50:00,11:51:00,WAYPOINT,REFERENCE_SPEEDS,OBSERVED_FACT
20,13,Le Rivier-d'Allemond (ALLEMOND),,15.10,155.80,09:35:00,11:55:00,11:57:00,11:59:00,WAYPOINT,REFERENCE_SPEEDS,OBSERVED_FACT
20,14,Barrage de Grand'Maison (VAUJANY),,24.80,146.10,09:54:00,12:17:00,12:21:00,12:25:00,WAYPOINT,REFERENCE_SPEEDS,OBSERVED_FACT
20,15,SAVOIE (73),,,,10:00:00,12:24:00,12:28:00,12:32:00,ADMIN_BOUNDARY,REFERENCE_SPEEDS,OBSERVED_FACT
20,16,D926 Rieu Claret (SAINT-COLOMBAN-DES-VILLARDS),D926,27.60,143.30,10:00:00,12:24:00,12:28:00,12:33:00,WAYPOINT,REFERENCE_SPEEDS,OBSERVED_FACT
20,17,Plan du Suel (SAINT-COLOMBAN-DES-VILLARDS),,30.10,140.80,10:05:00,12:30:00,12:34:00,12:39:00,WAYPOINT,REFERENCE_SPEEDS,OBSERVED_FACT
20,18,Col du Glandon (près),,31.10,139.80,10:07:00,12:32:00,12:37:00,12:42:00,WAYPOINT,REFERENCE_SPEEDS,OBSERVED_FACT
20,19,Col de la Croix de Fer,,33.70,137.20,10:12:00,12:38:00,12:44:00,12:49:00,WAYPOINT,REFERENCE_SPEEDS,OBSERVED_FACT
20,20,SAINT-SORLIN-D'ARVES,,39.00,131.90,10:23:00,12:44:00,12:50:00,12:56:00,WAYPOINT,REFERENCE_SPEEDS,OBSERVED_FACT
20,21,Les Chambons (SAINT-JEAN-D'ARVES),,43.50,127.40,10:32:00,12:49:00,12:55:00,13:01:00,WAYPOINT,REFERENCE_SPEEDS,OBSERVED_FACT
20,22,Entraigues (près) (SAINT-JEAN-D'ARVES),,46.20,124.70,10:37:00,12:52:00,12:58:00,13:04:00,WAYPOINT,REFERENCE_SPEEDS,OBSERVED_FACT
20,23,Viaduc des Sallanches,,48.40,122.50,10:42:00,12:54:00,13:01:00,13:07:00,WAYPOINT,REFERENCE_SPEEDS,OBSERVED_FACT
20,24,Grand Tunnel,,49.90,121.00,10:45:00,12:56:00,13:03:00,13:09:00,WAYPOINT,REFERENCE_SPEEDS,OBSERVED_FACT
20,25,Tunnel de Combe Soudan,,50.50,120.40,10:46:00,12:57:00,13:03:00,13:09:00,WAYPOINT,REFERENCE_SPEEDS,OBSERVED_FACT
20,26,Tunnel des Quatre Jarriens - L'Arcellaz,,51.00,119.90,10:47:00,12:57:00,13:04:00,13:10:00,WAYPOINT,REFERENCE_SPEEDS,OBSERVED_FACT
20,27,Charvin (FONTCOUVERTE-LA-TOUSSUIRE),,53.00,117.90,10:51:00,12:59:00,13:06:00,13:12:00,WAYPOINT,REFERENCE_SPEEDS,OBSERVED_FACT
20,28,La Combe Bérard (FONTCOUVERTE-LA-TOUSSUIRE),,53.70,117.20,10:52:00,13:00:00,13:07:00,13:13:00,WAYPOINT,REFERENCE_SPEEDS,OBSERVED_FACT
20,29,Le Crêt (FONTCOUVERTE-LA-TOUSSUIRE),,56.90,114.00,10:59:00,13:04:00,13:11:00,13:17:00,WAYPOINT,REFERENCE_SPEEDS,OBSERVED_FACT
20,30,La Bettaz (FONTCOUVERTE-LA-TOUSSUIRE),,58.00,112.90,11:01:00,13:05:00,13:12:00,13:19:00,WAYPOINT,REFERENCE_SPEEDS,OBSERVED_FACT
20,31,Pierre-Pin Dessous,,58.60,112.30,11:02:00,13:06:00,13:13:00,13:19:00,WAYPOINT,REFERENCE_SPEEDS,OBSERVED_FACT
20,32,Les Oulles,,60.40,110.50,11:06:00,13:08:00,13:15:00,13:21:00,WAYPOINT,REFERENCE_SPEEDS,OBSERVED_FACT
20,33,La Fournache,,61.20,109.70,11:07:00,13:09:00,13:16:00,13:22:00,WAYPOINT,REFERENCE_SPEEDS,OBSERVED_FACT
20,34,SAINT-JEAN-DE-MAURIENNE (D926-D110-D906),,61.60,109.30,11:08:00,13:09:00,13:16:00,13:23:00,WAYPOINT,REFERENCE_SPEEDS,OBSERVED_FACT
20,35,D906 Carrefour D906-D1006,D906,65.30,105.60,11:16:00,13:14:00,13:22:00,13:29:00,WAYPOINT,REFERENCE_SPEEDS,OBSERVED_FACT
20,36,D1006 SAINT-JULIEN-MONT-DENIS,D1006,66.50,104.40,11:18:00,13:16:00,13:23:00,13:30:00,WAYPOINT,REFERENCE_SPEEDS,OBSERVED_FACT
20,37,Les Œillettes (près) (SAINT-MARTIN-DE-LA-PORTE),,70.70,100.20,11:26:00,13:22:00,13:30:00,13:37:00,WAYPOINT,REFERENCE_SPEEDS,OBSERVED_FACT
20,38,SAINT-MICHEL-DE-MAURIENNE (D1006-D902),,75.60,95.30,11:36:00,13:28:00,13:37:00,13:44:00,WAYPOINT,REFERENCE_SPEEDS,OBSERVED_FACT
20,39,D902 SAINT-MARTIN-D'ARC,D902,76.10,94.80,11:37:00,13:30:00,13:38:00,13:46:00,WAYPOINT,REFERENCE_SPEEDS,OBSERVED_FACT
20,40,Les Petites Seignères,,78.10,92.80,11:41:00,13:34:00,13:43:00,13:51:00,WAYPOINT,REFERENCE_SPEEDS,OBSERVED_FACT
20,41,Les Grandes Seignères,,78.70,92.20,11:42:00,13:36:00,13:44:00,13:53:00,WAYPOINT,REFERENCE_SPEEDS,OBSERVED_FACT
20,42,Lavizard d'en Bas,,83.10,87.80,11:51:00,13:46:00,13:55:00,14:04:00,WAYPOINT,REFERENCE_SPEEDS,OBSERVED_FACT
20,43,Lavizard Dessus,,84.10,86.80,11:53:00,13:48:00,13:58:00,14:07:00,WAYPOINT,REFERENCE_SPEEDS,OBSERVED_FACT
20,44,Col du Télégraphe,,87.60,83.30,12:00:00,13:56:00,14:07:00,14:17:00,WAYPOINT,REFERENCE_SPEEDS,OBSERVED_FACT
20,45,Les Granges,,90.70,80.20,12:06:00,13:59:00,14:10:00,14:20:00,WAYPOINT,REFERENCE_SPEEDS,OBSERVED_FACT
20,46,VALLOIRE (D902-VC-D902),,91.10,79.80,12:07:00,14:00:00,14:11:00,14:21:00,WAYPOINT,REFERENCE_SPEEDS,OBSERVED_FACT
20,47,La Borgé,,93.20,77.70,12:11:00,14:03:00,14:13:00,14:24:00,WAYPOINT,REFERENCE_SPEEDS,OBSERVED_FACT
20,48,Les Verneys,,95.10,75.80,12:15:00,14:07:00,14:18:00,14:29:00,WAYPOINT,REFERENCE_SPEEDS,OBSERVED_FACT
20,49,Hameau de la Rivine,,96.10,74.80,12:17:00,14:09:00,14:21:00,14:32:00,WAYPOINT,REFERENCE_SPEEDS,OBSERVED_FACT
20,50,Hameau de Bonnenuit,,98.10,72.80,12:21:00,14:14:00,14:26:00,14:37:00,WAYPOINT,REFERENCE_SPEEDS,OBSERVED_FACT
20,51,Plan Lachat,,102.10,68.80,12:29:00,14:23:00,14:36:00,14:48:00,WAYPOINT,REFERENCE_SPEEDS,OBSERVED_FACT
20,52,Les Granges,,106.10,64.80,12:37:00,14:32:00,14:46:00,14:59:00,WAYPOINT,REFERENCE_SPEEDS,OBSERVED_FACT
20,53,Carrefour D902-D902 B,,109.50,61.40,12:44:00,14:40:00,14:54:00,15:08:00,WAYPOINT,REFERENCE_SPEEDS,OBSERVED_FACT
20,54,Col du Galibier - Souvenir Henri Desgrange,,110.50,60.40,12:46:00,14:43:00,14:57:00,15:11:00,WAYPOINT,REFERENCE_SPEEDS,OBSERVED_FACT
20,55,HAUTES-ALPES (05),,,,12:46:00,14:43:00,14:57:00,15:11:00,ADMIN_BOUNDARY,REFERENCE_SPEEDS,OBSERVED_FACT
20,56,Carrefour D902 B-D902,,111.40,59.50,12:48:00,14:44:00,14:58:00,15:12:00,WAYPOINT,REFERENCE_SPEEDS,OBSERVED_FACT
20,57,D902 Col du Lautaret (D902-D1091) (LE MONÊTIER-LES-BAINS),D902,119.00,51.90,13:03:00,14:52:00,15:07:00,15:21:00,WAYPOINT,REFERENCE_SPEEDS,OBSERVED_FACT
20,58,D1091 VILLAR-D'ARÊNE,D1091,125.90,45.00,13:17:00,15:00:00,15:15:00,15:30:00,WAYPOINT,REFERENCE_SPEEDS,OBSERVED_FACT
20,59,Tunnel des Ardoisières,,127.60,43.30,13:20:00,15:02:00,15:17:00,15:32:00,WAYPOINT,REFERENCE_SPEEDS,OBSERVED_FACT
20,60,Tunnel du Serre du Coin,,129.00,41.90,13:23:00,15:03:00,15:18:00,15:33:00,WAYPOINT,REFERENCE_SPEEDS,OBSERVED_FACT
20,61,LA GRAVE-LA MEIJE,,129.40,41.50,13:24:00,15:04:00,15:19:00,15:34:00,WAYPOINT,REFERENCE_SPEEDS,OBSERVED_FACT
20,62,Les Fréaux (LA GRAVE),,131.80,39.10,13:28:00,15:07:00,15:21:00,15:37:00,WAYPOINT,REFERENCE_SPEEDS,OBSERVED_FACT
20,63,Tunnel du Grand Clot,,134.40,36.50,13:34:00,15:10:00,15:24:00,15:40:00,WAYPOINT,REFERENCE_SPEEDS,OBSERVED_FACT
20,64,ISÈRE (38),,,,13:41:00,15:14:00,15:28:00,15:44:00,ADMIN_BOUNDARY,REFERENCE_SPEEDS,OBSERVED_FACT
20,65,Grand Tunnel du Chambon,,142.50,28.40,13:50:00,15:19:00,15:34:00,15:50:00,WAYPOINT,REFERENCE_SPEEDS,OBSERVED_FACT
20,66,Carrefour D1091-D25,,143.70,27.20,13:52:00,15:20:00,15:35:00,15:51:00,WAYPOINT,REFERENCE_SPEEDS,OBSERVED_FACT
20,67,D25 MIZOËN,D25,144.40,26.50,13:54:00,15:22:00,15:37:00,15:53:00,WAYPOINT,REFERENCE_SPEEDS,OBSERVED_FACT
20,68,Carrefour D25-D25 A,,147.20,23.70,13:59:00,15:29:00,15:44:00,16:01:00,WAYPOINT,REFERENCE_SPEEDS,OBSERVED_FACT
20,69,D25 A Clavans-le-Bas (CLAVANS-EN-HAUT-OISANS),D25 A,148.00,22.90,14:01:00,15:30:00,15:46:00,16:03:00,WAYPOINT,REFERENCE_SPEEDS,OBSERVED_FACT
20,70,Clavans-le-Haut (CLAVANS-EN-HAUT-OISANS),,149.40,21.50,14:04:00,15:34:00,15:50:00,16:07:00,WAYPOINT,REFERENCE_SPEEDS,OBSERVED_FACT
20,71,VC Le Perron (CLAVANS-EN-HAUT-OISANS),VC,152.30,18.60,14:09:00,15:41:00,15:57:00,16:16:00,WAYPOINT,REFERENCE_SPEEDS,OBSERVED_FACT
20,72,Col de Sarenne,,156.50,14.40,14:18:00,15:51:00,16:08:00,16:28:00,WAYPOINT,REFERENCE_SPEEDS,OBSERVED_FACT
20,73,ALPE D'HUEZ (VC-D211 F),,164.00,6.90,14:33:00,15:59:00,16:17:00,16:37:00,WAYPOINT,REFERENCE_SPEEDS,OBSERVED_FACT
20,74,D211 F Carrefour D211 F-D211,D211 F,167.10,3.80,14:39:00,16:03:00,16:21:00,16:40:00,WAYPOINT,REFERENCE_SPEEDS,OBSERVED_FACT
20,75,D211 ALPE D'HUEZ (D211-VC) (entrée),D211,168.00,2.90,14:41:00,16:05:00,16:23:00,16:42:00,WAYPOINT,REFERENCE_SPEEDS,OBSERVED_FACT
20,76,VC ALPE D'HUEZ (1 850 m),VC,170.90,0.00,14:47:00,16:11:00,16:29:00,16:50:00,WAYPOINT,REFERENCE_SPEEDS,OBSERVED_FACT
21,1,France,,,,13:20:00,,,,ADMIN_BOUNDARY,REFERENCE_SPEEDS,CONFLICTING
21,2,Yvelines,,0.00,88.70,13:20:00,,,,WAYPOINT,REFERENCE_SPEEDS,CONFLICTING
21,3,THOIRY,,0.00,88.70,13:20:00,,,,WAYPOINT,REFERENCE_SPEEDS,CONFLICTING
21,4,Transfert vers PARIS Champs-Élysées,,0.00,88.70,13:40:00,,,,WAYPOINT,REFERENCE_SPEEDS,CONFLICTING
21,5,Paris,,0.00,88.70,,,,,WAYPOINT,REFERENCE_SPEEDS,CONFLICTING
21,6,PARIS Champs-Élysées,,0.00,88.70,15:15:00,17:50:00,17:50:00,17:50:00,WAYPOINT,REFERENCE_SPEEDS,CONFLICTING
21,7,2e passage sur la ligne d'arrivée,,6.80,81.90,,17:59:00,17:59:00,17:58:00,WAYPOINT,REFERENCE_SPEEDS,CONFLICTING
21,8,3e passage sur la ligne d'arrivée,,13.60,75.10,,18:09:00,18:08:00,18:07:00,WAYPOINT,REFERENCE_SPEEDS,CONFLICTING
21,9,4e passage sur la ligne d'arrivée,,20.40,68.30,,18:18:00,18:17:00,18:15:00,WAYPOINT,REFERENCE_SPEEDS,CONFLICTING
21,10,5e passage sur la ligne d'arrivée,,27.20,61.50,,18:28:00,18:26:00,18:24:00,WAYPOINT,REFERENCE_SPEEDS,CONFLICTING
21,11,PARIS - HAUT DES CHAMPS-ÉLYSÉES (5E PASSAGE),,27.90,60.80,,18:29:00,18:27:00,18:25:00,WAYPOINT,REFERENCE_SPEEDS,CONFLICTING
21,12,6e passage sur la ligne d'arrivée,,34.00,54.70,,18:37:00,18:35:00,18:32:00,WAYPOINT,REFERENCE_SPEEDS,CONFLICTING
21,13,7e passage sur la ligne d'arrivée,,40.80,47.90,,18:47:00,18:44:00,18:41:00,WAYPOINT,REFERENCE_SPEEDS,CONFLICTING
21,14,Côte de la Butte Montmartre,,46.40,42.30,,18:57:00,18:53:00,18:49:00,WAYPOINT,REFERENCE_SPEEDS,CONFLICTING
21,15,8e passage sur la ligne d'arrivée,,56.70,32.00,,19:09:00,19:05:00,19:01:00,WAYPOINT,REFERENCE_SPEEDS,CONFLICTING
21,16,Côte de la Butte Montmartre,,62.40,26.30,,19:16:00,19:12:00,19:09:00,WAYPOINT,REFERENCE_SPEEDS,CONFLICTING
21,17,9e passage sur la ligne d'arrivée,,72.70,16.00,,19:30:00,19:26:00,19:21:00,WAYPOINT,REFERENCE_SPEEDS,CONFLICTING
21,18,Côte de la Butte Montmartre,,78.40,10.30,,19:37:00,19:33:00,19:28:00,WAYPOINT,REFERENCE_SPEEDS,CONFLICTING
21,19,PARIS Champs-Élysées,,88.70,0.00,,19:51:00,19:46:00,19:41:00,WAYPOINT,REFERENCE_SPEEDS,CONFLICTING
21,20,D36 Carrefour D36-D38,D36,24.70,107.80,14:38:00,16:59:00,17:01:00,17:03:00,WAYPOINT,REFERENCE_SPEEDS,CONFLICTING
21,21,D38 MONTIGNY-LE-BRETONNEUX,D38,25.50,107.00,14:39:00,17:01:00,17:02:00,17:04:00,WAYPOINT,REFERENCE_SPEEDS,CONFLICTING
21,22,GUYANCOURT (D38-D127),,28.90,103.60,14:44:00,17:05:00,17:07:00,17:09:00,WAYPOINT,REFERENCE_SPEEDS,CONFLICTING
21,23,D127 MONTIGNY-LE-BRETONNEUX (D127-D10),D127,29.20,103.30,14:45:00,17:06:00,17:08:00,17:10:00,WAYPOINT,REFERENCE_SPEEDS,CONFLICTING
21,24,D10 SAINT-CYR-L'ÉCOLE,D10,30.00,102.50,14:46:00,17:07:00,17:09:00,17:11:00,WAYPOINT,REFERENCE_SPEEDS,CONFLICTING
21,25,Château de Versailles,,35.10,97.40,14:54:00,17:14:00,17:16:00,17:19:00,WAYPOINT,REFERENCE_SPEEDS,CONFLICTING
21,26,VERSAILLES (D10-VC-D186-D10-D56),,35.30,97.20,14:54:00,17:14:00,17:17:00,17:19:00,WAYPOINT,REFERENCE_SPEEDS,CONFLICTING
21,27,D56 VIROFLAY (D56-VC),D56,39.20,93.30,15:00:00,17:20:00,17:22:00,17:25:00,WAYPOINT,REFERENCE_SPEEDS,CONFLICTING
21,28,VC VÉLIZY-VILLACOUBLAY (VC-D53),VC,40.40,92.10,15:02:00,17:21:00,17:24:00,17:27:00,WAYPOINT,REFERENCE_SPEEDS,CONFLICTING
21,29,HAUTS-DE-SEINE (92),,,,15:03:00,17:22:00,17:25:00,17:28:00,ADMIN_BOUNDARY,REFERENCE_SPEEDS,CONFLICTING
21,30,D53 CHAVILLE (D53-D181),D53,41.40,91.10,15:04:00,17:23:00,17:26:00,17:29:00,WAYPOINT,REFERENCE_SPEEDS,CONFLICTING
21,31,D181 Côte du Pavé des Gardes,D181,43.10,89.40,15:06:00,17:25:00,17:28:00,17:31:00,WAYPOINT,REFERENCE_SPEEDS,CONFLICTING
21,32,SÈVRES,,43.20,89.30,15:07:00,17:25:00,17:28:00,17:31:00,WAYPOINT,REFERENCE_SPEEDS,CONFLICTING
21,33,MEUDON (D181-D989),,44.00,88.50,15:08:00,17:26:00,17:29:00,17:33:00,WAYPOINT,REFERENCE_SPEEDS,CONFLICTING
21,34,D989 ISSY-LES-MOULINEAUX (D989-D7),D989,46.40,86.10,15:11:00,17:30:00,17:33:00,17:36:00,WAYPOINT,REFERENCE_SPEEDS,CONFLICTING
21,35,D7 Carrefour D7-VC,D7,48.80,83.70,15:15:00,17:33:00,17:36:00,17:40:00,WAYPOINT,REFERENCE_SPEEDS,CONFLICTING
21,36,PARIS (75),,,,15:15:00,17:33:00,17:36:00,17:40:00,ADMIN_BOUNDARY,REFERENCE_SPEEDS,CONFLICTING
21,37,VC PARIS (entrée),VC,49.00,83.50,15:16:00,17:33:00,17:37:00,17:40:00,WAYPOINT,REFERENCE_SPEEDS,CONFLICTING
21,38,Tour Eiffel,,51.70,80.80,15:20:00,17:37:00,17:41:00,17:44:00,WAYPOINT,REFERENCE_SPEEDS,CONFLICTING
21,39,1er passage sur la ligne d'arrivée,,57.40,75.10,15:28:00,17:45:00,17:49:00,17:53:00,WAYPOINT,REFERENCE_SPEEDS,CONFLICTING
21,40,2e passage sur la ligne d'arrivée,,64.20,68.30,15:39:00,17:55:00,17:59:00,18:04:00,WAYPOINT,REFERENCE_SPEEDS,CONFLICTING
21,41,3e passage sur la ligne d'arrivée,,71.00,61.50,15:49:00,18:04:00,18:09:00,18:14:00,WAYPOINT,REFERENCE_SPEEDS,CONFLICTING
21,42,PARIS - HAUT DES CHAMPS-ELYSÉES (3E PASSAGE),,71.70,60.80,15:50:00,18:05:00,18:10:00,18:15:00,WAYPOINT,REFERENCE_SPEEDS,CONFLICTING
21,43,4e passage sur la ligne d'arrivée,,77.90,54.60,16:00:00,18:14:00,18:19:00,18:25:00,WAYPOINT,REFERENCE_SPEEDS,CONFLICTING
21,44,5e passage sur la ligne d'arrivée,,84.70,47.80,16:10:00,18:23:00,18:29:00,18:35:00,WAYPOINT,REFERENCE_SPEEDS,CONFLICTING
21,45,Côte de la Butte Montmartre,,90.30,42.20,16:19:00,18:31:00,18:37:00,18:44:00,WAYPOINT,REFERENCE_SPEEDS,CONFLICTING
21,46,6e passage sur la ligne d'arrivée,,100.60,31.90,16:35:00,18:45:00,18:52:00,19:00:00,WAYPOINT,REFERENCE_SPEEDS,CONFLICTING
21,47,Côte de la Butte Montmartre,,106.20,26.30,16:44:00,18:53:00,19:00:00,19:08:00,WAYPOINT,REFERENCE_SPEEDS,CONFLICTING
21,48,7e passage sur la ligne d'arrivée,,116.60,15.90,17:03:00,19:04:00,19:12:00,19:20:00,WAYPOINT,REFERENCE_SPEEDS,CONFLICTING
21,49,Côte de la Butte Montmartre,,122.20,10.30,17:13:00,19:11:00,19:19:00,19:27:00,WAYPOINT,REFERENCE_SPEEDS,CONFLICTING
21,50,PARIS Champs-Élysées,,132.50,0.00,17:28:00,19:25:00,19:34:00,19:43:00,WAYPOINT,REFERENCE_SPEEDS,CONFLICTING
