stage_number,rank,rider,bib,team,finish_time_s,gap_s,bonus_s,penalty_s,status
1,1,J. VINGEGAARD,11,TEAM VISMA | LEASE A BIKE,1307,0,0,0,OBSERVED_FACT
1,2,F. GANNA,84,NETCOMPANY INEOS CYCLING TEAM,1315,8,0,0,OBSERVED_FACT
1,3,T. POGACAR,1,UAE TEAM EMIRATES XRG,1319,12,0,0,OBSERVED_FACT
1,4,J. AYUSO,31,LIDL-TREK,1323,16,0,0,OBSERVED_FACT
1,5,R. EVENEPOEL,21,RED BULL - BORA - HANSGROHE,1326,19,0,0,OBSERVED_FACT
1,6,I. DEL TORO,2,UAE TEAM EMIRATES XRG,1333,26,0,0,OBSERVED_FACT
1,7,D. PIGANZOLI,18,TEAM VISMA | LEASE A BIKE,1335,28,0,0,OBSERVED_FACT
1,8,F. LIPOWITZ,25,RED BULL - BORA - HANSGROHE,1342,35,0,0,OBSERVED_FACT
1,9,T. FOSS,83,NETCOMPANY INEOS CYCLING TEAM,1345,38,0,0,OBSERVED_FACT
1,10,P. SEIXAS,51,DECATHLON CMA CGM TEAM,1346,39,0,0,OBSERVED_FACT
1,11,M. VAN DER POEL,101,ALPECIN-PREMIER TECH,1346,39,0,0,OBSERVED_FACT
1,12,R. GREGOIRE,181,GROUPAMA-FDJ UNITED,1348,41,0,0,OBSERVED_FACT
1,13,A. TIBERI,77,BAHRAIN VICTORIOUS,1354,47,0,0,OBSERVED_FACT
1,14,M. RICCITELLO,58,DECATHLON CMA CGM TEAM,1357,50,0,0,OBSERVED_FACT
1,15,L. MARTINEZ,71,BAHRAIN VICTORIOUS,1357,50,0,0,OBSERVED_FACT
1,16,M. MATTHEWS,115,TEAM JAYCO ALULA,1358,51,0,0,OBSERVED_FACT
1,17,A. BAUDIN,43,EF EDUCATION - EASYPOST,1364,57,0,0,OBSERVED_FACT
1,18,T. PIDCOCK,171,PINARELLO-Q36.5 PRO CYCLING TEAM,1364,57,0,0,OBSERVED_FACT
1,19,I. VAN WILDER,97,SOUDAL QUICK-STEP,1365,58,0,0,OBSERVED_FACT
1,20,T. JOHANNESSEN,121,UNO-X MOBILITY,1367,60,0,0,OBSERVED_FACT
1,21,T. ARENSMAN,82,NETCOMPANY INEOS CYCLING TEAM,1368,61,0,0,OBSERVED_FACT
1,22,J. JEGAT,201,TOTALENERGIES,1369,62,0,0,OBSERVED_FACT
1,23,M. VACEK,37,LIDL-TREK,1379,72,0,0,OBSERVED_FACT
1,24,A. MOLENAAR,224,CAJA RURAL-SEGUROS RGA,1379,72,0,0,OBSERVED_FACT
1,25,Y. VOISARD,198,TUDOR PRO CYCLING TEAM,1381,74,0,0,OBSERVED_FACT
1,26,K. VAUQUELIN,88,NETCOMPANY INEOS CYCLING TEAM,1381,74,0,0,OBSERVED_FACT
1,27,G. BENNETT,133,NSN CYCLING TEAM,1383,76,0,0,OBSERVED_FACT
1,28,I. IZAGIRRE,161,COFIDIS,1384,77,0,0,OBSERVED_FACT
1,29,R. GARCIA,144,MOVISTAR TEAM,1385,78,0,0,OBSERVED_FACT
1,30,J. ALAPHILIPPE,191,TUDOR PRO CYCLING TEAM,1392,85,0,0,OBSERVED_FACT
1,31,T. TRÆEN,127,UNO-X MOBILITY,1396,89,0,0,OBSERVED_FACT
1,32,G. STEINHAUSER,46,EF EDUCATION - EASYPOST,1397,90,0,0,OBSERVED_FACT
1,33,M. SKJELMOSE,35,LIDL-TREK,1400,93,0,0,OBSERVED_FACT
1,34,L. VAN EETVELT,156,LOTTO INTERMARCHE,1403,96,0,0,OBSERVED_FACT
1,35,R. CARAPAZ,41,EF EDUCATION - EASYPOST,1403,96,0,0,OBSERVED_FACT
1,36,J. PARRA,228,CAJA RURAL-SEGUROS RGA,1405,98,0,0,OBSERVED_FACT
1,37,P. CASTRILLO,142,MOVISTAR TEAM,1418,111,0,0,OBSERVED_FACT
1,38,J. CEPEDA,143,MOVISTAR TEAM,1418,111,0,0,OBSERVED_FACT
1,39,A. BALDERSTONE,222,CAJA RURAL-SEGUROS RGA,1419,112,0,0,OBSERVED_FACT
1,40,C. UIJTDEBROEKS,141,MOVISTAR TEAM,1420,113,0,0,OBSERVED_FACT
1,41,R. DHONDT,215,TEAM PICNIC POSTNL,1422,115,0,0,OBSERVED_FACT
1,42,L. PLAPP,117,TEAM JAYCO ALULA,1424,117,0,0,OBSERVED_FACT
1,43,S. KUSS,17,TEAM VISMA | LEASE A BIKE,1425,118,0,0,OBSERVED_FACT
1,44,A. PARET PEINTRE,56,DECATHLON CMA CGM TEAM,1429,122,0,0,OBSERVED_FACT
1,45,D. GEE,32,LIDL-TREK,1430,123,0,0,OBSERVED_FACT
1,46,M. VAN GILS,28,RED BULL - BORA - HANSGROHE,1431,124,0,0,OBSERVED_FACT
1,47,D. VAN BAARLE,95,SOUDAL QUICK-STEP,1433,126,0,0,OBSERVED_FACT
1,48,M. LE BERRE,206,TOTALENERGIES,1433,126,0,0,OBSERVED_FACT
1,49,S. QUINN,45,EF EDUCATION - EASYPOST,1435,128,0,0,OBSERVED_FACT
1,50,D. GODON,85,NETCOMPANY INEOS CYCLING TEAM,1437,130,0,0,OBSERVED_FACT
1,51,J. BERCKMOES,153,LOTTO INTERMARCHE,1437,130,0,0,OBSERVED_FACT
1,52,E. VERSTRYNGE,108,ALPECIN-PREMIER TECH,1438,131,0,0,OBSERVED_FACT
1,53,J. TARLING,87,NETCOMPANY INEOS CYCLING TEAM,1441,134,0,0,OBSERVED_FACT
1,54,S. HIGUITA,61,XDS ASTANA TEAM,1445,138,0,0,OBSERVED_FACT
1,55,J. HINDLEY,24,RED BULL - BORA - HANSGROHE,1451,144,0,0,OBSERVED_FACT
1,56,M. HIRSCHI,194,TUDOR PRO CYCLING TEAM,1452,145,0,0,OBSERVED_FACT
1,57,B. MCNULTY,4,UAE TEAM EMIRATES XRG,1453,146,0,0,OBSERVED_FACT
1,58,C. BRAZ AFONSO,183,GROUPAMA-FDJ UNITED,1457,150,0,0,OBSERVED_FACT
1,59,M. JORGENSON,16,TEAM VISMA | LEASE A BIKE,1457,150,0,0,OBSERVED_FACT
1,60,F. VAN DEN BROEK,218,TEAM PICNIC POSTNL,1460,153,0,0,OBSERVED_FACT
1,61,M. HEßMANN,145,MOVISTAR TEAM,1463,156,0,0,OBSERVED_FACT
1,62,N. OLIVEIRA,146,MOVISTAR TEAM,1463,156,0,0,OBSERVED_FACT
1,63,M. VERCHER,208,TOTALENERGIES,1464,157,0,0,OBSERVED_FACT
1,64,N. BREUILLARD,202,TOTALENERGIES,1464,157,0,0,OBSERVED_FACT
1,65,A. KIRSCH,166,COFIDIS,1465,158,0,0,OBSERVED_FACT
1,66,R. DEBRUYNE,102,ALPECIN-PREMIER TECH,1467,160,0,0,OBSERVED_FACT
1,67,Q. HERMANS,174,PINARELLO-Q36.5 PRO CYCLING TEAM,1470,163,0,0,OBSERVED_FACT
1,68,H. TEJADA,65,XDS ASTANA TEAM,1473,166,0,0,OBSERVED_FACT
1,69,J. STUYVEN,94,SOUDAL QUICK-STEP,1473,166,0,0,OBSERVED_FACT
1,70,V. PARET PEINTRE,93,SOUDAL QUICK-STEP,1473,166,0,0,OBSERVED_FACT
1,71,J. ROMO,147,MOVISTAR TEAM,1473,166,0,0,OBSERVED_FACT
1,72,F. GROSSSCHARTNER,3,UAE TEAM EMIRATES XRG,1481,174,0,0,OBSERVED_FACT
1,73,M. KWIATKOWSKI,86,NETCOMPANY INEOS CYCLING TEAM,1487,180,0,0,OBSERVED_FACT
1,74,T. WELLENS,7,UAE TEAM EMIRATES XRG,1489,182,0,0,OBSERVED_FACT
1,75,F. BIESTERBOS,212,TEAM PICNIC POSTNL,1492,185,0,0,OBSERVED_FACT
1,76,P. BITTNER,213,TEAM PICNIC POSTNL,1492,185,0,0,OBSERVED_FACT
1,77,W. BARGUIL,211,TEAM PICNIC POSTNL,1492,185,0,0,OBSERVED_FACT
1,78,J. DEGENKOLB,214,TEAM PICNIC POSTNL,1492,185,0,0,OBSERVED_FACT
1,79,J. VAN DEN BERG,217,TEAM PICNIC POSTNL,1492,185,0,0,OBSERVED_FACT
1,80,E. BERNAL,81,NETCOMPANY INEOS CYCLING TEAM,1493,186,0,0,OBSERVED_FACT
1,81,B. GIRMAY,131,NSN CYCLING TEAM,1497,190,0,0,OBSERVED_FACT
1,82,T. MARSMAN,104,ALPECIN-PREMIER TECH,1497,190,0,0,OBSERVED_FACT
1,83,M. KANTER,64,XDS ASTANA TEAM,1497,190,0,0,OBSERVED_FACT
1,84,B. HEALY,44,EF EDUCATION - EASYPOST,1498,191,0,0,OBSERVED_FACT
1,85,K. ASGREEN,42,EF EDUCATION - EASYPOST,1498,191,0,0,OBSERVED_FACT
1,86,D. CARUSO,73,BAHRAIN VICTORIOUS,1499,192,0,0,OBSERVED_FACT
1,87,A. CHARMIG,123,UNO-X MOBILITY,1499,192,0,0,OBSERVED_FACT
1,88,V. VAN MECHELEN,78,BAHRAIN VICTORIOUS,1500,193,0,0,OBSERVED_FACT
1,89,M. FRIGO,134,NSN CYCLING TEAM,1501,194,0,0,OBSERVED_FACT
1,90,K. NEILANDS,136,NSN CYCLING TEAM,1501,194,0,0,OBSERVED_FACT
1,91,T. VAN ASBROECK,138,NSN CYCLING TEAM,1501,194,0,0,OBSERVED_FACT
1,92,L. ASKEY,132,NSN CYCLING TEAM,1501,194,0,0,OBSERVED_FACT
1,93,B. THOMAS,168,COFIDIS,1502,195,0,0,OBSERVED_FACT
1,94,C. RUSSO,188,GROUPAMA-FDJ UNITED,1502,195,0,0,OBSERVED_FACT
1,95,L. GERMANI,185,GROUPAMA-FDJ UNITED,1502,195,0,0,OBSERVED_FACT
1,96,E. COSTIOU,184,GROUPAMA-FDJ UNITED,1502,195,0,0,OBSERVED_FACT
1,97,N. MÄRKL,216,TEAM PICNIC POSTNL,1503,196,0,0,OBSERVED_FACT
1,98,Q. PACHER,187,GROUPAMA-FDJ UNITED,1505,198,0,0,OBSERVED_FACT
1,99,T. BENOOT,52,DECATHLON CMA CGM TEAM,1506,199,0,0,OBSERVED_FACT
1,100,D. HOWSON,175,PINARELLO-Q36.5 PRO CYCLING TEAM,1508,201,0,0,OBSERVED_FACT
1,101,F. WRIGHT,178,PINARELLO-Q36.5 PRO CYCLING TEAM,1509,202,0,0,OBSERVED_FACT
1,102,E. RUBIO,148,MOVISTAR TEAM,1512,205,0,0,OBSERVED_FACT
1,103,M. STORER,196,TUDOR PRO CYCLING TEAM,1514,207,0,0,OBSERVED_FACT
1,104,L. VERVAEKE,98,SOUDAL QUICK-STEP,1515,208,0,0,OBSERVED_FACT
1,105,F. VERMEERSCH,6,UAE TEAM EMIRATES XRG,1515,208,0,0,OBSERVED_FACT
1,106,B. ARMIRAIL,13,TEAM VISMA | LEASE A BIKE,1515,208,0,0,OBSERVED_FACT
1,107,V. CAMPENAERTS,14,TEAM VISMA | LEASE A BIKE,1515,208,0,0,OBSERVED_FACT
1,108,H. ARTZ,152,LOTTO INTERMARCHE,1516,209,0,0,OBSERVED_FACT
1,109,X. MEURISSE,176,PINARELLO-Q36.5 PRO CYCLING TEAM,1517,210,0,0,OBSERVED_FACT
1,110,X. AZPARREN IRURZUN,172,PINARELLO-Q36.5 PRO CYCLING TEAM,1517,210,0,0,OBSERVED_FACT
1,111,C. BERTHET,182,GROUPAMA-FDJ UNITED,1521,214,0,0,OBSERVED_FACT
1,112,G. MARTIN GUYONNET,186,GROUPAMA-FDJ UNITED,1521,214,0,0,OBSERVED_FACT
1,113,J. STEWART,137,NSN CYCLING TEAM,1523,216,0,0,OBSERVED_FACT
1,114,S. OLDANI,226,CAJA RURAL-SEGUROS RGA,1525,218,0,0,OBSERVED_FACT
1,115,S. BERWICK,223,CAJA RURAL-SEGUROS RGA,1525,218,0,0,OBSERVED_FACT
1,116,A. DELETTRE,204,TOTALENERGIES,1528,221,0,0,OBSERVED_FACT
1,117,M. WALKER,48,EF EDUCATION - EASYPOST,1530,223,0,0,OBSERVED_FACT
1,118,R. PLUIMERS,195,TUDOR PRO CYCLING TEAM,1532,225,0,0,OBSERVED_FACT
1,119,A. DE KLEIJN,192,TUDOR PRO CYCLING TEAM,1532,225,0,0,OBSERVED_FACT
1,120,A. JOHANNESSEN,125,UNO-X MOBILITY,1537,230,0,0,OBSERVED_FACT
1,121,A. ARANBURU,163,COFIDIS,1541,234,0,0,OBSERVED_FACT
1,122,J. ABRAHAMSEN,122,UNO-X MOBILITY,1542,235,0,0,OBSERVED_FACT
1,123,M. CORT NIELSEN,124,UNO-X MOBILITY,1542,235,0,0,OBSERVED_FACT
1,124,M. LOUVEL,135,NSN CYCLING TEAM,1542,235,0,0,OBSERVED_FACT
1,125,M. MOHORIC,75,BAHRAIN VICTORIOUS,1543,236,0,0,OBSERVED_FACT
1,126,E. PLANCKAERT,106,ALPECIN-PREMIER TECH,1545,238,0,0,OBSERVED_FACT
1,127,A. SKAARSETH,126,UNO-X MOBILITY,1546,239,0,0,OBSERVED_FACT
1,128,N. PRODHOMME,57,DECATHLON CMA CGM TEAM,1548,241,0,0,OBSERVED_FACT
1,129,A. TURGIS,207,TOTALENERGIES,1550,243,0,0,OBSERVED_FACT
1,130,F. GAVIRIA,221,CAJA RURAL-SEGUROS RGA,1552,245,0,0,OBSERVED_FACT
1,131,M. CATTANEO,22,RED BULL - BORA - HANSGROHE,1553,246,0,0,OBSERVED_FACT
1,132,J. TRATNIK,26,RED BULL - BORA - HANSGROHE,1553,246,0,0,OBSERVED_FACT
1,133,G. ZIMMERMANN,158,LOTTO INTERMARCHE,1553,246,0,0,OBSERVED_FACT
1,134,L. CRAPS,154,LOTTO INTERMARCHE,1555,248,0,0,OBSERVED_FACT
1,135,L. SLOCK,155,LOTTO INTERMARCHE,1555,248,0,0,OBSERVED_FACT
1,136,B. VEISTROFFER,157,LOTTO INTERMARCHE,1555,248,0,0,OBSERVED_FACT
1,137,A. DE LIE,151,LOTTO INTERMARCHE,1556,249,0,0,OBSERVED_FACT
1,138,J. BIERMANS,164,COFIDIS,1557,250,0,0,OBSERVED_FACT
1,139,H. PAGE,167,COFIDIS,1557,250,0,0,OBSERVED_FACT
1,140,O. KOOIJ,55,DECATHLON CMA CGM TEAM,1559,252,0,0,OBSERVED_FACT
1,141,D. HOOLE,54,DECATHLON CMA CGM TEAM,1559,252,0,0,OBSERVED_FACT
1,142,J. OTRUBA,227,CAJA RURAL-SEGUROS RGA,1559,252,0,0,OBSERVED_FACT
1,143,R. STANNARD,76,BAHRAIN VICTORIOUS,1562,255,0,0,OBSERVED_FACT
1,144,S. WAERENSKJOLD,128,UNO-X MOBILITY,1562,255,0,0,OBSERVED_FACT
1,145,T. SKUJINS,36,LIDL-TREK,1563,256,0,0,OBSERVED_FACT
1,146,C. HARPER,173,PINARELLO-Q36.5 PRO CYCLING TEAM,1568,261,0,0,OBSERVED_FACT
1,147,C. VERONA,38,LIDL-TREK,1569,262,0,0,OBSERVED_FACT
1,148,M. PEDERSEN,33,LIDL-TREK,1569,262,0,0,OBSERVED_FACT
1,149,P. HAGENES,15,TEAM VISMA | LEASE A BIKE,1570,263,0,0,OBSERVED_FACT
1,150,E. AFFINI,12,TEAM VISMA | LEASE A BIKE,1570,263,0,0,OBSERVED_FACT
1,151,Q. SIMMONS,34,LIDL-TREK,1570,263,0,0,OBSERVED_FACT
1,152,P. EENKHOORN,92,SOUDAL QUICK-STEP,1573,266,0,0,OBSERVED_FACT
1,153,N. POLITT,5,UAE TEAM EMIRATES XRG,1574,267,0,0,OBSERVED_FACT
1,154,A. YATES,8,UAE TEAM EMIRATES XRG,1574,267,0,0,OBSERVED_FACT
1,155,B. VAN MOER,177,PINARELLO-Q36.5 PRO CYCLING TEAM,1574,267,0,0,OBSERVED_FACT
1,156,J. NICOLAU,225,CAJA RURAL-SEGUROS RGA,1575,268,0,0,OBSERVED_FACT
1,157,C. BOL,53,DECATHLON CMA CGM TEAM,1578,271,0,0,OBSERVED_FACT
1,158,M. FRETIN,165,COFIDIS,1579,272,0,0,OBSERVED_FACT
1,159,B. O'CONNOR,111,TEAM JAYCO ALULA,1580,273,0,0,OBSERVED_FACT
1,160,K. O’BRIEN,116,TEAM JAYCO ALULA,1580,273,0,0,OBSERVED_FACT
1,161,F. ENGELHARDT,114,TEAM JAYCO ALULA,1580,273,0,0,OBSERVED_FACT
1,162,J. DELBOVE,203,TOTALENERGIES,1581,274,0,0,OBSERVED_FACT
1,163,M. SCHMID,118,TEAM JAYCO ALULA,1582,275,0,0,OBSERVED_FACT
1,164,K. GRADEK,74,BAHRAIN VICTORIOUS,1584,277,0,0,OBSERVED_FACT
1,165,P. BAUHAUS,72,BAHRAIN VICTORIOUS,1584,277,0,0,OBSERVED_FACT
1,166,A. GATE,63,XDS ASTANA TEAM,1584,277,0,0,OBSERVED_FACT
1,167,M. TEUNISSEN,66,XDS ASTANA TEAM,1593,286,0,0,OBSERVED_FACT
1,168,D. BALLERINI,62,XDS ASTANA TEAM,1593,286,0,0,OBSERVED_FACT
1,169,B. VAN LERBERGHE,96,SOUDAL QUICK-STEP,1596,289,0,0,OBSERVED_FACT
1,170,T. MERLIER,91,SOUDAL QUICK-STEP,1596,289,0,0,OBSERVED_FACT
1,171,P. ACKERMANN,112,TEAM JAYCO ALULA,1598,291,0,0,OBSERVED_FACT
1,172,L. DURBRIDGE,113,TEAM JAYCO ALULA,1598,291,0,0,OBSERVED_FACT
1,173,T. GUERNALEC,205,TOTALENERGIES,1599,292,0,0,OBSERVED_FACT
1,174,N. VINOKUROV,68,XDS ASTANA TEAM,1601,294,0,0,OBSERVED_FACT
1,175,M. TRENTIN,197,TUDOR PRO CYCLING TEAM,1613,306,0,0,OBSERVED_FACT
1,176,M. HALLER,193,TUDOR PRO CYCLING TEAM,1613,306,0,0,OBSERVED_FACT
1,177,J. PHILIPSEN,105,ALPECIN-PREMIER TECH,1614,307,0,0,OBSERVED_FACT
1,178,S. DILLIER,103,ALPECIN-PREMIER TECH,1614,307,0,0,OBSERVED_FACT
1,179,J. RICKAERT,107,ALPECIN-PREMIER TECH,1615,308,0,0,OBSERVED_FACT
1,180,M. VALGREN,47,EF EDUCATION - EASYPOST,1615,308,0,0,OBSERVED_FACT
1,181,N. DENZ,23,RED BULL - BORA - HANSGROHE,1620,313,0,0,OBSERVED_FACT
1,182,T. VAN DIJKE,27,RED BULL - BORA - HANSGROHE,1624,317,0,0,OBSERVED_FACT
1,183,P. ALLEGAERT,162,COFIDIS,1640,333,0,0,OBSERVED_FACT
1,184,S. VELASCO,67,XDS ASTANA TEAM,1665,358,0,0,OBSERVED_FACT
2,1,I. DEL TORO,2,UAE TEAM EMIRATES XRG,13201,0,10,0,OBSERVED_FACT
2,2,T. POGACAR,1,UAE TEAM EMIRATES XRG,13201,0,6,0,OBSERVED_FACT
2,3,R. EVENEPOEL,21,RED BULL - BORA - HANSGROHE,13201,0,4,0,OBSERVED_FACT
2,4,J. VINGEGAARD,11,TEAM VISMA | LEASE A BIKE,13201,0,0,0,OBSERVED_FACT
2,5,M. SKJELMOSE,35,LIDL-TREK,13204,3,0,0,OBSERVED_FACT
2,6,T. JOHANNESSEN,121,UNO-X MOBILITY,13204,3,0,0,OBSERVED_FACT
2,7,R. GREGOIRE,181,GROUPAMA-FDJ UNITED,13204,3,0,0,OBSERVED_FACT
2,8,L. MARTINEZ,71,BAHRAIN VICTORIOUS,13204,3,0,0,OBSERVED_FACT
2,9,P. SEIXAS,51,DECATHLON CMA CGM TEAM,13204,3,0,0,OBSERVED_FACT
2,10,T. PIDCOCK,171,PINARELLO-Q36.5 PRO CYCLING TEAM,13204,3,0,0,OBSERVED_FACT
2,11,L. VAN EETVELT,156,LOTTO INTERMARCHE,13204,3,0,0,OBSERVED_FACT
2,12,J. AYUSO,31,LIDL-TREK,13204,3,0,0,OBSERVED_FACT
2,13,I. VAN WILDER,97,SOUDAL QUICK-STEP,13204,3,0,0,OBSERVED_FACT
2,14,R. CARAPAZ,41,EF EDUCATION - EASYPOST,13208,7,0,0,OBSERVED_FACT
2,15,A. BAUDIN,43,EF EDUCATION - EASYPOST,13211,10,0,0,OBSERVED_FACT
2,16,F. LIPOWITZ,25,RED BULL - BORA - HANSGROHE,13211,10,0,0,OBSERVED_FACT
2,17,C. UIJTDEBROEKS,141,MOVISTAR TEAM,13228,27,0,0,OBSERVED_FACT
2,18,A. YATES,8,UAE TEAM EMIRATES XRG,13240,39,0,0,OBSERVED_FACT
2,19,S. HIGUITA,61,XDS ASTANA TEAM,13244,43,0,0,OBSERVED_FACT
2,20,T. FOSS,83,NETCOMPANY INEOS CYCLING TEAM,13244,43,0,0,OBSERVED_FACT
2,21,T. ARENSMAN,82,NETCOMPANY INEOS CYCLING TEAM,13248,47,0,0,OBSERVED_FACT
2,22,M. VAN DER POEL,101,ALPECIN-PREMIER TECH,13248,47,0,0,OBSERVED_FACT
2,23,E. BERNAL,81,NETCOMPANY INEOS CYCLING TEAM,13248,47,0,0,OBSERVED_FACT
2,24,A. ARANBURU,163,COFIDIS,13250,49,0,0,OBSERVED_FACT
2,25,H. TEJADA,65,XDS ASTANA TEAM,13252,51,0,0,OBSERVED_FACT
2,26,J. PARRA,228,CAJA RURAL-SEGUROS RGA,13255,54,0,0,OBSERVED_FACT
2,27,Y. VOISARD,198,TUDOR PRO CYCLING TEAM,13271,70,0,0,OBSERVED_FACT
2,28,D. PIGANZOLI,18,TEAM VISMA | LEASE A BIKE,13271,70,0,0,OBSERVED_FACT
2,29,J. JEGAT,201,TOTALENERGIES,13271,70,0,0,OBSERVED_FACT
2,30,I. IZAGIRRE,161,COFIDIS,13272,71,0,0,OBSERVED_FACT
2,31,J. ROMO,147,MOVISTAR TEAM,13279,78,0,0,OBSERVED_FACT
2,32,A. BALDERSTONE,222,CAJA RURAL-SEGUROS RGA,13279,78,0,0,OBSERVED_FACT
2,33,J. DELBOVE,203,TOTALENERGIES,13297,96,0,0,OBSERVED_FACT
2,34,S. QUINN,45,EF EDUCATION - EASYPOST,13300,99,0,0,OBSERVED_FACT
2,35,T. TRÆEN,127,UNO-X MOBILITY,13316,115,0,0,OBSERVED_FACT
2,36,J. HINDLEY,24,RED BULL - BORA - HANSGROHE,13316,115,0,0,OBSERVED_FACT
2,37,T. BENOOT,52,DECATHLON CMA CGM TEAM,13316,115,0,0,OBSERVED_FACT
2,38,M. VACEK,37,LIDL-TREK,13503,302,0,0,OBSERVED_FACT
2,39,B. MCNULTY,4,UAE TEAM EMIRATES XRG,13503,302,0,0,OBSERVED_FACT
2,40,B. O'CONNOR,111,TEAM JAYCO ALULA,13532,331,0,0,OBSERVED_FACT
2,41,M. RICCITELLO,58,DECATHLON CMA CGM TEAM,13532,331,0,0,OBSERVED_FACT
2,42,G. MARTIN GUYONNET,186,GROUPAMA-FDJ UNITED,13532,331,0,0,OBSERVED_FACT
2,43,G. BENNETT,133,NSN CYCLING TEAM,13532,331,0,0,OBSERVED_FACT
2,44,L. PLAPP,117,TEAM JAYCO ALULA,13532,331,0,0,OBSERVED_FACT
2,45,D. GEE,32,LIDL-TREK,13532,331,0,0,OBSERVED_FACT
2,46,A. TIBERI,77,BAHRAIN VICTORIOUS,13545,344,0,0,OBSERVED_FACT
2,47,Q. HERMANS,174,PINARELLO-Q36.5 PRO CYCLING TEAM,13558,357,0,0,OBSERVED_FACT
2,48,M. JORGENSON,16,TEAM VISMA | LEASE A BIKE,13564,363,0,0,OBSERVED_FACT
2,49,M. SCHMID,118,TEAM JAYCO ALULA,13582,381,0,0,OBSERVED_FACT
2,50,B. ARMIRAIL,13,TEAM VISMA | LEASE A BIKE,13613,412,0,0,OBSERVED_FACT
2,51,K. VAUQUELIN,88,NETCOMPANY INEOS CYCLING TEAM,13613,412,0,0,OBSERVED_FACT
2,52,S. KUSS,17,TEAM VISMA | LEASE A BIKE,13613,412,0,0,OBSERVED_FACT
2,53,A. JOHANNESSEN,125,UNO-X MOBILITY,13613,412,0,0,OBSERVED_FACT
2,54,C. BRAZ AFONSO,183,GROUPAMA-FDJ UNITED,13636,435,0,0,OBSERVED_FACT
2,55,A. SKAARSETH,126,UNO-X MOBILITY,13721,520,0,0,OBSERVED_FACT
2,56,P. EENKHOORN,92,SOUDAL QUICK-STEP,13769,568,0,0,OBSERVED_FACT
2,57,G. STEINHAUSER,46,EF EDUCATION - EASYPOST,13769,568,0,0,OBSERVED_FACT
2,58,G. ZIMMERMANN,158,LOTTO INTERMARCHE,13769,568,0,0,OBSERVED_FACT
2,59,R. PLUIMERS,195,TUDOR PRO CYCLING TEAM,13769,568,0,0,OBSERVED_FACT
2,60,R. DHONDT,215,TEAM PICNIC POSTNL,13769,568,0,0,OBSERVED_FACT
2,61,S. BERWICK,223,CAJA RURAL-SEGUROS RGA,13769,568,0,0,OBSERVED_FACT
2,62,N. PRODHOMME,57,DECATHLON CMA CGM TEAM,13769,568,0,0,OBSERVED_FACT
2,63,L. VERVAEKE,98,SOUDAL QUICK-STEP,13769,568,0,0,OBSERVED_FACT
2,64,M. HIRSCHI,194,TUDOR PRO CYCLING TEAM,13769,568,0,0,OBSERVED_FACT
2,65,L. CRAPS,154,LOTTO INTERMARCHE,13769,568,0,0,OBSERVED_FACT
2,66,E. VERSTRYNGE,108,ALPECIN-PREMIER TECH,13769,568,0,0,OBSERVED_FACT
2,67,C. HARPER,173,PINARELLO-Q36.5 PRO CYCLING TEAM,13769,568,0,0,OBSERVED_FACT
2,68,R. DEBRUYNE,102,ALPECIN-PREMIER TECH,13781,580,0,0,OBSERVED_FACT
2,69,Q. PACHER,187,GROUPAMA-FDJ UNITED,13825,624,0,0,OBSERVED_FACT
2,70,J. NICOLAU,225,CAJA RURAL-SEGUROS RGA,13862,661,0,0,OBSERVED_FACT
2,71,M. VAN GILS,28,RED BULL - BORA - HANSGROHE,13867,666,0,0,OBSERVED_FACT
2,72,X. MEURISSE,176,PINARELLO-Q36.5 PRO CYCLING TEAM,13867,666,0,0,OBSERVED_FACT
2,73,D. CARUSO,73,BAHRAIN VICTORIOUS,13867,666,0,0,OBSERVED_FACT
2,74,T. GUERNALEC,205,TOTALENERGIES,13867,666,0,0,OBSERVED_FACT
2,75,M. FRIGO,134,NSN CYCLING TEAM,13867,666,0,0,OBSERVED_FACT
2,76,R. STANNARD,76,BAHRAIN VICTORIOUS,13867,666,0,0,OBSERVED_FACT
2,77,N. OLIVEIRA,146,MOVISTAR TEAM,13867,666,0,0,OBSERVED_FACT
2,78,L. GERMANI,185,GROUPAMA-FDJ UNITED,13867,666,0,0,OBSERVED_FACT
2,79,E. COSTIOU,184,GROUPAMA-FDJ UNITED,13867,666,0,0,OBSERVED_FACT
2,80,A. DELETTRE,204,TOTALENERGIES,13867,666,0,0,OBSERVED_FACT
2,81,M. VERCHER,208,TOTALENERGIES,13867,666,0,0,OBSERVED_FACT
2,82,N. BREUILLARD,202,TOTALENERGIES,13867,666,0,0,OBSERVED_FACT
2,83,M. CATTANEO,22,RED BULL - BORA - HANSGROHE,13867,666,0,0,OBSERVED_FACT
2,84,B. THOMAS,168,COFIDIS,13867,666,0,0,OBSERVED_FACT
2,85,J. TARLING,87,NETCOMPANY INEOS CYCLING TEAM,13867,666,0,0,OBSERVED_FACT
2,86,M. KWIATKOWSKI,86,NETCOMPANY INEOS CYCLING TEAM,13867,666,0,0,OBSERVED_FACT
2,87,M. TEUNISSEN,66,XDS ASTANA TEAM,13867,666,0,0,OBSERVED_FACT
2,88,L. DURBRIDGE,113,TEAM JAYCO ALULA,13867,666,0,0,OBSERVED_FACT
2,89,D. VAN BAARLE,95,SOUDAL QUICK-STEP,13867,666,0,0,OBSERVED_FACT
2,90,R. GARCIA,144,MOVISTAR TEAM,13867,666,0,0,OBSERVED_FACT
2,91,J. ALAPHILIPPE,191,TUDOR PRO CYCLING TEAM,13867,666,0,0,OBSERVED_FACT
2,92,M. MATTHEWS,115,TEAM JAYCO ALULA,13918,717,0,0,OBSERVED_FACT
2,93,V. PARET PEINTRE,93,SOUDAL QUICK-STEP,13929,728,0,0,OBSERVED_FACT
2,94,C. RUSSO,188,GROUPAMA-FDJ UNITED,13929,728,0,0,OBSERVED_FACT
2,95,N. MÄRKL,216,TEAM PICNIC POSTNL,13929,728,0,0,OBSERVED_FACT
2,96,A. PARET PEINTRE,56,DECATHLON CMA CGM TEAM,13929,728,0,0,OBSERVED_FACT
2,97,A. GATE,63,XDS ASTANA TEAM,13929,728,0,0,OBSERVED_FACT
2,98,V. CAMPENAERTS,14,TEAM VISMA | LEASE A BIKE,13929,728,0,0,OBSERVED_FACT
2,99,T. WELLENS,7,UAE TEAM EMIRATES XRG,13929,728,0,0,OBSERVED_FACT
2,100,F. GROSSSCHARTNER,3,UAE TEAM EMIRATES XRG,13929,728,0,0,OBSERVED_FACT
2,101,M. LE BERRE,206,TOTALENERGIES,13929,728,0,0,OBSERVED_FACT
2,102,C. VERONA,38,LIDL-TREK,13929,728,0,0,OBSERVED_FACT
2,103,J. RICKAERT,107,ALPECIN-PREMIER TECH,13929,728,0,0,OBSERVED_FACT
2,104,K. ASGREEN,42,EF EDUCATION - EASYPOST,13929,728,0,0,OBSERVED_FACT
2,105,M. WALKER,48,EF EDUCATION - EASYPOST,13937,736,0,0,OBSERVED_FACT
2,106,M. VALGREN,47,EF EDUCATION - EASYPOST,13937,736,0,0,OBSERVED_FACT
2,107,B. HEALY,44,EF EDUCATION - EASYPOST,13937,736,0,0,OBSERVED_FACT
2,108,M. HEßMANN,145,MOVISTAR TEAM,13937,736,0,0,OBSERVED_FACT
2,109,J. BERCKMOES,153,LOTTO INTERMARCHE,13937,736,0,0,OBSERVED_FACT
2,110,L. ASKEY,132,NSN CYCLING TEAM,13951,750,0,0,OBSERVED_FACT
2,111,E. PLANCKAERT,106,ALPECIN-PREMIER TECH,13968,767,0,0,OBSERVED_FACT
2,112,F. ENGELHARDT,114,TEAM JAYCO ALULA,14014,813,0,0,OBSERVED_FACT
2,113,N. POLITT,5,UAE TEAM EMIRATES XRG,14014,813,0,0,OBSERVED_FACT
2,114,J. ABRAHAMSEN,122,UNO-X MOBILITY,14014,813,0,0,OBSERVED_FACT
2,115,T. VAN ASBROECK,138,NSN CYCLING TEAM,14014,813,0,0,OBSERVED_FACT
2,116,S. DILLIER,103,ALPECIN-PREMIER TECH,14014,813,0,0,OBSERVED_FACT
2,117,N. VINOKUROV,68,XDS ASTANA TEAM,14014,813,0,0,OBSERVED_FACT
2,118,H. PAGE,167,COFIDIS,14014,813,0,0,OBSERVED_FACT
2,119,E. RUBIO,148,MOVISTAR TEAM,14014,813,0,0,OBSERVED_FACT
2,120,N. DENZ,23,RED BULL - BORA - HANSGROHE,14014,813,0,0,OBSERVED_FACT
2,121,D. GODON,85,NETCOMPANY INEOS CYCLING TEAM,14014,813,0,0,OBSERVED_FACT
2,122,W. BARGUIL,211,TEAM PICNIC POSTNL,14014,813,0,0,OBSERVED_FACT
2,123,J. DEGENKOLB,214,TEAM PICNIC POSTNL,14014,813,0,0,OBSERVED_FACT
2,124,X. AZPARREN IRURZUN,172,PINARELLO-Q36.5 PRO CYCLING TEAM,14014,813,0,0,OBSERVED_FACT
2,125,D. HOWSON,175,PINARELLO-Q36.5 PRO CYCLING TEAM,14014,813,0,0,OBSERVED_FACT
2,126,J. CEPEDA,143,MOVISTAR TEAM,14014,813,0,0,OBSERVED_FACT
2,127,P. CASTRILLO,142,MOVISTAR TEAM,14014,813,0,0,OBSERVED_FACT
2,128,T. MARSMAN,104,ALPECIN-PREMIER TECH,14014,813,0,0,OBSERVED_FACT
2,129,A. CHARMIG,123,UNO-X MOBILITY,14014,813,0,0,OBSERVED_FACT
2,130,A. TURGIS,207,TOTALENERGIES,14014,813,0,0,OBSERVED_FACT
2,131,M. LOUVEL,135,NSN CYCLING TEAM,14014,813,0,0,OBSERVED_FACT
2,132,J. PHILIPSEN,105,ALPECIN-PREMIER TECH,14014,813,0,0,OBSERVED_FACT
2,133,J. STUYVEN,94,SOUDAL QUICK-STEP,14014,813,0,0,OBSERVED_FACT
2,134,B. VAN MOER,177,PINARELLO-Q36.5 PRO CYCLING TEAM,14014,813,0,0,OBSERVED_FACT
2,135,F. VERMEERSCH,6,UAE TEAM EMIRATES XRG,14014,813,0,0,OBSERVED_FACT
2,136,T. VAN DIJKE,27,RED BULL - BORA - HANSGROHE,14014,813,0,0,OBSERVED_FACT
2,137,F. BIESTERBOS,212,TEAM PICNIC POSTNL,14014,813,0,0,OBSERVED_FACT
2,138,M. STORER,196,TUDOR PRO CYCLING TEAM,14014,813,0,0,OBSERVED_FACT
2,139,P. BITTNER,213,TEAM PICNIC POSTNL,14014,813,0,0,OBSERVED_FACT
2,140,S. OLDANI,226,CAJA RURAL-SEGUROS RGA,14014,813,0,0,OBSERVED_FACT
2,141,F. GAVIRIA,221,CAJA RURAL-SEGUROS RGA,14014,813,0,0,OBSERVED_FACT
2,142,M. KANTER,64,XDS ASTANA TEAM,14014,813,0,0,OBSERVED_FACT
2,143,J. BIERMANS,164,COFIDIS,14014,813,0,0,OBSERVED_FACT
2,144,J. OTRUBA,227,CAJA RURAL-SEGUROS RGA,14014,813,0,0,OBSERVED_FACT
2,145,T. SKUJINS,36,LIDL-TREK,14014,813,0,0,OBSERVED_FACT
2,146,K. NEILANDS,136,NSN CYCLING TEAM,14014,813,0,0,OBSERVED_FACT
2,147,T. MERLIER,91,SOUDAL QUICK-STEP,14014,813,0,0,OBSERVED_FACT
2,148,D. HOOLE,54,DECATHLON CMA CGM TEAM,14014,813,0,0,OBSERVED_FACT
2,149,M. FRETIN,165,COFIDIS,14027,826,0,0,OBSERVED_FACT
2,150,M. CORT NIELSEN,124,UNO-X MOBILITY,14033,832,0,0,OBSERVED_FACT
2,151,M. MOHORIC,75,BAHRAIN VICTORIOUS,14037,836,0,0,OBSERVED_FACT
2,152,J. TRATNIK,26,RED BULL - BORA - HANSGROHE,14037,836,0,0,OBSERVED_FACT
2,153,Q. SIMMONS,34,LIDL-TREK,14037,836,0,0,OBSERVED_FACT
2,154,A. KIRSCH,166,COFIDIS,14037,836,0,0,OBSERVED_FACT
2,155,J. STEWART,137,NSN CYCLING TEAM,14037,836,0,0,OBSERVED_FACT
2,156,M. PEDERSEN,33,LIDL-TREK,14037,836,0,0,OBSERVED_FACT
2,157,B. GIRMAY,131,NSN CYCLING TEAM,14037,836,0,0,OBSERVED_FACT
2,158,A. DE KLEIJN,192,TUDOR PRO CYCLING TEAM,14037,836,0,0,OBSERVED_FACT
2,159,P. BAUHAUS,72,BAHRAIN VICTORIOUS,14037,836,0,0,OBSERVED_FACT
2,160,J. VAN DEN BERG,217,TEAM PICNIC POSTNL,14037,836,0,0,OBSERVED_FACT
2,161,F. VAN DEN BROEK,218,TEAM PICNIC POSTNL,14037,836,0,0,OBSERVED_FACT
2,162,P. ACKERMANN,112,TEAM JAYCO ALULA,14037,836,0,0,OBSERVED_FACT
2,163,K. GRADEK,74,BAHRAIN VICTORIOUS,14037,836,0,0,OBSERVED_FACT
2,164,S. VELASCO,67,XDS ASTANA TEAM,14037,836,0,0,OBSERVED_FACT
2,165,A. MOLENAAR,224,CAJA RURAL-SEGUROS RGA,14037,836,0,0,OBSERVED_FACT
2,166,P. ALLEGAERT,162,COFIDIS,14037,836,0,0,OBSERVED_FACT
2,167,V. VAN MECHELEN,78,BAHRAIN VICTORIOUS,14061,860,0,0,OBSERVED_FACT
2,168,F. WRIGHT,178,PINARELLO-Q36.5 PRO CYCLING TEAM,14061,860,0,0,OBSERVED_FACT
2,169,F. GANNA,84,NETCOMPANY INEOS CYCLING TEAM,14084,883,0,0,OBSERVED_FACT
2,170,B. VAN LERBERGHE,96,SOUDAL QUICK-STEP,14092,891,0,0,OBSERVED_FACT
2,171,P. HAGENES,15,TEAM VISMA | LEASE A BIKE,14103,902,0,0,OBSERVED_FACT
2,172,S. WAERENSKJOLD,128,UNO-X MOBILITY,14107,906,0,0,OBSERVED_FACT
2,173,M. TRENTIN,197,TUDOR PRO CYCLING TEAM,14130,929,0,0,OBSERVED_FACT
2,174,H. ARTZ,152,LOTTO INTERMARCHE,14130,929,0,0,OBSERVED_FACT
2,175,D. BALLERINI,62,XDS ASTANA TEAM,14145,944,0,0,OBSERVED_FACT
2,176,M. HALLER,193,TUDOR PRO CYCLING TEAM,14169,968,0,0,OBSERVED_FACT
2,177,L. SLOCK,155,LOTTO INTERMARCHE,14194,993,0,0,OBSERVED_FACT
2,178,E. AFFINI,12,TEAM VISMA | LEASE A BIKE,14208,1007,0,0,OBSERVED_FACT
2,179,K. O’BRIEN,116,TEAM JAYCO ALULA,14270,1069,0,0,OBSERVED_FACT
2,180,O. KOOIJ,55,DECATHLON CMA CGM TEAM,14289,1088,0,0,OBSERVED_FACT
2,181,C. BOL,53,DECATHLON CMA CGM TEAM,14289,1088,0,0,OBSERVED_FACT
2,182,B. VEISTROFFER,157,LOTTO INTERMARCHE,14306,1105,0,0,OBSERVED_FACT
2,183,A. DE LIE,151,LOTTO INTERMARCHE,14306,1105,0,0,OBSERVED_FACT
3,1,T. POGACAR,1,UAE TEAM EMIRATES XRG,17111,0,10,0,OBSERVED_FACT
3,2,J. VINGEGAARD,11,TEAM VISMA | LEASE A BIKE,17113,2,6,0,OBSERVED_FACT
3,3,R. CARAPAZ,41,EF EDUCATION - EASYPOST,17113,2,4,0,OBSERVED_FACT
3,4,P. SEIXAS,51,DECATHLON CMA CGM TEAM,17113,2,0,0,OBSERVED_FACT
3,5,T. JOHANNESSEN,121,UNO-X MOBILITY,17115,4,0,0,OBSERVED_FACT
3,6,L. VAN EETVELT,156,LOTTO INTERMARCHE,17115,4,0,0,OBSERVED_FACT
3,7,F. LIPOWITZ,25,RED BULL - BORA - HANSGROHE,17115,4,0,0,OBSERVED_FACT
3,8,R. EVENEPOEL,21,RED BULL - BORA - HANSGROHE,17115,4,0,0,OBSERVED_FACT
3,9,I. DEL TORO,2,UAE TEAM EMIRATES XRG,17115,4,0,0,OBSERVED_FACT
3,10,J. AYUSO,31,LIDL-TREK,17115,4,0,0,OBSERVED_FACT
3,11,M. SKJELMOSE,35,LIDL-TREK,17121,10,0,0,OBSERVED_FACT
3,12,I. VAN WILDER,97,SOUDAL QUICK-STEP,17123,12,0,0,OBSERVED_FACT
3,13,L. MARTINEZ,71,BAHRAIN VICTORIOUS,17123,12,0,0,OBSERVED_FACT
3,14,J. JEGAT,201,TOTALENERGIES,17123,12,0,0,OBSERVED_FACT
3,15,S. HIGUITA,61,XDS ASTANA TEAM,17129,18,0,0,OBSERVED_FACT
3,16,T. PIDCOCK,171,PINARELLO-Q36.5 PRO CYCLING TEAM,17129,18,0,0,OBSERVED_FACT
3,17,E. BERNAL,81,NETCOMPANY INEOS CYCLING TEAM,17129,18,0,0,OBSERVED_FACT
3,18,T. BENOOT,52,DECATHLON CMA CGM TEAM,17138,27,0,0,OBSERVED_FACT
3,19,T. ARENSMAN,82,NETCOMPANY INEOS CYCLING TEAM,17138,27,0,0,OBSERVED_FACT
3,20,D. PIGANZOLI,18,TEAM VISMA | LEASE A BIKE,17144,33,0,0,OBSERVED_FACT
3,21,A. TIBERI,77,BAHRAIN VICTORIOUS,17153,42,0,0,OBSERVED_FACT
3,22,R. DEBRUYNE,102,ALPECIN-PREMIER TECH,17159,48,0,0,OBSERVED_FACT
3,23,A. YATES,8,UAE TEAM EMIRATES XRG,17161,50,0,0,OBSERVED_FACT
3,24,S. KUSS,17,TEAM VISMA | LEASE A BIKE,17161,50,0,0,OBSERVED_FACT
3,25,H. TEJADA,65,XDS ASTANA TEAM,17168,57,0,0,OBSERVED_FACT
3,26,P. CASTRILLO,142,MOVISTAR TEAM,17171,60,0,0,OBSERVED_FACT
3,27,C. UIJTDEBROEKS,141,MOVISTAR TEAM,17171,60,0,0,OBSERVED_FACT
3,28,G. MARTIN GUYONNET,186,GROUPAMA-FDJ UNITED,17177,66,0,0,OBSERVED_FACT
3,29,Y. VOISARD,198,TUDOR PRO CYCLING TEAM,17193,82,0,0,OBSERVED_FACT
3,30,T. TRÆEN,127,UNO-X MOBILITY,17209,98,0,0,OBSERVED_FACT
3,31,J. HINDLEY,24,RED BULL - BORA - HANSGROHE,17209,98,0,0,OBSERVED_FACT
3,32,S. QUINN,45,EF EDUCATION - EASYPOST,17214,103,0,0,OBSERVED_FACT
3,33,J. PARRA,228,CAJA RURAL-SEGUROS RGA,17216,105,0,0,OBSERVED_FACT
3,34,A. PARET PEINTRE,56,DECATHLON CMA CGM TEAM,17245,134,0,0,OBSERVED_FACT
3,35,B. MCNULTY,4,UAE TEAM EMIRATES XRG,17254,143,0,0,OBSERVED_FACT
3,36,M. VAN GILS,28,RED BULL - BORA - HANSGROHE,17264,153,0,0,OBSERVED_FACT
3,37,N. PRODHOMME,57,DECATHLON CMA CGM TEAM,17264,153,0,0,OBSERVED_FACT
3,38,M. VACEK,37,LIDL-TREK,17269,158,0,0,OBSERVED_FACT
3,39,C. HARPER,173,PINARELLO-Q36.5 PRO CYCLING TEAM,17272,161,0,0,OBSERVED_FACT
3,40,M. JORGENSON,16,TEAM VISMA | LEASE A BIKE,17273,162,0,0,OBSERVED_FACT
3,41,Q. SIMMONS,34,LIDL-TREK,17280,169,0,0,OBSERVED_FACT
3,42,V. PARET PEINTRE,93,SOUDAL QUICK-STEP,17291,180,0,0,OBSERVED_FACT
3,43,N. BREUILLARD,202,TOTALENERGIES,17304,193,0,0,OBSERVED_FACT
3,44,C. VERONA,38,LIDL-TREK,17318,207,0,0,OBSERVED_FACT
3,45,A. SKAARSETH,126,UNO-X MOBILITY,17318,207,0,0,OBSERVED_FACT
3,46,G. BENNETT,133,NSN CYCLING TEAM,17353,242,0,0,OBSERVED_FACT
3,47,A. BAUDIN,43,EF EDUCATION - EASYPOST,17359,248,0,0,OBSERVED_FACT
3,48,R. GARCIA,144,MOVISTAR TEAM,17367,256,0,0,OBSERVED_FACT
3,49,F. GROSSSCHARTNER,3,UAE TEAM EMIRATES XRG,17413,302,0,0,OBSERVED_FACT
3,50,M. VERCHER,208,TOTALENERGIES,17567,456,0,0,OBSERVED_FACT
3,51,K. ASGREEN,42,EF EDUCATION - EASYPOST,17926,815,0,0,OBSERVED_FACT
3,52,N. OLIVEIRA,146,MOVISTAR TEAM,17926,815,0,0,OBSERVED_FACT
3,53,A. BALDERSTONE,222,CAJA RURAL-SEGUROS RGA,17926,815,0,0,OBSERVED_FACT
3,54,E. RUBIO,148,MOVISTAR TEAM,17926,815,0,0,OBSERVED_FACT
3,55,I. IZAGIRRE,161,COFIDIS,17926,815,0,0,OBSERVED_FACT
3,56,M. HIRSCHI,194,TUDOR PRO CYCLING TEAM,17926,815,0,0,OBSERVED_FACT
3,57,K. VAUQUELIN,88,NETCOMPANY INEOS CYCLING TEAM,17926,815,0,0,OBSERVED_FACT
3,58,M. STORER,196,TUDOR PRO CYCLING TEAM,17926,815,0,0,OBSERVED_FACT
3,59,L. GERMANI,185,GROUPAMA-FDJ UNITED,17926,815,0,0,OBSERVED_FACT
3,60,M. CATTANEO,22,RED BULL - BORA - HANSGROHE,17926,815,0,0,OBSERVED_FACT
3,61,D. CARUSO,73,BAHRAIN VICTORIOUS,17926,815,0,0,OBSERVED_FACT
3,62,V. CAMPENAERTS,14,TEAM VISMA | LEASE A BIKE,17926,815,0,0,OBSERVED_FACT
3,63,Q. HERMANS,174,PINARELLO-Q36.5 PRO CYCLING TEAM,17926,815,0,0,OBSERVED_FACT
3,64,X. MEURISSE,176,PINARELLO-Q36.5 PRO CYCLING TEAM,17926,815,0,0,OBSERVED_FACT
3,65,T. SKUJINS,36,LIDL-TREK,17926,815,0,0,OBSERVED_FACT
3,66,C. BRAZ AFONSO,183,GROUPAMA-FDJ UNITED,17926,815,0,0,OBSERVED_FACT
3,67,D. GEE,32,LIDL-TREK,17926,815,0,0,OBSERVED_FACT
3,68,V. VAN MECHELEN,78,BAHRAIN VICTORIOUS,17945,834,0,0,OBSERVED_FACT
3,69,S. VELASCO,67,XDS ASTANA TEAM,18089,978,0,0,OBSERVED_FACT
3,70,M. CORT NIELSEN,124,UNO-X MOBILITY,18169,1058,0,0,OBSERVED_FACT
3,71,N. POLITT,5,UAE TEAM EMIRATES XRG,18303,1192,0,0,OBSERVED_FACT
3,72,M. MATTHEWS,115,TEAM JAYCO ALULA,18308,1197,0,0,OBSERVED_FACT
3,73,J. ABRAHAMSEN,122,UNO-X MOBILITY,18308,1197,0,0,OBSERVED_FACT
3,74,T. WELLENS,7,UAE TEAM EMIRATES XRG,18329,1218,0,0,OBSERVED_FACT
3,75,R. GREGOIRE,181,GROUPAMA-FDJ UNITED,18329,1218,0,0,OBSERVED_FACT
3,76,P. EENKHOORN,92,SOUDAL QUICK-STEP,18329,1218,0,0,OBSERVED_FACT
3,77,J. CEPEDA,143,MOVISTAR TEAM,18329,1218,0,0,OBSERVED_FACT
3,78,J. ROMO,147,MOVISTAR TEAM,18329,1218,0,0,OBSERVED_FACT
3,79,M. LE BERRE,206,TOTALENERGIES,18329,1218,0,0,OBSERVED_FACT
3,80,G. ZIMMERMANN,158,LOTTO INTERMARCHE,18329,1218,0,0,OBSERVED_FACT
3,81,B. O'CONNOR,111,TEAM JAYCO ALULA,18333,1222,0,0,OBSERVED_FACT
3,82,S. OLDANI,226,CAJA RURAL-SEGUROS RGA,18343,1232,0,0,OBSERVED_FACT
3,83,S. BERWICK,223,CAJA RURAL-SEGUROS RGA,18343,1232,0,0,OBSERVED_FACT
3,84,J. OTRUBA,227,CAJA RURAL-SEGUROS RGA,18343,1232,0,0,OBSERVED_FACT
3,85,A. DELETTRE,204,TOTALENERGIES,18352,1241,0,0,OBSERVED_FACT
3,86,J. DELBOVE,203,TOTALENERGIES,18352,1241,0,0,OBSERVED_FACT
3,87,D. VAN BAARLE,95,SOUDAL QUICK-STEP,18352,1241,0,0,OBSERVED_FACT
3,88,J. STUYVEN,94,SOUDAL QUICK-STEP,18362,1251,0,0,OBSERVED_FACT
3,89,B. HEALY,44,EF EDUCATION - EASYPOST,18371,1260,0,0,OBSERVED_FACT
3,90,M. SCHMID,118,TEAM JAYCO ALULA,18399,1288,0,0,OBSERVED_FACT
3,91,S. DILLIER,103,ALPECIN-PREMIER TECH,18490,1379,0,0,OBSERVED_FACT
3,92,F. ENGELHARDT,114,TEAM JAYCO ALULA,18490,1379,0,0,OBSERVED_FACT
3,93,M. TEUNISSEN,66,XDS ASTANA TEAM,18490,1379,0,0,OBSERVED_FACT
3,94,C. RUSSO,188,GROUPAMA-FDJ UNITED,18490,1379,0,0,OBSERVED_FACT
3,95,Q. PACHER,187,GROUPAMA-FDJ UNITED,18490,1379,0,0,OBSERVED_FACT
3,96,R. PLUIMERS,195,TUDOR PRO CYCLING TEAM,18490,1379,0,0,OBSERVED_FACT
3,97,J. BERCKMOES,153,LOTTO INTERMARCHE,18490,1379,0,0,OBSERVED_FACT
3,98,A. CHARMIG,123,UNO-X MOBILITY,18490,1379,0,0,OBSERVED_FACT
3,99,D. HOWSON,175,PINARELLO-Q36.5 PRO CYCLING TEAM,18490,1379,0,0,OBSERVED_FACT
3,100,R. STANNARD,76,BAHRAIN VICTORIOUS,18490,1379,0,0,OBSERVED_FACT
3,101,A. GATE,63,XDS ASTANA TEAM,18490,1379,0,0,OBSERVED_FACT
3,102,L. DURBRIDGE,113,TEAM JAYCO ALULA,18490,1379,0,0,OBSERVED_FACT
3,103,L. VERVAEKE,98,SOUDAL QUICK-STEP,18490,1379,0,0,OBSERVED_FACT
3,104,E. VERSTRYNGE,108,ALPECIN-PREMIER TECH,18490,1379,0,0,OBSERVED_FACT
3,105,N. DENZ,23,RED BULL - BORA - HANSGROHE,18490,1379,0,0,OBSERVED_FACT
3,106,M. MOHORIC,75,BAHRAIN VICTORIOUS,18490,1379,0,0,OBSERVED_FACT
3,107,E. COSTIOU,184,GROUPAMA-FDJ UNITED,18501,1390,0,0,OBSERVED_FACT
3,108,G. STEINHAUSER,46,EF EDUCATION - EASYPOST,18511,1400,0,0,OBSERVED_FACT
3,109,T. GUERNALEC,205,TOTALENERGIES,18511,1400,0,0,OBSERVED_FACT
3,110,J. RICKAERT,107,ALPECIN-PREMIER TECH,18515,1404,0,0,OBSERVED_FACT
3,111,A. ARANBURU,163,COFIDIS,18520,1409,0,0,OBSERVED_FACT
3,112,M. VALGREN,47,EF EDUCATION - EASYPOST,18520,1409,0,0,OBSERVED_FACT
3,113,M. FRIGO,134,NSN CYCLING TEAM,18527,1416,0,0,OBSERVED_FACT
3,114,W. BARGUIL,211,TEAM PICNIC POSTNL,18527,1416,0,0,OBSERVED_FACT
3,115,A. TURGIS,207,TOTALENERGIES,18531,1420,0,0,OBSERVED_FACT
3,116,F. VAN DEN BROEK,218,TEAM PICNIC POSTNL,18537,1426,0,0,OBSERVED_FACT
3,117,B. VAN MOER,177,PINARELLO-Q36.5 PRO CYCLING TEAM,18543,1432,0,0,OBSERVED_FACT
3,118,L. CRAPS,154,LOTTO INTERMARCHE,18543,1432,0,0,OBSERVED_FACT
3,119,M. WALKER,48,EF EDUCATION - EASYPOST,18543,1432,0,0,OBSERVED_FACT
3,120,K. NEILANDS,136,NSN CYCLING TEAM,18543,1432,0,0,OBSERVED_FACT
3,121,L. PLAPP,117,TEAM JAYCO ALULA,18548,1437,0,0,OBSERVED_FACT
3,122,B. THOMAS,168,COFIDIS,18564,1453,0,0,OBSERVED_FACT
3,123,J. TRATNIK,26,RED BULL - BORA - HANSGROHE,18564,1453,0,0,OBSERVED_FACT
3,124,E. PLANCKAERT,106,ALPECIN-PREMIER TECH,18568,1457,0,0,OBSERVED_FACT
3,125,M. VAN DER POEL,101,ALPECIN-PREMIER TECH,18568,1457,0,0,OBSERVED_FACT
3,126,J. PHILIPSEN,105,ALPECIN-PREMIER TECH,18568,1457,0,0,OBSERVED_FACT
3,127,X. AZPARREN IRURZUN,172,PINARELLO-Q36.5 PRO CYCLING TEAM,18568,1457,0,0,OBSERVED_FACT
3,128,D. HOOLE,54,DECATHLON CMA CGM TEAM,18579,1468,0,0,OBSERVED_FACT
3,129,M. PEDERSEN,33,LIDL-TREK,18579,1468,0,0,OBSERVED_FACT
3,130,M. HEßMANN,145,MOVISTAR TEAM,18579,1468,0,0,OBSERVED_FACT
3,131,J. NICOLAU,225,CAJA RURAL-SEGUROS RGA,18579,1468,0,0,OBSERVED_FACT
3,132,B. GIRMAY,131,NSN CYCLING TEAM,18581,1470,0,0,OBSERVED_FACT
3,133,M. KANTER,64,XDS ASTANA TEAM,18591,1480,0,0,OBSERVED_FACT
3,134,M. TRENTIN,197,TUDOR PRO CYCLING TEAM,18600,1489,0,0,OBSERVED_FACT
3,135,F. VERMEERSCH,6,UAE TEAM EMIRATES XRG,18633,1522,0,0,OBSERVED_FACT
3,136,S. WAERENSKJOLD,128,UNO-X MOBILITY,18682,1571,0,0,OBSERVED_FACT
3,137,N. VINOKUROV,68,XDS ASTANA TEAM,18731,1620,0,0,OBSERVED_FACT
3,138,A. KIRSCH,166,COFIDIS,18985,1874,0,0,OBSERVED_FACT
3,139,B. VEISTROFFER,157,LOTTO INTERMARCHE,19298,2187,0,0,OBSERVED_FACT
3,140,M. LOUVEL,135,NSN CYCLING TEAM,19298,2187,0,0,OBSERVED_FACT
3,141,J. ALAPHILIPPE,191,TUDOR PRO CYCLING TEAM,19298,2187,0,0,OBSERVED_FACT
3,142,T. VAN ASBROECK,138,NSN CYCLING TEAM,19298,2187,0,0,OBSERVED_FACT
3,143,A. MOLENAAR,224,CAJA RURAL-SEGUROS RGA,19298,2187,0,0,OBSERVED_FACT
3,144,J. DEGENKOLB,214,TEAM PICNIC POSTNL,19301,2190,0,0,OBSERVED_FACT
3,145,M. RICCITELLO,58,DECATHLON CMA CGM TEAM,19301,2190,0,0,OBSERVED_FACT
3,146,M. FRETIN,165,COFIDIS,19301,2190,0,0,OBSERVED_FACT
3,147,J. BIERMANS,164,COFIDIS,19301,2190,0,0,OBSERVED_FACT
3,148,P. BITTNER,213,TEAM PICNIC POSTNL,19301,2190,0,0,OBSERVED_FACT
3,149,N. MÄRKL,216,TEAM PICNIC POSTNL,19301,2190,0,0,OBSERVED_FACT
3,150,P. BAUHAUS,72,BAHRAIN VICTORIOUS,19301,2190,0,0,OBSERVED_FACT
3,151,P. ACKERMANN,112,TEAM JAYCO ALULA,19301,2190,0,0,OBSERVED_FACT
3,152,T. VAN DIJKE,27,RED BULL - BORA - HANSGROHE,19301,2190,0,0,OBSERVED_FACT
3,153,K. GRADEK,74,BAHRAIN VICTORIOUS,19301,2190,0,0,OBSERVED_FACT
3,154,T. MARSMAN,104,ALPECIN-PREMIER TECH,19301,2190,0,0,OBSERVED_FACT
3,155,B. VAN LERBERGHE,96,SOUDAL QUICK-STEP,19301,2190,0,0,OBSERVED_FACT
3,156,T. MERLIER,91,SOUDAL QUICK-STEP,19301,2190,0,0,OBSERVED_FACT
3,157,J. VAN DEN BERG,217,TEAM PICNIC POSTNL,19301,2190,0,0,OBSERVED_FACT
3,158,J. STEWART,137,NSN CYCLING TEAM,19301,2190,0,0,OBSERVED_FACT
3,159,O. KOOIJ,55,DECATHLON CMA CGM TEAM,19301,2190,0,0,OBSERVED_FACT
3,160,F. BIESTERBOS,212,TEAM PICNIC POSTNL,19301,2190,0,0,OBSERVED_FACT
3,161,F. GAVIRIA,221,CAJA RURAL-SEGUROS RGA,19301,2190,0,0,OBSERVED_FACT
3,162,C. BOL,53,DECATHLON CMA CGM TEAM,19301,2190,0,0,OBSERVED_FACT
3,163,E. AFFINI,12,TEAM VISMA | LEASE A BIKE,19301,2190,0,0,OBSERVED_FACT
3,164,P. ALLEGAERT,162,COFIDIS,19301,2190,0,0,OBSERVED_FACT
3,165,P. HAGENES,15,TEAM VISMA | LEASE A BIKE,19301,2190,0,0,OBSERVED_FACT
3,166,M. KWIATKOWSKI,86,NETCOMPANY INEOS CYCLING TEAM,19301,2190,0,0,OBSERVED_FACT
3,167,H. ARTZ,152,LOTTO INTERMARCHE,19301,2190,0,0,OBSERVED_FACT
3,168,A. JOHANNESSEN,125,UNO-X MOBILITY,19301,2190,0,0,OBSERVED_FACT
3,169,B. ARMIRAIL,13,TEAM VISMA | LEASE A BIKE,19301,2190,0,0,OBSERVED_FACT
3,170,L. ASKEY,132,NSN CYCLING TEAM,19301,2190,0,0,OBSERVED_FACT
3,171,T. FOSS,83,NETCOMPANY INEOS CYCLING TEAM,19301,2190,0,0,OBSERVED_FACT
3,172,D. GODON,85,NETCOMPANY INEOS CYCLING TEAM,19301,2190,0,0,OBSERVED_FACT
3,173,H. PAGE,167,COFIDIS,19301,2190,0,0,OBSERVED_FACT
3,174,L. SLOCK,155,LOTTO INTERMARCHE,19313,2202,0,0,OBSERVED_FACT
3,175,D. BALLERINI,62,XDS ASTANA TEAM,19371,2260,0,0,OBSERVED_FACT
3,176,F. WRIGHT,178,PINARELLO-Q36.5 PRO CYCLING TEAM,19372,2261,0,0,OBSERVED_FACT
3,177,R. DHONDT,215,TEAM PICNIC POSTNL,19398,2287,0,0,OBSERVED_FACT
3,178,J. TARLING,87,NETCOMPANY INEOS CYCLING TEAM,19401,2290,0,0,OBSERVED_FACT
3,179,F. GANNA,84,NETCOMPANY INEOS CYCLING TEAM,19401,2290,0,0,OBSERVED_FACT
3,180,M. HALLER,193,TUDOR PRO CYCLING TEAM,19403,2292,0,0,OBSERVED_FACT
3,181,K. O’BRIEN,116,TEAM JAYCO ALULA,19422,2311,0,0,OBSERVED_FACT
3,182,A. DE KLEIJN,192,TUDOR PRO CYCLING TEAM,19587,2476,0,0,OBSERVED_FACT
4,1,M. PEDERSEN,33,LIDL-TREK,15045,0,10,0,OBSERVED_FACT
4,2,Q. SIMMONS,34,LIDL-TREK,15045,0,6,0,OBSERVED_FACT
4,3,R. GARCIA,144,MOVISTAR TEAM,15045,0,4,0,OBSERVED_FACT
4,4,M. FRIGO,134,NSN CYCLING TEAM,15045,0,0,0,OBSERVED_FACT
4,5,R. DEBRUYNE,102,ALPECIN-PREMIER TECH,15045,0,0,0,OBSERVED_FACT
4,6,K. VAUQUELIN,88,NETCOMPANY INEOS CYCLING TEAM,15045,0,0,0,OBSERVED_FACT
4,7,S. QUINN,45,EF EDUCATION - EASYPOST,15045,0,0,0,OBSERVED_FACT
4,8,T. TRÆEN,127,UNO-X MOBILITY,15045,0,0,0,OBSERVED_FACT
4,9,P. CASTRILLO,142,MOVISTAR TEAM,15045,0,0,0,OBSERVED_FACT
4,10,M. VACEK,37,LIDL-TREK,15045,0,0,0,OBSERVED_FACT
4,11,M. MATTHEWS,115,TEAM JAYCO ALULA,15192,147,0,0,OBSERVED_FACT
4,12,A. DELETTRE,204,TOTALENERGIES,15192,147,0,0,OBSERVED_FACT
4,13,V. VAN MECHELEN,78,BAHRAIN VICTORIOUS,15192,147,0,0,OBSERVED_FACT
4,14,J. STUYVEN,94,SOUDAL QUICK-STEP,15192,147,0,0,OBSERVED_FACT
4,15,A. MOLENAAR,224,CAJA RURAL-SEGUROS RGA,15192,147,0,0,OBSERVED_FACT
4,16,F. VAN DEN BROEK,218,TEAM PICNIC POSTNL,15192,147,0,0,OBSERVED_FACT
4,17,G. ZIMMERMANN,158,LOTTO INTERMARCHE,15192,147,0,0,OBSERVED_FACT
4,18,Q. HERMANS,174,PINARELLO-Q36.5 PRO CYCLING TEAM,15192,147,0,0,OBSERVED_FACT
4,19,J. NICOLAU,225,CAJA RURAL-SEGUROS RGA,15192,147,0,0,OBSERVED_FACT
4,20,I. IZAGIRRE,161,COFIDIS,15192,147,0,0,OBSERVED_FACT
4,21,N. DENZ,23,RED BULL - BORA - HANSGROHE,15192,147,0,0,OBSERVED_FACT
4,22,R. GREGOIRE,181,GROUPAMA-FDJ UNITED,15192,147,0,0,OBSERVED_FACT
4,23,P. EENKHOORN,92,SOUDAL QUICK-STEP,15519,474,0,0,OBSERVED_FACT
4,24,A. KIRSCH,166,COFIDIS,15519,474,0,0,OBSERVED_FACT
4,25,B. VAN MOER,177,PINARELLO-Q36.5 PRO CYCLING TEAM,15523,478,0,0,OBSERVED_FACT
4,26,J. TRATNIK,26,RED BULL - BORA - HANSGROHE,15523,478,0,0,OBSERVED_FACT
4,27,M. VALGREN,47,EF EDUCATION - EASYPOST,15523,478,0,0,OBSERVED_FACT
4,28,E. PLANCKAERT,106,ALPECIN-PREMIER TECH,15523,478,0,0,OBSERVED_FACT
4,29,E. COSTIOU,184,GROUPAMA-FDJ UNITED,15523,478,0,0,OBSERVED_FACT
4,30,A. YATES,8,UAE TEAM EMIRATES XRG,15824,779,0,0,OBSERVED_FACT
4,31,F. GROSSSCHARTNER,3,UAE TEAM EMIRATES XRG,15824,779,0,0,OBSERVED_FACT
4,32,B. MCNULTY,4,UAE TEAM EMIRATES XRG,15824,779,0,0,OBSERVED_FACT
4,33,T. POGACAR,1,UAE TEAM EMIRATES XRG,15824,779,0,0,OBSERVED_FACT
4,34,I. DEL TORO,2,UAE TEAM EMIRATES XRG,15824,779,0,0,OBSERVED_FACT
4,35,T. SKUJINS,36,LIDL-TREK,15824,779,0,0,OBSERVED_FACT
4,36,D. GEE,32,LIDL-TREK,15824,779,0,0,OBSERVED_FACT
4,37,C. VERONA,38,LIDL-TREK,15824,779,0,0,OBSERVED_FACT
4,38,J. AYUSO,31,LIDL-TREK,15824,779,0,0,OBSERVED_FACT
4,39,M. SKJELMOSE,35,LIDL-TREK,15824,779,0,0,OBSERVED_FACT
4,40,P. HAGENES,15,TEAM VISMA | LEASE A BIKE,15824,779,0,0,OBSERVED_FACT
4,41,E. AFFINI,12,TEAM VISMA | LEASE A BIKE,15824,779,0,0,OBSERVED_FACT
4,42,M. JORGENSON,16,TEAM VISMA | LEASE A BIKE,15824,779,0,0,OBSERVED_FACT
4,43,J. VINGEGAARD,11,TEAM VISMA | LEASE A BIKE,15824,779,0,0,OBSERVED_FACT
4,44,D. PIGANZOLI,18,TEAM VISMA | LEASE A BIKE,15824,779,0,0,OBSERVED_FACT
4,45,V. CAMPENAERTS,14,TEAM VISMA | LEASE A BIKE,15824,779,0,0,OBSERVED_FACT
4,46,S. KUSS,17,TEAM VISMA | LEASE A BIKE,15824,779,0,0,OBSERVED_FACT
4,47,B. ARMIRAIL,13,TEAM VISMA | LEASE A BIKE,15824,779,0,0,OBSERVED_FACT
4,48,T. WELLENS,7,UAE TEAM EMIRATES XRG,15824,779,0,0,OBSERVED_FACT
4,49,D. HOOLE,54,DECATHLON CMA CGM TEAM,15824,779,0,0,OBSERVED_FACT
4,50,P. SEIXAS,51,DECATHLON CMA CGM TEAM,15824,779,0,0,OBSERVED_FACT
4,51,A. PARET PEINTRE,56,DECATHLON CMA CGM TEAM,15824,779,0,0,OBSERVED_FACT
4,52,T. BENOOT,52,DECATHLON CMA CGM TEAM,15824,779,0,0,OBSERVED_FACT
4,53,M. RICCITELLO,58,DECATHLON CMA CGM TEAM,15824,779,0,0,OBSERVED_FACT
4,54,N. PRODHOMME,57,DECATHLON CMA CGM TEAM,15824,779,0,0,OBSERVED_FACT
4,55,J. HINDLEY,24,RED BULL - BORA - HANSGROHE,15824,779,0,0,OBSERVED_FACT
4,56,T. VAN DIJKE,27,RED BULL - BORA - HANSGROHE,15824,779,0,0,OBSERVED_FACT
4,57,R. EVENEPOEL,21,RED BULL - BORA - HANSGROHE,15824,779,0,0,OBSERVED_FACT
4,58,M. VAN GILS,28,RED BULL - BORA - HANSGROHE,15824,779,0,0,OBSERVED_FACT
4,59,M. CATTANEO,22,RED BULL - BORA - HANSGROHE,15824,779,0,0,OBSERVED_FACT
4,60,F. LIPOWITZ,25,RED BULL - BORA - HANSGROHE,15824,779,0,0,OBSERVED_FACT
4,61,B. HEALY,44,EF EDUCATION - EASYPOST,15824,779,0,0,OBSERVED_FACT
4,62,R. CARAPAZ,41,EF EDUCATION - EASYPOST,15824,779,0,0,OBSERVED_FACT
4,63,A. BAUDIN,43,EF EDUCATION - EASYPOST,15824,779,0,0,OBSERVED_FACT
4,64,M. WALKER,48,EF EDUCATION - EASYPOST,15824,779,0,0,OBSERVED_FACT
4,65,K. ASGREEN,42,EF EDUCATION - EASYPOST,15824,779,0,0,OBSERVED_FACT
4,66,M. MOHORIC,75,BAHRAIN VICTORIOUS,15824,779,0,0,OBSERVED_FACT
4,67,D. CARUSO,73,BAHRAIN VICTORIOUS,15824,779,0,0,OBSERVED_FACT
4,68,A. TIBERI,77,BAHRAIN VICTORIOUS,15824,779,0,0,OBSERVED_FACT
4,69,L. MARTINEZ,71,BAHRAIN VICTORIOUS,15824,779,0,0,OBSERVED_FACT
4,70,T. JOHANNESSEN,121,UNO-X MOBILITY,15824,779,0,0,OBSERVED_FACT
4,71,A. SKAARSETH,126,UNO-X MOBILITY,15824,779,0,0,OBSERVED_FACT
4,72,J. ABRAHAMSEN,122,UNO-X MOBILITY,15824,779,0,0,OBSERVED_FACT
4,73,A. CHARMIG,123,UNO-X MOBILITY,15824,779,0,0,OBSERVED_FACT
4,74,M. CORT NIELSEN,124,UNO-X MOBILITY,15824,779,0,0,OBSERVED_FACT
4,75,A. JOHANNESSEN,125,UNO-X MOBILITY,15824,779,0,0,OBSERVED_FACT
4,76,X. AZPARREN IRURZUN,172,PINARELLO-Q36.5 PRO CYCLING TEAM,15824,779,0,0,OBSERVED_FACT
4,77,X. MEURISSE,176,PINARELLO-Q36.5 PRO CYCLING TEAM,15824,779,0,0,OBSERVED_FACT
4,78,F. WRIGHT,178,PINARELLO-Q36.5 PRO CYCLING TEAM,15824,779,0,0,OBSERVED_FACT
4,79,T. PIDCOCK,171,PINARELLO-Q36.5 PRO CYCLING TEAM,15824,779,0,0,OBSERVED_FACT
4,80,M. LE BERRE,206,TOTALENERGIES,15824,779,0,0,OBSERVED_FACT
4,81,C. HARPER,173,PINARELLO-Q36.5 PRO CYCLING TEAM,15824,779,0,0,OBSERVED_FACT
4,82,J. ALAPHILIPPE,191,TUDOR PRO CYCLING TEAM,15824,779,0,0,OBSERVED_FACT
4,83,Y. VOISARD,198,TUDOR PRO CYCLING TEAM,15824,779,0,0,OBSERVED_FACT
4,84,N. OLIVEIRA,146,MOVISTAR TEAM,15824,779,0,0,OBSERVED_FACT
4,85,R. PLUIMERS,195,TUDOR PRO CYCLING TEAM,15824,779,0,0,OBSERVED_FACT
4,86,C. UIJTDEBROEKS,141,MOVISTAR TEAM,15824,779,0,0,OBSERVED_FACT
4,87,J. CEPEDA,143,MOVISTAR TEAM,15824,779,0,0,OBSERVED_FACT
4,88,T. ARENSMAN,82,NETCOMPANY INEOS CYCLING TEAM,15824,779,0,0,OBSERVED_FACT
4,89,M. KWIATKOWSKI,86,NETCOMPANY INEOS CYCLING TEAM,15824,779,0,0,OBSERVED_FACT
4,90,E. BERNAL,81,NETCOMPANY INEOS CYCLING TEAM,15824,779,0,0,OBSERVED_FACT
4,91,J. JEGAT,201,TOTALENERGIES,15824,779,0,0,OBSERVED_FACT
4,92,I. VAN WILDER,97,SOUDAL QUICK-STEP,15824,779,0,0,OBSERVED_FACT
4,93,T. FOSS,83,NETCOMPANY INEOS CYCLING TEAM,15824,779,0,0,OBSERVED_FACT
4,94,L. VERVAEKE,98,SOUDAL QUICK-STEP,15824,779,0,0,OBSERVED_FACT
4,95,B. O'CONNOR,111,TEAM JAYCO ALULA,15824,779,0,0,OBSERVED_FACT
4,96,V. PARET PEINTRE,93,SOUDAL QUICK-STEP,15824,779,0,0,OBSERVED_FACT
4,97,C. RUSSO,188,GROUPAMA-FDJ UNITED,15824,779,0,0,OBSERVED_FACT
4,98,A. GATE,63,XDS ASTANA TEAM,15824,779,0,0,OBSERVED_FACT
4,99,L. GERMANI,185,GROUPAMA-FDJ UNITED,15824,779,0,0,OBSERVED_FACT
4,100,G. MARTIN GUYONNET,186,GROUPAMA-FDJ UNITED,15824,779,0,0,OBSERVED_FACT
4,101,S. HIGUITA,61,XDS ASTANA TEAM,15824,779,0,0,OBSERVED_FACT
4,102,H. TEJADA,65,XDS ASTANA TEAM,15824,779,0,0,OBSERVED_FACT
4,103,J. OTRUBA,227,CAJA RURAL-SEGUROS RGA,15824,779,0,0,OBSERVED_FACT
4,104,J. BIERMANS,164,COFIDIS,15824,779,0,0,OBSERVED_FACT
4,105,H. PAGE,167,COFIDIS,15824,779,0,0,OBSERVED_FACT
4,106,S. BERWICK,223,CAJA RURAL-SEGUROS RGA,15824,779,0,0,OBSERVED_FACT
4,107,T. VAN ASBROECK,138,NSN CYCLING TEAM,15824,779,0,0,OBSERVED_FACT
4,108,J. PARRA,228,CAJA RURAL-SEGUROS RGA,15824,779,0,0,OBSERVED_FACT
4,109,J. BERCKMOES,153,LOTTO INTERMARCHE,15824,779,0,0,OBSERVED_FACT
4,110,L. CRAPS,154,LOTTO INTERMARCHE,15824,779,0,0,OBSERVED_FACT
4,111,L. VAN EETVELT,156,LOTTO INTERMARCHE,15824,779,0,0,OBSERVED_FACT
4,112,T. GUERNALEC,205,TOTALENERGIES,15824,779,0,0,OBSERVED_FACT
4,113,N. MÄRKL,216,TEAM PICNIC POSTNL,15824,779,0,0,OBSERVED_FACT
4,114,F. BIESTERBOS,212,TEAM PICNIC POSTNL,15824,779,0,0,OBSERVED_FACT
4,115,R. STANNARD,76,BAHRAIN VICTORIOUS,15824,779,0,0,OBSERVED_FACT
4,116,J. ROMO,147,MOVISTAR TEAM,15824,779,0,0,OBSERVED_FACT
4,117,E. RUBIO,148,MOVISTAR TEAM,15824,779,0,0,OBSERVED_FACT
4,118,M. HEßMANN,145,MOVISTAR TEAM,15824,779,0,0,OBSERVED_FACT
4,119,W. BARGUIL,211,TEAM PICNIC POSTNL,15824,779,0,0,OBSERVED_FACT
4,120,Q. PACHER,187,GROUPAMA-FDJ UNITED,15824,779,0,0,OBSERVED_FACT
4,121,C. BRAZ AFONSO,183,GROUPAMA-FDJ UNITED,15824,779,0,0,OBSERVED_FACT
4,122,J. RICKAERT,107,ALPECIN-PREMIER TECH,15824,779,0,0,OBSERVED_FACT
4,123,S. DILLIER,103,ALPECIN-PREMIER TECH,15824,779,0,0,OBSERVED_FACT
4,124,T. MARSMAN,104,ALPECIN-PREMIER TECH,15824,779,0,0,OBSERVED_FACT
4,125,R. DHONDT,215,TEAM PICNIC POSTNL,15824,779,0,0,OBSERVED_FACT
4,126,A. BALDERSTONE,222,CAJA RURAL-SEGUROS RGA,15824,779,0,0,OBSERVED_FACT
4,127,F. ENGELHARDT,114,TEAM JAYCO ALULA,15824,779,0,0,OBSERVED_FACT
4,128,E. VERSTRYNGE,108,ALPECIN-PREMIER TECH,15824,779,0,0,OBSERVED_FACT
4,129,N. POLITT,5,UAE TEAM EMIRATES XRG,15824,779,0,0,OBSERVED_FACT
4,130,M. HIRSCHI,194,TUDOR PRO CYCLING TEAM,15824,779,0,0,OBSERVED_FACT
4,131,M. SCHMID,118,TEAM JAYCO ALULA,15824,779,0,0,OBSERVED_FACT
4,132,N. BREUILLARD,202,TOTALENERGIES,15824,779,0,0,OBSERVED_FACT
4,133,J. DELBOVE,203,TOTALENERGIES,15824,779,0,0,OBSERVED_FACT
4,134,M. VAN DER POEL,101,ALPECIN-PREMIER TECH,15824,779,0,0,OBSERVED_FACT
4,135,K. NEILANDS,136,NSN CYCLING TEAM,15824,779,0,0,OBSERVED_FACT
4,136,A. TURGIS,207,TOTALENERGIES,15824,779,0,0,OBSERVED_FACT
4,137,B. VEISTROFFER,157,LOTTO INTERMARCHE,15824,779,0,0,OBSERVED_FACT
4,138,G. BENNETT,133,NSN CYCLING TEAM,15824,779,0,0,OBSERVED_FACT
4,139,L. DURBRIDGE,113,TEAM JAYCO ALULA,15824,779,0,0,OBSERVED_FACT
4,140,M. VERCHER,208,TOTALENERGIES,15824,779,0,0,OBSERVED_FACT
4,141,L. PLAPP,117,TEAM JAYCO ALULA,15824,779,0,0,OBSERVED_FACT
4,142,D. HOWSON,175,PINARELLO-Q36.5 PRO CYCLING TEAM,15824,779,0,0,OBSERVED_FACT
4,143,S. VELASCO,67,XDS ASTANA TEAM,15824,779,0,0,OBSERVED_FACT
4,144,M. STORER,196,TUDOR PRO CYCLING TEAM,15824,779,0,0,OBSERVED_FACT
4,145,B. THOMAS,168,COFIDIS,15824,779,0,0,OBSERVED_FACT
4,146,G. STEINHAUSER,46,EF EDUCATION - EASYPOST,15902,857,0,0,OBSERVED_FACT
4,147,A. ARANBURU,163,COFIDIS,15909,864,0,0,OBSERVED_FACT
4,148,N. VINOKUROV,68,XDS ASTANA TEAM,15935,890,0,0,OBSERVED_FACT
4,149,P. BITTNER,213,TEAM PICNIC POSTNL,16373,1328,0,0,OBSERVED_FACT
4,150,J. VAN DEN BERG,217,TEAM PICNIC POSTNL,16373,1328,0,0,OBSERVED_FACT
4,151,J. DEGENKOLB,214,TEAM PICNIC POSTNL,16373,1328,0,0,OBSERVED_FACT
4,152,D. GODON,85,NETCOMPANY INEOS CYCLING TEAM,16373,1328,0,0,OBSERVED_FACT
4,153,M. KANTER,64,XDS ASTANA TEAM,16373,1328,0,0,OBSERVED_FACT
4,154,M. TEUNISSEN,66,XDS ASTANA TEAM,16373,1328,0,0,OBSERVED_FACT
4,155,S. OLDANI,226,CAJA RURAL-SEGUROS RGA,16373,1328,0,0,OBSERVED_FACT
4,156,M. FRETIN,165,COFIDIS,16373,1328,0,0,OBSERVED_FACT
4,157,F. VERMEERSCH,6,UAE TEAM EMIRATES XRG,16373,1328,0,0,OBSERVED_FACT
4,158,L. ASKEY,132,NSN CYCLING TEAM,16373,1328,0,0,OBSERVED_FACT
4,159,P. BAUHAUS,72,BAHRAIN VICTORIOUS,16373,1328,0,0,OBSERVED_FACT
4,160,P. ALLEGAERT,162,COFIDIS,16373,1328,0,0,OBSERVED_FACT
4,161,C. BOL,53,DECATHLON CMA CGM TEAM,16373,1328,0,0,OBSERVED_FACT
4,162,S. WAERENSKJOLD,128,UNO-X MOBILITY,16373,1328,0,0,OBSERVED_FACT
4,163,O. KOOIJ,55,DECATHLON CMA CGM TEAM,16373,1328,0,0,OBSERVED_FACT
4,164,K. GRADEK,74,BAHRAIN VICTORIOUS,16373,1328,0,0,OBSERVED_FACT
4,165,D. BALLERINI,62,XDS ASTANA TEAM,16373,1328,0,0,OBSERVED_FACT
4,166,F. GAVIRIA,221,CAJA RURAL-SEGUROS RGA,16373,1328,0,0,OBSERVED_FACT
4,167,B. GIRMAY,131,NSN CYCLING TEAM,16373,1328,0,0,OBSERVED_FACT
4,168,M. LOUVEL,135,NSN CYCLING TEAM,16373,1328,0,0,OBSERVED_FACT
4,169,J. STEWART,137,NSN CYCLING TEAM,16373,1328,0,0,OBSERVED_FACT
4,170,F. GANNA,84,NETCOMPANY INEOS CYCLING TEAM,16373,1328,0,0,OBSERVED_FACT
4,171,T. MERLIER,91,SOUDAL QUICK-STEP,16373,1328,0,0,OBSERVED_FACT
4,172,D. VAN BAARLE,95,SOUDAL QUICK-STEP,16406,1361,0,0,OBSERVED_FACT
4,173,H. ARTZ,152,LOTTO INTERMARCHE,16406,1361,0,0,OBSERVED_FACT
4,174,B. VAN LERBERGHE,96,SOUDAL QUICK-STEP,16406,1361,0,0,OBSERVED_FACT
4,175,J. PHILIPSEN,105,ALPECIN-PREMIER TECH,16406,1361,0,0,OBSERVED_FACT
4,176,P. ACKERMANN,112,TEAM JAYCO ALULA,16406,1361,0,0,OBSERVED_FACT
4,177,L. SLOCK,155,LOTTO INTERMARCHE,16406,1361,0,0,OBSERVED_FACT
4,178,J. TARLING,87,NETCOMPANY INEOS CYCLING TEAM,16454,1409,0,0,OBSERVED_FACT
4,179,M. HALLER,193,TUDOR PRO CYCLING TEAM,16558,1513,0,0,OBSERVED_FACT
4,180,M. TRENTIN,197,TUDOR PRO CYCLING TEAM,16558,1513,0,0,OBSERVED_FACT
4,181,A. DE KLEIJN,192,TUDOR PRO CYCLING TEAM,16558,1513,0,0,OBSERVED_FACT
5,1,O. KOOIJ,55,DECATHLON CMA CGM TEAM,12547,0,10,0,OBSERVED_FACT
5,2,M. KANTER,64,XDS ASTANA TEAM,12547,0,6,0,OBSERVED_FACT
5,3,T. MERLIER,91,SOUDAL QUICK-STEP,12547,0,4,0,OBSERVED_FACT
5,4,H. ARTZ,152,LOTTO INTERMARCHE,12547,0,0,0,OBSERVED_FACT
5,5,J. PHILIPSEN,105,ALPECIN-PREMIER TECH,12547,0,0,0,OBSERVED_FACT
5,6,B. GIRMAY,131,NSN CYCLING TEAM,12547,0,0,0,OBSERVED_FACT
5,7,M. PEDERSEN,33,LIDL-TREK,12547,0,0,0,OBSERVED_FACT
5,8,M. FRETIN,165,COFIDIS,12547,0,0,0,OBSERVED_FACT
5,9,A. TURGIS,207,TOTALENERGIES,12547,0,0,0,OBSERVED_FACT
5,10,S. WAERENSKJOLD,128,UNO-X MOBILITY,12547,0,0,0,OBSERVED_FACT
5,11,J. BERCKMOES,153,LOTTO INTERMARCHE,12547,0,0,0,OBSERVED_FACT
5,12,P. ACKERMANN,112,TEAM JAYCO ALULA,12547,0,0,0,OBSERVED_FACT
5,13,C. RUSSO,188,GROUPAMA-FDJ UNITED,12547,0,0,0,OBSERVED_FACT
5,14,R. PLUIMERS,195,TUDOR PRO CYCLING TEAM,12547,0,0,0,OBSERVED_FACT
5,15,D. GODON,85,NETCOMPANY INEOS CYCLING TEAM,12547,0,0,0,OBSERVED_FACT
5,16,P. BITTNER,213,TEAM PICNIC POSTNL,12547,0,0,0,OBSERVED_FACT
5,17,F. GAVIRIA,221,CAJA RURAL-SEGUROS RGA,12547,0,0,0,OBSERVED_FACT
5,18,P. BAUHAUS,72,BAHRAIN VICTORIOUS,12547,0,0,0,OBSERVED_FACT
5,19,M. TEUNISSEN,66,XDS ASTANA TEAM,12547,0,0,0,OBSERVED_FACT
5,20,A. GATE,63,XDS ASTANA TEAM,12554,7,0,0,OBSERVED_FACT
5,21,T. POGACAR,1,UAE TEAM EMIRATES XRG,12561,14,0,0,OBSERVED_FACT
5,22,R. EVENEPOEL,21,RED BULL - BORA - HANSGROHE,12561,14,0,0,OBSERVED_FACT
5,23,P. SEIXAS,51,DECATHLON CMA CGM TEAM,12561,14,0,0,OBSERVED_FACT
5,24,T. PIDCOCK,171,PINARELLO-Q36.5 PRO CYCLING TEAM,12561,14,0,0,OBSERVED_FACT
5,25,R. CARAPAZ,41,EF EDUCATION - EASYPOST,12561,14,0,0,OBSERVED_FACT
5,26,I. VAN WILDER,97,SOUDAL QUICK-STEP,12561,14,0,0,OBSERVED_FACT
5,27,M. VAN GILS,28,RED BULL - BORA - HANSGROHE,12561,14,0,0,OBSERVED_FACT
5,28,T. ARENSMAN,82,NETCOMPANY INEOS CYCLING TEAM,12561,14,0,0,OBSERVED_FACT
5,29,S. QUINN,45,EF EDUCATION - EASYPOST,12561,14,0,0,OBSERVED_FACT
5,30,T. VAN ASBROECK,138,NSN CYCLING TEAM,12561,14,0,0,OBSERVED_FACT
5,31,M. VACEK,37,LIDL-TREK,12561,14,0,0,OBSERVED_FACT
5,32,I. DEL TORO,2,UAE TEAM EMIRATES XRG,12561,14,0,0,OBSERVED_FACT
5,33,M. JORGENSON,16,TEAM VISMA | LEASE A BIKE,12561,14,0,0,OBSERVED_FACT
5,34,M. SKJELMOSE,35,LIDL-TREK,12561,14,0,0,OBSERVED_FACT
5,35,J. AYUSO,31,LIDL-TREK,12561,14,0,0,OBSERVED_FACT
5,36,R. DEBRUYNE,102,ALPECIN-PREMIER TECH,12561,14,0,0,OBSERVED_FACT
5,37,J. JEGAT,201,TOTALENERGIES,12561,14,0,0,OBSERVED_FACT
5,38,B. MCNULTY,4,UAE TEAM EMIRATES XRG,12561,14,0,0,OBSERVED_FACT
5,39,T. JOHANNESSEN,121,UNO-X MOBILITY,12561,14,0,0,OBSERVED_FACT
5,40,Y. VOISARD,198,TUDOR PRO CYCLING TEAM,12561,14,0,0,OBSERVED_FACT
5,41,A. TIBERI,77,BAHRAIN VICTORIOUS,12561,14,0,0,OBSERVED_FACT
5,42,S. HIGUITA,61,XDS ASTANA TEAM,12561,14,0,0,OBSERVED_FACT
5,43,K. VAUQUELIN,88,NETCOMPANY INEOS CYCLING TEAM,12561,14,0,0,OBSERVED_FACT
5,44,E. BERNAL,81,NETCOMPANY INEOS CYCLING TEAM,12561,14,0,0,OBSERVED_FACT
5,45,H. TEJADA,65,XDS ASTANA TEAM,12561,14,0,0,OBSERVED_FACT
5,46,J. RICKAERT,107,ALPECIN-PREMIER TECH,12561,14,0,0,OBSERVED_FACT
5,47,F. LIPOWITZ,25,RED BULL - BORA - HANSGROHE,12561,14,0,0,OBSERVED_FACT
5,48,G. MARTIN GUYONNET,186,GROUPAMA-FDJ UNITED,12561,14,0,0,OBSERVED_FACT
5,49,T. SKUJINS,36,LIDL-TREK,12561,14,0,0,OBSERVED_FACT
5,50,C. BOL,53,DECATHLON CMA CGM TEAM,12561,14,0,0,OBSERVED_FACT
5,51,H. PAGE,167,COFIDIS,12561,14,0,0,OBSERVED_FACT
5,52,D. PIGANZOLI,18,TEAM VISMA | LEASE A BIKE,12561,14,0,0,OBSERVED_FACT
5,53,J. VINGEGAARD,11,TEAM VISMA | LEASE A BIKE,12561,14,0,0,OBSERVED_FACT
5,54,T. TRÆEN,127,UNO-X MOBILITY,12561,14,0,0,OBSERVED_FACT
5,55,J. DELBOVE,203,TOTALENERGIES,12561,14,0,0,OBSERVED_FACT
5,56,R. GARCIA,144,MOVISTAR TEAM,12561,14,0,0,OBSERVED_FACT
5,57,D. BALLERINI,62,XDS ASTANA TEAM,12561,14,0,0,OBSERVED_FACT
5,58,J. VAN DEN BERG,217,TEAM PICNIC POSTNL,12561,14,0,0,OBSERVED_FACT
5,59,J. CEPEDA,143,MOVISTAR TEAM,12561,14,0,0,OBSERVED_FACT
5,60,F. BIESTERBOS,212,TEAM PICNIC POSTNL,12561,14,0,0,OBSERVED_FACT
5,61,P. ALLEGAERT,162,COFIDIS,12561,14,0,0,OBSERVED_FACT
5,62,F. GROSSSCHARTNER,3,UAE TEAM EMIRATES XRG,12561,14,0,0,OBSERVED_FACT
5,63,A. YATES,8,UAE TEAM EMIRATES XRG,12561,14,0,0,OBSERVED_FACT
5,64,L. MARTINEZ,71,BAHRAIN VICTORIOUS,12561,14,0,0,OBSERVED_FACT
5,65,G. ZIMMERMANN,158,LOTTO INTERMARCHE,12561,14,0,0,OBSERVED_FACT
5,66,L. ASKEY,132,NSN CYCLING TEAM,12561,14,0,0,OBSERVED_FACT
5,67,L. GERMANI,185,GROUPAMA-FDJ UNITED,12561,14,0,0,OBSERVED_FACT
5,68,I. IZAGIRRE,161,COFIDIS,12561,14,0,0,OBSERVED_FACT
5,69,B. ARMIRAIL,13,TEAM VISMA | LEASE A BIKE,12561,14,0,0,OBSERVED_FACT
5,70,E. RUBIO,148,MOVISTAR TEAM,12561,14,0,0,OBSERVED_FACT
5,71,J. PARRA,228,CAJA RURAL-SEGUROS RGA,12561,14,0,0,OBSERVED_FACT
5,72,C. UIJTDEBROEKS,141,MOVISTAR TEAM,12561,14,0,0,OBSERVED_FACT
5,73,D. HOOLE,54,DECATHLON CMA CGM TEAM,12561,14,0,0,OBSERVED_FACT
5,74,T. FOSS,83,NETCOMPANY INEOS CYCLING TEAM,12561,14,0,0,OBSERVED_FACT
5,75,M. LE BERRE,206,TOTALENERGIES,12561,14,0,0,OBSERVED_FACT
5,76,N. POLITT,5,UAE TEAM EMIRATES XRG,12561,14,0,0,OBSERVED_FACT
5,77,M. CATTANEO,22,RED BULL - BORA - HANSGROHE,12561,14,0,0,OBSERVED_FACT
5,78,B. O'CONNOR,111,TEAM JAYCO ALULA,12561,14,0,0,OBSERVED_FACT
5,79,T. MARSMAN,104,ALPECIN-PREMIER TECH,12561,14,0,0,OBSERVED_FACT
5,80,E. PLANCKAERT,106,ALPECIN-PREMIER TECH,12587,40,0,0,OBSERVED_FACT
5,81,J. STEWART,137,NSN CYCLING TEAM,12594,47,0,0,OBSERVED_FACT
5,82,J. ABRAHAMSEN,122,UNO-X MOBILITY,12594,47,0,0,OBSERVED_FACT
5,83,X. AZPARREN IRURZUN,172,PINARELLO-Q36.5 PRO CYCLING TEAM,12594,47,0,0,OBSERVED_FACT
5,84,K. NEILANDS,136,NSN CYCLING TEAM,12594,47,0,0,OBSERVED_FACT
5,85,Q. SIMMONS,34,LIDL-TREK,12594,47,0,0,OBSERVED_FACT
5,86,X. MEURISSE,176,PINARELLO-Q36.5 PRO CYCLING TEAM,12594,47,0,0,OBSERVED_FACT
5,87,N. DENZ,23,RED BULL - BORA - HANSGROHE,12594,47,0,0,OBSERVED_FACT
5,88,S. KUSS,17,TEAM VISMA | LEASE A BIKE,12594,47,0,0,OBSERVED_FACT
5,89,D. GEE,32,LIDL-TREK,12594,47,0,0,OBSERVED_FACT
5,90,N. VINOKUROV,68,XDS ASTANA TEAM,12594,47,0,0,OBSERVED_FACT
5,91,T. WELLENS,7,UAE TEAM EMIRATES XRG,12594,47,0,0,OBSERVED_FACT
5,92,T. VAN DIJKE,27,RED BULL - BORA - HANSGROHE,12594,47,0,0,OBSERVED_FACT
5,93,L. CRAPS,154,LOTTO INTERMARCHE,12594,47,0,0,OBSERVED_FACT
5,94,B. VAN MOER,177,PINARELLO-Q36.5 PRO CYCLING TEAM,12594,47,0,0,OBSERVED_FACT
5,95,L. VAN EETVELT,156,LOTTO INTERMARCHE,12594,47,0,0,OBSERVED_FACT
5,96,Q. HERMANS,174,PINARELLO-Q36.5 PRO CYCLING TEAM,12594,47,0,0,OBSERVED_FACT
5,97,C. VERONA,38,LIDL-TREK,12594,47,0,0,OBSERVED_FACT
5,98,N. PRODHOMME,57,DECATHLON CMA CGM TEAM,12594,47,0,0,OBSERVED_FACT
5,99,N. OLIVEIRA,146,MOVISTAR TEAM,12594,47,0,0,OBSERVED_FACT
5,100,M. CORT NIELSEN,124,UNO-X MOBILITY,12594,47,0,0,OBSERVED_FACT
5,101,J. DEGENKOLB,214,TEAM PICNIC POSTNL,12594,47,0,0,OBSERVED_FACT
5,102,G. BENNETT,133,NSN CYCLING TEAM,12594,47,0,0,OBSERVED_FACT
5,103,A. SKAARSETH,126,UNO-X MOBILITY,12594,47,0,0,OBSERVED_FACT
5,104,J. ALAPHILIPPE,191,TUDOR PRO CYCLING TEAM,12594,47,0,0,OBSERVED_FACT
5,105,R. STANNARD,76,BAHRAIN VICTORIOUS,12611,64,0,0,OBSERVED_FACT
5,106,M. KWIATKOWSKI,86,NETCOMPANY INEOS CYCLING TEAM,12611,64,0,0,OBSERVED_FACT
5,107,J. ROMO,147,MOVISTAR TEAM,12618,71,0,0,OBSERVED_FACT
5,108,M. MOHORIC,75,BAHRAIN VICTORIOUS,12626,79,0,0,OBSERVED_FACT
5,109,F. GANNA,84,NETCOMPANY INEOS CYCLING TEAM,12626,79,0,0,OBSERVED_FACT
5,110,F. VERMEERSCH,6,UAE TEAM EMIRATES XRG,12626,79,0,0,OBSERVED_FACT
5,111,E. AFFINI,12,TEAM VISMA | LEASE A BIKE,12626,79,0,0,OBSERVED_FACT
5,112,B. VEISTROFFER,157,LOTTO INTERMARCHE,12626,79,0,0,OBSERVED_FACT
5,113,P. CASTRILLO,142,MOVISTAR TEAM,12643,96,0,0,OBSERVED_FACT
5,114,F. ENGELHARDT,114,TEAM JAYCO ALULA,12643,96,0,0,OBSERVED_FACT
5,115,A. DELETTRE,204,TOTALENERGIES,12643,96,0,0,OBSERVED_FACT
5,116,N. MÄRKL,216,TEAM PICNIC POSTNL,12652,105,0,0,OBSERVED_FACT
5,117,R. GREGOIRE,181,GROUPAMA-FDJ UNITED,12652,105,0,0,OBSERVED_FACT
5,118,C. BRAZ AFONSO,183,GROUPAMA-FDJ UNITED,12652,105,0,0,OBSERVED_FACT
5,119,M. SCHMID,118,TEAM JAYCO ALULA,12668,121,0,0,OBSERVED_FACT
5,120,J. HINDLEY,24,RED BULL - BORA - HANSGROHE,12668,121,0,0,OBSERVED_FACT
5,121,P. HAGENES,15,TEAM VISMA | LEASE A BIKE,12672,125,0,0,OBSERVED_FACT
5,122,M. HALLER,193,TUDOR PRO CYCLING TEAM,12672,125,0,0,OBSERVED_FACT
5,123,M. TRENTIN,197,TUDOR PRO CYCLING TEAM,12672,125,0,0,OBSERVED_FACT
5,124,T. GUERNALEC,205,TOTALENERGIES,12678,131,0,0,OBSERVED_FACT
5,125,L. SLOCK,155,LOTTO INTERMARCHE,12678,131,0,0,OBSERVED_FACT
5,126,W. BARGUIL,211,TEAM PICNIC POSTNL,12678,131,0,0,OBSERVED_FACT
5,127,Q. PACHER,187,GROUPAMA-FDJ UNITED,12678,131,0,0,OBSERVED_FACT
5,128,M. VAN DER POEL,101,ALPECIN-PREMIER TECH,12678,131,0,0,OBSERVED_FACT
5,129,A. BALDERSTONE,222,CAJA RURAL-SEGUROS RGA,12678,131,0,0,OBSERVED_FACT
5,130,K. ASGREEN,42,EF EDUCATION - EASYPOST,12678,131,0,0,OBSERVED_FACT
5,131,F. VAN DEN BROEK,218,TEAM PICNIC POSTNL,12678,131,0,0,OBSERVED_FACT
5,132,R. DHONDT,215,TEAM PICNIC POSTNL,12678,131,0,0,OBSERVED_FACT
5,133,A. KIRSCH,166,COFIDIS,12678,131,0,0,OBSERVED_FACT
5,134,B. HEALY,44,EF EDUCATION - EASYPOST,12678,131,0,0,OBSERVED_FACT
5,135,V. VAN MECHELEN,78,BAHRAIN VICTORIOUS,12690,143,0,0,OBSERVED_FACT
5,136,M. RICCITELLO,58,DECATHLON CMA CGM TEAM,12702,155,0,0,OBSERVED_FACT
5,137,T. BENOOT,52,DECATHLON CMA CGM TEAM,12702,155,0,0,OBSERVED_FACT
5,138,M. VERCHER,208,TOTALENERGIES,12702,155,0,0,OBSERVED_FACT
5,139,A. JOHANNESSEN,125,UNO-X MOBILITY,12702,155,0,0,OBSERVED_FACT
5,140,A. CHARMIG,123,UNO-X MOBILITY,12702,155,0,0,OBSERVED_FACT
5,141,A. BAUDIN,43,EF EDUCATION - EASYPOST,12702,155,0,0,OBSERVED_FACT
5,142,V. PARET PEINTRE,93,SOUDAL QUICK-STEP,12702,155,0,0,OBSERVED_FACT
5,143,J. BIERMANS,164,COFIDIS,12702,155,0,0,OBSERVED_FACT
5,144,A. ARANBURU,163,COFIDIS,12702,155,0,0,OBSERVED_FACT
5,145,B. THOMAS,168,COFIDIS,12728,181,0,0,OBSERVED_FACT
5,146,S. DILLIER,103,ALPECIN-PREMIER TECH,12747,200,0,0,OBSERVED_FACT
5,147,F. WRIGHT,178,PINARELLO-Q36.5 PRO CYCLING TEAM,12747,200,0,0,OBSERVED_FACT
5,148,K. GRADEK,74,BAHRAIN VICTORIOUS,12747,200,0,0,OBSERVED_FACT
5,149,E. COSTIOU,184,GROUPAMA-FDJ UNITED,12747,200,0,0,OBSERVED_FACT
5,150,P. EENKHOORN,92,SOUDAL QUICK-STEP,12747,200,0,0,OBSERVED_FACT
5,151,M. VALGREN,47,EF EDUCATION - EASYPOST,12747,200,0,0,OBSERVED_FACT
5,152,L. DURBRIDGE,113,TEAM JAYCO ALULA,12747,200,0,0,OBSERVED_FACT
5,153,M. WALKER,48,EF EDUCATION - EASYPOST,12747,200,0,0,OBSERVED_FACT
5,154,D. HOWSON,175,PINARELLO-Q36.5 PRO CYCLING TEAM,12747,200,0,0,OBSERVED_FACT
5,155,D. CARUSO,73,BAHRAIN VICTORIOUS,12747,200,0,0,OBSERVED_FACT
5,156,M. FRIGO,134,NSN CYCLING TEAM,12747,200,0,0,OBSERVED_FACT
5,157,M. HIRSCHI,194,TUDOR PRO CYCLING TEAM,12747,200,0,0,OBSERVED_FACT
5,158,S. VELASCO,67,XDS ASTANA TEAM,12747,200,0,0,OBSERVED_FACT
5,159,J. TRATNIK,26,RED BULL - BORA - HANSGROHE,12747,200,0,0,OBSERVED_FACT
5,160,L. PLAPP,117,TEAM JAYCO ALULA,12747,200,0,0,OBSERVED_FACT
5,161,C. HARPER,173,PINARELLO-Q36.5 PRO CYCLING TEAM,12747,200,0,0,OBSERVED_FACT
5,162,M. HEßMANN,145,MOVISTAR TEAM,12747,200,0,0,OBSERVED_FACT
5,163,M. STORER,196,TUDOR PRO CYCLING TEAM,12747,200,0,0,OBSERVED_FACT
5,164,E. VERSTRYNGE,108,ALPECIN-PREMIER TECH,12747,200,0,0,OBSERVED_FACT
5,165,N. BREUILLARD,202,TOTALENERGIES,12747,200,0,0,OBSERVED_FACT
5,166,G. STEINHAUSER,46,EF EDUCATION - EASYPOST,12747,200,0,0,OBSERVED_FACT
5,167,J. TARLING,87,NETCOMPANY INEOS CYCLING TEAM,12756,209,0,0,OBSERVED_FACT
5,168,S. BERWICK,223,CAJA RURAL-SEGUROS RGA,12817,270,0,0,OBSERVED_FACT
5,169,J. NICOLAU,225,CAJA RURAL-SEGUROS RGA,12817,270,0,0,OBSERVED_FACT
5,170,V. CAMPENAERTS,14,TEAM VISMA | LEASE A BIKE,12837,290,0,0,OBSERVED_FACT
5,171,S. OLDANI,226,CAJA RURAL-SEGUROS RGA,12844,297,0,0,OBSERVED_FACT
5,172,J. OTRUBA,227,CAJA RURAL-SEGUROS RGA,12844,297,0,0,OBSERVED_FACT
5,173,L. VERVAEKE,98,SOUDAL QUICK-STEP,12877,330,0,0,OBSERVED_FACT
5,174,J. STUYVEN,94,SOUDAL QUICK-STEP,12877,330,0,0,OBSERVED_FACT
5,175,D. VAN BAARLE,95,SOUDAL QUICK-STEP,12877,330,0,0,OBSERVED_FACT
5,176,B. VAN LERBERGHE,96,SOUDAL QUICK-STEP,12877,330,0,0,OBSERVED_FACT
5,177,A. PARET PEINTRE,56,DECATHLON CMA CGM TEAM,12885,338,0,0,OBSERVED_FACT
5,178,M. LOUVEL,135,NSN CYCLING TEAM,12945,398,0,0,OBSERVED_FACT
5,179,M. MATTHEWS,115,TEAM JAYCO ALULA,12959,412,0,0,OBSERVED_FACT
5,180,A. MOLENAAR,224,CAJA RURAL-SEGUROS RGA,12967,420,0,0,OBSERVED_FACT
5,181,A. DE KLEIJN,192,TUDOR PRO CYCLING TEAM,13208,661,0,0,OBSERVED_FACT
6,1,T. POGACAR,1,UAE TEAM EMIRATES XRG,16327,0,10,0,OBSERVED_FACT
6,2,J. VINGEGAARD,11,TEAM VISMA | LEASE A BIKE,16485,158,6,0,OBSERVED_FACT
6,3,I. DEL TORO,2,UAE TEAM EMIRATES XRG,16504,177,4,0,OBSERVED_FACT
6,4,R. EVENEPOEL,21,RED BULL - BORA - HANSGROHE,16504,177,0,0,OBSERVED_FACT
6,5,P. SEIXAS,51,DECATHLON CMA CGM TEAM,16504,177,0,0,OBSERVED_FACT
6,6,F. LIPOWITZ,25,RED BULL - BORA - HANSGROHE,16504,177,0,0,OBSERVED_FACT
6,7,J. AYUSO,31,LIDL-TREK,16504,177,0,0,OBSERVED_FACT
6,8,M. SKJELMOSE,35,LIDL-TREK,16504,177,0,0,OBSERVED_FACT
6,9,L. MARTINEZ,71,BAHRAIN VICTORIOUS,16509,182,0,0,OBSERVED_FACT
6,10,S. KUSS,17,TEAM VISMA | LEASE A BIKE,16513,186,0,0,OBSERVED_FACT
6,11,E. BERNAL,81,NETCOMPANY INEOS CYCLING TEAM,16614,287,0,0,OBSERVED_FACT
6,12,J. JEGAT,201,TOTALENERGIES,16825,498,0,0,OBSERVED_FACT
6,13,H. TEJADA,65,XDS ASTANA TEAM,16825,498,0,0,OBSERVED_FACT
6,14,I. VAN WILDER,97,SOUDAL QUICK-STEP,16825,498,0,0,OBSERVED_FACT
6,15,T. PIDCOCK,171,PINARELLO-Q36.5 PRO CYCLING TEAM,16825,498,0,0,OBSERVED_FACT
6,16,Y. VOISARD,198,TUDOR PRO CYCLING TEAM,16828,501,0,0,OBSERVED_FACT
6,17,A. YATES,8,UAE TEAM EMIRATES XRG,16828,501,0,0,OBSERVED_FACT
6,18,T. JOHANNESSEN,121,UNO-X MOBILITY,16828,501,0,0,OBSERVED_FACT
6,19,L. VAN EETVELT,156,LOTTO INTERMARCHE,16828,501,0,0,OBSERVED_FACT
6,20,B. MCNULTY,4,UAE TEAM EMIRATES XRG,16828,501,0,0,OBSERVED_FACT
6,21,D. PIGANZOLI,18,TEAM VISMA | LEASE A BIKE,16828,501,0,0,OBSERVED_FACT
6,22,P. CASTRILLO,142,MOVISTAR TEAM,16830,503,0,0,OBSERVED_FACT
6,23,R. CARAPAZ,41,EF EDUCATION - EASYPOST,16858,531,0,0,OBSERVED_FACT
6,24,C. HARPER,173,PINARELLO-Q36.5 PRO CYCLING TEAM,16900,573,0,0,OBSERVED_FACT
6,25,M. VACEK,37,LIDL-TREK,16990,663,0,0,OBSERVED_FACT
6,26,R. DEBRUYNE,102,ALPECIN-PREMIER TECH,16990,663,0,0,OBSERVED_FACT
6,27,C. VERONA,38,LIDL-TREK,17273,946,0,0,OBSERVED_FACT
6,28,T. BENOOT,52,DECATHLON CMA CGM TEAM,17337,1010,0,0,OBSERVED_FACT
6,29,T. ARENSMAN,82,NETCOMPANY INEOS CYCLING TEAM,17337,1010,0,0,OBSERVED_FACT
6,30,N. PRODHOMME,57,DECATHLON CMA CGM TEAM,17337,1010,0,0,OBSERVED_FACT
6,31,S. QUINN,45,EF EDUCATION - EASYPOST,17337,1010,0,0,OBSERVED_FACT
6,32,J. HINDLEY,24,RED BULL - BORA - HANSGROHE,17445,1118,0,0,OBSERVED_FACT
6,33,A. TIBERI,77,BAHRAIN VICTORIOUS,17503,1176,0,0,OBSERVED_FACT
6,34,G. MARTIN GUYONNET,186,GROUPAMA-FDJ UNITED,17584,1257,0,0,OBSERVED_FACT
6,35,S. HIGUITA,61,XDS ASTANA TEAM,17586,1259,0,0,OBSERVED_FACT
6,36,M. JORGENSON,16,TEAM VISMA | LEASE A BIKE,17586,1259,0,0,OBSERVED_FACT
6,37,B. O'CONNOR,111,TEAM JAYCO ALULA,17648,1321,0,0,OBSERVED_FACT
6,38,F. GROSSSCHARTNER,3,UAE TEAM EMIRATES XRG,17648,1321,0,0,OBSERVED_FACT
6,39,Q. HERMANS,174,PINARELLO-Q36.5 PRO CYCLING TEAM,17887,1560,0,0,OBSERVED_FACT
6,40,T. FOSS,83,NETCOMPANY INEOS CYCLING TEAM,17887,1560,0,0,OBSERVED_FACT
6,41,M. HIRSCHI,194,TUDOR PRO CYCLING TEAM,17887,1560,0,0,OBSERVED_FACT
6,42,M. RICCITELLO,58,DECATHLON CMA CGM TEAM,17887,1560,0,0,OBSERVED_FACT
6,43,J. PARRA,228,CAJA RURAL-SEGUROS RGA,17887,1560,0,0,OBSERVED_FACT
6,44,M. VALGREN,47,EF EDUCATION - EASYPOST,17887,1560,0,0,OBSERVED_FACT
6,45,M. VAN GILS,28,RED BULL - BORA - HANSGROHE,17887,1560,0,0,OBSERVED_FACT
6,46,D. CARUSO,73,BAHRAIN VICTORIOUS,18058,1731,0,0,OBSERVED_FACT
6,47,M. CATTANEO,22,RED BULL - BORA - HANSGROHE,18058,1731,0,0,OBSERVED_FACT
6,48,I. IZAGIRRE,161,COFIDIS,18058,1731,0,0,OBSERVED_FACT
6,49,T. WELLENS,7,UAE TEAM EMIRATES XRG,18058,1731,0,0,OBSERVED_FACT
6,50,A. JOHANNESSEN,125,UNO-X MOBILITY,18122,1795,0,0,OBSERVED_FACT
6,51,T. TRÆEN,127,UNO-X MOBILITY,18122,1795,0,0,OBSERVED_FACT
6,52,J. DELBOVE,203,TOTALENERGIES,18174,1847,0,0,OBSERVED_FACT
6,53,V. PARET PEINTRE,93,SOUDAL QUICK-STEP,18174,1847,0,0,OBSERVED_FACT
6,54,J. CEPEDA,143,MOVISTAR TEAM,18174,1847,0,0,OBSERVED_FACT
6,55,A. BALDERSTONE,222,CAJA RURAL-SEGUROS RGA,18174,1847,0,0,OBSERVED_FACT
6,56,E. RUBIO,148,MOVISTAR TEAM,18174,1847,0,0,OBSERVED_FACT
6,57,N. POLITT,5,UAE TEAM EMIRATES XRG,18212,1885,0,0,OBSERVED_FACT
6,58,S. BERWICK,223,CAJA RURAL-SEGUROS RGA,18212,1885,0,0,OBSERVED_FACT
6,59,D. GEE,32,LIDL-TREK,18212,1885,0,0,OBSERVED_FACT
6,60,M. STORER,196,TUDOR PRO CYCLING TEAM,18212,1885,0,0,OBSERVED_FACT
6,61,Q. SIMMONS,34,LIDL-TREK,18212,1885,0,0,OBSERVED_FACT
6,62,X. MEURISSE,176,PINARELLO-Q36.5 PRO CYCLING TEAM,18212,1885,0,0,OBSERVED_FACT
6,63,J. ROMO,147,MOVISTAR TEAM,18212,1885,0,0,OBSERVED_FACT
6,64,K. VAUQUELIN,88,NETCOMPANY INEOS CYCLING TEAM,18212,1885,0,0,OBSERVED_FACT
6,65,R. GARCIA,144,MOVISTAR TEAM,18212,1885,0,0,OBSERVED_FACT
6,66,T. SKUJINS,36,LIDL-TREK,18212,1885,0,0,OBSERVED_FACT
6,67,A. SKAARSETH,126,UNO-X MOBILITY,18212,1885,0,0,OBSERVED_FACT
6,68,A. BAUDIN,43,EF EDUCATION - EASYPOST,18212,1885,0,0,OBSERVED_FACT
6,69,V. CAMPENAERTS,14,TEAM VISMA | LEASE A BIKE,18420,2093,0,0,OBSERVED_FACT
6,70,L. CRAPS,154,LOTTO INTERMARCHE,18420,2093,0,0,OBSERVED_FACT
6,71,C. RUSSO,188,GROUPAMA-FDJ UNITED,18420,2093,0,0,OBSERVED_FACT
6,72,A. DELETTRE,204,TOTALENERGIES,18420,2093,0,0,OBSERVED_FACT
6,73,M. LE BERRE,206,TOTALENERGIES,18420,2093,0,0,OBSERVED_FACT
6,74,F. ENGELHARDT,114,TEAM JAYCO ALULA,18605,2278,0,0,OBSERVED_FACT
6,75,D. HOWSON,175,PINARELLO-Q36.5 PRO CYCLING TEAM,18605,2278,0,0,OBSERVED_FACT
6,76,K. ASGREEN,42,EF EDUCATION - EASYPOST,18632,2305,0,0,OBSERVED_FACT
6,77,A. PARET PEINTRE,56,DECATHLON CMA CGM TEAM,18632,2305,0,0,OBSERVED_FACT
6,78,J. ALAPHILIPPE,191,TUDOR PRO CYCLING TEAM,18632,2305,0,0,OBSERVED_FACT
6,79,A. KIRSCH,166,COFIDIS,18632,2305,0,0,OBSERVED_FACT
6,80,N. VINOKUROV,68,XDS ASTANA TEAM,18632,2305,0,0,OBSERVED_FACT
6,81,B. ARMIRAIL,13,TEAM VISMA | LEASE A BIKE,18632,2305,0,0,OBSERVED_FACT
6,82,N. OLIVEIRA,146,MOVISTAR TEAM,18632,2305,0,0,OBSERVED_FACT
6,83,M. VERCHER,208,TOTALENERGIES,18632,2305,0,0,OBSERVED_FACT
6,84,D. VAN BAARLE,95,SOUDAL QUICK-STEP,18632,2305,0,0,OBSERVED_FACT
6,85,L. VERVAEKE,98,SOUDAL QUICK-STEP,18632,2305,0,0,OBSERVED_FACT
6,86,B. VAN MOER,177,PINARELLO-Q36.5 PRO CYCLING TEAM,18855,2528,0,0,OBSERVED_FACT
6,87,J. STUYVEN,94,SOUDAL QUICK-STEP,18855,2528,0,0,OBSERVED_FACT
6,88,L. SLOCK,155,LOTTO INTERMARCHE,18855,2528,0,0,OBSERVED_FACT
6,89,H. ARTZ,152,LOTTO INTERMARCHE,18855,2528,0,0,OBSERVED_FACT
6,90,T. GUERNALEC,205,TOTALENERGIES,18855,2528,0,0,OBSERVED_FACT
6,91,W. BARGUIL,211,TEAM PICNIC POSTNL,18855,2528,0,0,OBSERVED_FACT
6,92,J. BERCKMOES,153,LOTTO INTERMARCHE,18855,2528,0,0,OBSERVED_FACT
6,93,F. WRIGHT,178,PINARELLO-Q36.5 PRO CYCLING TEAM,18855,2528,0,0,OBSERVED_FACT
6,94,Q. PACHER,187,GROUPAMA-FDJ UNITED,18855,2528,0,0,OBSERVED_FACT
6,95,B. VEISTROFFER,157,LOTTO INTERMARCHE,18855,2528,0,0,OBSERVED_FACT
6,96,J. ABRAHAMSEN,122,UNO-X MOBILITY,18855,2528,0,0,OBSERVED_FACT
6,97,D. GODON,85,NETCOMPANY INEOS CYCLING TEAM,18855,2528,0,0,OBSERVED_FACT
6,98,A. CHARMIG,123,UNO-X MOBILITY,18855,2528,0,0,OBSERVED_FACT
6,99,V. VAN MECHELEN,78,BAHRAIN VICTORIOUS,18855,2528,0,0,OBSERVED_FACT
6,100,R. STANNARD,76,BAHRAIN VICTORIOUS,18855,2528,0,0,OBSERVED_FACT
6,101,M. TRENTIN,197,TUDOR PRO CYCLING TEAM,18855,2528,0,0,OBSERVED_FACT
6,102,M. MOHORIC,75,BAHRAIN VICTORIOUS,18855,2528,0,0,OBSERVED_FACT
6,103,N. DENZ,23,RED BULL - BORA - HANSGROHE,18855,2528,0,0,OBSERVED_FACT
6,104,L. GERMANI,185,GROUPAMA-FDJ UNITED,18855,2528,0,0,OBSERVED_FACT
6,105,M. VAN DER POEL,101,ALPECIN-PREMIER TECH,18855,2528,0,0,OBSERVED_FACT
6,106,J. TRATNIK,26,RED BULL - BORA - HANSGROHE,18855,2528,0,0,OBSERVED_FACT
6,107,R. PLUIMERS,195,TUDOR PRO CYCLING TEAM,18855,2528,0,0,OBSERVED_FACT
6,108,T. VAN DIJKE,27,RED BULL - BORA - HANSGROHE,18855,2528,0,0,OBSERVED_FACT
6,109,J. RICKAERT,107,ALPECIN-PREMIER TECH,18855,2528,0,0,OBSERVED_FACT
6,110,S. WAERENSKJOLD,128,UNO-X MOBILITY,18855,2528,0,0,OBSERVED_FACT
6,111,P. HAGENES,15,TEAM VISMA | LEASE A BIKE,18855,2528,0,0,OBSERVED_FACT
6,112,P. BITTNER,213,TEAM PICNIC POSTNL,18855,2528,0,0,OBSERVED_FACT
6,113,F. VERMEERSCH,6,UAE TEAM EMIRATES XRG,18855,2528,0,0,OBSERVED_FACT
6,114,M. FRETIN,165,COFIDIS,18855,2528,0,0,OBSERVED_FACT
6,115,M. FRIGO,134,NSN CYCLING TEAM,18855,2528,0,0,OBSERVED_FACT
6,116,A. ARANBURU,163,COFIDIS,18855,2528,0,0,OBSERVED_FACT
6,117,F. VAN DEN BROEK,218,TEAM PICNIC POSTNL,18855,2528,0,0,OBSERVED_FACT
6,118,M. TEUNISSEN,66,XDS ASTANA TEAM,18855,2528,0,0,OBSERVED_FACT
6,119,J. BIERMANS,164,COFIDIS,18855,2528,0,0,OBSERVED_FACT
6,120,S. VELASCO,67,XDS ASTANA TEAM,18855,2528,0,0,OBSERVED_FACT
6,121,T. VAN ASBROECK,138,NSN CYCLING TEAM,18855,2528,0,0,OBSERVED_FACT
6,122,J. NICOLAU,225,CAJA RURAL-SEGUROS RGA,18855,2528,0,0,OBSERVED_FACT
6,123,S. OLDANI,226,CAJA RURAL-SEGUROS RGA,18855,2528,0,0,OBSERVED_FACT
6,124,X. AZPARREN IRURZUN,172,PINARELLO-Q36.5 PRO CYCLING TEAM,18855,2528,0,0,OBSERVED_FACT
6,125,M. MATTHEWS,115,TEAM JAYCO ALULA,18855,2528,0,0,OBSERVED_FACT
6,126,G. BENNETT,133,NSN CYCLING TEAM,18855,2528,0,0,OBSERVED_FACT
6,127,L. DURBRIDGE,113,TEAM JAYCO ALULA,18855,2528,0,0,OBSERVED_FACT
6,128,F. GANNA,84,NETCOMPANY INEOS CYCLING TEAM,18855,2528,0,0,OBSERVED_FACT
6,129,P. ACKERMANN,112,TEAM JAYCO ALULA,18855,2528,0,0,OBSERVED_FACT
6,130,K. NEILANDS,136,NSN CYCLING TEAM,18855,2528,0,0,OBSERVED_FACT
6,131,M. HALLER,193,TUDOR PRO CYCLING TEAM,18855,2528,0,0,OBSERVED_FACT
6,132,J. DEGENKOLB,214,TEAM PICNIC POSTNL,18855,2528,0,0,OBSERVED_FACT
6,133,F. BIESTERBOS,212,TEAM PICNIC POSTNL,18855,2528,0,0,OBSERVED_FACT
6,134,J. TARLING,87,NETCOMPANY INEOS CYCLING TEAM,18855,2528,0,0,OBSERVED_FACT
6,135,A. TURGIS,207,TOTALENERGIES,18855,2528,0,0,OBSERVED_FACT
6,136,J. STEWART,137,NSN CYCLING TEAM,18855,2528,0,0,OBSERVED_FACT
6,137,N. BREUILLARD,202,TOTALENERGIES,18855,2528,0,0,OBSERVED_FACT
6,138,M. CORT NIELSEN,124,UNO-X MOBILITY,18855,2528,0,0,OBSERVED_FACT
6,139,J. VAN DEN BERG,217,TEAM PICNIC POSTNL,18855,2528,0,0,OBSERVED_FACT
6,140,E. VERSTRYNGE,108,ALPECIN-PREMIER TECH,18855,2528,0,0,OBSERVED_FACT
6,141,E. AFFINI,12,TEAM VISMA | LEASE A BIKE,18855,2528,0,0,OBSERVED_FACT
6,142,G. STEINHAUSER,46,EF EDUCATION - EASYPOST,18855,2528,0,0,OBSERVED_FACT
6,143,M. WALKER,48,EF EDUCATION - EASYPOST,18855,2528,0,0,OBSERVED_FACT
6,144,B. HEALY,44,EF EDUCATION - EASYPOST,18855,2528,0,0,OBSERVED_FACT
6,145,A. GATE,63,XDS ASTANA TEAM,18855,2528,0,0,OBSERVED_FACT
6,146,M. KANTER,64,XDS ASTANA TEAM,18855,2528,0,0,OBSERVED_FACT
6,147,M. KWIATKOWSKI,86,NETCOMPANY INEOS CYCLING TEAM,18855,2528,0,0,OBSERVED_FACT
6,148,M. SCHMID,118,TEAM JAYCO ALULA,18855,2528,0,0,OBSERVED_FACT
6,149,L. PLAPP,117,TEAM JAYCO ALULA,18855,2528,0,0,OBSERVED_FACT
6,150,G. ZIMMERMANN,158,LOTTO INTERMARCHE,18855,2528,0,0,OBSERVED_FACT
6,151,K. GRADEK,74,BAHRAIN VICTORIOUS,18855,2528,0,0,OBSERVED_FACT
6,152,R. DHONDT,215,TEAM PICNIC POSTNL,18855,2528,0,0,OBSERVED_FACT
6,153,C. BRAZ AFONSO,183,GROUPAMA-FDJ UNITED,18855,2528,0,0,OBSERVED_FACT
6,154,M. HEßMANN,145,MOVISTAR TEAM,18855,2528,0,0,OBSERVED_FACT
6,155,M. LOUVEL,135,NSN CYCLING TEAM,18855,2528,0,0,OBSERVED_FACT
6,156,H. PAGE,167,COFIDIS,18855,2528,0,0,OBSERVED_FACT
6,157,R. GREGOIRE,181,GROUPAMA-FDJ UNITED,18855,2528,0,0,OBSERVED_FACT
6,158,E. COSTIOU,184,GROUPAMA-FDJ UNITED,18855,2528,0,0,OBSERVED_FACT
6,159,D. BALLERINI,62,XDS ASTANA TEAM,18855,2528,0,0,OBSERVED_FACT
6,160,B. GIRMAY,131,NSN CYCLING TEAM,18855,2528,0,0,OBSERVED_FACT
6,161,E. PLANCKAERT,106,ALPECIN-PREMIER TECH,18855,2528,0,0,OBSERVED_FACT
6,162,B. THOMAS,168,COFIDIS,18908,2581,0,0,OBSERVED_FACT
6,163,O. KOOIJ,55,DECATHLON CMA CGM TEAM,18935,2608,0,0,OBSERVED_FACT
6,164,C. BOL,53,DECATHLON CMA CGM TEAM,18935,2608,0,0,OBSERVED_FACT
6,165,D. HOOLE,54,DECATHLON CMA CGM TEAM,18935,2608,0,0,OBSERVED_FACT
6,166,P. EENKHOORN,92,SOUDAL QUICK-STEP,19051,2724,0,0,OBSERVED_FACT
6,167,M. PEDERSEN,33,LIDL-TREK,19051,2724,0,0,OBSERVED_FACT
6,168,P. BAUHAUS,72,BAHRAIN VICTORIOUS,19051,2724,0,0,OBSERVED_FACT
6,169,N. MÄRKL,216,TEAM PICNIC POSTNL,19051,2724,0,0,OBSERVED_FACT
6,170,J. OTRUBA,227,CAJA RURAL-SEGUROS RGA,19051,2724,0,0,OBSERVED_FACT
6,171,F. GAVIRIA,221,CAJA RURAL-SEGUROS RGA,19051,2724,0,0,OBSERVED_FACT
6,172,S. DILLIER,103,ALPECIN-PREMIER TECH,19051,2724,0,0,OBSERVED_FACT
6,173,T. MARSMAN,104,ALPECIN-PREMIER TECH,19051,2724,0,0,OBSERVED_FACT
6,174,P. ALLEGAERT,162,COFIDIS,19051,2724,0,0,OBSERVED_FACT
6,175,J. PHILIPSEN,105,ALPECIN-PREMIER TECH,19051,2724,0,0,OBSERVED_FACT
6,176,T. MERLIER,91,SOUDAL QUICK-STEP,19051,2724,0,0,OBSERVED_FACT
6,177,L. ASKEY,132,NSN CYCLING TEAM,19051,2724,0,0,OBSERVED_FACT
7,1,T. MERLIER,91,SOUDAL QUICK-STEP,13460,0,10,0,OBSERVED_FACT
7,2,S. WAERENSKJOLD,128,UNO-X MOBILITY,13460,0,6,0,OBSERVED_FACT
7,3,B. GIRMAY,131,NSN CYCLING TEAM,13460,0,4,0,OBSERVED_FACT
7,4,M. KANTER,64,XDS ASTANA TEAM,13460,0,0,0,OBSERVED_FACT
7,5,J. PHILIPSEN,105,ALPECIN-PREMIER TECH,13460,0,0,0,OBSERVED_FACT
7,6,P. BAUHAUS,72,BAHRAIN VICTORIOUS,13460,0,0,0,OBSERVED_FACT
7,7,H. ARTZ,152,LOTTO INTERMARCHE,13460,0,0,0,OBSERVED_FACT
7,8,D. GODON,85,NETCOMPANY INEOS CYCLING TEAM,13460,0,0,0,OBSERVED_FACT
7,9,M. PEDERSEN,33,LIDL-TREK,13460,0,0,0,OBSERVED_FACT
7,10,T. VAN ASBROECK,138,NSN CYCLING TEAM,13460,0,0,0,OBSERVED_FACT
7,11,P. BITTNER,213,TEAM PICNIC POSTNL,13460,0,0,0,OBSERVED_FACT
7,12,P. ACKERMANN,112,TEAM JAYCO ALULA,13460,0,0,0,OBSERVED_FACT
7,13,M. FRETIN,165,COFIDIS,13460,0,0,0,OBSERVED_FACT
7,14,F. GAVIRIA,221,CAJA RURAL-SEGUROS RGA,13460,0,0,0,OBSERVED_FACT
7,15,A. TURGIS,207,TOTALENERGIES,13460,0,0,0,OBSERVED_FACT
7,16,C. RUSSO,188,GROUPAMA-FDJ UNITED,13460,0,0,0,OBSERVED_FACT
7,17,J. BERCKMOES,153,LOTTO INTERMARCHE,13460,0,0,0,OBSERVED_FACT
7,18,R. PLUIMERS,195,TUDOR PRO CYCLING TEAM,13460,0,0,0,OBSERVED_FACT
7,19,F. WRIGHT,178,PINARELLO-Q36.5 PRO CYCLING TEAM,13460,0,0,0,OBSERVED_FACT
7,20,A. GATE,63,XDS ASTANA TEAM,13460,0,0,0,OBSERVED_FACT
7,21,J. ABRAHAMSEN,122,UNO-X MOBILITY,13460,0,0,0,OBSERVED_FACT
7,22,M. TEUNISSEN,66,XDS ASTANA TEAM,13460,0,0,0,OBSERVED_FACT
7,23,O. KOOIJ,55,DECATHLON CMA CGM TEAM,13460,0,0,0,OBSERVED_FACT
7,24,R. STANNARD,76,BAHRAIN VICTORIOUS,13460,0,0,0,OBSERVED_FACT
7,25,M. VAN DER POEL,101,ALPECIN-PREMIER TECH,13460,0,0,0,OBSERVED_FACT
7,26,T. PIDCOCK,171,PINARELLO-Q36.5 PRO CYCLING TEAM,13460,0,0,0,OBSERVED_FACT
7,27,H. TEJADA,65,XDS ASTANA TEAM,13460,0,0,0,OBSERVED_FACT
7,28,N. VINOKUROV,68,XDS ASTANA TEAM,13460,0,0,0,OBSERVED_FACT
7,29,B. VAN MOER,177,PINARELLO-Q36.5 PRO CYCLING TEAM,13460,0,0,0,OBSERVED_FACT
7,30,A. CHARMIG,123,UNO-X MOBILITY,13460,0,0,0,OBSERVED_FACT
7,31,J. BIERMANS,164,COFIDIS,13460,0,0,0,OBSERVED_FACT
7,32,T. SKUJINS,36,LIDL-TREK,13460,0,0,0,OBSERVED_FACT
7,33,J. VAN DEN BERG,217,TEAM PICNIC POSTNL,13460,0,0,0,OBSERVED_FACT
7,34,T. BENOOT,52,DECATHLON CMA CGM TEAM,13460,0,0,0,OBSERVED_FACT
7,35,M. VACEK,37,LIDL-TREK,13460,0,0,0,OBSERVED_FACT
7,36,K. ASGREEN,42,EF EDUCATION - EASYPOST,13460,0,0,0,OBSERVED_FACT
7,37,N. PRODHOMME,57,DECATHLON CMA CGM TEAM,13460,0,0,0,OBSERVED_FACT
7,38,N. OLIVEIRA,146,MOVISTAR TEAM,13460,0,0,0,OBSERVED_FACT
7,39,M. MOHORIC,75,BAHRAIN VICTORIOUS,13460,0,0,0,OBSERVED_FACT
7,40,J. STUYVEN,94,SOUDAL QUICK-STEP,13460,0,0,0,OBSERVED_FACT
7,41,P. SEIXAS,51,DECATHLON CMA CGM TEAM,13460,0,0,0,OBSERVED_FACT
7,42,M. VAN GILS,28,RED BULL - BORA - HANSGROHE,13460,0,0,0,OBSERVED_FACT
7,43,A. SKAARSETH,126,UNO-X MOBILITY,13460,0,0,0,OBSERVED_FACT
7,44,T. VAN DIJKE,27,RED BULL - BORA - HANSGROHE,13460,0,0,0,OBSERVED_FACT
7,45,Y. VOISARD,198,TUDOR PRO CYCLING TEAM,13460,0,0,0,OBSERVED_FACT
7,46,D. BALLERINI,62,XDS ASTANA TEAM,13460,0,0,0,OBSERVED_FACT
7,47,A. TIBERI,77,BAHRAIN VICTORIOUS,13460,0,0,0,OBSERVED_FACT
7,48,F. LIPOWITZ,25,RED BULL - BORA - HANSGROHE,13460,0,0,0,OBSERVED_FACT
7,49,N. POLITT,5,UAE TEAM EMIRATES XRG,13460,0,0,0,OBSERVED_FACT
7,50,B. MCNULTY,4,UAE TEAM EMIRATES XRG,13460,0,0,0,OBSERVED_FACT
7,51,A. YATES,8,UAE TEAM EMIRATES XRG,13460,0,0,0,OBSERVED_FACT
7,52,R. EVENEPOEL,21,RED BULL - BORA - HANSGROHE,13460,0,0,0,OBSERVED_FACT
7,53,G. ZIMMERMANN,158,LOTTO INTERMARCHE,13460,0,0,0,OBSERVED_FACT
7,54,L. CRAPS,154,LOTTO INTERMARCHE,13460,0,0,0,OBSERVED_FACT
7,55,J. DELBOVE,203,TOTALENERGIES,13460,0,0,0,OBSERVED_FACT
7,56,T. POGACAR,1,UAE TEAM EMIRATES XRG,13460,0,0,0,OBSERVED_FACT
7,57,I. DEL TORO,2,UAE TEAM EMIRATES XRG,13460,0,0,0,OBSERVED_FACT
7,58,E. AFFINI,12,TEAM VISMA | LEASE A BIKE,13460,0,0,0,OBSERVED_FACT
7,59,J. VINGEGAARD,11,TEAM VISMA | LEASE A BIKE,13460,0,0,0,OBSERVED_FACT
7,60,J. JEGAT,201,TOTALENERGIES,13460,0,0,0,OBSERVED_FACT
7,61,P. HAGENES,15,TEAM VISMA | LEASE A BIKE,13460,0,0,0,OBSERVED_FACT
7,62,J. AYUSO,31,LIDL-TREK,13460,0,0,0,OBSERVED_FACT
7,63,M. SKJELMOSE,35,LIDL-TREK,13460,0,0,0,OBSERVED_FACT
7,64,F. VERMEERSCH,6,UAE TEAM EMIRATES XRG,13460,0,0,0,OBSERVED_FACT
7,65,X. MEURISSE,176,PINARELLO-Q36.5 PRO CYCLING TEAM,13460,0,0,0,OBSERVED_FACT
7,66,E. BERNAL,81,NETCOMPANY INEOS CYCLING TEAM,13460,0,0,0,OBSERVED_FACT
7,67,I. VAN WILDER,97,SOUDAL QUICK-STEP,13460,0,0,0,OBSERVED_FACT
7,68,K. VAUQUELIN,88,NETCOMPANY INEOS CYCLING TEAM,13460,0,0,0,OBSERVED_FACT
7,69,P. CASTRILLO,142,MOVISTAR TEAM,13460,0,0,0,OBSERVED_FACT
7,70,G. MARTIN GUYONNET,186,GROUPAMA-FDJ UNITED,13460,0,0,0,OBSERVED_FACT
7,71,J. HINDLEY,24,RED BULL - BORA - HANSGROHE,13460,0,0,0,OBSERVED_FACT
7,72,F. GROSSSCHARTNER,3,UAE TEAM EMIRATES XRG,13460,0,0,0,OBSERVED_FACT
7,73,T. WELLENS,7,UAE TEAM EMIRATES XRG,13460,0,0,0,OBSERVED_FACT
7,74,J. STEWART,137,NSN CYCLING TEAM,13460,0,0,0,OBSERVED_FACT
7,75,M. JORGENSON,16,TEAM VISMA | LEASE A BIKE,13460,0,0,0,OBSERVED_FACT
7,76,D. PIGANZOLI,18,TEAM VISMA | LEASE A BIKE,13460,0,0,0,OBSERVED_FACT
7,77,V. CAMPENAERTS,14,TEAM VISMA | LEASE A BIKE,13460,0,0,0,OBSERVED_FACT
7,78,N. MÄRKL,216,TEAM PICNIC POSTNL,13460,0,0,0,OBSERVED_FACT
7,79,L. GERMANI,185,GROUPAMA-FDJ UNITED,13460,0,0,0,OBSERVED_FACT
7,80,Q. PACHER,187,GROUPAMA-FDJ UNITED,13460,0,0,0,OBSERVED_FACT
7,81,Q. HERMANS,174,PINARELLO-Q36.5 PRO CYCLING TEAM,13460,0,0,0,OBSERVED_FACT
7,82,S. KUSS,17,TEAM VISMA | LEASE A BIKE,13460,0,0,0,OBSERVED_FACT
7,83,L. VAN EETVELT,156,LOTTO INTERMARCHE,13460,0,0,0,OBSERVED_FACT
7,84,T. JOHANNESSEN,121,UNO-X MOBILITY,13460,0,0,0,OBSERVED_FACT
7,85,R. DEBRUYNE,102,ALPECIN-PREMIER TECH,13460,0,0,0,OBSERVED_FACT
7,86,M. CORT NIELSEN,124,UNO-X MOBILITY,13460,0,0,0,OBSERVED_FACT
7,87,D. GEE,32,LIDL-TREK,13460,0,0,0,OBSERVED_FACT
7,88,J. ROMO,147,MOVISTAR TEAM,13460,0,0,0,OBSERVED_FACT
7,89,M. CATTANEO,22,RED BULL - BORA - HANSGROHE,13460,0,0,0,OBSERVED_FACT
7,90,L. MARTINEZ,71,BAHRAIN VICTORIOUS,13460,0,0,0,OBSERVED_FACT
7,91,S. QUINN,45,EF EDUCATION - EASYPOST,13460,0,0,0,OBSERVED_FACT
7,92,R. GARCIA,144,MOVISTAR TEAM,13460,0,0,0,OBSERVED_FACT
7,93,M. VERCHER,208,TOTALENERGIES,13460,0,0,0,OBSERVED_FACT
7,94,J. PARRA,228,CAJA RURAL-SEGUROS RGA,13460,0,0,0,OBSERVED_FACT
7,95,N. DENZ,23,RED BULL - BORA - HANSGROHE,13460,0,0,0,OBSERVED_FACT
7,96,C. BOL,53,DECATHLON CMA CGM TEAM,13460,0,0,0,OBSERVED_FACT
7,97,M. LE BERRE,206,TOTALENERGIES,13460,0,0,0,OBSERVED_FACT
7,98,E. PLANCKAERT,106,ALPECIN-PREMIER TECH,13460,0,0,0,OBSERVED_FACT
7,99,M. KWIATKOWSKI,86,NETCOMPANY INEOS CYCLING TEAM,13460,0,0,0,OBSERVED_FACT
7,100,J. RICKAERT,107,ALPECIN-PREMIER TECH,13460,0,0,0,OBSERVED_FACT
7,101,M. TRENTIN,197,TUDOR PRO CYCLING TEAM,13489,29,0,0,OBSERVED_FACT
7,102,D. HOWSON,175,PINARELLO-Q36.5 PRO CYCLING TEAM,13489,29,0,0,OBSERVED_FACT
7,103,S. OLDANI,226,CAJA RURAL-SEGUROS RGA,13489,29,0,0,OBSERVED_FACT
7,104,F. BIESTERBOS,212,TEAM PICNIC POSTNL,13497,37,0,0,OBSERVED_FACT
7,105,C. BRAZ AFONSO,183,GROUPAMA-FDJ UNITED,13506,46,0,0,OBSERVED_FACT
7,106,A. DELETTRE,204,TOTALENERGIES,13506,46,0,0,OBSERVED_FACT
7,107,L. VERVAEKE,98,SOUDAL QUICK-STEP,13506,46,0,0,OBSERVED_FACT
7,108,C. VERONA,38,LIDL-TREK,13523,63,0,0,OBSERVED_FACT
7,109,F. VAN DEN BROEK,218,TEAM PICNIC POSTNL,13526,66,0,0,OBSERVED_FACT
7,110,E. COSTIOU,184,GROUPAMA-FDJ UNITED,13533,73,0,0,OBSERVED_FACT
7,111,A. KIRSCH,166,COFIDIS,13533,73,0,0,OBSERVED_FACT
7,112,T. MARSMAN,104,ALPECIN-PREMIER TECH,13533,73,0,0,OBSERVED_FACT
7,113,P. ALLEGAERT,162,COFIDIS,13533,73,0,0,OBSERVED_FACT
7,114,J. ALAPHILIPPE,191,TUDOR PRO CYCLING TEAM,13533,73,0,0,OBSERVED_FACT
7,115,F. ENGELHARDT,114,TEAM JAYCO ALULA,13543,83,0,0,OBSERVED_FACT
7,116,B. O'CONNOR,111,TEAM JAYCO ALULA,13543,83,0,0,OBSERVED_FACT
7,117,W. BARGUIL,211,TEAM PICNIC POSTNL,13543,83,0,0,OBSERVED_FACT
7,118,T. GUERNALEC,205,TOTALENERGIES,13543,83,0,0,OBSERVED_FACT
7,119,J. DEGENKOLB,214,TEAM PICNIC POSTNL,13543,83,0,0,OBSERVED_FACT
7,120,D. CARUSO,73,BAHRAIN VICTORIOUS,13543,83,0,0,OBSERVED_FACT
7,121,L. SLOCK,155,LOTTO INTERMARCHE,13543,83,0,0,OBSERVED_FACT
7,122,T. FOSS,83,NETCOMPANY INEOS CYCLING TEAM,13557,97,0,0,OBSERVED_FACT
7,123,H. PAGE,167,COFIDIS,13564,104,0,0,OBSERVED_FACT
7,124,B. ARMIRAIL,13,TEAM VISMA | LEASE A BIKE,13578,118,0,0,OBSERVED_FACT
7,125,T. ARENSMAN,82,NETCOMPANY INEOS CYCLING TEAM,13460,0,0,0,OBSERVED_FACT
7,126,B. VEISTROFFER,157,LOTTO INTERMARCHE,13585,125,0,0,OBSERVED_FACT
7,127,A. BALDERSTONE,222,CAJA RURAL-SEGUROS RGA,13585,125,0,0,OBSERVED_FACT
7,128,R. GREGOIRE,181,GROUPAMA-FDJ UNITED,13585,125,0,0,OBSERVED_FACT
7,129,S. VELASCO,67,XDS ASTANA TEAM,13585,125,0,0,OBSERVED_FACT
7,130,A. JOHANNESSEN,125,UNO-X MOBILITY,13585,125,0,0,OBSERVED_FACT
7,131,G. STEINHAUSER,46,EF EDUCATION - EASYPOST,13585,125,0,0,OBSERVED_FACT
7,132,M. SCHMID,118,TEAM JAYCO ALULA,13585,125,0,0,OBSERVED_FACT
7,133,E. RUBIO,148,MOVISTAR TEAM,13585,125,0,0,OBSERVED_FACT
7,134,M. RICCITELLO,58,DECATHLON CMA CGM TEAM,13585,125,0,0,OBSERVED_FACT
7,135,S. HIGUITA,61,XDS ASTANA TEAM,13585,125,0,0,OBSERVED_FACT
7,136,G. BENNETT,133,NSN CYCLING TEAM,13585,125,0,0,OBSERVED_FACT
7,137,D. HOOLE,54,DECATHLON CMA CGM TEAM,13585,125,0,0,OBSERVED_FACT
7,138,M. MATTHEWS,115,TEAM JAYCO ALULA,13598,138,0,0,OBSERVED_FACT
7,139,J. TARLING,87,NETCOMPANY INEOS CYCLING TEAM,13598,138,0,0,OBSERVED_FACT
7,140,Q. SIMMONS,34,LIDL-TREK,13598,138,0,0,OBSERVED_FACT
7,141,A. BAUDIN,43,EF EDUCATION - EASYPOST,13619,159,0,0,OBSERVED_FACT
7,142,K. NEILANDS,136,NSN CYCLING TEAM,13619,159,0,0,OBSERVED_FACT
7,143,M. VALGREN,47,EF EDUCATION - EASYPOST,13619,159,0,0,OBSERVED_FACT
7,144,M. HALLER,193,TUDOR PRO CYCLING TEAM,13619,159,0,0,OBSERVED_FACT
7,145,D. VAN BAARLE,95,SOUDAL QUICK-STEP,13623,163,0,0,OBSERVED_FACT
7,146,P. EENKHOORN,92,SOUDAL QUICK-STEP,13623,163,0,0,OBSERVED_FACT
7,147,M. HIRSCHI,194,TUDOR PRO CYCLING TEAM,13623,163,0,0,OBSERVED_FACT
7,148,M. WALKER,48,EF EDUCATION - EASYPOST,13623,163,0,0,OBSERVED_FACT
7,149,A. PARET PEINTRE,56,DECATHLON CMA CGM TEAM,13623,163,0,0,OBSERVED_FACT
7,150,S. DILLIER,103,ALPECIN-PREMIER TECH,13623,163,0,0,OBSERVED_FACT
7,151,V. VAN MECHELEN,78,BAHRAIN VICTORIOUS,13629,169,0,0,OBSERVED_FACT
7,152,L. PLAPP,117,TEAM JAYCO ALULA,13629,169,0,0,OBSERVED_FACT
7,153,L. DURBRIDGE,113,TEAM JAYCO ALULA,13629,169,0,0,OBSERVED_FACT
7,154,J. TRATNIK,26,RED BULL - BORA - HANSGROHE,13629,169,0,0,OBSERVED_FACT
7,155,S. BERWICK,223,CAJA RURAL-SEGUROS RGA,13629,169,0,0,OBSERVED_FACT
7,156,R. CARAPAZ,41,EF EDUCATION - EASYPOST,13629,169,0,0,OBSERVED_FACT
7,157,J. CEPEDA,143,MOVISTAR TEAM,13629,169,0,0,OBSERVED_FACT
7,158,N. BREUILLARD,202,TOTALENERGIES,13629,169,0,0,OBSERVED_FACT
7,159,V. PARET PEINTRE,93,SOUDAL QUICK-STEP,13629,169,0,0,OBSERVED_FACT
7,160,R. DHONDT,215,TEAM PICNIC POSTNL,13629,169,0,0,OBSERVED_FACT
7,161,B. HEALY,44,EF EDUCATION - EASYPOST,13639,179,0,0,OBSERVED_FACT
7,162,M. STORER,196,TUDOR PRO CYCLING TEAM,13649,189,0,0,OBSERVED_FACT
7,163,I. IZAGIRRE,161,COFIDIS,13649,189,0,0,OBSERVED_FACT
7,164,X. AZPARREN IRURZUN,172,PINARELLO-Q36.5 PRO CYCLING TEAM,13649,189,0,0,OBSERVED_FACT
7,165,K. GRADEK,74,BAHRAIN VICTORIOUS,13649,189,0,0,OBSERVED_FACT
7,166,M. HEßMANN,145,MOVISTAR TEAM,13660,200,0,0,OBSERVED_FACT
7,167,E. VERSTRYNGE,108,ALPECIN-PREMIER TECH,13660,200,0,0,OBSERVED_FACT
7,168,C. HARPER,173,PINARELLO-Q36.5 PRO CYCLING TEAM,13660,200,0,0,OBSERVED_FACT
7,169,L. ASKEY,132,NSN CYCLING TEAM,13670,210,0,0,OBSERVED_FACT
7,170,M. LOUVEL,135,NSN CYCLING TEAM,13670,210,0,0,OBSERVED_FACT
7,171,J. NICOLAU,225,CAJA RURAL-SEGUROS RGA,13683,223,0,0,OBSERVED_FACT
7,172,A. ARANBURU,163,COFIDIS,13683,223,0,0,OBSERVED_FACT
7,173,J. OTRUBA,227,CAJA RURAL-SEGUROS RGA,13683,223,0,0,OBSERVED_FACT
7,174,F. GANNA,84,NETCOMPANY INEOS CYCLING TEAM,13683,223,0,0,OBSERVED_FACT
7,175,B. THOMAS,168,COFIDIS,13722,262,0,0,OBSERVED_FACT
7,176,M. FRIGO,134,NSN CYCLING TEAM,13767,307,0,0,OBSERVED_FACT
8,1,T. MERLIER,91,SOUDAL QUICK-STEP,13970,0,10,0,OBSERVED_FACT
8,2,B. GIRMAY,131,NSN CYCLING TEAM,13970,0,6,0,OBSERVED_FACT
8,3,O. KOOIJ,55,DECATHLON CMA CGM TEAM,13970,0,4,0,OBSERVED_FACT
8,4,J. PHILIPSEN,105,ALPECIN-PREMIER TECH,13970,0,0,0,OBSERVED_FACT
8,5,P. BITTNER,213,TEAM PICNIC POSTNL,13970,0,0,0,OBSERVED_FACT
8,6,R. PLUIMERS,195,TUDOR PRO CYCLING TEAM,13970,0,0,0,OBSERVED_FACT
8,7,P. ACKERMANN,112,TEAM JAYCO ALULA,13970,0,0,0,OBSERVED_FACT
8,8,C. RUSSO,188,GROUPAMA-FDJ UNITED,13970,0,0,0,OBSERVED_FACT
8,9,M. KANTER,64,XDS ASTANA TEAM,13970,0,0,0,OBSERVED_FACT
8,10,M. FRETIN,165,COFIDIS,13970,0,0,0,OBSERVED_FACT
8,11,S. WAERENSKJOLD,128,UNO-X MOBILITY,13970,0,0,0,OBSERVED_FACT
8,12,M. PEDERSEN,33,LIDL-TREK,13970,0,0,0,OBSERVED_FACT
8,13,F. GAVIRIA,221,CAJA RURAL-SEGUROS RGA,13970,0,0,0,OBSERVED_FACT
8,14,D. GODON,85,NETCOMPANY INEOS CYCLING TEAM,13970,0,0,0,OBSERVED_FACT
8,15,A. TURGIS,207,TOTALENERGIES,13970,0,0,0,OBSERVED_FACT
8,16,M. VAN DER POEL,101,ALPECIN-PREMIER TECH,13970,0,0,0,OBSERVED_FACT
8,17,P. BAUHAUS,72,BAHRAIN VICTORIOUS,13970,0,0,0,OBSERVED_FACT
8,18,J. BERCKMOES,153,LOTTO INTERMARCHE,13970,0,0,0,OBSERVED_FACT
8,19,F. WRIGHT,178,PINARELLO-Q36.5 PRO CYCLING TEAM,13970,0,0,0,OBSERVED_FACT
8,20,Q. PACHER,187,GROUPAMA-FDJ UNITED,13970,0,0,0,OBSERVED_FACT
8,21,A. CHARMIG,123,UNO-X MOBILITY,13970,0,0,0,OBSERVED_FACT
8,22,M. SCHMID,118,TEAM JAYCO ALULA,13970,0,0,0,OBSERVED_FACT
8,23,N. MÄRKL,216,TEAM PICNIC POSTNL,13970,0,0,0,OBSERVED_FACT
8,24,A. PARET PEINTRE,56,DECATHLON CMA CGM TEAM,13970,0,0,0,OBSERVED_FACT
8,25,T. PIDCOCK,171,PINARELLO-Q36.5 PRO CYCLING TEAM,13970,0,0,0,OBSERVED_FACT
8,26,F. VAN DEN BROEK,218,TEAM PICNIC POSTNL,13970,0,0,0,OBSERVED_FACT
8,27,M. TEUNISSEN,66,XDS ASTANA TEAM,13970,0,0,0,OBSERVED_FACT
8,28,A. SKAARSETH,126,UNO-X MOBILITY,13970,0,0,0,OBSERVED_FACT
8,29,T. JOHANNESSEN,121,UNO-X MOBILITY,13970,0,0,0,OBSERVED_FACT
8,30,R. EVENEPOEL,21,RED BULL - BORA - HANSGROHE,13970,0,0,0,OBSERVED_FACT
8,31,M. CORT NIELSEN,124,UNO-X MOBILITY,13970,0,0,0,OBSERVED_FACT
8,32,M. VAN GILS,28,RED BULL - BORA - HANSGROHE,13970,0,0,0,OBSERVED_FACT
8,33,P. SEIXAS,51,DECATHLON CMA CGM TEAM,13970,0,0,0,OBSERVED_FACT
8,34,N. OLIVEIRA,146,MOVISTAR TEAM,13970,0,0,0,OBSERVED_FACT
8,35,H. TEJADA,65,XDS ASTANA TEAM,13970,0,0,0,OBSERVED_FACT
8,36,T. VAN ASBROECK,138,NSN CYCLING TEAM,13970,0,0,0,OBSERVED_FACT
8,37,T. VAN DIJKE,27,RED BULL - BORA - HANSGROHE,13970,0,0,0,OBSERVED_FACT
8,38,G. MARTIN GUYONNET,186,GROUPAMA-FDJ UNITED,13970,0,0,0,OBSERVED_FACT
8,39,R. STANNARD,76,BAHRAIN VICTORIOUS,13970,0,0,0,OBSERVED_FACT
8,40,J. ABRAHAMSEN,122,UNO-X MOBILITY,13970,0,0,0,OBSERVED_FACT
8,41,J. PARRA,228,CAJA RURAL-SEGUROS RGA,13970,0,0,0,OBSERVED_FACT
8,42,D. CARUSO,73,BAHRAIN VICTORIOUS,13970,0,0,0,OBSERVED_FACT
8,43,F. VERMEERSCH,6,UAE TEAM EMIRATES XRG,13970,0,0,0,OBSERVED_FACT
8,44,N. POLITT,5,UAE TEAM EMIRATES XRG,13970,0,0,0,OBSERVED_FACT
8,45,M. CATTANEO,22,RED BULL - BORA - HANSGROHE,13970,0,0,0,OBSERVED_FACT
8,46,I. DEL TORO,2,UAE TEAM EMIRATES XRG,13970,0,0,0,OBSERVED_FACT
8,47,J. AYUSO,31,LIDL-TREK,13970,0,0,0,OBSERVED_FACT
8,48,B. MCNULTY,4,UAE TEAM EMIRATES XRG,13970,0,0,0,OBSERVED_FACT
8,49,T. POGACAR,1,UAE TEAM EMIRATES XRG,13970,0,0,0,OBSERVED_FACT
8,50,E. AFFINI,12,TEAM VISMA | LEASE A BIKE,13970,0,0,0,OBSERVED_FACT
8,51,J. VINGEGAARD,11,TEAM VISMA | LEASE A BIKE,13970,0,0,0,OBSERVED_FACT
8,52,I. VAN WILDER,97,SOUDAL QUICK-STEP,13970,0,0,0,OBSERVED_FACT
8,53,F. LIPOWITZ,25,RED BULL - BORA - HANSGROHE,13970,0,0,0,OBSERVED_FACT
8,54,T. SKUJINS,36,LIDL-TREK,13970,0,0,0,OBSERVED_FACT
8,55,P. HAGENES,15,TEAM VISMA | LEASE A BIKE,13970,0,0,0,OBSERVED_FACT
8,56,F. GANNA,84,NETCOMPANY INEOS CYCLING TEAM,13970,0,0,0,OBSERVED_FACT
8,57,E. BERNAL,81,NETCOMPANY INEOS CYCLING TEAM,13970,0,0,0,OBSERVED_FACT
8,58,M. SKJELMOSE,35,LIDL-TREK,13970,0,0,0,OBSERVED_FACT
8,59,S. QUINN,45,EF EDUCATION - EASYPOST,13970,0,0,0,OBSERVED_FACT
8,60,J. JEGAT,201,TOTALENERGIES,13970,0,0,0,OBSERVED_FACT
8,61,H. ARTZ,152,LOTTO INTERMARCHE,13970,0,0,0,OBSERVED_FACT
8,62,L. MARTINEZ,71,BAHRAIN VICTORIOUS,13970,0,0,0,OBSERVED_FACT
8,63,M. VACEK,37,LIDL-TREK,13970,0,0,0,OBSERVED_FACT
8,64,Y. VOISARD,198,TUDOR PRO CYCLING TEAM,13970,0,0,0,OBSERVED_FACT
8,65,S. KUSS,17,TEAM VISMA | LEASE A BIKE,13970,0,0,0,OBSERVED_FACT
8,66,P. CASTRILLO,142,MOVISTAR TEAM,13970,0,0,0,OBSERVED_FACT
8,67,A. YATES,8,UAE TEAM EMIRATES XRG,13970,0,0,0,OBSERVED_FACT
8,68,D. PIGANZOLI,18,TEAM VISMA | LEASE A BIKE,13970,0,0,0,OBSERVED_FACT
8,69,J. DELBOVE,203,TOTALENERGIES,13970,0,0,0,OBSERVED_FACT
8,70,L. VAN EETVELT,156,LOTTO INTERMARCHE,13970,0,0,0,OBSERVED_FACT
8,71,K. VAUQUELIN,88,NETCOMPANY INEOS CYCLING TEAM,13970,0,0,0,OBSERVED_FACT
8,72,A. DELETTRE,204,TOTALENERGIES,13970,0,0,0,OBSERVED_FACT
8,73,C. BOL,53,DECATHLON CMA CGM TEAM,13970,0,0,0,OBSERVED_FACT
8,74,C. HARPER,173,PINARELLO-Q36.5 PRO CYCLING TEAM,13970,0,0,0,OBSERVED_FACT
8,75,A. TIBERI,77,BAHRAIN VICTORIOUS,13970,0,0,0,OBSERVED_FACT
8,76,J. STUYVEN,94,SOUDAL QUICK-STEP,13970,0,0,0,OBSERVED_FACT
8,77,L. GERMANI,185,GROUPAMA-FDJ UNITED,13970,0,0,0,OBSERVED_FACT
8,78,L. ASKEY,132,NSN CYCLING TEAM,13970,0,0,0,OBSERVED_FACT
8,79,D. GEE,32,LIDL-TREK,13970,0,0,0,OBSERVED_FACT
8,80,A. KIRSCH,166,COFIDIS,13970,0,0,0,OBSERVED_FACT
8,81,M. HEßMANN,145,MOVISTAR TEAM,13970,0,0,0,OBSERVED_FACT
8,82,V. VAN MECHELEN,78,BAHRAIN VICTORIOUS,13970,0,0,0,OBSERVED_FACT
8,83,L. VERVAEKE,98,SOUDAL QUICK-STEP,13970,0,0,0,OBSERVED_FACT
8,84,K. NEILANDS,136,NSN CYCLING TEAM,13970,0,0,0,OBSERVED_FACT
8,85,M. JORGENSON,16,TEAM VISMA | LEASE A BIKE,13970,0,0,0,OBSERVED_FACT
8,86,V. CAMPENAERTS,14,TEAM VISMA | LEASE A BIKE,13970,0,0,0,OBSERVED_FACT
8,87,M. MOHORIC,75,BAHRAIN VICTORIOUS,13970,0,0,0,OBSERVED_FACT
8,88,M. KWIATKOWSKI,86,NETCOMPANY INEOS CYCLING TEAM,13970,0,0,0,OBSERVED_FACT
8,89,M. LE BERRE,206,TOTALENERGIES,13970,0,0,0,OBSERVED_FACT
8,90,R. GREGOIRE,181,GROUPAMA-FDJ UNITED,14005,35,0,0,OBSERVED_FACT
8,91,J. RICKAERT,107,ALPECIN-PREMIER TECH,14005,35,0,0,OBSERVED_FACT
8,92,E. PLANCKAERT,106,ALPECIN-PREMIER TECH,14005,35,0,0,OBSERVED_FACT
8,93,M. TRENTIN,197,TUDOR PRO CYCLING TEAM,14005,35,0,0,OBSERVED_FACT
8,94,J. HINDLEY,24,RED BULL - BORA - HANSGROHE,14005,35,0,0,OBSERVED_FACT
8,95,T. ARENSMAN,82,NETCOMPANY INEOS CYCLING TEAM,14005,35,0,0,OBSERVED_FACT
8,96,G. ZIMMERMANN,158,LOTTO INTERMARCHE,14005,35,0,0,OBSERVED_FACT
8,97,C. BRAZ AFONSO,183,GROUPAMA-FDJ UNITED,14005,35,0,0,OBSERVED_FACT
8,98,J. ROMO,147,MOVISTAR TEAM,14005,35,0,0,OBSERVED_FACT
8,99,F. BIESTERBOS,212,TEAM PICNIC POSTNL,14005,35,0,0,OBSERVED_FACT
8,100,Q. HERMANS,174,PINARELLO-Q36.5 PRO CYCLING TEAM,14005,35,0,0,OBSERVED_FACT
8,101,N. DENZ,23,RED BULL - BORA - HANSGROHE,14005,35,0,0,OBSERVED_FACT
8,102,C. VERONA,38,LIDL-TREK,14005,35,0,0,OBSERVED_FACT
8,103,P. ALLEGAERT,162,COFIDIS,14018,48,0,0,OBSERVED_FACT
8,104,H. PAGE,167,COFIDIS,14018,48,0,0,OBSERVED_FACT
8,105,L. CRAPS,154,LOTTO INTERMARCHE,14018,48,0,0,OBSERVED_FACT
8,106,X. MEURISSE,176,PINARELLO-Q36.5 PRO CYCLING TEAM,14026,56,0,0,OBSERVED_FACT
8,107,K. ASGREEN,42,EF EDUCATION - EASYPOST,14033,63,0,0,OBSERVED_FACT
8,108,J. STEWART,137,NSN CYCLING TEAM,14033,63,0,0,OBSERVED_FACT
8,109,B. VAN MOER,177,PINARELLO-Q36.5 PRO CYCLING TEAM,14033,63,0,0,OBSERVED_FACT
8,110,E. RUBIO,148,MOVISTAR TEAM,14033,63,0,0,OBSERVED_FACT
8,111,N. PRODHOMME,57,DECATHLON CMA CGM TEAM,14041,71,0,0,OBSERVED_FACT
8,112,Q. SIMMONS,34,LIDL-TREK,14041,71,0,0,OBSERVED_FACT
8,113,T. BENOOT,52,DECATHLON CMA CGM TEAM,14041,71,0,0,OBSERVED_FACT
8,114,L. SLOCK,155,LOTTO INTERMARCHE,14050,80,0,0,OBSERVED_FACT
8,115,J. BIERMANS,164,COFIDIS,14050,80,0,0,OBSERVED_FACT
8,116,D. BALLERINI,62,XDS ASTANA TEAM,14059,89,0,0,OBSERVED_FACT
8,117,J. DEGENKOLB,214,TEAM PICNIC POSTNL,14059,89,0,0,OBSERVED_FACT
8,118,A. BALDERSTONE,222,CAJA RURAL-SEGUROS RGA,14063,93,0,0,OBSERVED_FACT
8,119,F. ENGELHARDT,114,TEAM JAYCO ALULA,14071,101,0,0,OBSERVED_FACT
8,120,K. GRADEK,74,BAHRAIN VICTORIOUS,14071,101,0,0,OBSERVED_FACT
8,121,R. CARAPAZ,41,EF EDUCATION - EASYPOST,14079,109,0,0,OBSERVED_FACT
8,122,M. MATTHEWS,115,TEAM JAYCO ALULA,14079,109,0,0,OBSERVED_FACT
8,123,L. DURBRIDGE,113,TEAM JAYCO ALULA,14079,109,0,0,OBSERVED_FACT
8,124,X. AZPARREN IRURZUN,172,PINARELLO-Q36.5 PRO CYCLING TEAM,14079,109,0,0,OBSERVED_FACT
8,125,W. BARGUIL,211,TEAM PICNIC POSTNL,14079,109,0,0,OBSERVED_FACT
8,126,B. ARMIRAIL,13,TEAM VISMA | LEASE A BIKE,14079,109,0,0,OBSERVED_FACT
8,127,B. VEISTROFFER,157,LOTTO INTERMARCHE,14079,109,0,0,OBSERVED_FACT
8,128,A. GATE,63,XDS ASTANA TEAM,14079,109,0,0,OBSERVED_FACT
8,129,F. GROSSSCHARTNER,3,UAE TEAM EMIRATES XRG,14079,109,0,0,OBSERVED_FACT
8,130,T. WELLENS,7,UAE TEAM EMIRATES XRG,14079,109,0,0,OBSERVED_FACT
8,131,D. HOWSON,175,PINARELLO-Q36.5 PRO CYCLING TEAM,14079,109,0,0,OBSERVED_FACT
8,132,R. GARCIA,144,MOVISTAR TEAM,14079,109,0,0,OBSERVED_FACT
8,133,A. JOHANNESSEN,125,UNO-X MOBILITY,14079,109,0,0,OBSERVED_FACT
8,134,J. CEPEDA,143,MOVISTAR TEAM,14079,109,0,0,OBSERVED_FACT
8,135,M. RICCITELLO,58,DECATHLON CMA CGM TEAM,14079,109,0,0,OBSERVED_FACT
8,136,D. HOOLE,54,DECATHLON CMA CGM TEAM,14079,109,0,0,OBSERVED_FACT
8,137,R. DHONDT,215,TEAM PICNIC POSTNL,14079,109,0,0,OBSERVED_FACT
8,138,J. VAN DEN BERG,217,TEAM PICNIC POSTNL,14079,109,0,0,OBSERVED_FACT
8,139,T. FOSS,83,NETCOMPANY INEOS CYCLING TEAM,14079,109,0,0,OBSERVED_FACT
8,140,J. TARLING,87,NETCOMPANY INEOS CYCLING TEAM,14079,109,0,0,OBSERVED_FACT
8,141,A. BAUDIN,43,EF EDUCATION - EASYPOST,14079,109,0,0,OBSERVED_FACT
8,142,M. VERCHER,208,TOTALENERGIES,14079,109,0,0,OBSERVED_FACT
8,143,M. VALGREN,47,EF EDUCATION - EASYPOST,14079,109,0,0,OBSERVED_FACT
8,144,B. HEALY,44,EF EDUCATION - EASYPOST,14079,109,0,0,OBSERVED_FACT
8,145,M. WALKER,48,EF EDUCATION - EASYPOST,14079,109,0,0,OBSERVED_FACT
8,146,G. STEINHAUSER,46,EF EDUCATION - EASYPOST,14079,109,0,0,OBSERVED_FACT
8,147,J. TRATNIK,26,RED BULL - BORA - HANSGROHE,14079,109,0,0,OBSERVED_FACT
8,148,B. O'CONNOR,111,TEAM JAYCO ALULA,14079,109,0,0,OBSERVED_FACT
8,149,E. COSTIOU,184,GROUPAMA-FDJ UNITED,14079,109,0,0,OBSERVED_FACT
8,150,I. IZAGIRRE,161,COFIDIS,14079,109,0,0,OBSERVED_FACT
8,151,S. HIGUITA,61,XDS ASTANA TEAM,14079,109,0,0,OBSERVED_FACT
8,152,A. ARANBURU,163,COFIDIS,14079,109,0,0,OBSERVED_FACT
8,153,M. HIRSCHI,194,TUDOR PRO CYCLING TEAM,14079,109,0,0,OBSERVED_FACT
8,154,B. THOMAS,168,COFIDIS,14079,109,0,0,OBSERVED_FACT
8,155,S. BERWICK,223,CAJA RURAL-SEGUROS RGA,14079,109,0,0,OBSERVED_FACT
8,156,G. BENNETT,133,NSN CYCLING TEAM,14079,109,0,0,OBSERVED_FACT
8,157,R. DEBRUYNE,102,ALPECIN-PREMIER TECH,14079,109,0,0,OBSERVED_FACT
8,158,T. MARSMAN,104,ALPECIN-PREMIER TECH,14079,109,0,0,OBSERVED_FACT
8,159,S. VELASCO,67,XDS ASTANA TEAM,14079,109,0,0,OBSERVED_FACT
8,160,J. OTRUBA,227,CAJA RURAL-SEGUROS RGA,14079,109,0,0,OBSERVED_FACT
8,161,N. BREUILLARD,202,TOTALENERGIES,14110,140,0,0,OBSERVED_FACT
8,162,V. PARET PEINTRE,93,SOUDAL QUICK-STEP,14131,161,0,0,OBSERVED_FACT
8,163,D. VAN BAARLE,95,SOUDAL QUICK-STEP,14131,161,0,0,OBSERVED_FACT
8,164,M. HALLER,193,TUDOR PRO CYCLING TEAM,14151,181,0,0,OBSERVED_FACT
8,165,S. OLDANI,226,CAJA RURAL-SEGUROS RGA,13970,0,0,0,OBSERVED_FACT
8,166,N. VINOKUROV,68,XDS ASTANA TEAM,14176,206,0,0,OBSERVED_FACT
8,167,S. DILLIER,103,ALPECIN-PREMIER TECH,14206,236,0,0,OBSERVED_FACT
8,168,L. PLAPP,117,TEAM JAYCO ALULA,14206,236,0,0,OBSERVED_FACT
8,169,T. GUERNALEC,205,TOTALENERGIES,14206,236,0,0,OBSERVED_FACT
8,170,M. LOUVEL,135,NSN CYCLING TEAM,14206,236,0,0,OBSERVED_FACT
8,171,M. STORER,196,TUDOR PRO CYCLING TEAM,14206,236,0,0,OBSERVED_FACT
8,172,J. ALAPHILIPPE,191,TUDOR PRO CYCLING TEAM,14206,236,0,0,OBSERVED_FACT
8,173,M. FRIGO,134,NSN CYCLING TEAM,14206,236,0,0,OBSERVED_FACT
8,174,J. NICOLAU,225,CAJA RURAL-SEGUROS RGA,14255,285,0,0,OBSERVED_FACT
8,175,P. EENKHOORN,92,SOUDAL QUICK-STEP,14314,344,0,0,OBSERVED_FACT
8,176,E. VERSTRYNGE,108,ALPECIN-PREMIER TECH,14342,372,0,0,OBSERVED_FACT
9,1,M. VAN DER POEL,101,ALPECIN-PREMIER TECH,12471,0,10,0,OBSERVED_FACT
9,2,T. JOHANNESSEN,121,UNO-X MOBILITY,12471,0,6,0,OBSERVED_FACT
9,3,T. PIDCOCK,171,PINARELLO-Q36.5 PRO CYCLING TEAM,12471,0,4,0,OBSERVED_FACT
9,4,A. BAUDIN,43,EF EDUCATION - EASYPOST,12471,0,0,0,OBSERVED_FACT
9,5,F. GANNA,84,NETCOMPANY INEOS CYCLING TEAM,12477,6,0,0,OBSERVED_FACT
9,6,M. PEDERSEN,33,LIDL-TREK,12477,6,0,0,OBSERVED_FACT
9,7,M. MATTHEWS,115,TEAM JAYCO ALULA,12477,6,0,0,OBSERVED_FACT
9,8,N. BREUILLARD,202,TOTALENERGIES,12477,6,0,0,OBSERVED_FACT
9,9,J. JEGAT,201,TOTALENERGIES,12477,6,0,0,OBSERVED_FACT
9,10,S. QUINN,45,EF EDUCATION - EASYPOST,12477,6,0,0,OBSERVED_FACT
9,11,T. POGACAR,1,UAE TEAM EMIRATES XRG,12477,6,0,0,OBSERVED_FACT
9,12,R. EVENEPOEL,21,RED BULL - BORA - HANSGROHE,12477,6,0,0,OBSERVED_FACT
9,13,I. DEL TORO,2,UAE TEAM EMIRATES XRG,12477,6,0,0,OBSERVED_FACT
9,14,A. ARANBURU,163,COFIDIS,12477,6,0,0,OBSERVED_FACT
9,15,P. SEIXAS,51,DECATHLON CMA CGM TEAM,12477,6,0,0,OBSERVED_FACT
9,16,T. BENOOT,52,DECATHLON CMA CGM TEAM,12477,6,0,0,OBSERVED_FACT
9,17,R. DEBRUYNE,102,ALPECIN-PREMIER TECH,12477,6,0,0,OBSERVED_FACT
9,18,Y. VOISARD,198,TUDOR PRO CYCLING TEAM,12477,6,0,0,OBSERVED_FACT
9,19,J. VINGEGAARD,11,TEAM VISMA | LEASE A BIKE,12477,6,0,0,OBSERVED_FACT
9,20,F. LIPOWITZ,25,RED BULL - BORA - HANSGROHE,12477,6,0,0,OBSERVED_FACT
9,21,M. SKJELMOSE,35,LIDL-TREK,12477,6,0,0,OBSERVED_FACT
9,22,I. VAN WILDER,97,SOUDAL QUICK-STEP,12477,6,0,0,OBSERVED_FACT
9,23,C. BRAZ AFONSO,183,GROUPAMA-FDJ UNITED,12477,6,0,0,OBSERVED_FACT
9,24,D. PIGANZOLI,18,TEAM VISMA | LEASE A BIKE,12477,6,0,0,OBSERVED_FACT
9,25,S. KUSS,17,TEAM VISMA | LEASE A BIKE,12477,6,0,0,OBSERVED_FACT
9,26,R. CARAPAZ,41,EF EDUCATION - EASYPOST,12477,6,0,0,OBSERVED_FACT
9,27,J. AYUSO,31,LIDL-TREK,12477,6,0,0,OBSERVED_FACT
9,28,M. HIRSCHI,194,TUDOR PRO CYCLING TEAM,12477,6,0,0,OBSERVED_FACT
9,29,E. RUBIO,148,MOVISTAR TEAM,12477,6,0,0,OBSERVED_FACT
9,30,L. CRAPS,154,LOTTO INTERMARCHE,12477,6,0,0,OBSERVED_FACT
9,31,L. MARTINEZ,71,BAHRAIN VICTORIOUS,12477,6,0,0,OBSERVED_FACT
9,32,E. BERNAL,81,NETCOMPANY INEOS CYCLING TEAM,12477,6,0,0,OBSERVED_FACT
9,33,E. COSTIOU,184,GROUPAMA-FDJ UNITED,12477,6,0,0,OBSERVED_FACT
9,34,A. YATES,8,UAE TEAM EMIRATES XRG,12477,6,0,0,OBSERVED_FACT
9,35,V. PARET PEINTRE,93,SOUDAL QUICK-STEP,12477,6,0,0,OBSERVED_FACT
9,36,L. VAN EETVELT,156,LOTTO INTERMARCHE,12477,6,0,0,OBSERVED_FACT
9,37,P. CASTRILLO,142,MOVISTAR TEAM,12490,19,0,0,OBSERVED_FACT
9,38,B. MCNULTY,4,UAE TEAM EMIRATES XRG,12493,22,0,0,OBSERVED_FACT
9,39,F. GROSSSCHARTNER,3,UAE TEAM EMIRATES XRG,12498,27,0,0,OBSERVED_FACT
9,40,T. WELLENS,7,UAE TEAM EMIRATES XRG,12498,27,0,0,OBSERVED_FACT
9,41,M. JORGENSON,16,TEAM VISMA | LEASE A BIKE,12503,32,0,0,OBSERVED_FACT
9,42,N. PRODHOMME,57,DECATHLON CMA CGM TEAM,12513,42,0,0,OBSERVED_FACT
9,43,K. VAUQUELIN,88,NETCOMPANY INEOS CYCLING TEAM,12513,42,0,0,OBSERVED_FACT
9,44,I. IZAGIRRE,161,COFIDIS,12548,77,0,0,OBSERVED_FACT
9,45,C. VERONA,38,LIDL-TREK,12582,111,0,0,OBSERVED_FACT
9,46,D. GEE,32,LIDL-TREK,12667,196,0,0,OBSERVED_FACT
9,47,Q. SIMMONS,34,LIDL-TREK,12711,240,0,0,OBSERVED_FACT
9,48,T. FOSS,83,NETCOMPANY INEOS CYCLING TEAM,12932,461,0,0,OBSERVED_FACT
9,49,H. ARTZ,152,LOTTO INTERMARCHE,13065,594,0,0,OBSERVED_FACT
9,50,A. DELETTRE,204,TOTALENERGIES,13065,594,0,0,OBSERVED_FACT
9,51,J. DELBOVE,203,TOTALENERGIES,13065,594,0,0,OBSERVED_FACT
9,52,D. GODON,85,NETCOMPANY INEOS CYCLING TEAM,13065,594,0,0,OBSERVED_FACT
9,53,Q. PACHER,187,GROUPAMA-FDJ UNITED,13065,594,0,0,OBSERVED_FACT
9,54,G. MARTIN GUYONNET,186,GROUPAMA-FDJ UNITED,13065,594,0,0,OBSERVED_FACT
9,55,C. HARPER,173,PINARELLO-Q36.5 PRO CYCLING TEAM,13065,594,0,0,OBSERVED_FACT
9,56,F. VAN DEN BROEK,218,TEAM PICNIC POSTNL,13065,594,0,0,OBSERVED_FACT
9,57,Q. HERMANS,174,PINARELLO-Q36.5 PRO CYCLING TEAM,13065,594,0,0,OBSERVED_FACT
9,58,H. TEJADA,65,XDS ASTANA TEAM,13065,594,0,0,OBSERVED_FACT
9,59,M. VACEK,37,LIDL-TREK,13065,594,0,0,OBSERVED_FACT
9,60,J. STUYVEN,94,SOUDAL QUICK-STEP,13065,594,0,0,OBSERVED_FACT
9,61,L. VERVAEKE,98,SOUDAL QUICK-STEP,13065,594,0,0,OBSERVED_FACT
9,62,B. O'CONNOR,111,TEAM JAYCO ALULA,13070,599,0,0,OBSERVED_FACT
9,63,P. HAGENES,15,TEAM VISMA | LEASE A BIKE,13070,599,0,0,OBSERVED_FACT
9,64,S. WAERENSKJOLD,128,UNO-X MOBILITY,13515,1044,0,0,OBSERVED_FACT
9,65,L. SLOCK,155,LOTTO INTERMARCHE,13515,1044,0,0,OBSERVED_FACT
9,66,M. LE BERRE,206,TOTALENERGIES,13515,1044,0,0,OBSERVED_FACT
9,67,X. MEURISSE,176,PINARELLO-Q36.5 PRO CYCLING TEAM,13515,1044,0,0,OBSERVED_FACT
9,68,B. VAN MOER,177,PINARELLO-Q36.5 PRO CYCLING TEAM,13515,1044,0,0,OBSERVED_FACT
9,69,J. ABRAHAMSEN,122,UNO-X MOBILITY,13515,1044,0,0,OBSERVED_FACT
9,70,T. GUERNALEC,205,TOTALENERGIES,13515,1044,0,0,OBSERVED_FACT
9,71,J. BERCKMOES,153,LOTTO INTERMARCHE,13515,1044,0,0,OBSERVED_FACT
9,72,M. TRENTIN,197,TUDOR PRO CYCLING TEAM,13515,1044,0,0,OBSERVED_FACT
9,73,M. SCHMID,118,TEAM JAYCO ALULA,13515,1044,0,0,OBSERVED_FACT
9,74,N. DENZ,23,RED BULL - BORA - HANSGROHE,13515,1044,0,0,OBSERVED_FACT
9,75,N. POLITT,5,UAE TEAM EMIRATES XRG,13515,1044,0,0,OBSERVED_FACT
9,76,R. STANNARD,76,BAHRAIN VICTORIOUS,13515,1044,0,0,OBSERVED_FACT
9,77,F. ENGELHARDT,114,TEAM JAYCO ALULA,13515,1044,0,0,OBSERVED_FACT
9,78,F. VERMEERSCH,6,UAE TEAM EMIRATES XRG,13515,1044,0,0,OBSERVED_FACT
9,79,V. CAMPENAERTS,14,TEAM VISMA | LEASE A BIKE,13515,1044,0,0,OBSERVED_FACT
9,80,G. ZIMMERMANN,158,LOTTO INTERMARCHE,13515,1044,0,0,OBSERVED_FACT
9,81,B. VEISTROFFER,157,LOTTO INTERMARCHE,13515,1044,0,0,OBSERVED_FACT
9,82,M. RICCITELLO,58,DECATHLON CMA CGM TEAM,13515,1044,0,0,OBSERVED_FACT
9,83,F. WRIGHT,178,PINARELLO-Q36.5 PRO CYCLING TEAM,13515,1044,0,0,OBSERVED_FACT
9,84,E. VERSTRYNGE,108,ALPECIN-PREMIER TECH,13515,1044,0,0,OBSERVED_FACT
9,85,M. TEUNISSEN,66,XDS ASTANA TEAM,13515,1044,0,0,OBSERVED_FACT
9,86,R. PLUIMERS,195,TUDOR PRO CYCLING TEAM,13515,1044,0,0,OBSERVED_FACT
9,87,M. HEßMANN,145,MOVISTAR TEAM,13515,1044,0,0,OBSERVED_FACT
9,88,J. TRATNIK,26,RED BULL - BORA - HANSGROHE,13515,1044,0,0,OBSERVED_FACT
9,89,J. HINDLEY,24,RED BULL - BORA - HANSGROHE,13515,1044,0,0,OBSERVED_FACT
9,90,D. HOWSON,175,PINARELLO-Q36.5 PRO CYCLING TEAM,13515,1044,0,0,OBSERVED_FACT
9,91,A. CHARMIG,123,UNO-X MOBILITY,13515,1044,0,0,OBSERVED_FACT
9,92,W. BARGUIL,211,TEAM PICNIC POSTNL,13515,1044,0,0,OBSERVED_FACT
9,93,M. MOHORIC,75,BAHRAIN VICTORIOUS,13515,1044,0,0,OBSERVED_FACT
9,94,L. DURBRIDGE,113,TEAM JAYCO ALULA,13515,1044,0,0,OBSERVED_FACT
9,95,R. GREGOIRE,181,GROUPAMA-FDJ UNITED,13515,1044,0,0,OBSERVED_FACT
9,96,J. OTRUBA,227,CAJA RURAL-SEGUROS RGA,13515,1044,0,0,OBSERVED_FACT
9,97,L. GERMANI,185,GROUPAMA-FDJ UNITED,13515,1044,0,0,OBSERVED_FACT
9,98,V. VAN MECHELEN,78,BAHRAIN VICTORIOUS,13515,1044,0,0,OBSERVED_FACT
9,99,F. BIESTERBOS,212,TEAM PICNIC POSTNL,13515,1044,0,0,OBSERVED_FACT
9,100,M. KWIATKOWSKI,86,NETCOMPANY INEOS CYCLING TEAM,13515,1044,0,0,OBSERVED_FACT
9,101,H. PAGE,167,COFIDIS,13515,1044,0,0,OBSERVED_FACT
9,102,J. TARLING,87,NETCOMPANY INEOS CYCLING TEAM,13515,1044,0,0,OBSERVED_FACT
9,103,J. ROMO,147,MOVISTAR TEAM,13515,1044,0,0,OBSERVED_FACT
9,104,M. HALLER,193,TUDOR PRO CYCLING TEAM,13515,1044,0,0,OBSERVED_FACT
9,105,B. HEALY,44,EF EDUCATION - EASYPOST,13515,1044,0,0,OBSERVED_FACT
9,106,B. ARMIRAIL,13,TEAM VISMA | LEASE A BIKE,13515,1044,0,0,OBSERVED_FACT
9,107,A. PARET PEINTRE,56,DECATHLON CMA CGM TEAM,13515,1044,0,0,OBSERVED_FACT
9,108,M. WALKER,48,EF EDUCATION - EASYPOST,13515,1044,0,0,OBSERVED_FACT
9,109,A. BALDERSTONE,222,CAJA RURAL-SEGUROS RGA,13515,1044,0,0,OBSERVED_FACT
9,110,R. GARCIA,144,MOVISTAR TEAM,13515,1044,0,0,OBSERVED_FACT
9,111,J. PARRA,228,CAJA RURAL-SEGUROS RGA,13515,1044,0,0,OBSERVED_FACT
9,112,J. CEPEDA,143,MOVISTAR TEAM,13515,1044,0,0,OBSERVED_FACT
9,113,T. ARENSMAN,82,NETCOMPANY INEOS CYCLING TEAM,13515,1044,0,0,OBSERVED_FACT
9,114,D. VAN BAARLE,95,SOUDAL QUICK-STEP,13515,1044,0,0,OBSERVED_FACT
9,115,A. SKAARSETH,126,UNO-X MOBILITY,13515,1044,0,0,OBSERVED_FACT
9,116,A. JOHANNESSEN,125,UNO-X MOBILITY,13515,1044,0,0,OBSERVED_FACT
9,117,N. OLIVEIRA,146,MOVISTAR TEAM,13515,1044,0,0,OBSERVED_FACT
9,118,A. TIBERI,77,BAHRAIN VICTORIOUS,13515,1044,0,0,OBSERVED_FACT
9,119,D. CARUSO,73,BAHRAIN VICTORIOUS,13515,1044,0,0,OBSERVED_FACT
9,120,K. ASGREEN,42,EF EDUCATION - EASYPOST,13515,1044,0,0,OBSERVED_FACT
9,121,M. CATTANEO,22,RED BULL - BORA - HANSGROHE,13515,1044,0,0,OBSERVED_FACT
9,122,S. HIGUITA,61,XDS ASTANA TEAM,13515,1044,0,0,OBSERVED_FACT
9,123,X. AZPARREN IRURZUN,172,PINARELLO-Q36.5 PRO CYCLING TEAM,13515,1044,0,0,OBSERVED_FACT
9,124,M. VALGREN,47,EF EDUCATION - EASYPOST,13515,1044,0,0,OBSERVED_FACT
9,125,G. BENNETT,133,NSN CYCLING TEAM,13515,1044,0,0,OBSERVED_FACT
9,126,L. PLAPP,117,TEAM JAYCO ALULA,13515,1044,0,0,OBSERVED_FACT
9,127,M. VERCHER,208,TOTALENERGIES,13515,1044,0,0,OBSERVED_FACT
9,128,S. BERWICK,223,CAJA RURAL-SEGUROS RGA,13525,1054,0,0,OBSERVED_FACT
9,129,A. KIRSCH,166,COFIDIS,13530,1059,0,0,OBSERVED_FACT
9,130,B. THOMAS,168,COFIDIS,13530,1059,0,0,OBSERVED_FACT
9,131,J. ALAPHILIPPE,191,TUDOR PRO CYCLING TEAM,13530,1059,0,0,OBSERVED_FACT
9,132,C. RUSSO,188,GROUPAMA-FDJ UNITED,14077,1606,0,0,OBSERVED_FACT
9,133,T. MARSMAN,104,ALPECIN-PREMIER TECH,14077,1606,0,0,OBSERVED_FACT
9,134,J. BIERMANS,164,COFIDIS,14077,1606,0,0,OBSERVED_FACT
9,135,P. ALLEGAERT,162,COFIDIS,14077,1606,0,0,OBSERVED_FACT
9,136,N. MÄRKL,216,TEAM PICNIC POSTNL,14077,1606,0,0,OBSERVED_FACT
9,137,P. ACKERMANN,112,TEAM JAYCO ALULA,14077,1606,0,0,OBSERVED_FACT
9,138,T. VAN DIJKE,27,RED BULL - BORA - HANSGROHE,14077,1606,0,0,OBSERVED_FACT
9,139,M. VAN GILS,28,RED BULL - BORA - HANSGROHE,14077,1606,0,0,OBSERVED_FACT
9,140,S. DILLIER,103,ALPECIN-PREMIER TECH,14077,1606,0,0,OBSERVED_FACT
9,141,M. FRIGO,134,NSN CYCLING TEAM,14077,1606,0,0,OBSERVED_FACT
9,142,N. VINOKUROV,68,XDS ASTANA TEAM,14077,1606,0,0,OBSERVED_FACT
9,143,A. GATE,63,XDS ASTANA TEAM,14077,1606,0,0,OBSERVED_FACT
9,144,S. OLDANI,226,CAJA RURAL-SEGUROS RGA,14077,1606,0,0,OBSERVED_FACT
9,145,T. SKUJINS,36,LIDL-TREK,14077,1606,0,0,OBSERVED_FACT
9,146,K. NEILANDS,136,NSN CYCLING TEAM,14077,1606,0,0,OBSERVED_FACT
9,147,A. TURGIS,207,TOTALENERGIES,14077,1606,0,0,OBSERVED_FACT
9,148,E. AFFINI,12,TEAM VISMA | LEASE A BIKE,14077,1606,0,0,OBSERVED_FACT
9,149,P. BITTNER,213,TEAM PICNIC POSTNL,14077,1606,0,0,OBSERVED_FACT
9,150,M. CORT NIELSEN,124,UNO-X MOBILITY,14077,1606,0,0,OBSERVED_FACT
9,151,C. BOL,53,DECATHLON CMA CGM TEAM,14077,1606,0,0,OBSERVED_FACT
9,152,P. EENKHOORN,92,SOUDAL QUICK-STEP,14077,1606,0,0,OBSERVED_FACT
9,153,M. STORER,196,TUDOR PRO CYCLING TEAM,14077,1606,0,0,OBSERVED_FACT
9,154,D. HOOLE,54,DECATHLON CMA CGM TEAM,14077,1606,0,0,OBSERVED_FACT
9,155,K. GRADEK,74,BAHRAIN VICTORIOUS,14077,1606,0,0,OBSERVED_FACT
9,156,M. FRETIN,165,COFIDIS,14077,1606,0,0,OBSERVED_FACT
9,157,E. PLANCKAERT,106,ALPECIN-PREMIER TECH,14077,1606,0,0,OBSERVED_FACT
9,158,D. BALLERINI,62,XDS ASTANA TEAM,14086,1615,0,0,OBSERVED_FACT
9,159,F. GAVIRIA,221,CAJA RURAL-SEGUROS RGA,14086,1615,0,0,OBSERVED_FACT
9,160,T. MERLIER,91,SOUDAL QUICK-STEP,14086,1615,0,0,OBSERVED_FACT
9,161,O. KOOIJ,55,DECATHLON CMA CGM TEAM,14086,1615,0,0,OBSERVED_FACT
9,162,M. KANTER,64,XDS ASTANA TEAM,14086,1615,0,0,OBSERVED_FACT
9,163,J. VAN DEN BERG,217,TEAM PICNIC POSTNL,14086,1615,0,0,OBSERVED_FACT
9,164,J. PHILIPSEN,105,ALPECIN-PREMIER TECH,14086,1615,0,0,OBSERVED_FACT
9,165,J. DEGENKOLB,214,TEAM PICNIC POSTNL,14086,1615,0,0,OBSERVED_FACT
9,166,G. STEINHAUSER,46,EF EDUCATION - EASYPOST,14086,1615,0,0,OBSERVED_FACT
9,167,P. BAUHAUS,72,BAHRAIN VICTORIOUS,14086,1615,0,0,OBSERVED_FACT
9,168,J. NICOLAU,225,CAJA RURAL-SEGUROS RGA,14086,1615,0,0,OBSERVED_FACT
9,169,J. STEWART,137,NSN CYCLING TEAM,14086,1615,0,0,OBSERVED_FACT
9,170,R. DHONDT,215,TEAM PICNIC POSTNL,14086,1615,0,0,OBSERVED_FACT
9,171,B. GIRMAY,131,NSN CYCLING TEAM,14086,1615,0,0,OBSERVED_FACT
9,172,L. ASKEY,132,NSN CYCLING TEAM,14086,1615,0,0,OBSERVED_FACT
9,173,M. LOUVEL,135,NSN CYCLING TEAM,14086,1615,0,0,OBSERVED_FACT
9,174,T. VAN ASBROECK,138,NSN CYCLING TEAM,14086,1615,0,0,OBSERVED_FACT
9,175,S. VELASCO,67,XDS ASTANA TEAM,14086,1615,0,0,OBSERVED_FACT
9,176,J. RICKAERT,107,ALPECIN-PREMIER TECH,14086,1615,0,0,OBSERVED_FACT
10,1,T. POGACAR,1,UAE TEAM EMIRATES XRG,14288,0,10,0,OBSERVED_FACT
10,2,R. EVENEPOEL,21,RED BULL - BORA - HANSGROHE,14320,32,6,0,OBSERVED_FACT
10,3,P. SEIXAS,51,DECATHLON CMA CGM TEAM,14322,34,4,0,OBSERVED_FACT
10,4,F. LIPOWITZ,25,RED BULL - BORA - HANSGROHE,14322,34,0,0,OBSERVED_FACT
10,5,J. AYUSO,31,LIDL-TREK,14326,38,0,0,OBSERVED_FACT
10,6,M. SKJELMOSE,35,LIDL-TREK,14326,38,0,0,OBSERVED_FACT
10,7,J. VINGEGAARD,11,TEAM VISMA | LEASE A BIKE,14332,44,0,0,OBSERVED_FACT
10,8,I. DEL TORO,2,UAE TEAM EMIRATES XRG,14379,91,0,0,OBSERVED_FACT
10,9,T. PIDCOCK,171,PINARELLO-Q36.5 PRO CYCLING TEAM,14407,119,0,0,OBSERVED_FACT
10,10,L. MARTINEZ,71,BAHRAIN VICTORIOUS,14411,123,0,0,OBSERVED_FACT
10,11,R. CARAPAZ,41,EF EDUCATION - EASYPOST,14417,129,0,0,OBSERVED_FACT
10,12,D. PIGANZOLI,18,TEAM VISMA | LEASE A BIKE,14450,162,0,0,OBSERVED_FACT
10,13,I. VAN WILDER,97,SOUDAL QUICK-STEP,14456,168,0,0,OBSERVED_FACT
10,14,R. DEBRUYNE,102,ALPECIN-PREMIER TECH,14456,168,0,0,OBSERVED_FACT
10,15,E. BERNAL,81,NETCOMPANY INEOS CYCLING TEAM,14461,173,0,0,OBSERVED_FACT
10,16,Y. VOISARD,198,TUDOR PRO CYCLING TEAM,14473,185,0,0,OBSERVED_FACT
10,17,A. YATES,8,UAE TEAM EMIRATES XRG,14513,225,0,0,OBSERVED_FACT
10,18,T. JOHANNESSEN,121,UNO-X MOBILITY,14578,290,0,20,OBSERVED_FACT
10,19,S. QUINN,45,EF EDUCATION - EASYPOST,14611,323,0,0,OBSERVED_FACT
10,20,P. CASTRILLO,142,MOVISTAR TEAM,14693,405,0,0,OBSERVED_FACT
10,21,T. BENOOT,52,DECATHLON CMA CGM TEAM,14698,410,0,0,OBSERVED_FACT
10,22,C. VERONA,38,LIDL-TREK,14698,410,0,0,OBSERVED_FACT
10,23,J. JEGAT,201,TOTALENERGIES,14698,410,0,0,OBSERVED_FACT
10,24,M. RICCITELLO,58,DECATHLON CMA CGM TEAM,14698,410,0,0,OBSERVED_FACT
10,25,N. PRODHOMME,57,DECATHLON CMA CGM TEAM,14700,412,0,0,OBSERVED_FACT
10,26,E. RUBIO,148,MOVISTAR TEAM,14700,412,0,0,OBSERVED_FACT
10,27,S. KUSS,17,TEAM VISMA | LEASE A BIKE,14717,429,0,0,OBSERVED_FACT
10,28,J. HINDLEY,24,RED BULL - BORA - HANSGROHE,14717,429,0,0,OBSERVED_FACT
10,29,B. MCNULTY,4,UAE TEAM EMIRATES XRG,14717,429,0,0,OBSERVED_FACT
10,30,D. GEE,32,LIDL-TREK,15054,766,0,0,OBSERVED_FACT
10,31,T. FOSS,83,NETCOMPANY INEOS CYCLING TEAM,15054,766,0,0,OBSERVED_FACT
10,32,T. ARENSMAN,82,NETCOMPANY INEOS CYCLING TEAM,15054,766,0,0,OBSERVED_FACT
10,33,M. JORGENSON,16,TEAM VISMA | LEASE A BIKE,15054,766,0,0,OBSERVED_FACT
10,34,Q. HERMANS,174,PINARELLO-Q36.5 PRO CYCLING TEAM,15054,766,0,0,OBSERVED_FACT
10,35,N. BREUILLARD,202,TOTALENERGIES,15209,921,0,0,OBSERVED_FACT
10,36,A. PARET PEINTRE,56,DECATHLON CMA CGM TEAM,15421,1133,0,0,OBSERVED_FACT
10,37,A. BAUDIN,43,EF EDUCATION - EASYPOST,15571,1283,0,0,OBSERVED_FACT
10,38,V. PARET PEINTRE,93,SOUDAL QUICK-STEP,15571,1283,0,0,OBSERVED_FACT
10,39,Q. SIMMONS,34,LIDL-TREK,15571,1283,0,0,OBSERVED_FACT
10,40,F. GROSSSCHARTNER,3,UAE TEAM EMIRATES XRG,15571,1283,0,0,OBSERVED_FACT
10,41,M. HIRSCHI,194,TUDOR PRO CYCLING TEAM,15571,1283,0,0,OBSERVED_FACT
10,42,B. HEALY,44,EF EDUCATION - EASYPOST,15600,1312,0,0,OBSERVED_FACT
10,43,J. ROMO,147,MOVISTAR TEAM,15652,1364,0,0,OBSERVED_FACT
10,44,T. WELLENS,7,UAE TEAM EMIRATES XRG,15694,1406,0,0,OBSERVED_FACT
10,45,C. RUSSO,188,GROUPAMA-FDJ UNITED,15797,1509,0,0,OBSERVED_FACT
10,46,B. ARMIRAIL,13,TEAM VISMA | LEASE A BIKE,15797,1509,0,0,OBSERVED_FACT
10,47,Q. PACHER,187,GROUPAMA-FDJ UNITED,15797,1509,0,0,OBSERVED_FACT
10,48,D. CARUSO,73,BAHRAIN VICTORIOUS,15797,1509,0,0,OBSERVED_FACT
10,49,R. GREGOIRE,181,GROUPAMA-FDJ UNITED,15797,1509,0,0,OBSERVED_FACT
10,50,K. VAUQUELIN,88,NETCOMPANY INEOS CYCLING TEAM,15797,1509,0,0,OBSERVED_FACT
10,51,L. GERMANI,185,GROUPAMA-FDJ UNITED,15797,1509,0,0,OBSERVED_FACT
10,52,M. SCHMID,118,TEAM JAYCO ALULA,15797,1509,0,0,OBSERVED_FACT
10,53,A. BALDERSTONE,222,CAJA RURAL-SEGUROS RGA,15797,1509,0,0,OBSERVED_FACT
10,54,C. BRAZ AFONSO,183,GROUPAMA-FDJ UNITED,15797,1509,0,0,OBSERVED_FACT
10,55,J. DELBOVE,203,TOTALENERGIES,15797,1509,0,0,OBSERVED_FACT
10,56,J. PARRA,228,CAJA RURAL-SEGUROS RGA,15797,1509,0,0,OBSERVED_FACT
10,57,A. CHARMIG,123,UNO-X MOBILITY,15797,1509,0,0,OBSERVED_FACT
10,58,M. VAN GILS,28,RED BULL - BORA - HANSGROHE,15797,1509,0,0,OBSERVED_FACT
10,59,M. CATTANEO,22,RED BULL - BORA - HANSGROHE,15797,1509,0,0,OBSERVED_FACT
10,60,L. VERVAEKE,98,SOUDAL QUICK-STEP,15797,1509,0,0,OBSERVED_FACT
10,61,H. TEJADA,65,XDS ASTANA TEAM,15797,1509,0,0,OBSERVED_FACT
10,62,S. HIGUITA,61,XDS ASTANA TEAM,15797,1509,0,0,OBSERVED_FACT
10,63,A. SKAARSETH,126,UNO-X MOBILITY,15797,1509,0,0,OBSERVED_FACT
10,64,B. O'CONNOR,111,TEAM JAYCO ALULA,15797,1509,0,0,OBSERVED_FACT
10,65,A. JOHANNESSEN,125,UNO-X MOBILITY,15797,1509,0,0,OBSERVED_FACT
10,66,R. GARCIA,144,MOVISTAR TEAM,15808,1520,0,0,OBSERVED_FACT
10,67,L. PLAPP,117,TEAM JAYCO ALULA,15814,1526,0,0,OBSERVED_FACT
10,68,T. SKUJINS,36,LIDL-TREK,15814,1526,0,0,OBSERVED_FACT
10,69,X. MEURISSE,176,PINARELLO-Q36.5 PRO CYCLING TEAM,15909,1621,0,0,OBSERVED_FACT
10,70,G. ZIMMERMANN,158,LOTTO INTERMARCHE,15916,1628,0,0,OBSERVED_FACT
10,71,J. CEPEDA,143,MOVISTAR TEAM,15920,1632,0,0,OBSERVED_FACT
10,72,D. HOWSON,175,PINARELLO-Q36.5 PRO CYCLING TEAM,15920,1632,0,0,OBSERVED_FACT
10,73,J. TRATNIK,26,RED BULL - BORA - HANSGROHE,15920,1632,0,0,OBSERVED_FACT
10,74,L. CRAPS,154,LOTTO INTERMARCHE,15920,1632,0,0,OBSERVED_FACT
10,75,L. VAN EETVELT,156,LOTTO INTERMARCHE,15920,1632,0,0,OBSERVED_FACT
10,76,E. COSTIOU,184,GROUPAMA-FDJ UNITED,15920,1632,0,0,OBSERVED_FACT
10,77,M. VALGREN,47,EF EDUCATION - EASYPOST,15920,1632,0,0,OBSERVED_FACT
10,78,J. STUYVEN,94,SOUDAL QUICK-STEP,15920,1632,0,0,OBSERVED_FACT
10,79,M. LE BERRE,206,TOTALENERGIES,15920,1632,0,0,OBSERVED_FACT
10,80,M. WALKER,48,EF EDUCATION - EASYPOST,15948,1660,0,0,OBSERVED_FACT
10,81,R. PLUIMERS,195,TUDOR PRO CYCLING TEAM,15953,1665,0,0,OBSERVED_FACT
10,82,A. TIBERI,77,BAHRAIN VICTORIOUS,16029,1741,0,0,OBSERVED_FACT
10,83,C. HARPER,173,PINARELLO-Q36.5 PRO CYCLING TEAM,16243,1955,0,0,OBSERVED_FACT
10,84,W. BARGUIL,211,TEAM PICNIC POSTNL,16370,2082,0,0,OBSERVED_FACT
10,85,B. VAN MOER,177,PINARELLO-Q36.5 PRO CYCLING TEAM,16370,2082,0,0,OBSERVED_FACT
10,86,A. TURGIS,207,TOTALENERGIES,16383,2095,0,0,OBSERVED_FACT
10,87,M. VERCHER,208,TOTALENERGIES,16383,2095,0,0,OBSERVED_FACT
10,88,J. ABRAHAMSEN,122,UNO-X MOBILITY,16392,2104,0,0,OBSERVED_FACT
10,89,N. VINOKUROV,68,XDS ASTANA TEAM,16392,2104,0,0,OBSERVED_FACT
10,90,V. VAN MECHELEN,78,BAHRAIN VICTORIOUS,16436,2148,0,0,OBSERVED_FACT
10,91,F. ENGELHARDT,114,TEAM JAYCO ALULA,16459,2171,0,0,OBSERVED_FACT
10,92,M. MATTHEWS,115,TEAM JAYCO ALULA,16459,2171,0,0,OBSERVED_FACT
10,93,L. SLOCK,155,LOTTO INTERMARCHE,16459,2171,0,0,OBSERVED_FACT
10,94,N. POLITT,5,UAE TEAM EMIRATES XRG,16459,2171,0,0,OBSERVED_FACT
10,95,M. TEUNISSEN,66,XDS ASTANA TEAM,16459,2171,0,0,OBSERVED_FACT
10,96,X. AZPARREN IRURZUN,172,PINARELLO-Q36.5 PRO CYCLING TEAM,16459,2171,0,0,OBSERVED_FACT
10,97,T. GUERNALEC,205,TOTALENERGIES,16459,2171,0,0,OBSERVED_FACT
10,98,D. GODON,85,NETCOMPANY INEOS CYCLING TEAM,16459,2171,0,0,OBSERVED_FACT
10,99,H. PAGE,167,COFIDIS,16459,2171,0,0,OBSERVED_FACT
10,100,M. HEßMANN,145,MOVISTAR TEAM,16459,2171,0,0,OBSERVED_FACT
10,101,S. OLDANI,226,CAJA RURAL-SEGUROS RGA,16459,2171,0,0,OBSERVED_FACT
10,102,I. IZAGIRRE,161,COFIDIS,16459,2171,0,0,OBSERVED_FACT
10,103,A. KIRSCH,166,COFIDIS,16459,2171,0,0,OBSERVED_FACT
10,104,A. GATE,63,XDS ASTANA TEAM,16459,2171,0,0,OBSERVED_FACT
10,105,A. ARANBURU,163,COFIDIS,16459,2171,0,0,OBSERVED_FACT
10,106,K. ASGREEN,42,EF EDUCATION - EASYPOST,16459,2171,0,0,OBSERVED_FACT
10,107,F. WRIGHT,178,PINARELLO-Q36.5 PRO CYCLING TEAM,16459,2171,0,0,OBSERVED_FACT
10,108,M. FRIGO,134,NSN CYCLING TEAM,16459,2171,0,0,OBSERVED_FACT
10,109,G. MARTIN GUYONNET,186,GROUPAMA-FDJ UNITED,16459,2171,0,0,OBSERVED_FACT
10,110,M. VAN DER POEL,101,ALPECIN-PREMIER TECH,16459,2171,0,0,OBSERVED_FACT
10,111,M. PEDERSEN,33,LIDL-TREK,16459,2171,0,0,OBSERVED_FACT
10,112,M. VACEK,37,LIDL-TREK,16459,2171,0,0,OBSERVED_FACT
10,113,P. HAGENES,15,TEAM VISMA | LEASE A BIKE,16459,2171,0,0,OBSERVED_FACT
10,114,F. VERMEERSCH,6,UAE TEAM EMIRATES XRG,16459,2171,0,0,OBSERVED_FACT
10,115,T. VAN DIJKE,27,RED BULL - BORA - HANSGROHE,16459,2171,0,0,OBSERVED_FACT
10,116,E. VERSTRYNGE,108,ALPECIN-PREMIER TECH,16459,2171,0,0,OBSERVED_FACT
10,117,N. DENZ,23,RED BULL - BORA - HANSGROHE,16459,2171,0,0,OBSERVED_FACT
10,118,L. DURBRIDGE,113,TEAM JAYCO ALULA,16459,2171,0,0,OBSERVED_FACT
10,119,F. GANNA,84,NETCOMPANY INEOS CYCLING TEAM,16477,2189,0,0,OBSERVED_FACT
10,120,E. AFFINI,12,TEAM VISMA | LEASE A BIKE,16477,2189,0,0,OBSERVED_FACT
10,121,S. VELASCO,67,XDS ASTANA TEAM,16477,2189,0,0,OBSERVED_FACT
10,122,A. DELETTRE,204,TOTALENERGIES,16477,2189,0,0,OBSERVED_FACT
10,123,M. HALLER,193,TUDOR PRO CYCLING TEAM,16477,2189,0,0,OBSERVED_FACT
10,124,J. NICOLAU,225,CAJA RURAL-SEGUROS RGA,16477,2189,0,0,OBSERVED_FACT
10,125,J. OTRUBA,227,CAJA RURAL-SEGUROS RGA,16477,2189,0,0,OBSERVED_FACT
10,126,M. CORT NIELSEN,124,UNO-X MOBILITY,16477,2189,0,0,OBSERVED_FACT
10,127,F. VAN DEN BROEK,218,TEAM PICNIC POSTNL,16477,2189,0,0,OBSERVED_FACT
10,128,R. STANNARD,76,BAHRAIN VICTORIOUS,16477,2189,0,0,OBSERVED_FACT
10,129,B. THOMAS,168,COFIDIS,16487,2199,0,0,OBSERVED_FACT
10,130,G. BENNETT,133,NSN CYCLING TEAM,16498,2210,0,0,OBSERVED_FACT
10,131,M. MOHORIC,75,BAHRAIN VICTORIOUS,16498,2210,0,0,OBSERVED_FACT
10,132,M. KWIATKOWSKI,86,NETCOMPANY INEOS CYCLING TEAM,16537,2249,0,0,OBSERVED_FACT
10,133,J. TARLING,87,NETCOMPANY INEOS CYCLING TEAM,16537,2249,0,0,OBSERVED_FACT
10,134,J. ALAPHILIPPE,191,TUDOR PRO CYCLING TEAM,16572,2284,0,0,OBSERVED_FACT
10,135,N. OLIVEIRA,146,MOVISTAR TEAM,16572,2284,0,0,OBSERVED_FACT
10,136,V. CAMPENAERTS,14,TEAM VISMA | LEASE A BIKE,16578,2290,0,0,OBSERVED_FACT
10,137,J. BERCKMOES,153,LOTTO INTERMARCHE,16578,2290,0,0,OBSERVED_FACT
10,138,M. STORER,196,TUDOR PRO CYCLING TEAM,16578,2290,0,0,OBSERVED_FACT
10,139,J. RICKAERT,107,ALPECIN-PREMIER TECH,16612,2324,0,0,OBSERVED_FACT
10,140,H. ARTZ,152,LOTTO INTERMARCHE,16622,2334,0,0,OBSERVED_FACT
10,141,P. BITTNER,213,TEAM PICNIC POSTNL,16639,2351,0,0,OBSERVED_FACT
10,142,N. MÄRKL,216,TEAM PICNIC POSTNL,16639,2351,0,0,OBSERVED_FACT
10,143,P. ACKERMANN,112,TEAM JAYCO ALULA,16639,2351,0,0,OBSERVED_FACT
10,144,J. DEGENKOLB,214,TEAM PICNIC POSTNL,16639,2351,0,0,OBSERVED_FACT
10,145,F. BIESTERBOS,212,TEAM PICNIC POSTNL,16639,2351,0,0,OBSERVED_FACT
10,146,K. NEILANDS,136,NSN CYCLING TEAM,16639,2351,0,0,OBSERVED_FACT
10,147,G. STEINHAUSER,46,EF EDUCATION - EASYPOST,16639,2351,0,0,OBSERVED_FACT
10,148,M. LOUVEL,135,NSN CYCLING TEAM,16660,2372,0,0,OBSERVED_FACT
10,149,T. VAN ASBROECK,138,NSN CYCLING TEAM,16660,2372,0,0,OBSERVED_FACT
10,150,K. GRADEK,74,BAHRAIN VICTORIOUS,16680,2392,0,0,OBSERVED_FACT
10,151,M. KANTER,64,XDS ASTANA TEAM,16697,2409,0,0,OBSERVED_FACT
10,152,S. DILLIER,103,ALPECIN-PREMIER TECH,16697,2409,0,0,OBSERVED_FACT
10,153,P. ALLEGAERT,162,COFIDIS,16697,2409,0,0,OBSERVED_FACT
10,154,E. PLANCKAERT,106,ALPECIN-PREMIER TECH,16697,2409,0,0,OBSERVED_FACT
10,155,J. VAN DEN BERG,217,TEAM PICNIC POSTNL,16697,2409,0,0,OBSERVED_FACT
10,156,O. KOOIJ,55,DECATHLON CMA CGM TEAM,16709,2421,0,0,OBSERVED_FACT
10,157,D. HOOLE,54,DECATHLON CMA CGM TEAM,16709,2421,0,0,OBSERVED_FACT
10,158,J. STEWART,137,NSN CYCLING TEAM,16711,2423,0,0,OBSERVED_FACT
10,159,T. MARSMAN,104,ALPECIN-PREMIER TECH,16714,2426,0,0,OBSERVED_FACT
10,160,J. PHILIPSEN,105,ALPECIN-PREMIER TECH,16714,2426,0,0,OBSERVED_FACT
10,161,M. FRETIN,165,COFIDIS,16714,2426,0,0,OBSERVED_FACT
10,162,J. BIERMANS,164,COFIDIS,16714,2426,0,0,OBSERVED_FACT
10,163,C. BOL,53,DECATHLON CMA CGM TEAM,16714,2426,0,0,OBSERVED_FACT
10,164,D. BALLERINI,62,XDS ASTANA TEAM,16714,2426,0,0,OBSERVED_FACT
10,165,B. GIRMAY,131,NSN CYCLING TEAM,16714,2426,0,0,OBSERVED_FACT
10,166,L. ASKEY,132,NSN CYCLING TEAM,16714,2426,0,0,OBSERVED_FACT
10,167,R. DHONDT,215,TEAM PICNIC POSTNL,16714,2426,0,0,OBSERVED_FACT
10,168,D. VAN BAARLE,95,SOUDAL QUICK-STEP,16789,2501,0,0,OBSERVED_FACT
10,169,P. EENKHOORN,92,SOUDAL QUICK-STEP,16789,2501,0,0,OBSERVED_FACT
10,170,T. MERLIER,91,SOUDAL QUICK-STEP,16789,2501,0,0,OBSERVED_FACT
10,171,F. GAVIRIA,221,CAJA RURAL-SEGUROS RGA,16789,2501,0,0,OBSERVED_FACT
10,172,S. BERWICK,223,CAJA RURAL-SEGUROS RGA,16789,2501,0,0,OBSERVED_FACT
10,173,B. VEISTROFFER,157,LOTTO INTERMARCHE,16789,2501,0,0,OBSERVED_FACT
10,174,P. BAUHAUS,72,BAHRAIN VICTORIOUS,16789,2501,0,0,OBSERVED_FACT
10,175,S. WAERENSKJOLD,128,UNO-X MOBILITY,16793,2505,0,0,OBSERVED_FACT
11,1,S. WAERENSKJOLD,128,UNO-X MOBILITY,11406,0,10,0,OBSERVED_FACT
11,2,O. KOOIJ,55,DECATHLON CMA CGM TEAM,11406,0,6,0,OBSERVED_FACT
11,3,J. PHILIPSEN,105,ALPECIN-PREMIER TECH,11406,0,4,0,OBSERVED_FACT
11,4,M. FRETIN,165,COFIDIS,11406,0,0,0,OBSERVED_FACT
11,5,H. ARTZ,152,LOTTO INTERMARCHE,11406,0,0,0,OBSERVED_FACT
11,6,B. GIRMAY,131,NSN CYCLING TEAM,11406,0,0,0,OBSERVED_FACT
11,7,A. TURGIS,207,TOTALENERGIES,11406,0,0,0,OBSERVED_FACT
11,8,C. RUSSO,188,GROUPAMA-FDJ UNITED,11406,0,0,0,OBSERVED_FACT
11,9,F. GAVIRIA,221,CAJA RURAL-SEGUROS RGA,11406,0,0,0,OBSERVED_FACT
11,10,P. ACKERMANN,112,TEAM JAYCO ALULA,11406,0,0,0,OBSERVED_FACT
11,11,M. PEDERSEN,33,LIDL-TREK,11406,0,0,0,OBSERVED_FACT
11,12,R. PLUIMERS,195,TUDOR PRO CYCLING TEAM,11406,0,0,0,OBSERVED_FACT
11,13,J. BERCKMOES,153,LOTTO INTERMARCHE,11406,0,0,0,OBSERVED_FACT
11,14,S. OLDANI,226,CAJA RURAL-SEGUROS RGA,11406,0,0,0,OBSERVED_FACT
11,15,T. MERLIER,91,SOUDAL QUICK-STEP,11406,0,0,0,OBSERVED_FACT
11,16,J. BIERMANS,164,COFIDIS,11406,0,0,0,OBSERVED_FACT
11,17,F. WRIGHT,178,PINARELLO-Q36.5 PRO CYCLING TEAM,11406,0,0,0,OBSERVED_FACT
11,18,M. KANTER,64,XDS ASTANA TEAM,11406,0,0,0,OBSERVED_FACT
11,19,M. CORT NIELSEN,124,UNO-X MOBILITY,11406,0,0,0,OBSERVED_FACT
11,20,K. ASGREEN,42,EF EDUCATION - EASYPOST,11406,0,0,0,OBSERVED_FACT
11,21,D. GODON,85,NETCOMPANY INEOS CYCLING TEAM,11406,0,0,0,OBSERVED_FACT
11,22,L. SLOCK,155,LOTTO INTERMARCHE,11406,0,0,0,OBSERVED_FACT
11,23,P. BITTNER,213,TEAM PICNIC POSTNL,11406,0,0,0,OBSERVED_FACT
11,24,P. BAUHAUS,72,BAHRAIN VICTORIOUS,11406,0,0,0,OBSERVED_FACT
11,25,A. GATE,63,XDS ASTANA TEAM,11406,0,0,0,OBSERVED_FACT
11,26,D. BALLERINI,62,XDS ASTANA TEAM,11406,0,0,0,OBSERVED_FACT
11,27,J. STEWART,137,NSN CYCLING TEAM,11406,0,0,0,OBSERVED_FACT
11,28,P. ALLEGAERT,162,COFIDIS,11406,0,0,0,OBSERVED_FACT
11,29,C. BOL,53,DECATHLON CMA CGM TEAM,11406,0,0,0,OBSERVED_FACT
11,30,M. KWIATKOWSKI,86,NETCOMPANY INEOS CYCLING TEAM,11406,0,0,0,OBSERVED_FACT
11,31,K. GRADEK,74,BAHRAIN VICTORIOUS,11406,0,0,0,OBSERVED_FACT
11,32,M. TEUNISSEN,66,XDS ASTANA TEAM,11406,0,0,0,OBSERVED_FACT
11,33,X. MEURISSE,176,PINARELLO-Q36.5 PRO CYCLING TEAM,11406,0,0,0,OBSERVED_FACT
11,34,A. DELETTRE,204,TOTALENERGIES,11406,0,0,0,OBSERVED_FACT
11,35,T. PIDCOCK,171,PINARELLO-Q36.5 PRO CYCLING TEAM,11406,0,0,0,OBSERVED_FACT
11,36,R. DEBRUYNE,102,ALPECIN-PREMIER TECH,11406,0,0,0,OBSERVED_FACT
11,37,M. VACEK,37,LIDL-TREK,11406,0,0,0,OBSERVED_FACT
11,38,N. MÄRKL,216,TEAM PICNIC POSTNL,11406,0,0,0,OBSERVED_FACT
11,39,J. TARLING,87,NETCOMPANY INEOS CYCLING TEAM,11406,0,0,0,OBSERVED_FACT
11,40,N. POLITT,5,UAE TEAM EMIRATES XRG,11406,0,0,0,OBSERVED_FACT
11,41,B. MCNULTY,4,UAE TEAM EMIRATES XRG,11406,0,0,0,OBSERVED_FACT
11,42,F. VERMEERSCH,6,UAE TEAM EMIRATES XRG,11406,0,0,0,OBSERVED_FACT
11,43,T. JOHANNESSEN,121,UNO-X MOBILITY,11406,0,0,0,OBSERVED_FACT
11,44,L. VERVAEKE,98,SOUDAL QUICK-STEP,11406,0,0,0,OBSERVED_FACT
11,45,F. BIESTERBOS,212,TEAM PICNIC POSTNL,11406,0,0,0,OBSERVED_FACT
11,46,R. EVENEPOEL,21,RED BULL - BORA - HANSGROHE,11406,0,0,0,OBSERVED_FACT
11,47,J. STUYVEN,94,SOUDAL QUICK-STEP,11406,0,0,0,OBSERVED_FACT
11,48,T. POGACAR,1,UAE TEAM EMIRATES XRG,11406,0,0,0,OBSERVED_FACT
11,49,I. DEL TORO,2,UAE TEAM EMIRATES XRG,11406,0,0,0,OBSERVED_FACT
11,50,E. BERNAL,81,NETCOMPANY INEOS CYCLING TEAM,11406,0,0,0,OBSERVED_FACT
11,51,M. SCHMID,118,TEAM JAYCO ALULA,11406,0,0,0,OBSERVED_FACT
11,52,M. LOUVEL,135,NSN CYCLING TEAM,11406,0,0,0,OBSERVED_FACT
11,53,T. SKUJINS,36,LIDL-TREK,11406,0,0,0,OBSERVED_FACT
11,54,Y. VOISARD,198,TUDOR PRO CYCLING TEAM,11406,0,0,0,OBSERVED_FACT
11,55,R. STANNARD,76,BAHRAIN VICTORIOUS,11406,0,0,0,OBSERVED_FACT
11,56,H. PAGE,167,COFIDIS,11406,0,0,0,OBSERVED_FACT
11,57,N. PRODHOMME,57,DECATHLON CMA CGM TEAM,11406,0,0,0,OBSERVED_FACT
11,58,E. COSTIOU,184,GROUPAMA-FDJ UNITED,11406,0,0,0,OBSERVED_FACT
11,59,J. AYUSO,31,LIDL-TREK,11406,0,0,0,OBSERVED_FACT
11,60,E. AFFINI,12,TEAM VISMA | LEASE A BIKE,11406,0,0,0,OBSERVED_FACT
11,61,M. SKJELMOSE,35,LIDL-TREK,11406,0,0,0,OBSERVED_FACT
11,62,J. VAN DEN BERG,217,TEAM PICNIC POSTNL,11406,0,0,0,OBSERVED_FACT
11,63,P. SEIXAS,51,DECATHLON CMA CGM TEAM,11406,0,0,0,OBSERVED_FACT
11,64,B. VAN MOER,177,PINARELLO-Q36.5 PRO CYCLING TEAM,11406,0,0,0,OBSERVED_FACT
11,65,I. VAN WILDER,97,SOUDAL QUICK-STEP,11406,0,0,0,OBSERVED_FACT
11,66,J. VINGEGAARD,11,TEAM VISMA | LEASE A BIKE,11406,0,0,0,OBSERVED_FACT
11,67,R. CARAPAZ,41,EF EDUCATION - EASYPOST,11406,0,0,0,OBSERVED_FACT
11,68,B. ARMIRAIL,13,TEAM VISMA | LEASE A BIKE,11406,0,0,0,OBSERVED_FACT
11,69,M. CATTANEO,22,RED BULL - BORA - HANSGROHE,11406,0,0,0,OBSERVED_FACT
11,70,T. MARSMAN,104,ALPECIN-PREMIER TECH,11406,0,0,0,OBSERVED_FACT
11,71,M. VAN DER POEL,101,ALPECIN-PREMIER TECH,11406,0,0,0,OBSERVED_FACT
11,72,T. ARENSMAN,82,NETCOMPANY INEOS CYCLING TEAM,11406,0,0,0,OBSERVED_FACT
11,73,R. GREGOIRE,181,GROUPAMA-FDJ UNITED,11406,0,0,0,OBSERVED_FACT
11,74,M. HALLER,193,TUDOR PRO CYCLING TEAM,11406,0,0,0,OBSERVED_FACT
11,75,P. HAGENES,15,TEAM VISMA | LEASE A BIKE,11406,0,0,0,OBSERVED_FACT
11,76,J. ABRAHAMSEN,122,UNO-X MOBILITY,11406,0,0,0,OBSERVED_FACT
11,77,F. LIPOWITZ,25,RED BULL - BORA - HANSGROHE,11406,0,0,0,OBSERVED_FACT
11,78,D. PIGANZOLI,18,TEAM VISMA | LEASE A BIKE,11406,0,0,0,OBSERVED_FACT
11,79,N. DENZ,23,RED BULL - BORA - HANSGROHE,11406,0,0,0,OBSERVED_FACT
11,80,L. GERMANI,185,GROUPAMA-FDJ UNITED,11406,0,0,0,OBSERVED_FACT
11,81,T. BENOOT,52,DECATHLON CMA CGM TEAM,11406,0,0,0,OBSERVED_FACT
11,82,K. NEILANDS,136,NSN CYCLING TEAM,11406,0,0,0,OBSERVED_FACT
11,83,Q. HERMANS,174,PINARELLO-Q36.5 PRO CYCLING TEAM,11406,0,0,0,OBSERVED_FACT
11,84,M. VERCHER,208,TOTALENERGIES,11406,0,0,0,OBSERVED_FACT
11,85,C. BRAZ AFONSO,183,GROUPAMA-FDJ UNITED,11406,0,0,0,OBSERVED_FACT
11,86,A. PARET PEINTRE,56,DECATHLON CMA CGM TEAM,11406,0,0,0,OBSERVED_FACT
11,87,Q. SIMMONS,34,LIDL-TREK,11406,0,0,0,OBSERVED_FACT
11,88,P. CASTRILLO,142,MOVISTAR TEAM,11406,0,0,0,OBSERVED_FACT
11,89,Q. PACHER,187,GROUPAMA-FDJ UNITED,11406,0,0,0,OBSERVED_FACT
11,90,S. QUINN,45,EF EDUCATION - EASYPOST,11406,0,0,0,OBSERVED_FACT
11,91,R. GARCIA,144,MOVISTAR TEAM,11406,0,0,0,OBSERVED_FACT
11,92,K. VAUQUELIN,88,NETCOMPANY INEOS CYCLING TEAM,11406,0,0,0,OBSERVED_FACT
11,93,S. KUSS,17,TEAM VISMA | LEASE A BIKE,11406,0,0,0,OBSERVED_FACT
11,94,E. PLANCKAERT,106,ALPECIN-PREMIER TECH,11406,0,0,0,OBSERVED_FACT
11,95,J. RICKAERT,107,ALPECIN-PREMIER TECH,11406,0,0,0,OBSERVED_FACT
11,96,A. YATES,8,UAE TEAM EMIRATES XRG,11406,0,0,0,OBSERVED_FACT
11,97,T. GUERNALEC,205,TOTALENERGIES,11406,0,0,0,OBSERVED_FACT
11,98,J. ROMO,147,MOVISTAR TEAM,11406,0,0,0,OBSERVED_FACT
11,99,J. JEGAT,201,TOTALENERGIES,11406,0,0,0,OBSERVED_FACT
11,100,J. PARRA,228,CAJA RURAL-SEGUROS RGA,11406,0,0,0,OBSERVED_FACT
11,101,J. DELBOVE,203,TOTALENERGIES,11406,0,0,0,OBSERVED_FACT
11,102,D. CARUSO,73,BAHRAIN VICTORIOUS,11406,0,0,0,OBSERVED_FACT
11,103,C. VERONA,38,LIDL-TREK,11406,0,0,0,OBSERVED_FACT
11,104,E. RUBIO,148,MOVISTAR TEAM,11406,0,0,0,OBSERVED_FACT
11,105,L. MARTINEZ,71,BAHRAIN VICTORIOUS,11406,0,0,0,OBSERVED_FACT
11,106,A. SKAARSETH,126,UNO-X MOBILITY,11406,0,0,0,OBSERVED_FACT
11,107,A. TIBERI,77,BAHRAIN VICTORIOUS,11406,0,0,0,OBSERVED_FACT
11,108,G. MARTIN GUYONNET,186,GROUPAMA-FDJ UNITED,11406,0,0,0,OBSERVED_FACT
11,109,F. GROSSSCHARTNER,3,UAE TEAM EMIRATES XRG,11406,0,0,0,OBSERVED_FACT
11,110,M. RICCITELLO,58,DECATHLON CMA CGM TEAM,11406,0,0,0,OBSERVED_FACT
11,111,T. VAN DIJKE,27,RED BULL - BORA - HANSGROHE,11406,0,0,0,OBSERVED_FACT
11,112,A. JOHANNESSEN,125,UNO-X MOBILITY,11406,0,0,0,OBSERVED_FACT
11,113,A. BALDERSTONE,222,CAJA RURAL-SEGUROS RGA,11406,0,0,0,OBSERVED_FACT
11,114,M. VAN GILS,28,RED BULL - BORA - HANSGROHE,11406,0,0,0,OBSERVED_FACT
11,115,M. VALGREN,47,EF EDUCATION - EASYPOST,11406,0,0,0,OBSERVED_FACT
11,116,M. MOHORIC,75,BAHRAIN VICTORIOUS,11406,0,0,0,OBSERVED_FACT
11,117,B. VEISTROFFER,157,LOTTO INTERMARCHE,11406,0,0,0,OBSERVED_FACT
11,118,D. GEE,32,LIDL-TREK,11406,0,0,0,OBSERVED_FACT
11,119,W. BARGUIL,211,TEAM PICNIC POSTNL,11406,0,0,0,OBSERVED_FACT
11,120,J. DEGENKOLB,214,TEAM PICNIC POSTNL,11435,29,0,0,OBSERVED_FACT
11,121,L. VAN EETVELT,156,LOTTO INTERMARCHE,11439,33,0,0,OBSERVED_FACT
11,122,T. WELLENS,7,UAE TEAM EMIRATES XRG,11439,33,0,0,OBSERVED_FACT
11,123,D. HOOLE,54,DECATHLON CMA CGM TEAM,11442,36,0,0,OBSERVED_FACT
11,124,F. ENGELHARDT,114,TEAM JAYCO ALULA,11442,36,0,0,OBSERVED_FACT
11,125,M. MATTHEWS,115,TEAM JAYCO ALULA,11442,36,0,0,OBSERVED_FACT
11,126,V. CAMPENAERTS,14,TEAM VISMA | LEASE A BIKE,11442,36,0,0,OBSERVED_FACT
11,127,M. HIRSCHI,194,TUDOR PRO CYCLING TEAM,11442,36,0,0,OBSERVED_FACT
11,128,M. FRIGO,134,NSN CYCLING TEAM,11442,36,0,0,OBSERVED_FACT
11,129,A. KIRSCH,166,COFIDIS,11442,36,0,0,OBSERVED_FACT
11,130,F. GANNA,84,NETCOMPANY INEOS CYCLING TEAM,11442,36,0,0,OBSERVED_FACT
11,131,J. CEPEDA,143,MOVISTAR TEAM,11442,36,0,0,OBSERVED_FACT
11,132,M. HEßMANN,145,MOVISTAR TEAM,11442,36,0,0,OBSERVED_FACT
11,133,J. HINDLEY,24,RED BULL - BORA - HANSGROHE,11442,36,0,0,OBSERVED_FACT
11,134,D. HOWSON,175,PINARELLO-Q36.5 PRO CYCLING TEAM,11442,36,0,0,OBSERVED_FACT
11,135,J. OTRUBA,227,CAJA RURAL-SEGUROS RGA,11442,36,0,0,OBSERVED_FACT
11,136,S. VELASCO,67,XDS ASTANA TEAM,11442,36,0,0,OBSERVED_FACT
11,137,T. VAN ASBROECK,138,NSN CYCLING TEAM,11442,36,0,0,OBSERVED_FACT
11,138,L. ASKEY,132,NSN CYCLING TEAM,11442,36,0,0,OBSERVED_FACT
11,139,T. FOSS,83,NETCOMPANY INEOS CYCLING TEAM,11442,36,0,0,OBSERVED_FACT
11,140,L. DURBRIDGE,113,TEAM JAYCO ALULA,11442,36,0,0,OBSERVED_FACT
11,141,V. PARET PEINTRE,93,SOUDAL QUICK-STEP,11442,36,0,0,OBSERVED_FACT
11,142,S. DILLIER,103,ALPECIN-PREMIER TECH,11442,36,0,0,OBSERVED_FACT
11,143,G. STEINHAUSER,46,EF EDUCATION - EASYPOST,11442,36,0,0,OBSERVED_FACT
11,144,A. BAUDIN,43,EF EDUCATION - EASYPOST,11442,36,0,0,OBSERVED_FACT
11,145,J. NICOLAU,225,CAJA RURAL-SEGUROS RGA,11442,36,0,0,OBSERVED_FACT
11,146,L. PLAPP,117,TEAM JAYCO ALULA,11442,36,0,0,OBSERVED_FACT
11,147,A. CHARMIG,123,UNO-X MOBILITY,11442,36,0,0,OBSERVED_FACT
11,148,L. CRAPS,154,LOTTO INTERMARCHE,11442,36,0,0,OBSERVED_FACT
11,149,E. VERSTRYNGE,108,ALPECIN-PREMIER TECH,11442,36,0,0,OBSERVED_FACT
11,150,I. IZAGIRRE,161,COFIDIS,11442,36,0,0,OBSERVED_FACT
11,151,N. OLIVEIRA,146,MOVISTAR TEAM,11442,36,0,0,OBSERVED_FACT
11,152,J. TRATNIK,26,RED BULL - BORA - HANSGROHE,11442,36,0,0,OBSERVED_FACT
11,153,B. THOMAS,168,COFIDIS,11442,36,0,0,OBSERVED_FACT
11,154,B. O'CONNOR,111,TEAM JAYCO ALULA,11466,60,0,0,OBSERVED_FACT
11,155,R. DHONDT,215,TEAM PICNIC POSTNL,11466,60,0,0,OBSERVED_FACT
11,156,A. ARANBURU,163,COFIDIS,11466,60,0,0,OBSERVED_FACT
11,157,X. AZPARREN IRURZUN,172,PINARELLO-Q36.5 PRO CYCLING TEAM,11466,60,0,0,OBSERVED_FACT
11,158,S. HIGUITA,61,XDS ASTANA TEAM,11466,60,0,0,OBSERVED_FACT
11,159,M. WALKER,48,EF EDUCATION - EASYPOST,11466,60,0,0,OBSERVED_FACT
11,160,B. HEALY,44,EF EDUCATION - EASYPOST,11466,60,0,0,OBSERVED_FACT
11,161,M. LE BERRE,206,TOTALENERGIES,11466,60,0,0,OBSERVED_FACT
11,162,N. BREUILLARD,202,TOTALENERGIES,11511,105,0,0,OBSERVED_FACT
11,163,V. VAN MECHELEN,78,BAHRAIN VICTORIOUS,11520,114,0,0,OBSERVED_FACT
11,164,M. JORGENSON,16,TEAM VISMA | LEASE A BIKE,11538,132,0,0,OBSERVED_FACT
11,165,F. VAN DEN BROEK,218,TEAM PICNIC POSTNL,11538,132,0,0,OBSERVED_FACT
11,166,S. BERWICK,223,CAJA RURAL-SEGUROS RGA,11538,132,0,0,OBSERVED_FACT
11,167,H. TEJADA,65,XDS ASTANA TEAM,11562,156,0,0,OBSERVED_FACT
11,168,M. STORER,196,TUDOR PRO CYCLING TEAM,11562,156,0,0,OBSERVED_FACT
11,169,N. VINOKUROV,68,XDS ASTANA TEAM,11602,196,0,0,OBSERVED_FACT
11,170,D. VAN BAARLE,95,SOUDAL QUICK-STEP,11651,245,0,0,OBSERVED_FACT
11,171,G. BENNETT,133,NSN CYCLING TEAM,11795,389,0,0,OBSERVED_FACT
11,172,P. EENKHOORN,92,SOUDAL QUICK-STEP,11795,389,0,0,OBSERVED_FACT
11,173,G. ZIMMERMANN,158,LOTTO INTERMARCHE,11862,456,0,0,OBSERVED_FACT
11,174,J. ALAPHILIPPE,191,TUDOR PRO CYCLING TEAM,11862,456,0,0,OBSERVED_FACT
12,1,T. MERLIER,91,SOUDAL QUICK-STEP,13133,0,10,0,OBSERVED_FACT
12,2,O. KOOIJ,55,DECATHLON CMA CGM TEAM,13133,0,6,0,OBSERVED_FACT
12,3,J. PHILIPSEN,105,ALPECIN-PREMIER TECH,13133,0,4,0,OBSERVED_FACT
12,4,B. GIRMAY,131,NSN CYCLING TEAM,13133,0,0,0,OBSERVED_FACT
12,5,M. FRETIN,165,COFIDIS,13133,0,0,0,OBSERVED_FACT
12,6,A. TURGIS,207,TOTALENERGIES,13133,0,0,0,OBSERVED_FACT
12,7,M. KANTER,64,XDS ASTANA TEAM,13133,0,0,0,OBSERVED_FACT
12,8,C. RUSSO,188,GROUPAMA-FDJ UNITED,13133,0,0,0,OBSERVED_FACT
12,9,M. PEDERSEN,33,LIDL-TREK,13133,0,0,0,OBSERVED_FACT
12,10,H. ARTZ,152,LOTTO INTERMARCHE,13133,0,0,0,OBSERVED_FACT
12,11,R. PLUIMERS,195,TUDOR PRO CYCLING TEAM,13133,0,0,0,OBSERVED_FACT
12,12,F. WRIGHT,178,PINARELLO-Q36.5 PRO CYCLING TEAM,13133,0,0,0,OBSERVED_FACT
12,13,J. BIERMANS,164,COFIDIS,13133,0,0,0,OBSERVED_FACT
12,14,M. VAN DER POEL,101,ALPECIN-PREMIER TECH,13133,0,0,0,OBSERVED_FACT
12,15,P. ACKERMANN,112,TEAM JAYCO ALULA,13133,0,0,0,OBSERVED_FACT
12,16,J. STUYVEN,94,SOUDAL QUICK-STEP,13133,0,0,0,OBSERVED_FACT
12,17,F. VERMEERSCH,6,UAE TEAM EMIRATES XRG,13133,0,0,0,OBSERVED_FACT
12,18,R. EVENEPOEL,21,RED BULL - BORA - HANSGROHE,13133,0,0,0,OBSERVED_FACT
12,19,K. ASGREEN,42,EF EDUCATION - EASYPOST,13133,0,0,0,OBSERVED_FACT
12,20,R. STANNARD,76,BAHRAIN VICTORIOUS,13133,0,0,0,OBSERVED_FACT
12,21,A. PARET PEINTRE,56,DECATHLON CMA CGM TEAM,13133,0,0,0,OBSERVED_FACT
12,22,M. SCHMID,118,TEAM JAYCO ALULA,13133,0,0,0,OBSERVED_FACT
12,23,M. TEUNISSEN,66,XDS ASTANA TEAM,13133,0,0,0,OBSERVED_FACT
12,24,J. STEWART,137,NSN CYCLING TEAM,13133,0,0,0,OBSERVED_FACT
12,25,A. DELETTRE,204,TOTALENERGIES,13133,0,0,0,OBSERVED_FACT
12,26,T. JOHANNESSEN,121,UNO-X MOBILITY,13133,0,0,0,OBSERVED_FACT
12,27,M. CORT NIELSEN,124,UNO-X MOBILITY,13133,0,0,0,OBSERVED_FACT
12,28,T. PIDCOCK,171,PINARELLO-Q36.5 PRO CYCLING TEAM,13133,0,0,0,OBSERVED_FACT
12,29,X. MEURISSE,176,PINARELLO-Q36.5 PRO CYCLING TEAM,13133,0,0,0,OBSERVED_FACT
12,30,Q. HERMANS,174,PINARELLO-Q36.5 PRO CYCLING TEAM,13133,0,0,0,OBSERVED_FACT
12,31,M. HALLER,193,TUDOR PRO CYCLING TEAM,13133,0,0,0,OBSERVED_FACT
12,32,M. MOHORIC,75,BAHRAIN VICTORIOUS,13133,0,0,0,OBSERVED_FACT
12,33,J. RICKAERT,107,ALPECIN-PREMIER TECH,13133,0,0,0,OBSERVED_FACT
12,34,C. BOL,53,DECATHLON CMA CGM TEAM,13133,0,0,0,OBSERVED_FACT
12,35,P. SEIXAS,51,DECATHLON CMA CGM TEAM,13133,0,0,0,OBSERVED_FACT
12,36,N. PRODHOMME,57,DECATHLON CMA CGM TEAM,13133,0,0,0,OBSERVED_FACT
12,37,T. VAN ASBROECK,138,NSN CYCLING TEAM,13133,0,0,0,OBSERVED_FACT
12,38,A. TIBERI,77,BAHRAIN VICTORIOUS,13133,0,0,0,OBSERVED_FACT
12,39,D. HOOLE,54,DECATHLON CMA CGM TEAM,13133,0,0,0,OBSERVED_FACT
12,40,R. GREGOIRE,181,GROUPAMA-FDJ UNITED,13133,0,0,0,OBSERVED_FACT
12,41,M. SKJELMOSE,35,LIDL-TREK,13133,0,0,0,OBSERVED_FACT
12,42,J. VINGEGAARD,11,TEAM VISMA | LEASE A BIKE,13133,0,0,0,OBSERVED_FACT
12,43,E. AFFINI,12,TEAM VISMA | LEASE A BIKE,13133,0,0,0,OBSERVED_FACT
12,44,Q. SIMMONS,34,LIDL-TREK,13133,0,0,0,OBSERVED_FACT
12,45,C. BRAZ AFONSO,183,GROUPAMA-FDJ UNITED,13133,0,0,0,OBSERVED_FACT
12,46,Y. VOISARD,198,TUDOR PRO CYCLING TEAM,13133,0,0,0,OBSERVED_FACT
12,47,J. JEGAT,201,TOTALENERGIES,13133,0,0,0,OBSERVED_FACT
12,48,T. GUERNALEC,205,TOTALENERGIES,13133,0,0,0,OBSERVED_FACT
12,49,N. POLITT,5,UAE TEAM EMIRATES XRG,13133,0,0,0,OBSERVED_FACT
12,50,T. POGACAR,1,UAE TEAM EMIRATES XRG,13133,0,0,0,OBSERVED_FACT
12,51,M. MATTHEWS,115,TEAM JAYCO ALULA,13133,0,0,0,OBSERVED_FACT
12,52,F. LIPOWITZ,25,RED BULL - BORA - HANSGROHE,13133,0,0,0,OBSERVED_FACT
12,53,B. MCNULTY,4,UAE TEAM EMIRATES XRG,13133,0,0,0,OBSERVED_FACT
12,54,A. CHARMIG,123,UNO-X MOBILITY,13133,0,0,0,OBSERVED_FACT
12,55,J. HINDLEY,24,RED BULL - BORA - HANSGROHE,13133,0,0,0,OBSERVED_FACT
12,56,A. YATES,8,UAE TEAM EMIRATES XRG,13133,0,0,0,OBSERVED_FACT
12,57,L. GERMANI,185,GROUPAMA-FDJ UNITED,13133,0,0,0,OBSERVED_FACT
12,58,I. DEL TORO,2,UAE TEAM EMIRATES XRG,13133,0,0,0,OBSERVED_FACT
12,59,I. VAN WILDER,97,SOUDAL QUICK-STEP,13133,0,0,0,OBSERVED_FACT
12,60,D. CARUSO,73,BAHRAIN VICTORIOUS,13133,0,0,0,OBSERVED_FACT
12,61,T. VAN DIJKE,27,RED BULL - BORA - HANSGROHE,13133,0,0,0,OBSERVED_FACT
12,62,T. BENOOT,52,DECATHLON CMA CGM TEAM,13133,0,0,0,OBSERVED_FACT
12,63,S. QUINN,45,EF EDUCATION - EASYPOST,13133,0,0,0,OBSERVED_FACT
12,64,J. AYUSO,31,LIDL-TREK,13133,0,0,0,OBSERVED_FACT
12,65,S. KUSS,17,TEAM VISMA | LEASE A BIKE,13133,0,0,0,OBSERVED_FACT
12,66,R. CARAPAZ,41,EF EDUCATION - EASYPOST,13133,0,0,0,OBSERVED_FACT
12,67,D. PIGANZOLI,18,TEAM VISMA | LEASE A BIKE,13133,0,0,0,OBSERVED_FACT
12,68,B. VAN MOER,177,PINARELLO-Q36.5 PRO CYCLING TEAM,13133,0,0,0,OBSERVED_FACT
12,69,M. HEßMANN,145,MOVISTAR TEAM,13133,0,0,0,OBSERVED_FACT
12,70,M. RICCITELLO,58,DECATHLON CMA CGM TEAM,13133,0,0,0,OBSERVED_FACT
12,71,M. VAN GILS,28,RED BULL - BORA - HANSGROHE,13133,0,0,0,OBSERVED_FACT
12,72,F. GROSSSCHARTNER,3,UAE TEAM EMIRATES XRG,13133,0,0,0,OBSERVED_FACT
12,73,P. CASTRILLO,142,MOVISTAR TEAM,13133,0,0,0,OBSERVED_FACT
12,74,A. KIRSCH,166,COFIDIS,13133,0,0,0,OBSERVED_FACT
12,75,T. SKUJINS,36,LIDL-TREK,13133,0,0,0,OBSERVED_FACT
12,76,A. GATE,63,XDS ASTANA TEAM,13133,0,0,0,OBSERVED_FACT
12,77,G. MARTIN GUYONNET,186,GROUPAMA-FDJ UNITED,13133,0,0,0,OBSERVED_FACT
12,78,K. GRADEK,74,BAHRAIN VICTORIOUS,13133,0,0,0,OBSERVED_FACT
12,79,F. ENGELHARDT,114,TEAM JAYCO ALULA,13133,0,0,0,OBSERVED_FACT
12,80,M. VERCHER,208,TOTALENERGIES,13133,0,0,0,OBSERVED_FACT
12,81,J. DELBOVE,203,TOTALENERGIES,13133,0,0,0,OBSERVED_FACT
12,82,M. VACEK,37,LIDL-TREK,13133,0,0,0,OBSERVED_FACT
12,83,R. DEBRUYNE,102,ALPECIN-PREMIER TECH,13133,0,0,0,OBSERVED_FACT
12,84,M. LOUVEL,135,NSN CYCLING TEAM,13133,0,0,0,OBSERVED_FACT
12,85,L. ASKEY,132,NSN CYCLING TEAM,13133,0,0,0,OBSERVED_FACT
12,86,P. BITTNER,213,TEAM PICNIC POSTNL,13133,0,0,0,OBSERVED_FACT
12,87,W. BARGUIL,211,TEAM PICNIC POSTNL,13133,0,0,0,OBSERVED_FACT
12,88,J. VAN DEN BERG,217,TEAM PICNIC POSTNL,13133,0,0,0,OBSERVED_FACT
12,89,D. HOWSON,175,PINARELLO-Q36.5 PRO CYCLING TEAM,13133,0,0,0,OBSERVED_FACT
12,90,D. GEE,32,LIDL-TREK,13133,0,0,0,OBSERVED_FACT
12,91,E. PLANCKAERT,106,ALPECIN-PREMIER TECH,13133,0,0,0,OBSERVED_FACT
12,92,P. HAGENES,15,TEAM VISMA | LEASE A BIKE,13133,0,0,0,OBSERVED_FACT
12,93,N. OLIVEIRA,146,MOVISTAR TEAM,13133,0,0,0,OBSERVED_FACT
12,94,S. VELASCO,67,XDS ASTANA TEAM,13133,0,0,0,OBSERVED_FACT
12,95,L. VERVAEKE,98,SOUDAL QUICK-STEP,13133,0,0,0,OBSERVED_FACT
12,96,J. PARRA,228,CAJA RURAL-SEGUROS RGA,13133,0,0,0,OBSERVED_FACT
12,97,Q. PACHER,187,GROUPAMA-FDJ UNITED,13133,0,0,0,OBSERVED_FACT
12,98,R. GARCIA,144,MOVISTAR TEAM,13133,0,0,0,OBSERVED_FACT
12,99,J. ROMO,147,MOVISTAR TEAM,13133,0,0,0,OBSERVED_FACT
12,100,J. TRATNIK,26,RED BULL - BORA - HANSGROHE,13133,0,0,0,OBSERVED_FACT
12,101,P. ALLEGAERT,162,COFIDIS,13133,0,0,0,OBSERVED_FACT
12,102,H. PAGE,167,COFIDIS,13133,0,0,0,OBSERVED_FACT
12,103,M. CATTANEO,22,RED BULL - BORA - HANSGROHE,13133,0,0,0,OBSERVED_FACT
12,104,D. BALLERINI,62,XDS ASTANA TEAM,13133,0,0,0,OBSERVED_FACT
12,105,C. VERONA,38,LIDL-TREK,13133,0,0,0,OBSERVED_FACT
12,106,B. O'CONNOR,111,TEAM JAYCO ALULA,13133,0,0,0,OBSERVED_FACT
12,107,S. WAERENSKJOLD,128,UNO-X MOBILITY,13133,0,0,0,OBSERVED_FACT
12,108,A. JOHANNESSEN,125,UNO-X MOBILITY,13133,0,0,0,OBSERVED_FACT
12,109,L. MARTINEZ,71,BAHRAIN VICTORIOUS,13133,0,0,0,OBSERVED_FACT
12,110,P. BAUHAUS,72,BAHRAIN VICTORIOUS,13133,0,0,0,OBSERVED_FACT
12,111,J. DEGENKOLB,214,TEAM PICNIC POSTNL,13133,0,0,0,OBSERVED_FACT
12,112,L. CRAPS,154,LOTTO INTERMARCHE,13133,0,0,0,OBSERVED_FACT
12,113,L. VAN EETVELT,156,LOTTO INTERMARCHE,13133,0,0,0,OBSERVED_FACT
12,114,L. DURBRIDGE,113,TEAM JAYCO ALULA,13133,0,0,0,OBSERVED_FACT
12,115,M. FRIGO,134,NSN CYCLING TEAM,13133,0,0,0,OBSERVED_FACT
12,116,T. MARSMAN,104,ALPECIN-PREMIER TECH,13133,0,0,0,OBSERVED_FACT
12,117,B. THOMAS,168,COFIDIS,13133,0,0,0,OBSERVED_FACT
12,118,M. VALGREN,47,EF EDUCATION - EASYPOST,13133,0,0,0,OBSERVED_FACT
12,119,B. ARMIRAIL,13,TEAM VISMA | LEASE A BIKE,13133,0,0,0,OBSERVED_FACT
12,120,M. LE BERRE,206,TOTALENERGIES,13133,0,0,0,OBSERVED_FACT
12,121,L. PLAPP,117,TEAM JAYCO ALULA,13133,0,0,0,OBSERVED_FACT
12,122,A. BAUDIN,43,EF EDUCATION - EASYPOST,13133,0,0,0,OBSERVED_FACT
12,123,A. BALDERSTONE,222,CAJA RURAL-SEGUROS RGA,13133,0,0,0,OBSERVED_FACT
12,124,E. BERNAL,81,NETCOMPANY INEOS CYCLING TEAM,13133,0,0,0,OBSERVED_FACT
12,125,J. ABRAHAMSEN,122,UNO-X MOBILITY,13133,0,0,0,OBSERVED_FACT
12,126,A. SKAARSETH,126,UNO-X MOBILITY,13133,0,0,0,OBSERVED_FACT
12,127,M. WALKER,48,EF EDUCATION - EASYPOST,13133,0,0,0,OBSERVED_FACT
12,128,A. ARANBURU,163,COFIDIS,13133,0,0,0,OBSERVED_FACT
12,129,B. HEALY,44,EF EDUCATION - EASYPOST,13133,0,0,0,OBSERVED_FACT
12,130,E. RUBIO,148,MOVISTAR TEAM,13133,0,0,0,OBSERVED_FACT
12,131,S. HIGUITA,61,XDS ASTANA TEAM,13133,0,0,0,OBSERVED_FACT
12,132,M. KWIATKOWSKI,86,NETCOMPANY INEOS CYCLING TEAM,13133,0,0,0,OBSERVED_FACT
12,133,G. ZIMMERMANN,158,LOTTO INTERMARCHE,13133,0,0,0,OBSERVED_FACT
12,134,T. ARENSMAN,82,NETCOMPANY INEOS CYCLING TEAM,13133,0,0,0,OBSERVED_FACT
12,135,T. FOSS,83,NETCOMPANY INEOS CYCLING TEAM,13133,0,0,0,OBSERVED_FACT
12,136,J. TARLING,87,NETCOMPANY INEOS CYCLING TEAM,13133,0,0,0,OBSERVED_FACT
12,137,M. HIRSCHI,194,TUDOR PRO CYCLING TEAM,13133,0,0,0,OBSERVED_FACT
12,138,V. CAMPENAERTS,14,TEAM VISMA | LEASE A BIKE,13133,0,0,0,OBSERVED_FACT
12,139,N. VINOKUROV,68,XDS ASTANA TEAM,13133,0,0,0,OBSERVED_FACT
12,140,N. BREUILLARD,202,TOTALENERGIES,13133,0,0,0,OBSERVED_FACT
12,141,J. CEPEDA,143,MOVISTAR TEAM,13133,0,0,0,OBSERVED_FACT
12,142,I. IZAGIRRE,161,COFIDIS,13133,0,0,0,OBSERVED_FACT
12,143,F. VAN DEN BROEK,218,TEAM PICNIC POSTNL,13133,0,0,0,OBSERVED_FACT
12,144,V. VAN MECHELEN,78,BAHRAIN VICTORIOUS,13133,0,0,0,OBSERVED_FACT
12,145,H. TEJADA,65,XDS ASTANA TEAM,13339,206,0,0,OBSERVED_FACT
12,146,M. STORER,196,TUDOR PRO CYCLING TEAM,13339,206,0,0,OBSERVED_FACT
12,147,S. BERWICK,223,CAJA RURAL-SEGUROS RGA,13339,206,0,0,OBSERVED_FACT
12,148,D. GODON,85,NETCOMPANY INEOS CYCLING TEAM,13133,0,0,0,OBSERVED_FACT
12,149,K. VAUQUELIN,88,NETCOMPANY INEOS CYCLING TEAM,13133,0,0,0,OBSERVED_FACT
12,150,X. AZPARREN IRURZUN,172,PINARELLO-Q36.5 PRO CYCLING TEAM,13366,233,0,0,OBSERVED_FACT
12,151,F. GAVIRIA,221,CAJA RURAL-SEGUROS RGA,13133,0,0,0,OBSERVED_FACT
12,152,S. OLDANI,226,CAJA RURAL-SEGUROS RGA,13133,0,0,0,OBSERVED_FACT
12,153,R. DHONDT,215,TEAM PICNIC POSTNL,13389,256,0,0,OBSERVED_FACT
12,154,D. VAN BAARLE,95,SOUDAL QUICK-STEP,13432,299,0,0,OBSERVED_FACT
12,155,J. BERCKMOES,153,LOTTO INTERMARCHE,13133,0,0,0,OBSERVED_FACT
12,156,L. SLOCK,155,LOTTO INTERMARCHE,13133,0,0,0,OBSERVED_FACT
12,157,V. PARET PEINTRE,93,SOUDAL QUICK-STEP,13470,337,0,0,OBSERVED_FACT
12,158,N. DENZ,23,RED BULL - BORA - HANSGROHE,13470,337,0,0,OBSERVED_FACT
12,159,F. BIESTERBOS,212,TEAM PICNIC POSTNL,13470,337,0,0,OBSERVED_FACT
12,160,F. GANNA,84,NETCOMPANY INEOS CYCLING TEAM,13571,438,0,0,OBSERVED_FACT
12,161,B. VEISTROFFER,157,LOTTO INTERMARCHE,13599,466,0,0,OBSERVED_FACT
12,162,T. WELLENS,7,UAE TEAM EMIRATES XRG,13599,466,0,0,OBSERVED_FACT
12,163,N. MÄRKL,216,TEAM PICNIC POSTNL,13599,466,0,0,OBSERVED_FACT
12,164,J. NICOLAU,225,CAJA RURAL-SEGUROS RGA,13599,466,0,0,OBSERVED_FACT
12,165,J. ALAPHILIPPE,191,TUDOR PRO CYCLING TEAM,13599,466,0,0,OBSERVED_FACT
12,166,G. STEINHAUSER,46,EF EDUCATION - EASYPOST,13599,466,0,0,OBSERVED_FACT
12,167,M. JORGENSON,16,TEAM VISMA | LEASE A BIKE,13599,466,0,0,OBSERVED_FACT
12,168,E. VERSTRYNGE,108,ALPECIN-PREMIER TECH,13599,466,0,0,OBSERVED_FACT
12,169,K. NEILANDS,136,NSN CYCLING TEAM,13599,466,0,0,OBSERVED_FACT
12,170,S. DILLIER,103,ALPECIN-PREMIER TECH,13599,466,0,0,OBSERVED_FACT
12,171,J. OTRUBA,227,CAJA RURAL-SEGUROS RGA,13599,466,0,0,OBSERVED_FACT
12,172,P. EENKHOORN,92,SOUDAL QUICK-STEP,13599,466,0,0,OBSERVED_FACT
12,173,E. COSTIOU,184,GROUPAMA-FDJ UNITED,13599,466,0,0,OBSERVED_FACT
12,174,G. BENNETT,133,NSN CYCLING TEAM,13599,466,0,0,OBSERVED_FACT
13,1,M. SCHMID,118,TEAM JAYCO ALULA,14818,0,10,0,OBSERVED_FACT
13,2,H. TEJADA,65,XDS ASTANA TEAM,14818,0,6,0,OBSERVED_FACT
13,3,T. PIDCOCK,171,PINARELLO-Q36.5 PRO CYCLING TEAM,14820,2,4,0,OBSERVED_FACT
13,4,M. VAN GILS,28,RED BULL - BORA - HANSGROHE,14820,2,0,0,OBSERVED_FACT
13,5,B. MCNULTY,4,UAE TEAM EMIRATES XRG,14820,2,0,0,OBSERVED_FACT
13,6,K. VAUQUELIN,88,NETCOMPANY INEOS CYCLING TEAM,14820,2,0,0,OBSERVED_FACT
13,7,J. JEGAT,201,TOTALENERGIES,14820,2,0,0,OBSERVED_FACT
13,8,C. BRAZ AFONSO,183,GROUPAMA-FDJ UNITED,14820,2,0,0,OBSERVED_FACT
13,9,T. WELLENS,7,UAE TEAM EMIRATES XRG,14820,2,0,0,OBSERVED_FACT
13,10,L. PLAPP,117,TEAM JAYCO ALULA,14829,11,0,0,OBSERVED_FACT
13,11,R. GARCIA,144,MOVISTAR TEAM,14875,57,0,0,OBSERVED_FACT
13,12,M. VALGREN,47,EF EDUCATION - EASYPOST,14877,59,0,0,OBSERVED_FACT
13,13,M. MATTHEWS,115,TEAM JAYCO ALULA,14879,61,0,0,OBSERVED_FACT
13,14,N. BREUILLARD,202,TOTALENERGIES,14879,61,0,0,OBSERVED_FACT
13,15,M. HIRSCHI,194,TUDOR PRO CYCLING TEAM,14879,61,0,0,OBSERVED_FACT
13,16,G. BENNETT,133,NSN CYCLING TEAM,14879,61,0,0,OBSERVED_FACT
13,17,L. CRAPS,154,LOTTO INTERMARCHE,14879,61,0,0,OBSERVED_FACT
13,18,I. IZAGIRRE,161,COFIDIS,14881,63,0,0,OBSERVED_FACT
13,19,B. O'CONNOR,111,TEAM JAYCO ALULA,14886,68,0,0,OBSERVED_FACT
13,20,M. CORT NIELSEN,124,UNO-X MOBILITY,14961,143,0,0,OBSERVED_FACT
13,21,A. ARANBURU,163,COFIDIS,14961,143,0,0,OBSERVED_FACT
13,22,J. PARRA,228,CAJA RURAL-SEGUROS RGA,14961,143,0,0,OBSERVED_FACT
13,23,R. PLUIMERS,195,TUDOR PRO CYCLING TEAM,14961,143,0,0,OBSERVED_FACT
13,24,E. VERSTRYNGE,108,ALPECIN-PREMIER TECH,14963,145,0,0,OBSERVED_FACT
13,25,R. DHONDT,215,TEAM PICNIC POSTNL,15017,199,0,0,OBSERVED_FACT
13,26,R. GREGOIRE,181,GROUPAMA-FDJ UNITED,15017,199,0,0,OBSERVED_FACT
13,27,J. DELBOVE,203,TOTALENERGIES,15017,199,0,0,OBSERVED_FACT
13,28,N. VINOKUROV,68,XDS ASTANA TEAM,15172,354,0,0,OBSERVED_FACT
13,29,B. THOMAS,168,COFIDIS,15172,354,0,0,OBSERVED_FACT
13,30,M. VERCHER,208,TOTALENERGIES,15172,354,0,0,OBSERVED_FACT
13,31,B. HEALY,44,EF EDUCATION - EASYPOST,15208,390,0,0,OBSERVED_FACT
13,32,Q. PACHER,187,GROUPAMA-FDJ UNITED,15216,398,0,0,OBSERVED_FACT
13,33,Q. SIMMONS,34,LIDL-TREK,15270,452,0,0,OBSERVED_FACT
13,34,R. EVENEPOEL,21,RED BULL - BORA - HANSGROHE,15270,452,0,0,OBSERVED_FACT
13,35,J. HINDLEY,24,RED BULL - BORA - HANSGROHE,15270,452,0,0,OBSERVED_FACT
13,36,F. LIPOWITZ,25,RED BULL - BORA - HANSGROHE,15270,452,0,0,OBSERVED_FACT
13,37,A. YATES,8,UAE TEAM EMIRATES XRG,15270,452,0,0,OBSERVED_FACT
13,38,T. POGACAR,1,UAE TEAM EMIRATES XRG,15270,452,0,0,OBSERVED_FACT
13,39,I. DEL TORO,2,UAE TEAM EMIRATES XRG,15270,452,0,0,OBSERVED_FACT
13,40,P. HAGENES,15,TEAM VISMA | LEASE A BIKE,15270,452,0,0,OBSERVED_FACT
13,41,J. VINGEGAARD,11,TEAM VISMA | LEASE A BIKE,15270,452,0,0,OBSERVED_FACT
13,42,V. CAMPENAERTS,14,TEAM VISMA | LEASE A BIKE,15270,452,0,0,OBSERVED_FACT
13,43,D. PIGANZOLI,18,TEAM VISMA | LEASE A BIKE,15270,452,0,0,OBSERVED_FACT
13,44,S. KUSS,17,TEAM VISMA | LEASE A BIKE,15270,452,0,0,OBSERVED_FACT
13,45,D. GEE,32,LIDL-TREK,15270,452,0,0,OBSERVED_FACT
13,46,M. SKJELMOSE,35,LIDL-TREK,15270,452,0,0,OBSERVED_FACT
13,47,J. AYUSO,31,LIDL-TREK,15270,452,0,0,OBSERVED_FACT
13,48,C. VERONA,38,LIDL-TREK,15270,452,0,0,OBSERVED_FACT
13,49,T. BENOOT,52,DECATHLON CMA CGM TEAM,15270,452,0,0,OBSERVED_FACT
13,50,N. PRODHOMME,57,DECATHLON CMA CGM TEAM,15270,452,0,0,OBSERVED_FACT
13,51,P. SEIXAS,51,DECATHLON CMA CGM TEAM,15270,452,0,0,OBSERVED_FACT
13,52,M. RICCITELLO,58,DECATHLON CMA CGM TEAM,15270,452,0,0,OBSERVED_FACT
13,53,T. FOSS,83,NETCOMPANY INEOS CYCLING TEAM,15270,452,0,0,OBSERVED_FACT
13,54,T. ARENSMAN,82,NETCOMPANY INEOS CYCLING TEAM,15270,452,0,0,OBSERVED_FACT
13,55,E. BERNAL,81,NETCOMPANY INEOS CYCLING TEAM,15270,452,0,0,OBSERVED_FACT
13,56,M. CATTANEO,22,RED BULL - BORA - HANSGROHE,15270,452,0,0,OBSERVED_FACT
13,57,A. JOHANNESSEN,125,UNO-X MOBILITY,15270,452,0,0,OBSERVED_FACT
13,58,T. JOHANNESSEN,121,UNO-X MOBILITY,15270,452,0,0,OBSERVED_FACT
13,59,R. CARAPAZ,41,EF EDUCATION - EASYPOST,15270,452,0,0,OBSERVED_FACT
13,60,I. VAN WILDER,97,SOUDAL QUICK-STEP,15270,452,0,0,OBSERVED_FACT
13,61,S. QUINN,45,EF EDUCATION - EASYPOST,15270,452,0,0,OBSERVED_FACT
13,62,M. MOHORIC,75,BAHRAIN VICTORIOUS,15270,452,0,0,OBSERVED_FACT
13,63,Y. VOISARD,198,TUDOR PRO CYCLING TEAM,15270,452,0,0,OBSERVED_FACT
13,64,L. MARTINEZ,71,BAHRAIN VICTORIOUS,15270,452,0,0,OBSERVED_FACT
13,65,X. MEURISSE,176,PINARELLO-Q36.5 PRO CYCLING TEAM,15270,452,0,0,OBSERVED_FACT
13,66,A. BALDERSTONE,222,CAJA RURAL-SEGUROS RGA,15270,452,0,0,OBSERVED_FACT
13,67,R. DEBRUYNE,102,ALPECIN-PREMIER TECH,15270,452,0,0,OBSERVED_FACT
13,68,N. OLIVEIRA,146,MOVISTAR TEAM,15270,452,0,0,OBSERVED_FACT
13,69,G. MARTIN GUYONNET,186,GROUPAMA-FDJ UNITED,15270,452,0,0,OBSERVED_FACT
13,70,V. VAN MECHELEN,78,BAHRAIN VICTORIOUS,15285,467,0,0,OBSERVED_FACT
13,71,T. VAN DIJKE,27,RED BULL - BORA - HANSGROHE,15312,494,0,0,OBSERVED_FACT
13,72,K. ASGREEN,42,EF EDUCATION - EASYPOST,15319,501,0,0,OBSERVED_FACT
13,73,Q. HERMANS,174,PINARELLO-Q36.5 PRO CYCLING TEAM,15335,517,0,0,OBSERVED_FACT
13,74,S. OLDANI,226,CAJA RURAL-SEGUROS RGA,15366,548,0,0,OBSERVED_FACT
13,75,V. PARET PEINTRE,93,SOUDAL QUICK-STEP,15380,562,0,0,OBSERVED_FACT
13,76,M. HEßMANN,145,MOVISTAR TEAM,15661,843,0,0,OBSERVED_FACT
13,77,J. ABRAHAMSEN,122,UNO-X MOBILITY,15661,843,0,0,OBSERVED_FACT
13,78,C. RUSSO,188,GROUPAMA-FDJ UNITED,15679,861,0,0,OBSERVED_FACT
13,79,L. GERMANI,185,GROUPAMA-FDJ UNITED,15679,861,0,0,OBSERVED_FACT
13,80,E. PLANCKAERT,106,ALPECIN-PREMIER TECH,15756,938,0,0,OBSERVED_FACT
13,81,B. GIRMAY,131,NSN CYCLING TEAM,15852,1034,0,0,OBSERVED_FACT
13,82,D. BALLERINI,62,XDS ASTANA TEAM,15852,1034,0,0,OBSERVED_FACT
13,83,S. HIGUITA,61,XDS ASTANA TEAM,15854,1036,0,0,OBSERVED_FACT
13,84,D. CARUSO,73,BAHRAIN VICTORIOUS,15857,1039,0,0,OBSERVED_FACT
13,85,G. STEINHAUSER,46,EF EDUCATION - EASYPOST,15857,1039,0,0,OBSERVED_FACT
13,86,J. ROMO,147,MOVISTAR TEAM,15857,1039,0,0,OBSERVED_FACT
13,87,E. AFFINI,12,TEAM VISMA | LEASE A BIKE,15857,1039,0,0,OBSERVED_FACT
13,88,M. FRIGO,134,NSN CYCLING TEAM,15857,1039,0,0,OBSERVED_FACT
13,89,J. TRATNIK,26,RED BULL - BORA - HANSGROHE,15857,1039,0,0,OBSERVED_FACT
13,90,D. HOWSON,175,PINARELLO-Q36.5 PRO CYCLING TEAM,15857,1039,0,0,OBSERVED_FACT
13,91,F. WRIGHT,178,PINARELLO-Q36.5 PRO CYCLING TEAM,15857,1039,0,0,OBSERVED_FACT
13,92,A. BAUDIN,43,EF EDUCATION - EASYPOST,15857,1039,0,0,OBSERVED_FACT
13,93,M. JORGENSON,16,TEAM VISMA | LEASE A BIKE,15857,1039,0,0,OBSERVED_FACT
13,94,A. TIBERI,77,BAHRAIN VICTORIOUS,15857,1039,0,0,OBSERVED_FACT
13,95,B. ARMIRAIL,13,TEAM VISMA | LEASE A BIKE,15857,1039,0,0,OBSERVED_FACT
13,96,F. ENGELHARDT,114,TEAM JAYCO ALULA,15857,1039,0,0,OBSERVED_FACT
13,97,A. DELETTRE,204,TOTALENERGIES,15857,1039,0,0,OBSERVED_FACT
13,98,L. VERVAEKE,98,SOUDAL QUICK-STEP,15857,1039,0,0,OBSERVED_FACT
13,99,J. OTRUBA,227,CAJA RURAL-SEGUROS RGA,15857,1039,0,0,OBSERVED_FACT
13,100,P. BITTNER,213,TEAM PICNIC POSTNL,15857,1039,0,0,OBSERVED_FACT
13,101,M. WALKER,48,EF EDUCATION - EASYPOST,15857,1039,0,0,OBSERVED_FACT
13,102,W. BARGUIL,211,TEAM PICNIC POSTNL,15857,1039,0,0,OBSERVED_FACT
13,103,N. MÄRKL,216,TEAM PICNIC POSTNL,15857,1039,0,0,OBSERVED_FACT
13,104,N. POLITT,5,UAE TEAM EMIRATES XRG,15857,1039,0,0,OBSERVED_FACT
13,105,P. ACKERMANN,112,TEAM JAYCO ALULA,15857,1039,0,0,OBSERVED_FACT
13,106,J. DEGENKOLB,214,TEAM PICNIC POSTNL,15857,1039,0,0,OBSERVED_FACT
13,107,P. EENKHOORN,92,SOUDAL QUICK-STEP,15857,1039,0,0,OBSERVED_FACT
13,108,E. COSTIOU,184,GROUPAMA-FDJ UNITED,15857,1039,0,0,OBSERVED_FACT
13,109,A. PARET PEINTRE,56,DECATHLON CMA CGM TEAM,15857,1039,0,0,OBSERVED_FACT
13,110,D. HOOLE,54,DECATHLON CMA CGM TEAM,15857,1039,0,0,OBSERVED_FACT
13,111,K. NEILANDS,136,NSN CYCLING TEAM,15857,1039,0,0,OBSERVED_FACT
13,112,L. SLOCK,155,LOTTO INTERMARCHE,15857,1039,0,0,OBSERVED_FACT
13,113,L. VAN EETVELT,156,LOTTO INTERMARCHE,15857,1039,0,0,OBSERVED_FACT
13,114,E. RUBIO,148,MOVISTAR TEAM,15857,1039,0,0,OBSERVED_FACT
13,115,T. GUERNALEC,205,TOTALENERGIES,15857,1039,0,0,OBSERVED_FACT
13,116,J. STUYVEN,94,SOUDAL QUICK-STEP,15857,1039,0,0,OBSERVED_FACT
13,117,B. VAN MOER,177,PINARELLO-Q36.5 PRO CYCLING TEAM,15857,1039,0,0,OBSERVED_FACT
13,118,J. NICOLAU,225,CAJA RURAL-SEGUROS RGA,15857,1039,0,0,OBSERVED_FACT
13,119,T. VAN ASBROECK,138,NSN CYCLING TEAM,15857,1039,0,0,OBSERVED_FACT
13,120,M. LOUVEL,135,NSN CYCLING TEAM,15857,1039,0,0,OBSERVED_FACT
13,121,S. VELASCO,67,XDS ASTANA TEAM,15857,1039,0,0,OBSERVED_FACT
13,122,J. CEPEDA,143,MOVISTAR TEAM,15857,1039,0,0,OBSERVED_FACT
13,123,G. ZIMMERMANN,158,LOTTO INTERMARCHE,15857,1039,0,0,OBSERVED_FACT
13,124,J. ALAPHILIPPE,191,TUDOR PRO CYCLING TEAM,15857,1039,0,0,OBSERVED_FACT
13,125,M. HALLER,193,TUDOR PRO CYCLING TEAM,15857,1039,0,0,OBSERVED_FACT
13,126,S. BERWICK,223,CAJA RURAL-SEGUROS RGA,15857,1039,0,0,OBSERVED_FACT
13,127,X. AZPARREN IRURZUN,172,PINARELLO-Q36.5 PRO CYCLING TEAM,15857,1039,0,0,OBSERVED_FACT
13,128,P. CASTRILLO,142,MOVISTAR TEAM,15857,1039,0,0,OBSERVED_FACT
13,129,F. GANNA,84,NETCOMPANY INEOS CYCLING TEAM,15857,1039,0,0,OBSERVED_FACT
13,130,J. STEWART,137,NSN CYCLING TEAM,15857,1039,0,0,OBSERVED_FACT
13,131,L. DURBRIDGE,113,TEAM JAYCO ALULA,15857,1039,0,0,OBSERVED_FACT
13,132,J. RICKAERT,107,ALPECIN-PREMIER TECH,15857,1039,0,0,OBSERVED_FACT
13,133,T. SKUJINS,36,LIDL-TREK,15857,1039,0,0,OBSERVED_FACT
13,134,S. DILLIER,103,ALPECIN-PREMIER TECH,15857,1039,0,0,OBSERVED_FACT
13,135,F. GROSSSCHARTNER,3,UAE TEAM EMIRATES XRG,15857,1039,0,0,OBSERVED_FACT
13,136,M. VACEK,37,LIDL-TREK,15857,1039,0,0,OBSERVED_FACT
13,137,N. DENZ,23,RED BULL - BORA - HANSGROHE,15857,1039,0,0,OBSERVED_FACT
13,138,M. PEDERSEN,33,LIDL-TREK,15857,1039,0,0,OBSERVED_FACT
13,139,T. MARSMAN,104,ALPECIN-PREMIER TECH,15857,1039,0,0,OBSERVED_FACT
13,140,J. PHILIPSEN,105,ALPECIN-PREMIER TECH,15857,1039,0,0,OBSERVED_FACT
13,141,M. VAN DER POEL,101,ALPECIN-PREMIER TECH,15857,1039,0,0,OBSERVED_FACT
13,142,M. STORER,196,TUDOR PRO CYCLING TEAM,15857,1039,0,0,OBSERVED_FACT
13,143,P. ALLEGAERT,162,COFIDIS,15857,1039,0,0,OBSERVED_FACT
13,144,H. PAGE,167,COFIDIS,15857,1039,0,0,OBSERVED_FACT
13,145,A. SKAARSETH,126,UNO-X MOBILITY,15857,1039,0,0,OBSERVED_FACT
13,146,M. KWIATKOWSKI,86,NETCOMPANY INEOS CYCLING TEAM,16170,1352,0,0,OBSERVED_FACT
13,147,F. VERMEERSCH,6,UAE TEAM EMIRATES XRG,16170,1352,0,0,OBSERVED_FACT
13,148,J. TARLING,87,NETCOMPANY INEOS CYCLING TEAM,16170,1352,0,0,OBSERVED_FACT
13,149,S. WAERENSKJOLD,128,UNO-X MOBILITY,16170,1352,0,0,OBSERVED_FACT
13,150,D. VAN BAARLE,95,SOUDAL QUICK-STEP,16299,1481,0,0,OBSERVED_FACT
13,151,K. GRADEK,74,BAHRAIN VICTORIOUS,16310,1492,0,0,OBSERVED_FACT
13,152,R. STANNARD,76,BAHRAIN VICTORIOUS,16310,1492,0,0,OBSERVED_FACT
13,153,H. ARTZ,152,LOTTO INTERMARCHE,16310,1492,0,0,OBSERVED_FACT
13,154,M. KANTER,64,XDS ASTANA TEAM,16310,1492,0,0,OBSERVED_FACT
13,155,L. ASKEY,132,NSN CYCLING TEAM,16310,1492,0,0,OBSERVED_FACT
13,156,A. CHARMIG,123,UNO-X MOBILITY,16310,1492,0,0,OBSERVED_FACT
13,157,M. TEUNISSEN,66,XDS ASTANA TEAM,16310,1492,0,0,OBSERVED_FACT
13,158,A. GATE,63,XDS ASTANA TEAM,16310,1492,0,0,OBSERVED_FACT
13,159,M. FRETIN,165,COFIDIS,16310,1492,0,0,OBSERVED_FACT
13,160,C. BOL,53,DECATHLON CMA CGM TEAM,16310,1492,0,0,OBSERVED_FACT
13,161,J. VAN DEN BERG,217,TEAM PICNIC POSTNL,16310,1492,0,0,OBSERVED_FACT
13,162,M. LE BERRE,206,TOTALENERGIES,16310,1492,0,0,OBSERVED_FACT
13,163,A. TURGIS,207,TOTALENERGIES,16310,1492,0,0,OBSERVED_FACT
13,164,B. VEISTROFFER,157,LOTTO INTERMARCHE,16310,1492,0,0,OBSERVED_FACT
13,165,O. KOOIJ,55,DECATHLON CMA CGM TEAM,16310,1492,0,0,OBSERVED_FACT
13,166,F. VAN DEN BROEK,218,TEAM PICNIC POSTNL,16310,1492,0,0,OBSERVED_FACT
13,167,J. BIERMANS,164,COFIDIS,16310,1492,0,0,OBSERVED_FACT
13,168,T. MERLIER,91,SOUDAL QUICK-STEP,16310,1492,0,0,OBSERVED_FACT
13,169,A. KIRSCH,166,COFIDIS,16310,1492,0,0,OBSERVED_FACT
13,170,P. BAUHAUS,72,BAHRAIN VICTORIOUS,16310,1492,0,0,OBSERVED_FACT
13,171,D. GODON,85,NETCOMPANY INEOS CYCLING TEAM,16315,1497,0,0,OBSERVED_FACT
14,1,T. POGACAR,1,UAE TEAM EMIRATES XRG,14407,0,10,0,OBSERVED_FACT
14,2,I. DEL TORO,2,UAE TEAM EMIRATES XRG,14445,38,6,0,OBSERVED_FACT
14,3,P. SEIXAS,51,DECATHLON CMA CGM TEAM,14445,38,4,0,OBSERVED_FACT
14,4,J. VINGEGAARD,11,TEAM VISMA | LEASE A BIKE,14451,44,0,0,OBSERVED_FACT
14,5,R. EVENEPOEL,21,RED BULL - BORA - HANSGROHE,14455,48,0,0,OBSERVED_FACT
14,6,J. AYUSO,31,LIDL-TREK,14457,50,0,0,OBSERVED_FACT
14,7,F. LIPOWITZ,25,RED BULL - BORA - HANSGROHE,14457,50,0,0,OBSERVED_FACT
14,8,R. CARAPAZ,41,EF EDUCATION - EASYPOST,14485,78,0,0,OBSERVED_FACT
14,9,T. JOHANNESSEN,121,UNO-X MOBILITY,14507,100,0,0,OBSERVED_FACT
14,10,M. SKJELMOSE,35,LIDL-TREK,14507,100,0,0,OBSERVED_FACT
14,11,L. MARTINEZ,71,BAHRAIN VICTORIOUS,14508,101,0,0,OBSERVED_FACT
14,12,I. VAN WILDER,97,SOUDAL QUICK-STEP,14617,210,0,0,OBSERVED_FACT
14,13,Y. VOISARD,198,TUDOR PRO CYCLING TEAM,14617,210,0,0,OBSERVED_FACT
14,14,E. BERNAL,81,NETCOMPANY INEOS CYCLING TEAM,14617,210,0,0,OBSERVED_FACT
14,15,D. GEE,32,LIDL-TREK,14617,210,0,0,OBSERVED_FACT
14,16,A. YATES,8,UAE TEAM EMIRATES XRG,14617,210,0,0,OBSERVED_FACT
14,17,S. KUSS,17,TEAM VISMA | LEASE A BIKE,14617,210,0,0,OBSERVED_FACT
14,18,T. PIDCOCK,171,PINARELLO-Q36.5 PRO CYCLING TEAM,14621,214,0,0,OBSERVED_FACT
14,19,J. JEGAT,201,TOTALENERGIES,14734,327,0,0,OBSERVED_FACT
14,20,D. PIGANZOLI,18,TEAM VISMA | LEASE A BIKE,14734,327,0,0,OBSERVED_FACT
14,21,E. RUBIO,148,MOVISTAR TEAM,14734,327,0,0,OBSERVED_FACT
14,22,N. PRODHOMME,57,DECATHLON CMA CGM TEAM,14998,591,0,0,OBSERVED_FACT
14,23,J. HINDLEY,24,RED BULL - BORA - HANSGROHE,15022,615,0,0,OBSERVED_FACT
14,24,Q. SIMMONS,34,LIDL-TREK,15114,707,0,0,OBSERVED_FACT
14,25,V. PARET PEINTRE,93,SOUDAL QUICK-STEP,15128,721,0,0,OBSERVED_FACT
14,26,B. O'CONNOR,111,TEAM JAYCO ALULA,15192,785,0,0,OBSERVED_FACT
14,27,M. RICCITELLO,58,DECATHLON CMA CGM TEAM,15192,785,0,0,OBSERVED_FACT
14,28,M. SCHMID,118,TEAM JAYCO ALULA,15192,785,0,0,OBSERVED_FACT
14,29,T. BENOOT,52,DECATHLON CMA CGM TEAM,15192,785,0,0,OBSERVED_FACT
14,30,M. VAN GILS,28,RED BULL - BORA - HANSGROHE,15432,1025,0,0,OBSERVED_FACT
14,31,B. MCNULTY,4,UAE TEAM EMIRATES XRG,15434,1027,0,0,OBSERVED_FACT
14,32,M. CATTANEO,22,RED BULL - BORA - HANSGROHE,15461,1054,0,0,OBSERVED_FACT
14,33,C. VERONA,38,LIDL-TREK,15461,1054,0,0,OBSERVED_FACT
14,34,M. JORGENSON,16,TEAM VISMA | LEASE A BIKE,15461,1054,0,0,OBSERVED_FACT
14,35,T. FOSS,83,NETCOMPANY INEOS CYCLING TEAM,15461,1054,0,0,OBSERVED_FACT
14,36,X. MEURISSE,176,PINARELLO-Q36.5 PRO CYCLING TEAM,15540,1133,0,0,OBSERVED_FACT
14,37,F. GROSSSCHARTNER,3,UAE TEAM EMIRATES XRG,15593,1186,0,0,OBSERVED_FACT
14,38,A. JOHANNESSEN,125,UNO-X MOBILITY,15613,1206,0,0,OBSERVED_FACT
14,39,B. HEALY,44,EF EDUCATION - EASYPOST,15680,1273,0,0,OBSERVED_FACT
14,40,T. ARENSMAN,82,NETCOMPANY INEOS CYCLING TEAM,15680,1273,0,0,OBSERVED_FACT
14,41,L. VAN EETVELT,156,LOTTO INTERMARCHE,15808,1401,0,0,OBSERVED_FACT
14,42,B. ARMIRAIL,13,TEAM VISMA | LEASE A BIKE,15808,1401,0,0,OBSERVED_FACT
14,43,A. PARET PEINTRE,56,DECATHLON CMA CGM TEAM,15808,1401,0,0,OBSERVED_FACT
14,44,L. VERVAEKE,98,SOUDAL QUICK-STEP,15808,1401,0,0,OBSERVED_FACT
14,45,T. WELLENS,7,UAE TEAM EMIRATES XRG,15836,1429,0,0,OBSERVED_FACT
14,46,A. DELETTRE,204,TOTALENERGIES,15836,1429,0,0,OBSERVED_FACT
14,47,A. TIBERI,77,BAHRAIN VICTORIOUS,15996,1589,0,0,OBSERVED_FACT
14,48,D. CARUSO,73,BAHRAIN VICTORIOUS,15996,1589,0,0,OBSERVED_FACT
14,49,J. TRATNIK,26,RED BULL - BORA - HANSGROHE,15996,1589,0,0,OBSERVED_FACT
14,50,M. STORER,196,TUDOR PRO CYCLING TEAM,15996,1589,0,0,OBSERVED_FACT
14,51,M. HIRSCHI,194,TUDOR PRO CYCLING TEAM,15996,1589,0,0,OBSERVED_FACT
14,52,M. VALGREN,47,EF EDUCATION - EASYPOST,15996,1589,0,0,OBSERVED_FACT
14,53,S. QUINN,45,EF EDUCATION - EASYPOST,15996,1589,0,0,OBSERVED_FACT
14,54,A. SKAARSETH,126,UNO-X MOBILITY,15996,1589,0,0,OBSERVED_FACT
14,55,S. HIGUITA,61,XDS ASTANA TEAM,15996,1589,0,0,OBSERVED_FACT
14,56,K. VAUQUELIN,88,NETCOMPANY INEOS CYCLING TEAM,15996,1589,0,0,OBSERVED_FACT
14,57,Q. HERMANS,174,PINARELLO-Q36.5 PRO CYCLING TEAM,16065,1658,0,0,OBSERVED_FACT
14,58,J. ABRAHAMSEN,122,UNO-X MOBILITY,16171,1764,0,0,OBSERVED_FACT
14,59,Q. PACHER,187,GROUPAMA-FDJ UNITED,16171,1764,0,0,OBSERVED_FACT
14,60,F. ENGELHARDT,114,TEAM JAYCO ALULA,16171,1764,0,0,OBSERVED_FACT
14,61,G. STEINHAUSER,46,EF EDUCATION - EASYPOST,16171,1764,0,0,OBSERVED_FACT
14,62,R. GARCIA,144,MOVISTAR TEAM,16171,1764,0,0,OBSERVED_FACT
14,63,J. ROMO,147,MOVISTAR TEAM,16171,1764,0,0,OBSERVED_FACT
14,64,G. MARTIN GUYONNET,186,GROUPAMA-FDJ UNITED,16171,1764,0,0,OBSERVED_FACT
14,65,E. VERSTRYNGE,108,ALPECIN-PREMIER TECH,16171,1764,0,0,OBSERVED_FACT
14,66,R. GREGOIRE,181,GROUPAMA-FDJ UNITED,16171,1764,0,0,OBSERVED_FACT
14,67,C. BRAZ AFONSO,183,GROUPAMA-FDJ UNITED,16171,1764,0,0,OBSERVED_FACT
14,68,L. CRAPS,154,LOTTO INTERMARCHE,16243,1836,0,0,OBSERVED_FACT
14,69,V. VAN MECHELEN,78,BAHRAIN VICTORIOUS,16243,1836,0,0,OBSERVED_FACT
14,70,M. MATTHEWS,115,TEAM JAYCO ALULA,16282,1875,0,0,OBSERVED_FACT
14,71,C. RUSSO,188,GROUPAMA-FDJ UNITED,16282,1875,0,0,OBSERVED_FACT
14,72,N. POLITT,5,UAE TEAM EMIRATES XRG,16285,1878,0,0,OBSERVED_FACT
14,73,B. VAN MOER,177,PINARELLO-Q36.5 PRO CYCLING TEAM,16365,1958,0,0,OBSERVED_FACT
14,74,J. STUYVEN,94,SOUDAL QUICK-STEP,16365,1958,0,0,OBSERVED_FACT
14,75,L. SLOCK,155,LOTTO INTERMARCHE,16365,1958,0,0,OBSERVED_FACT
14,76,S. BERWICK,223,CAJA RURAL-SEGUROS RGA,16365,1958,0,0,OBSERVED_FACT
14,77,M. MOHORIC,75,BAHRAIN VICTORIOUS,16450,2043,0,0,OBSERVED_FACT
14,78,S. VELASCO,67,XDS ASTANA TEAM,16450,2043,0,0,OBSERVED_FACT
14,79,X. AZPARREN IRURZUN,172,PINARELLO-Q36.5 PRO CYCLING TEAM,16484,2077,0,0,OBSERVED_FACT
14,80,D. HOWSON,175,PINARELLO-Q36.5 PRO CYCLING TEAM,16484,2077,0,0,OBSERVED_FACT
14,81,A. BALDERSTONE,222,CAJA RURAL-SEGUROS RGA,16484,2077,0,0,OBSERVED_FACT
14,82,M. FRIGO,134,NSN CYCLING TEAM,16484,2077,0,0,OBSERVED_FACT
14,83,T. GUERNALEC,205,TOTALENERGIES,16484,2077,0,0,OBSERVED_FACT
14,84,R. STANNARD,76,BAHRAIN VICTORIOUS,16484,2077,0,0,OBSERVED_FACT
14,85,N. DENZ,23,RED BULL - BORA - HANSGROHE,16484,2077,0,0,OBSERVED_FACT
14,86,M. KWIATKOWSKI,86,NETCOMPANY INEOS CYCLING TEAM,16484,2077,0,0,OBSERVED_FACT
14,87,A. ARANBURU,163,COFIDIS,16484,2077,0,0,OBSERVED_FACT
14,88,F. GANNA,84,NETCOMPANY INEOS CYCLING TEAM,16484,2077,0,0,OBSERVED_FACT
14,89,N. OLIVEIRA,146,MOVISTAR TEAM,16484,2077,0,0,OBSERVED_FACT
14,90,V. CAMPENAERTS,14,TEAM VISMA | LEASE A BIKE,16484,2077,0,0,OBSERVED_FACT
14,91,K. ASGREEN,42,EF EDUCATION - EASYPOST,16484,2077,0,0,OBSERVED_FACT
14,92,A. BAUDIN,43,EF EDUCATION - EASYPOST,16484,2077,0,0,OBSERVED_FACT
14,93,M. WALKER,48,EF EDUCATION - EASYPOST,16484,2077,0,0,OBSERVED_FACT
14,94,I. IZAGIRRE,161,COFIDIS,16484,2077,0,0,OBSERVED_FACT
14,95,D. VAN BAARLE,95,SOUDAL QUICK-STEP,16484,2077,0,0,OBSERVED_FACT
14,96,L. PLAPP,117,TEAM JAYCO ALULA,16484,2077,0,0,OBSERVED_FACT
14,97,N. VINOKUROV,68,XDS ASTANA TEAM,16530,2123,0,0,OBSERVED_FACT
14,98,T. SKUJINS,36,LIDL-TREK,16530,2123,0,0,OBSERVED_FACT
14,99,F. WRIGHT,178,PINARELLO-Q36.5 PRO CYCLING TEAM,16530,2123,0,0,OBSERVED_FACT
14,100,M. VACEK,37,LIDL-TREK,16530,2123,0,0,OBSERVED_FACT
14,101,J. ALAPHILIPPE,191,TUDOR PRO CYCLING TEAM,16532,2125,0,0,OBSERVED_FACT
14,102,M. PEDERSEN,33,LIDL-TREK,16534,2127,0,0,OBSERVED_FACT
14,103,T. VAN DIJKE,27,RED BULL - BORA - HANSGROHE,16537,2130,0,0,OBSERVED_FACT
14,104,M. HALLER,193,TUDOR PRO CYCLING TEAM,16550,2143,0,0,OBSERVED_FACT
14,105,E. AFFINI,12,TEAM VISMA | LEASE A BIKE,16550,2143,0,0,OBSERVED_FACT
14,106,T. MARSMAN,104,ALPECIN-PREMIER TECH,16550,2143,0,0,OBSERVED_FACT
14,107,P. BITTNER,213,TEAM PICNIC POSTNL,16550,2143,0,0,OBSERVED_FACT
14,108,L. GERMANI,185,GROUPAMA-FDJ UNITED,16550,2143,0,0,OBSERVED_FACT
14,109,M. HEßMANN,145,MOVISTAR TEAM,16550,2143,0,0,OBSERVED_FACT
14,110,G. ZIMMERMANN,158,LOTTO INTERMARCHE,16550,2143,0,0,OBSERVED_FACT
14,111,M. LE BERRE,206,TOTALENERGIES,16550,2143,0,0,OBSERVED_FACT
14,112,R. PLUIMERS,195,TUDOR PRO CYCLING TEAM,16550,2143,0,0,OBSERVED_FACT
14,113,P. HAGENES,15,TEAM VISMA | LEASE A BIKE,16550,2143,0,0,OBSERVED_FACT
14,114,N. BREUILLARD,202,TOTALENERGIES,16550,2143,0,0,OBSERVED_FACT
14,115,A. GATE,63,XDS ASTANA TEAM,16550,2143,0,0,OBSERVED_FACT
14,116,R. DHONDT,215,TEAM PICNIC POSTNL,16550,2143,0,0,OBSERVED_FACT
14,117,J. PARRA,228,CAJA RURAL-SEGUROS RGA,16550,2143,0,0,OBSERVED_FACT
14,118,M. VAN DER POEL,101,ALPECIN-PREMIER TECH,16550,2143,0,0,OBSERVED_FACT
14,119,N. MÄRKL,216,TEAM PICNIC POSTNL,16550,2143,0,0,OBSERVED_FACT
14,120,F. VAN DEN BROEK,218,TEAM PICNIC POSTNL,16550,2143,0,0,OBSERVED_FACT
14,121,P. CASTRILLO,142,MOVISTAR TEAM,16550,2143,0,0,OBSERVED_FACT
14,122,J. CEPEDA,143,MOVISTAR TEAM,16550,2143,0,0,OBSERVED_FACT
14,123,F. VERMEERSCH,6,UAE TEAM EMIRATES XRG,16550,2143,0,0,OBSERVED_FACT
14,124,L. DURBRIDGE,113,TEAM JAYCO ALULA,16550,2143,0,0,OBSERVED_FACT
14,125,J. RICKAERT,107,ALPECIN-PREMIER TECH,16550,2143,0,0,OBSERVED_FACT
14,126,W. BARGUIL,211,TEAM PICNIC POSTNL,16550,2143,0,0,OBSERVED_FACT
14,127,J. TARLING,87,NETCOMPANY INEOS CYCLING TEAM,16616,2209,0,0,OBSERVED_FACT
14,128,B. VEISTROFFER,157,LOTTO INTERMARCHE,16616,2209,0,0,OBSERVED_FACT
14,129,P. ACKERMANN,112,TEAM JAYCO ALULA,16620,2213,0,0,OBSERVED_FACT
14,130,M. KANTER,64,XDS ASTANA TEAM,16623,2216,0,0,OBSERVED_FACT
14,131,D. BALLERINI,62,XDS ASTANA TEAM,16623,2216,0,0,OBSERVED_FACT
14,132,H. TEJADA,65,XDS ASTANA TEAM,16623,2216,0,0,OBSERVED_FACT
14,133,J. NICOLAU,225,CAJA RURAL-SEGUROS RGA,16629,2222,0,0,OBSERVED_FACT
14,134,S. OLDANI,226,CAJA RURAL-SEGUROS RGA,16629,2222,0,0,OBSERVED_FACT
14,135,D. GODON,85,NETCOMPANY INEOS CYCLING TEAM,16629,2222,0,0,OBSERVED_FACT
14,136,H. ARTZ,152,LOTTO INTERMARCHE,16629,2222,0,0,OBSERVED_FACT
14,137,P. BAUHAUS,72,BAHRAIN VICTORIOUS,16629,2222,0,0,OBSERVED_FACT
14,138,J. VAN DEN BERG,217,TEAM PICNIC POSTNL,16629,2222,0,0,OBSERVED_FACT
14,139,J. DEGENKOLB,214,TEAM PICNIC POSTNL,16629,2222,0,0,OBSERVED_FACT
14,140,M. CORT NIELSEN,124,UNO-X MOBILITY,16629,2222,0,0,OBSERVED_FACT
14,141,M. TEUNISSEN,66,XDS ASTANA TEAM,16629,2222,0,0,OBSERVED_FACT
14,142,P. EENKHOORN,92,SOUDAL QUICK-STEP,16629,2222,0,0,OBSERVED_FACT
14,143,J. PHILIPSEN,105,ALPECIN-PREMIER TECH,16629,2222,0,0,OBSERVED_FACT
14,144,K. NEILANDS,136,NSN CYCLING TEAM,16629,2222,0,0,OBSERVED_FACT
14,145,S. DILLIER,103,ALPECIN-PREMIER TECH,16629,2222,0,0,OBSERVED_FACT
14,146,M. LOUVEL,135,NSN CYCLING TEAM,16674,2267,0,0,OBSERVED_FACT
14,147,J. STEWART,137,NSN CYCLING TEAM,16674,2267,0,0,OBSERVED_FACT
14,148,A. TURGIS,207,TOTALENERGIES,16678,2271,0,0,OBSERVED_FACT
14,149,S. WAERENSKJOLD,128,UNO-X MOBILITY,16678,2271,0,0,OBSERVED_FACT
14,150,A. KIRSCH,166,COFIDIS,16678,2271,0,0,OBSERVED_FACT
14,151,K. GRADEK,74,BAHRAIN VICTORIOUS,16678,2271,0,0,OBSERVED_FACT
14,152,O. KOOIJ,55,DECATHLON CMA CGM TEAM,16678,2271,0,0,OBSERVED_FACT
14,153,D. HOOLE,54,DECATHLON CMA CGM TEAM,16678,2271,0,0,OBSERVED_FACT
14,154,T. MERLIER,91,SOUDAL QUICK-STEP,16678,2271,0,0,OBSERVED_FACT
14,155,J. BIERMANS,164,COFIDIS,16678,2271,0,0,OBSERVED_FACT
14,156,M. FRETIN,165,COFIDIS,16678,2271,0,0,OBSERVED_FACT
14,157,P. ALLEGAERT,162,COFIDIS,16678,2271,0,0,OBSERVED_FACT
14,158,E. PLANCKAERT,106,ALPECIN-PREMIER TECH,16678,2271,0,0,OBSERVED_FACT
14,159,B. GIRMAY,131,NSN CYCLING TEAM,16678,2271,0,0,OBSERVED_FACT
14,160,J. OTRUBA,227,CAJA RURAL-SEGUROS RGA,16678,2271,0,0,OBSERVED_FACT
14,161,H. PAGE,167,COFIDIS,16678,2271,0,0,OBSERVED_FACT
14,162,L. ASKEY,132,NSN CYCLING TEAM,16678,2271,0,0,OBSERVED_FACT
14,163,B. THOMAS,168,COFIDIS,16678,2271,0,0,OBSERVED_FACT
14,164,T. VAN ASBROECK,138,NSN CYCLING TEAM,16678,2271,0,0,OBSERVED_FACT
14,165,G. BENNETT,133,NSN CYCLING TEAM,16678,2271,0,0,OBSERVED_FACT
14,166,J. DELBOVE,203,TOTALENERGIES,16678,2271,0,0,OBSERVED_FACT
14,167,E. COSTIOU,184,GROUPAMA-FDJ UNITED,16678,2271,0,0,OBSERVED_FACT
14,168,C. BOL,53,DECATHLON CMA CGM TEAM,16678,2271,0,0,OBSERVED_FACT
14,169,M. VERCHER,208,TOTALENERGIES,16684,2277,0,0,OBSERVED_FACT
15,1,R. EVENEPOEL,21,RED BULL - BORA - HANSGROHE,15789,0,10,0,OBSERVED_FACT
15,2,T. POGACAR,1,UAE TEAM EMIRATES XRG,15789,0,6,0,OBSERVED_FACT
15,3,I. DEL TORO,2,UAE TEAM EMIRATES XRG,15795,6,4,0,OBSERVED_FACT
15,4,P. SEIXAS,51,DECATHLON CMA CGM TEAM,15847,58,0,0,OBSERVED_FACT
15,5,F. LIPOWITZ,25,RED BULL - BORA - HANSGROHE,15847,58,0,0,OBSERVED_FACT
15,6,L. MARTINEZ,71,BAHRAIN VICTORIOUS,15906,117,0,0,OBSERVED_FACT
15,7,M. SKJELMOSE,35,LIDL-TREK,15906,117,0,0,OBSERVED_FACT
15,8,J. AYUSO,31,LIDL-TREK,15909,120,0,0,OBSERVED_FACT
15,9,A. YATES,8,UAE TEAM EMIRATES XRG,15909,120,0,0,OBSERVED_FACT
15,10,Q. SIMMONS,34,LIDL-TREK,15925,136,0,0,OBSERVED_FACT
15,11,Y. VOISARD,198,TUDOR PRO CYCLING TEAM,15931,142,0,0,OBSERVED_FACT
15,12,R. CARAPAZ,41,EF EDUCATION - EASYPOST,15960,171,0,0,OBSERVED_FACT
15,13,T. PIDCOCK,171,PINARELLO-Q36.5 PRO CYCLING TEAM,15963,174,0,20,OBSERVED_FACT
15,14,J. JEGAT,201,TOTALENERGIES,15986,197,0,0,OBSERVED_FACT
15,15,A. TIBERI,77,BAHRAIN VICTORIOUS,16051,262,0,0,OBSERVED_FACT
15,16,E. RUBIO,148,MOVISTAR TEAM,16084,295,0,0,OBSERVED_FACT
15,17,E. COSTIOU,184,GROUPAMA-FDJ UNITED,16106,317,0,0,OBSERVED_FACT
15,18,D. PIGANZOLI,18,TEAM VISMA | LEASE A BIKE,16110,321,0,0,OBSERVED_FACT
15,19,I. VAN WILDER,97,SOUDAL QUICK-STEP,16129,340,0,0,OBSERVED_FACT
15,20,M. RICCITELLO,58,DECATHLON CMA CGM TEAM,16129,340,0,0,OBSERVED_FACT
15,21,M. SCHMID,118,TEAM JAYCO ALULA,16216,427,0,0,OBSERVED_FACT
15,22,A. BALDERSTONE,222,CAJA RURAL-SEGUROS RGA,16325,536,0,0,OBSERVED_FACT
15,23,G. MARTIN GUYONNET,186,GROUPAMA-FDJ UNITED,16325,536,0,0,OBSERVED_FACT
15,24,N. VINOKUROV,68,XDS ASTANA TEAM,16367,578,0,0,OBSERVED_FACT
15,25,M. VAN GILS,28,RED BULL - BORA - HANSGROHE,16392,603,0,0,OBSERVED_FACT
15,26,J. HINDLEY,24,RED BULL - BORA - HANSGROHE,16392,603,0,0,OBSERVED_FACT
15,27,N. PRODHOMME,57,DECATHLON CMA CGM TEAM,16441,652,0,0,OBSERVED_FACT
15,28,A. PARET PEINTRE,56,DECATHLON CMA CGM TEAM,16441,652,0,0,OBSERVED_FACT
15,29,C. VERONA,38,LIDL-TREK,16441,652,0,0,OBSERVED_FACT
15,30,M. CATTANEO,22,RED BULL - BORA - HANSGROHE,16648,859,0,0,OBSERVED_FACT
15,31,F. GROSSSCHARTNER,3,UAE TEAM EMIRATES XRG,16666,877,0,0,OBSERVED_FACT
15,32,B. MCNULTY,4,UAE TEAM EMIRATES XRG,16666,877,0,0,OBSERVED_FACT
15,33,M. FRIGO,134,NSN CYCLING TEAM,16673,884,0,0,OBSERVED_FACT
15,34,R. GARCIA,144,MOVISTAR TEAM,16783,994,0,0,OBSERVED_FACT
15,35,A. BAUDIN,43,EF EDUCATION - EASYPOST,16797,1008,0,0,OBSERVED_FACT
15,36,T. VAN DIJKE,27,RED BULL - BORA - HANSGROHE,16819,1030,0,0,OBSERVED_FACT
15,37,K. VAUQUELIN,88,NETCOMPANY INEOS CYCLING TEAM,16855,1066,0,0,OBSERVED_FACT
15,38,M. MOHORIC,75,BAHRAIN VICTORIOUS,16912,1123,0,0,OBSERVED_FACT
15,39,T. FOSS,83,NETCOMPANY INEOS CYCLING TEAM,16912,1123,0,0,OBSERVED_FACT
15,40,M. JORGENSON,16,TEAM VISMA | LEASE A BIKE,17049,1260,0,0,OBSERVED_FACT
15,41,S. KUSS,17,TEAM VISMA | LEASE A BIKE,17049,1260,0,0,OBSERVED_FACT
15,42,B. VAN MOER,177,PINARELLO-Q36.5 PRO CYCLING TEAM,17049,1260,0,0,OBSERVED_FACT
15,43,V. CAMPENAERTS,14,TEAM VISMA | LEASE A BIKE,17049,1260,0,0,OBSERVED_FACT
15,44,B. HEALY,44,EF EDUCATION - EASYPOST,17072,1283,0,0,OBSERVED_FACT
15,45,L. VAN EETVELT,156,LOTTO INTERMARCHE,17072,1283,0,0,OBSERVED_FACT
15,46,S. QUINN,45,EF EDUCATION - EASYPOST,17072,1283,0,0,OBSERVED_FACT
15,47,M. VALGREN,47,EF EDUCATION - EASYPOST,17072,1283,0,0,OBSERVED_FACT
15,48,A. DELETTRE,204,TOTALENERGIES,17072,1283,0,0,OBSERVED_FACT
15,49,N. POLITT,5,UAE TEAM EMIRATES XRG,17131,1342,0,0,OBSERVED_FACT
15,50,T. WELLENS,7,UAE TEAM EMIRATES XRG,17132,1343,0,0,OBSERVED_FACT
15,51,J. PARRA,228,CAJA RURAL-SEGUROS RGA,17132,1343,0,0,OBSERVED_FACT
15,52,B. ARMIRAIL,13,TEAM VISMA | LEASE A BIKE,17144,1355,0,0,OBSERVED_FACT
15,53,X. MEURISSE,176,PINARELLO-Q36.5 PRO CYCLING TEAM,17218,1429,0,0,OBSERVED_FACT
15,54,J. ABRAHAMSEN,122,UNO-X MOBILITY,17218,1429,0,0,OBSERVED_FACT
15,55,T. BENOOT,52,DECATHLON CMA CGM TEAM,17218,1429,0,0,OBSERVED_FACT
15,56,C. RUSSO,188,GROUPAMA-FDJ UNITED,17218,1429,0,0,OBSERVED_FACT
15,57,Q. PACHER,187,GROUPAMA-FDJ UNITED,17218,1429,0,0,OBSERVED_FACT
15,58,W. BARGUIL,211,TEAM PICNIC POSTNL,17218,1429,0,0,OBSERVED_FACT
15,59,J. ROMO,147,MOVISTAR TEAM,17218,1429,0,0,OBSERVED_FACT
15,60,I. IZAGIRRE,161,COFIDIS,17218,1429,0,0,OBSERVED_FACT
15,61,D. CARUSO,73,BAHRAIN VICTORIOUS,17218,1429,0,0,OBSERVED_FACT
15,62,S. VELASCO,67,XDS ASTANA TEAM,17218,1429,0,0,OBSERVED_FACT
15,63,J. TRATNIK,26,RED BULL - BORA - HANSGROHE,17218,1429,0,0,OBSERVED_FACT
15,64,S. HIGUITA,61,XDS ASTANA TEAM,17218,1429,0,0,OBSERVED_FACT
15,65,B. O'CONNOR,111,TEAM JAYCO ALULA,17222,1433,0,0,OBSERVED_FACT
15,66,J. DELBOVE,203,TOTALENERGIES,17231,1442,0,0,OBSERVED_FACT
15,67,M. LE BERRE,206,TOTALENERGIES,17231,1442,0,0,OBSERVED_FACT
15,68,T. ARENSMAN,82,NETCOMPANY INEOS CYCLING TEAM,17289,1500,0,0,OBSERVED_FACT
15,69,E. BERNAL,81,NETCOMPANY INEOS CYCLING TEAM,17289,1500,0,0,OBSERVED_FACT
15,70,G. STEINHAUSER,46,EF EDUCATION - EASYPOST,17300,1511,0,0,OBSERVED_FACT
15,71,D. GEE,32,LIDL-TREK,17308,1519,0,0,OBSERVED_FACT
15,72,N. OLIVEIRA,146,MOVISTAR TEAM,17315,1526,0,0,OBSERVED_FACT
15,73,C. BRAZ AFONSO,183,GROUPAMA-FDJ UNITED,17315,1526,0,0,OBSERVED_FACT
15,74,M. MATTHEWS,115,TEAM JAYCO ALULA,17330,1541,0,0,OBSERVED_FACT
15,75,Q. HERMANS,174,PINARELLO-Q36.5 PRO CYCLING TEAM,17335,1546,0,0,OBSERVED_FACT
15,76,F. VERMEERSCH,6,UAE TEAM EMIRATES XRG,17335,1546,0,0,OBSERVED_FACT
15,77,J. OTRUBA,227,CAJA RURAL-SEGUROS RGA,17374,1585,0,0,OBSERVED_FACT
15,78,S. BERWICK,223,CAJA RURAL-SEGUROS RGA,17374,1585,0,0,OBSERVED_FACT
15,79,V. PARET PEINTRE,93,SOUDAL QUICK-STEP,17397,1608,0,0,OBSERVED_FACT
15,80,R. GREGOIRE,181,GROUPAMA-FDJ UNITED,17397,1608,0,0,OBSERVED_FACT
15,81,L. GERMANI,185,GROUPAMA-FDJ UNITED,17397,1608,0,0,OBSERVED_FACT
15,82,P. HAGENES,15,TEAM VISMA | LEASE A BIKE,17442,1653,0,0,OBSERVED_FACT
15,83,X. AZPARREN IRURZUN,172,PINARELLO-Q36.5 PRO CYCLING TEAM,17454,1665,0,0,OBSERVED_FACT
15,84,P. CASTRILLO,142,MOVISTAR TEAM,17454,1665,0,0,OBSERVED_FACT
15,85,D. VAN BAARLE,95,SOUDAL QUICK-STEP,17487,1698,0,0,OBSERVED_FACT
15,86,L. VERVAEKE,98,SOUDAL QUICK-STEP,17487,1698,0,0,OBSERVED_FACT
15,87,A. TURGIS,207,TOTALENERGIES,17500,1711,0,0,OBSERVED_FACT
15,88,R. STANNARD,76,BAHRAIN VICTORIOUS,17500,1711,0,0,OBSERVED_FACT
15,89,T. MARSMAN,104,ALPECIN-PREMIER TECH,17543,1754,0,0,OBSERVED_FACT
15,90,R. PLUIMERS,195,TUDOR PRO CYCLING TEAM,17543,1754,0,0,OBSERVED_FACT
15,91,M. VAN DER POEL,101,ALPECIN-PREMIER TECH,17543,1754,0,0,OBSERVED_FACT
15,92,J. STUYVEN,94,SOUDAL QUICK-STEP,17543,1754,0,0,OBSERVED_FACT
15,93,M. STORER,196,TUDOR PRO CYCLING TEAM,17543,1754,0,0,OBSERVED_FACT
15,94,A. SKAARSETH,126,UNO-X MOBILITY,17543,1754,0,0,OBSERVED_FACT
15,95,T. JOHANNESSEN,121,UNO-X MOBILITY,17543,1754,0,0,OBSERVED_FACT
15,96,L. SLOCK,155,LOTTO INTERMARCHE,17543,1754,0,0,OBSERVED_FACT
15,97,J. RICKAERT,107,ALPECIN-PREMIER TECH,17569,1780,0,0,OBSERVED_FACT
15,98,F. ENGELHARDT,114,TEAM JAYCO ALULA,17601,1812,0,0,OBSERVED_FACT
15,99,F. WRIGHT,178,PINARELLO-Q36.5 PRO CYCLING TEAM,17601,1812,0,0,OBSERVED_FACT
15,100,D. HOWSON,175,PINARELLO-Q36.5 PRO CYCLING TEAM,17601,1812,0,0,OBSERVED_FACT
15,101,G. BENNETT,133,NSN CYCLING TEAM,17601,1812,0,0,OBSERVED_FACT
15,102,L. DURBRIDGE,113,TEAM JAYCO ALULA,17601,1812,0,0,OBSERVED_FACT
15,103,S. DILLIER,103,ALPECIN-PREMIER TECH,17601,1812,0,0,OBSERVED_FACT
15,104,M. HEßMANN,145,MOVISTAR TEAM,17601,1812,0,0,OBSERVED_FACT
15,105,E. VERSTRYNGE,108,ALPECIN-PREMIER TECH,17601,1812,0,0,OBSERVED_FACT
15,106,A. ARANBURU,163,COFIDIS,17601,1812,0,0,OBSERVED_FACT
15,107,J. CEPEDA,143,MOVISTAR TEAM,17601,1812,0,0,OBSERVED_FACT
15,108,N. DENZ,23,RED BULL - BORA - HANSGROHE,17601,1812,0,0,OBSERVED_FACT
15,109,A. JOHANNESSEN,125,UNO-X MOBILITY,17601,1812,0,0,OBSERVED_FACT
15,110,M. HALLER,193,TUDOR PRO CYCLING TEAM,17605,1816,0,0,OBSERVED_FACT
15,111,J. ALAPHILIPPE,191,TUDOR PRO CYCLING TEAM,17605,1816,0,0,OBSERVED_FACT
15,112,N. MÄRKL,216,TEAM PICNIC POSTNL,17637,1848,0,0,OBSERVED_FACT
15,113,P. ACKERMANN,112,TEAM JAYCO ALULA,17666,1877,0,0,OBSERVED_FACT
15,114,G. ZIMMERMANN,158,LOTTO INTERMARCHE,17666,1877,0,0,OBSERVED_FACT
15,115,P. BITTNER,213,TEAM PICNIC POSTNL,17699,1910,0,0,OBSERVED_FACT
15,116,E. PLANCKAERT,106,ALPECIN-PREMIER TECH,17699,1910,0,0,OBSERVED_FACT
15,117,M. FRETIN,165,COFIDIS,17716,1927,0,0,OBSERVED_FACT
15,118,M. WALKER,48,EF EDUCATION - EASYPOST,17720,1931,0,0,OBSERVED_FACT
15,119,K. ASGREEN,42,EF EDUCATION - EASYPOST,17720,1931,0,0,OBSERVED_FACT
15,120,M. CORT NIELSEN,124,UNO-X MOBILITY,17740,1951,0,0,OBSERVED_FACT
15,121,J. BIERMANS,164,COFIDIS,17740,1951,0,0,OBSERVED_FACT
15,122,J. TARLING,87,NETCOMPANY INEOS CYCLING TEAM,17742,1953,0,0,OBSERVED_FACT
15,123,M. HIRSCHI,194,TUDOR PRO CYCLING TEAM,17773,1984,0,0,OBSERVED_FACT
15,124,M. TEUNISSEN,66,XDS ASTANA TEAM,17773,1984,0,0,OBSERVED_FACT
15,125,L. CRAPS,154,LOTTO INTERMARCHE,17786,1997,0,0,OBSERVED_FACT
15,126,V. VAN MECHELEN,78,BAHRAIN VICTORIOUS,17786,1997,0,0,OBSERVED_FACT
15,127,B. VEISTROFFER,157,LOTTO INTERMARCHE,17821,2032,0,0,OBSERVED_FACT
15,128,H. PAGE,167,COFIDIS,17821,2032,0,0,OBSERVED_FACT
15,129,D. GODON,85,NETCOMPANY INEOS CYCLING TEAM,17843,2054,0,0,OBSERVED_FACT
15,130,M. KWIATKOWSKI,86,NETCOMPANY INEOS CYCLING TEAM,17843,2054,0,0,OBSERVED_FACT
15,131,F. GANNA,84,NETCOMPANY INEOS CYCLING TEAM,17843,2054,0,0,OBSERVED_FACT
15,132,A. GATE,63,XDS ASTANA TEAM,17885,2096,0,0,OBSERVED_FACT
15,133,H. TEJADA,65,XDS ASTANA TEAM,17885,2096,0,0,OBSERVED_FACT
15,134,S. OLDANI,226,CAJA RURAL-SEGUROS RGA,17912,2123,0,0,OBSERVED_FACT
15,135,D. BALLERINI,62,XDS ASTANA TEAM,17912,2123,0,0,OBSERVED_FACT
15,136,E. AFFINI,12,TEAM VISMA | LEASE A BIKE,17912,2123,0,0,OBSERVED_FACT
15,137,M. KANTER,64,XDS ASTANA TEAM,17912,2123,0,0,OBSERVED_FACT
15,138,N. BREUILLARD,202,TOTALENERGIES,17916,2127,0,0,OBSERVED_FACT
15,139,A. KIRSCH,166,COFIDIS,17939,2150,0,0,OBSERVED_FACT
15,140,M. VACEK,37,LIDL-TREK,17939,2150,0,0,OBSERVED_FACT
15,141,M. PEDERSEN,33,LIDL-TREK,17939,2150,0,0,OBSERVED_FACT
15,142,T. SKUJINS,36,LIDL-TREK,17939,2150,0,0,OBSERVED_FACT
15,143,K. NEILANDS,136,NSN CYCLING TEAM,17939,2150,0,0,OBSERVED_FACT
15,144,K. GRADEK,74,BAHRAIN VICTORIOUS,17939,2150,0,0,OBSERVED_FACT
15,145,P. BAUHAUS,72,BAHRAIN VICTORIOUS,17939,2150,0,0,OBSERVED_FACT
15,146,P. ALLEGAERT,162,COFIDIS,17939,2150,0,0,OBSERVED_FACT
15,147,L. PLAPP,117,TEAM JAYCO ALULA,17939,2150,0,0,OBSERVED_FACT
15,148,O. KOOIJ,55,DECATHLON CMA CGM TEAM,17939,2150,0,0,OBSERVED_FACT
15,149,D. HOOLE,54,DECATHLON CMA CGM TEAM,17986,2197,0,0,OBSERVED_FACT
15,150,T. GUERNALEC,205,TOTALENERGIES,18002,2213,0,0,OBSERVED_FACT
15,151,M. LOUVEL,135,NSN CYCLING TEAM,18002,2213,0,0,OBSERVED_FACT
15,152,B. THOMAS,168,COFIDIS,18002,2213,0,0,OBSERVED_FACT
15,153,F. VAN DEN BROEK,218,TEAM PICNIC POSTNL,18013,2224,0,0,OBSERVED_FACT
15,154,R. DHONDT,215,TEAM PICNIC POSTNL,18032,2243,0,0,OBSERVED_FACT
15,155,J. DEGENKOLB,214,TEAM PICNIC POSTNL,18032,2243,0,0,OBSERVED_FACT
15,156,J. VAN DEN BERG,217,TEAM PICNIC POSTNL,18032,2243,0,0,OBSERVED_FACT
15,157,C. BOL,53,DECATHLON CMA CGM TEAM,18032,2243,0,0,OBSERVED_FACT
15,158,J. NICOLAU,225,CAJA RURAL-SEGUROS RGA,18032,2243,0,0,OBSERVED_FACT
15,159,J. PHILIPSEN,105,ALPECIN-PREMIER TECH,18032,2243,0,0,OBSERVED_FACT
15,160,H. ARTZ,152,LOTTO INTERMARCHE,18032,2243,0,0,OBSERVED_FACT
15,161,M. VERCHER,208,TOTALENERGIES,18032,2243,0,0,OBSERVED_FACT
15,162,J. STEWART,137,NSN CYCLING TEAM,18036,2247,0,0,OBSERVED_FACT
15,163,B. GIRMAY,131,NSN CYCLING TEAM,18036,2247,0,0,OBSERVED_FACT
15,164,L. ASKEY,132,NSN CYCLING TEAM,18085,2296,0,0,OBSERVED_FACT
15,165,P. EENKHOORN,92,SOUDAL QUICK-STEP,18106,2317,0,0,OBSERVED_FACT
15,166,S. WAERENSKJOLD,128,UNO-X MOBILITY,18109,2320,0,0,OBSERVED_FACT
16,1,R. EVENEPOEL,21,RED BULL - BORA - HANSGROHE,1939,0,0,0,OBSERVED_FACT
16,2,T. POGACAR,1,UAE TEAM EMIRATES XRG,1967,28,0,0,OBSERVED_FACT
16,3,M. SKJELMOSE,35,LIDL-TREK,2003,64,0,0,OBSERVED_FACT
16,4,P. SEIXAS,51,DECATHLON CMA CGM TEAM,2015,76,0,0,OBSERVED_FACT
16,5,I. DEL TORO,2,UAE TEAM EMIRATES XRG,2020,81,0,0,OBSERVED_FACT
16,6,M. CATTANEO,22,RED BULL - BORA - HANSGROHE,2041,102,0,0,OBSERVED_FACT
16,7,T. ARENSMAN,82,NETCOMPANY INEOS CYCLING TEAM,2046,107,0,0,OBSERVED_FACT
16,8,B. ARMIRAIL,13,TEAM VISMA | LEASE A BIKE,2054,115,0,0,OBSERVED_FACT
16,9,P. CASTRILLO,142,MOVISTAR TEAM,2059,120,0,0,OBSERVED_FACT
16,10,J. TARLING,87,NETCOMPANY INEOS CYCLING TEAM,2061,122,0,0,OBSERVED_FACT
16,11,F. GANNA,84,NETCOMPANY INEOS CYCLING TEAM,2065,126,0,0,OBSERVED_FACT
16,12,T. PIDCOCK,171,PINARELLO-Q36.5 PRO CYCLING TEAM,2066,127,0,0,OBSERVED_FACT
16,13,F. GROSSSCHARTNER,3,UAE TEAM EMIRATES XRG,2066,127,0,0,OBSERVED_FACT
16,14,M. JORGENSON,16,TEAM VISMA | LEASE A BIKE,2076,137,0,0,OBSERVED_FACT
16,15,J. AYUSO,31,LIDL-TREK,2081,142,0,0,OBSERVED_FACT
16,16,H. ARTZ,152,LOTTO INTERMARCHE,2089,150,0,0,OBSERVED_FACT
16,17,D. HOOLE,54,DECATHLON CMA CGM TEAM,2100,161,0,0,OBSERVED_FACT
16,18,T. GUERNALEC,205,TOTALENERGIES,2105,166,0,0,OBSERVED_FACT
16,19,E. COSTIOU,184,GROUPAMA-FDJ UNITED,2108,169,0,0,OBSERVED_FACT
16,20,L. MARTINEZ,71,BAHRAIN VICTORIOUS,2109,170,0,0,OBSERVED_FACT
16,21,A. PARET PEINTRE,56,DECATHLON CMA CGM TEAM,2116,177,0,0,OBSERVED_FACT
16,22,B. MCNULTY,4,UAE TEAM EMIRATES XRG,2120,181,0,0,OBSERVED_FACT
16,23,Y. VOISARD,198,TUDOR PRO CYCLING TEAM,2121,182,0,0,OBSERVED_FACT
16,24,M. SCHMID,118,TEAM JAYCO ALULA,2125,186,0,0,OBSERVED_FACT
16,25,D. PIGANZOLI,18,TEAM VISMA | LEASE A BIKE,2133,194,0,0,OBSERVED_FACT
16,26,I. VAN WILDER,97,SOUDAL QUICK-STEP,2140,201,0,0,OBSERVED_FACT
16,27,D. GEE,32,LIDL-TREK,2145,206,0,0,OBSERVED_FACT
16,28,J. OTRUBA,227,CAJA RURAL-SEGUROS RGA,2148,209,0,0,OBSERVED_FACT
16,29,N. OLIVEIRA,146,MOVISTAR TEAM,2150,211,0,0,OBSERVED_FACT
16,30,M. RICCITELLO,58,DECATHLON CMA CGM TEAM,2150,211,0,0,OBSERVED_FACT
16,31,A. BALDERSTONE,222,CAJA RURAL-SEGUROS RGA,2155,216,0,0,OBSERVED_FACT
16,32,X. AZPARREN IRURZUN,172,PINARELLO-Q36.5 PRO CYCLING TEAM,2156,217,0,0,OBSERVED_FACT
16,33,B. THOMAS,168,COFIDIS,2158,219,0,0,OBSERVED_FACT
16,34,M. VAN GILS,28,RED BULL - BORA - HANSGROHE,2163,224,0,0,OBSERVED_FACT
16,35,C. BRAZ AFONSO,183,GROUPAMA-FDJ UNITED,2167,228,0,0,OBSERVED_FACT
16,36,J. JEGAT,201,TOTALENERGIES,2171,232,0,0,OBSERVED_FACT
16,37,R. GARCIA,144,MOVISTAR TEAM,2174,235,0,0,OBSERVED_FACT
16,38,R. GREGOIRE,181,GROUPAMA-FDJ UNITED,2176,237,0,0,OBSERVED_FACT
16,39,S. QUINN,45,EF EDUCATION - EASYPOST,2178,239,0,0,OBSERVED_FACT
16,40,F. ENGELHARDT,114,TEAM JAYCO ALULA,2182,243,0,0,OBSERVED_FACT
16,41,R. CARAPAZ,41,EF EDUCATION - EASYPOST,2184,245,0,0,OBSERVED_FACT
16,42,T. FOSS,83,NETCOMPANY INEOS CYCLING TEAM,2185,246,0,0,OBSERVED_FACT
16,43,D. CARUSO,73,BAHRAIN VICTORIOUS,2186,247,0,0,OBSERVED_FACT
16,44,D. HOWSON,175,PINARELLO-Q36.5 PRO CYCLING TEAM,2190,251,0,0,OBSERVED_FACT
16,45,C. RUSSO,188,GROUPAMA-FDJ UNITED,2195,256,0,0,OBSERVED_FACT
16,46,M. KWIATKOWSKI,86,NETCOMPANY INEOS CYCLING TEAM,2197,258,0,0,OBSERVED_FACT
16,47,Q. SIMMONS,34,LIDL-TREK,2202,263,0,0,OBSERVED_FACT
16,48,S. VELASCO,67,XDS ASTANA TEAM,2207,268,0,0,OBSERVED_FACT
16,49,A. DELETTRE,204,TOTALENERGIES,2207,268,0,0,OBSERVED_FACT
16,50,E. BERNAL,81,NETCOMPANY INEOS CYCLING TEAM,2209,270,0,0,OBSERVED_FACT
16,51,Q. PACHER,187,GROUPAMA-FDJ UNITED,2210,271,0,0,OBSERVED_FACT
16,52,X. MEURISSE,176,PINARELLO-Q36.5 PRO CYCLING TEAM,2211,272,0,0,OBSERVED_FACT
16,53,D. VAN BAARLE,95,SOUDAL QUICK-STEP,2212,273,0,0,OBSERVED_FACT
16,54,T. WELLENS,7,UAE TEAM EMIRATES XRG,2213,274,0,0,OBSERVED_FACT
16,55,N. PRODHOMME,57,DECATHLON CMA CGM TEAM,2219,280,0,0,OBSERVED_FACT
16,56,G. MARTIN GUYONNET,186,GROUPAMA-FDJ UNITED,2219,280,0,0,OBSERVED_FACT
16,57,M. LE BERRE,206,TOTALENERGIES,2219,280,0,0,OBSERVED_FACT
16,58,B. O'CONNOR,111,TEAM JAYCO ALULA,2225,286,0,0,OBSERVED_FACT
16,59,M. VALGREN,47,EF EDUCATION - EASYPOST,2226,287,0,0,OBSERVED_FACT
16,60,N. POLITT,5,UAE TEAM EMIRATES XRG,2226,287,0,0,OBSERVED_FACT
16,61,J. NICOLAU,225,CAJA RURAL-SEGUROS RGA,2231,292,0,0,OBSERVED_FACT
16,62,A. TIBERI,77,BAHRAIN VICTORIOUS,2232,293,0,0,OBSERVED_FACT
16,63,N. BREUILLARD,202,TOTALENERGIES,2235,296,0,0,OBSERVED_FACT
16,64,V. PARET PEINTRE,93,SOUDAL QUICK-STEP,2243,304,0,0,OBSERVED_FACT
16,65,K. NEILANDS,136,NSN CYCLING TEAM,2244,305,0,0,OBSERVED_FACT
16,66,K. VAUQUELIN,88,NETCOMPANY INEOS CYCLING TEAM,2246,307,0,0,OBSERVED_FACT
16,67,J. ABRAHAMSEN,122,UNO-X MOBILITY,2248,309,0,0,OBSERVED_FACT
16,68,M. VACEK,37,LIDL-TREK,2250,311,0,0,OBSERVED_FACT
16,69,M. PEDERSEN,33,LIDL-TREK,2251,312,0,0,OBSERVED_FACT
16,70,J. HINDLEY,24,RED BULL - BORA - HANSGROHE,2252,313,0,0,OBSERVED_FACT
16,71,M. MATTHEWS,115,TEAM JAYCO ALULA,2252,313,0,0,OBSERVED_FACT
16,72,J. ALAPHILIPPE,191,TUDOR PRO CYCLING TEAM,2252,313,0,0,OBSERVED_FACT
16,73,R. PLUIMERS,195,TUDOR PRO CYCLING TEAM,2252,313,0,0,OBSERVED_FACT
16,74,A. BAUDIN,43,EF EDUCATION - EASYPOST,2253,314,0,0,OBSERVED_FACT
16,75,Q. HERMANS,174,PINARELLO-Q36.5 PRO CYCLING TEAM,2257,318,0,0,OBSERVED_FACT
16,76,J. PARRA,228,CAJA RURAL-SEGUROS RGA,2257,318,0,0,OBSERVED_FACT
16,77,M. FRIGO,134,NSN CYCLING TEAM,2260,321,0,0,OBSERVED_FACT
16,78,J. STUYVEN,94,SOUDAL QUICK-STEP,2260,321,0,0,OBSERVED_FACT
16,79,M. FRETIN,165,COFIDIS,2260,321,0,0,OBSERVED_FACT
16,80,G. ZIMMERMANN,158,LOTTO INTERMARCHE,2261,322,0,0,OBSERVED_FACT
16,81,N. VINOKUROV,68,XDS ASTANA TEAM,2264,325,0,0,OBSERVED_FACT
16,82,M. VERCHER,208,TOTALENERGIES,2264,325,0,0,OBSERVED_FACT
16,83,S. HIGUITA,61,XDS ASTANA TEAM,2265,326,0,0,OBSERVED_FACT
16,84,E. RUBIO,148,MOVISTAR TEAM,2268,329,0,0,OBSERVED_FACT
16,85,A. YATES,8,UAE TEAM EMIRATES XRG,2269,330,0,0,OBSERVED_FACT
16,86,L. PLAPP,117,TEAM JAYCO ALULA,2270,331,0,0,OBSERVED_FACT
16,87,D. GODON,85,NETCOMPANY INEOS CYCLING TEAM,2271,332,0,0,OBSERVED_FACT
16,88,T. BENOOT,52,DECATHLON CMA CGM TEAM,2272,333,0,0,OBSERVED_FACT
16,89,H. PAGE,167,COFIDIS,2275,336,0,0,OBSERVED_FACT
16,90,K. ASGREEN,42,EF EDUCATION - EASYPOST,2275,336,0,0,OBSERVED_FACT
16,91,A. KIRSCH,166,COFIDIS,2282,343,0,0,OBSERVED_FACT
16,92,J. DELBOVE,203,TOTALENERGIES,2282,343,0,0,OBSERVED_FACT
16,93,E. PLANCKAERT,106,ALPECIN-PREMIER TECH,2282,343,0,0,OBSERVED_FACT
16,94,J. RICKAERT,107,ALPECIN-PREMIER TECH,2285,346,0,0,OBSERVED_FACT
16,95,S. BERWICK,223,CAJA RURAL-SEGUROS RGA,2285,346,0,0,OBSERVED_FACT
16,96,M. VAN DER POEL,101,ALPECIN-PREMIER TECH,2286,347,0,0,OBSERVED_FACT
16,97,B. VAN MOER,177,PINARELLO-Q36.5 PRO CYCLING TEAM,2286,347,0,0,OBSERVED_FACT
16,98,T. JOHANNESSEN,121,UNO-X MOBILITY,2286,347,0,0,OBSERVED_FACT
16,99,I. IZAGIRRE,161,COFIDIS,2287,348,0,0,OBSERVED_FACT
16,100,E. AFFINI,12,TEAM VISMA | LEASE A BIKE,2287,348,0,0,OBSERVED_FACT
16,101,M. WALKER,48,EF EDUCATION - EASYPOST,2287,348,0,0,OBSERVED_FACT
16,102,N. DENZ,23,RED BULL - BORA - HANSGROHE,2289,350,0,0,OBSERVED_FACT
16,103,S. OLDANI,226,CAJA RURAL-SEGUROS RGA,2290,351,0,0,OBSERVED_FACT
16,104,M. STORER,196,TUDOR PRO CYCLING TEAM,2293,354,0,0,OBSERVED_FACT
16,105,A. ARANBURU,163,COFIDIS,2293,354,0,0,OBSERVED_FACT
16,106,P. ACKERMANN,112,TEAM JAYCO ALULA,2294,355,0,0,OBSERVED_FACT
16,107,F. WRIGHT,178,PINARELLO-Q36.5 PRO CYCLING TEAM,2295,356,0,0,OBSERVED_FACT
16,108,G. STEINHAUSER,46,EF EDUCATION - EASYPOST,2295,356,0,0,OBSERVED_FACT
16,109,R. STANNARD,76,BAHRAIN VICTORIOUS,2297,358,0,0,OBSERVED_FACT
16,110,A. GATE,63,XDS ASTANA TEAM,2299,360,0,0,OBSERVED_FACT
16,111,A. JOHANNESSEN,125,UNO-X MOBILITY,2299,360,0,0,OBSERVED_FACT
16,112,L. SLOCK,155,LOTTO INTERMARCHE,2300,361,0,0,OBSERVED_FACT
16,113,A. SKAARSETH,126,UNO-X MOBILITY,2302,363,0,0,OBSERVED_FACT
16,114,L. DURBRIDGE,113,TEAM JAYCO ALULA,2302,363,0,0,OBSERVED_FACT
16,115,T. MARSMAN,104,ALPECIN-PREMIER TECH,2303,364,0,0,OBSERVED_FACT
16,116,J. VAN DEN BERG,217,TEAM PICNIC POSTNL,2304,365,0,0,OBSERVED_FACT
16,117,J. TRATNIK,26,RED BULL - BORA - HANSGROHE,2305,366,0,0,OBSERVED_FACT
16,118,B. HEALY,44,EF EDUCATION - EASYPOST,2308,369,0,0,OBSERVED_FACT
16,119,T. SKUJINS,36,LIDL-TREK,2308,369,0,0,OBSERVED_FACT
16,120,M. HIRSCHI,194,TUDOR PRO CYCLING TEAM,2311,372,0,0,OBSERVED_FACT
16,121,F. VERMEERSCH,6,UAE TEAM EMIRATES XRG,2312,373,0,0,OBSERVED_FACT
16,122,W. BARGUIL,211,TEAM PICNIC POSTNL,2313,374,0,0,OBSERVED_FACT
16,123,V. VAN MECHELEN,78,BAHRAIN VICTORIOUS,2315,376,0,0,OBSERVED_FACT
16,124,C. VERONA,38,LIDL-TREK,2317,378,0,0,OBSERVED_FACT
16,125,S. KUSS,17,TEAM VISMA | LEASE A BIKE,2318,379,0,0,OBSERVED_FACT
16,126,M. HEßMANN,145,MOVISTAR TEAM,2319,380,0,0,OBSERVED_FACT
16,127,J. BIERMANS,164,COFIDIS,2319,380,0,0,OBSERVED_FACT
16,128,B. VEISTROFFER,157,LOTTO INTERMARCHE,2319,380,0,0,OBSERVED_FACT
16,129,L. GERMANI,185,GROUPAMA-FDJ UNITED,2322,383,0,0,OBSERVED_FACT
16,130,M. HALLER,193,TUDOR PRO CYCLING TEAM,2322,383,0,0,OBSERVED_FACT
16,131,A. TURGIS,207,TOTALENERGIES,2322,383,0,0,OBSERVED_FACT
16,132,E. VERSTRYNGE,108,ALPECIN-PREMIER TECH,2326,387,0,0,OBSERVED_FACT
16,133,J. STEWART,137,NSN CYCLING TEAM,2329,390,0,0,OBSERVED_FACT
16,134,D. BALLERINI,62,XDS ASTANA TEAM,2330,391,0,0,OBSERVED_FACT
16,135,L. ASKEY,132,NSN CYCLING TEAM,2330,391,0,0,OBSERVED_FACT
16,136,C. BOL,53,DECATHLON CMA CGM TEAM,2331,392,0,0,OBSERVED_FACT
16,137,P. BAUHAUS,72,BAHRAIN VICTORIOUS,2332,393,0,0,OBSERVED_FACT
16,138,R. DHONDT,215,TEAM PICNIC POSTNL,2332,393,0,0,OBSERVED_FACT
16,139,O. KOOIJ,55,DECATHLON CMA CGM TEAM,2333,394,0,0,OBSERVED_FACT
16,140,M. CORT NIELSEN,124,UNO-X MOBILITY,2334,395,0,0,OBSERVED_FACT
16,141,V. CAMPENAERTS,14,TEAM VISMA | LEASE A BIKE,2337,398,0,0,OBSERVED_FACT
16,142,K. GRADEK,74,BAHRAIN VICTORIOUS,2337,398,0,0,OBSERVED_FACT
16,143,J. ROMO,147,MOVISTAR TEAM,2338,399,0,0,OBSERVED_FACT
16,144,M. TEUNISSEN,66,XDS ASTANA TEAM,2338,399,0,0,OBSERVED_FACT
16,145,L. VERVAEKE,98,SOUDAL QUICK-STEP,2339,400,0,0,OBSERVED_FACT
16,146,M. MOHORIC,75,BAHRAIN VICTORIOUS,2339,400,0,0,OBSERVED_FACT
16,147,J. DEGENKOLB,214,TEAM PICNIC POSTNL,2344,405,0,0,OBSERVED_FACT
16,148,M. KANTER,64,XDS ASTANA TEAM,2345,406,0,0,OBSERVED_FACT
16,149,M. LOUVEL,135,NSN CYCLING TEAM,2345,406,0,0,OBSERVED_FACT
16,150,L. VAN EETVELT,156,LOTTO INTERMARCHE,2346,407,0,0,OBSERVED_FACT
16,151,P. HAGENES,15,TEAM VISMA | LEASE A BIKE,2348,409,0,0,OBSERVED_FACT
16,152,F. VAN DEN BROEK,218,TEAM PICNIC POSTNL,2351,412,0,0,OBSERVED_FACT
16,153,J. PHILIPSEN,105,ALPECIN-PREMIER TECH,2353,414,0,0,OBSERVED_FACT
16,154,G. BENNETT,133,NSN CYCLING TEAM,2354,415,0,0,OBSERVED_FACT
16,155,S. DILLIER,103,ALPECIN-PREMIER TECH,2356,417,0,0,OBSERVED_FACT
16,156,S. WAERENSKJOLD,128,UNO-X MOBILITY,2356,417,0,0,OBSERVED_FACT
16,157,T. VAN DIJKE,27,RED BULL - BORA - HANSGROHE,2356,417,0,0,OBSERVED_FACT
16,158,N. MÄRKL,216,TEAM PICNIC POSTNL,2357,418,0,0,OBSERVED_FACT
16,159,H. TEJADA,65,XDS ASTANA TEAM,2362,423,0,0,OBSERVED_FACT
16,160,P. BITTNER,213,TEAM PICNIC POSTNL,2363,424,0,0,OBSERVED_FACT
16,161,J. CEPEDA,143,MOVISTAR TEAM,2376,437,0,0,OBSERVED_FACT
16,162,B. GIRMAY,131,NSN CYCLING TEAM,2385,446,0,0,OBSERVED_FACT
16,163,P. ALLEGAERT,162,COFIDIS,2391,452,0,0,OBSERVED_FACT
16,164,P. EENKHOORN,92,SOUDAL QUICK-STEP,2399,460,0,0,OBSERVED_FACT
17,1,J. PHILIPSEN,105,ALPECIN-PREMIER TECH,13273,0,10,0,OBSERVED_FACT
17,2,M. SCHMID,118,TEAM JAYCO ALULA,13273,0,6,0,OBSERVED_FACT
17,3,O. KOOIJ,55,DECATHLON CMA CGM TEAM,13273,0,4,0,OBSERVED_FACT
17,4,L. ASKEY,132,NSN CYCLING TEAM,13273,0,0,0,OBSERVED_FACT
17,5,R. PLUIMERS,195,TUDOR PRO CYCLING TEAM,13273,0,0,0,OBSERVED_FACT
17,6,C. RUSSO,188,GROUPAMA-FDJ UNITED,13273,0,0,0,OBSERVED_FACT
17,7,H. ARTZ,152,LOTTO INTERMARCHE,13273,0,0,0,OBSERVED_FACT
17,8,M. PEDERSEN,33,LIDL-TREK,13273,0,0,0,OBSERVED_FACT
17,9,M. MATTHEWS,115,TEAM JAYCO ALULA,13273,0,0,0,OBSERVED_FACT
17,10,A. GATE,63,XDS ASTANA TEAM,13273,0,0,0,OBSERVED_FACT
17,11,M. VAN DER POEL,101,ALPECIN-PREMIER TECH,13273,0,0,0,OBSERVED_FACT
17,12,H. PAGE,167,COFIDIS,13273,0,0,0,OBSERVED_FACT
17,13,M. MOHORIC,75,BAHRAIN VICTORIOUS,13273,0,0,0,OBSERVED_FACT
17,14,J. JEGAT,201,TOTALENERGIES,13273,0,0,0,OBSERVED_FACT
17,15,A. BALDERSTONE,222,CAJA RURAL-SEGUROS RGA,13273,0,0,0,OBSERVED_FACT
17,16,J. DELBOVE,203,TOTALENERGIES,13273,0,0,0,OBSERVED_FACT
17,17,R. GARCIA,144,MOVISTAR TEAM,13273,0,0,0,OBSERVED_FACT
17,18,G. ZIMMERMANN,158,LOTTO INTERMARCHE,13273,0,0,0,OBSERVED_FACT
17,19,G. MARTIN GUYONNET,186,GROUPAMA-FDJ UNITED,13273,0,0,0,OBSERVED_FACT
17,20,Q. HERMANS,174,PINARELLO-Q36.5 PRO CYCLING TEAM,13273,0,0,0,OBSERVED_FACT
17,21,Q. SIMMONS,34,LIDL-TREK,13273,0,0,0,OBSERVED_FACT
17,22,J. HINDLEY,24,RED BULL - BORA - HANSGROHE,13273,0,0,0,OBSERVED_FACT
17,23,N. DENZ,23,RED BULL - BORA - HANSGROHE,13273,0,0,0,OBSERVED_FACT
17,24,P. HAGENES,15,TEAM VISMA | LEASE A BIKE,13273,0,0,0,OBSERVED_FACT
17,25,A. BAUDIN,43,EF EDUCATION - EASYPOST,13273,0,0,0,OBSERVED_FACT
17,26,J. TARLING,87,NETCOMPANY INEOS CYCLING TEAM,13273,0,0,0,OBSERVED_FACT
17,27,T. BENOOT,52,DECATHLON CMA CGM TEAM,13289,16,0,0,OBSERVED_FACT
17,28,M. VALGREN,47,EF EDUCATION - EASYPOST,13293,20,0,0,OBSERVED_FACT
17,29,P. CASTRILLO,142,MOVISTAR TEAM,13300,27,0,0,OBSERVED_FACT
17,30,D. GEE,32,LIDL-TREK,13308,35,0,0,OBSERVED_FACT
17,31,R. DHONDT,215,TEAM PICNIC POSTNL,13318,45,0,0,OBSERVED_FACT
17,32,E. RUBIO,148,MOVISTAR TEAM,13318,45,0,0,OBSERVED_FACT
17,33,N. POLITT,5,UAE TEAM EMIRATES XRG,13323,50,0,0,OBSERVED_FACT
17,34,J. STUYVEN,94,SOUDAL QUICK-STEP,13385,112,0,0,OBSERVED_FACT
17,35,B. HEALY,44,EF EDUCATION - EASYPOST,13394,121,0,0,OBSERVED_FACT
17,36,H. TEJADA,65,XDS ASTANA TEAM,13450,177,0,0,OBSERVED_FACT
17,37,E. BERNAL,81,NETCOMPANY INEOS CYCLING TEAM,13450,177,0,0,OBSERVED_FACT
17,38,M. JORGENSON,16,TEAM VISMA | LEASE A BIKE,13450,177,0,0,OBSERVED_FACT
17,39,V. VAN MECHELEN,78,BAHRAIN VICTORIOUS,13456,183,0,0,OBSERVED_FACT
17,40,M. LE BERRE,206,TOTALENERGIES,13461,188,0,0,OBSERVED_FACT
17,41,C. BRAZ AFONSO,183,GROUPAMA-FDJ UNITED,13468,195,0,0,OBSERVED_FACT
17,42,M. KWIATKOWSKI,86,NETCOMPANY INEOS CYCLING TEAM,13475,202,0,0,OBSERVED_FACT
17,43,F. ENGELHARDT,114,TEAM JAYCO ALULA,13475,202,0,0,OBSERVED_FACT
17,44,B. O'CONNOR,111,TEAM JAYCO ALULA,13522,249,0,0,OBSERVED_FACT
17,45,E. PLANCKAERT,106,ALPECIN-PREMIER TECH,13559,286,0,0,OBSERVED_FACT
17,46,E. VERSTRYNGE,108,ALPECIN-PREMIER TECH,13559,286,0,0,OBSERVED_FACT
17,47,V. CAMPENAERTS,14,TEAM VISMA | LEASE A BIKE,13568,295,0,0,OBSERVED_FACT
17,48,F. VERMEERSCH,6,UAE TEAM EMIRATES XRG,13799,526,0,0,OBSERVED_FACT
17,49,F. GROSSSCHARTNER,3,UAE TEAM EMIRATES XRG,13799,526,0,0,OBSERVED_FACT
17,50,T. POGACAR,1,UAE TEAM EMIRATES XRG,13799,526,0,0,OBSERVED_FACT
17,51,B. MCNULTY,4,UAE TEAM EMIRATES XRG,13799,526,0,0,OBSERVED_FACT
17,52,I. DEL TORO,2,UAE TEAM EMIRATES XRG,13799,526,0,0,OBSERVED_FACT
17,53,T. VAN DIJKE,27,RED BULL - BORA - HANSGROHE,13799,526,0,0,OBSERVED_FACT
17,54,J. TRATNIK,26,RED BULL - BORA - HANSGROHE,13799,526,0,0,OBSERVED_FACT
17,55,M. VAN GILS,28,RED BULL - BORA - HANSGROHE,13799,526,0,0,OBSERVED_FACT
17,56,M. CATTANEO,22,RED BULL - BORA - HANSGROHE,13799,526,0,0,OBSERVED_FACT
17,57,R. EVENEPOEL,21,RED BULL - BORA - HANSGROHE,13799,526,0,0,OBSERVED_FACT
17,58,N. PRODHOMME,57,DECATHLON CMA CGM TEAM,13799,526,0,0,OBSERVED_FACT
17,59,P. SEIXAS,51,DECATHLON CMA CGM TEAM,13799,526,0,0,OBSERVED_FACT
17,60,A. PARET PEINTRE,56,DECATHLON CMA CGM TEAM,13799,526,0,0,OBSERVED_FACT
17,61,M. RICCITELLO,58,DECATHLON CMA CGM TEAM,13799,526,0,0,OBSERVED_FACT
17,62,M. SKJELMOSE,35,LIDL-TREK,13799,526,0,0,OBSERVED_FACT
17,63,T. SKUJINS,36,LIDL-TREK,13799,526,0,0,OBSERVED_FACT
17,64,J. AYUSO,31,LIDL-TREK,13799,526,0,0,OBSERVED_FACT
17,65,M. VACEK,37,LIDL-TREK,13799,526,0,0,OBSERVED_FACT
17,66,C. VERONA,38,LIDL-TREK,13799,526,0,0,OBSERVED_FACT
17,67,K. GRADEK,74,BAHRAIN VICTORIOUS,13799,526,0,0,OBSERVED_FACT
17,68,L. MARTINEZ,71,BAHRAIN VICTORIOUS,13799,526,0,0,OBSERVED_FACT
17,69,A. TIBERI,77,BAHRAIN VICTORIOUS,13799,526,0,0,OBSERVED_FACT
17,70,D. CARUSO,73,BAHRAIN VICTORIOUS,13799,526,0,0,OBSERVED_FACT
17,71,F. WRIGHT,178,PINARELLO-Q36.5 PRO CYCLING TEAM,13799,526,0,0,OBSERVED_FACT
17,72,R. STANNARD,76,BAHRAIN VICTORIOUS,13799,526,0,0,OBSERVED_FACT
17,73,T. PIDCOCK,171,PINARELLO-Q36.5 PRO CYCLING TEAM,13799,526,0,0,OBSERVED_FACT
17,74,B. VAN MOER,177,PINARELLO-Q36.5 PRO CYCLING TEAM,13799,526,0,0,OBSERVED_FACT
17,75,D. HOWSON,175,PINARELLO-Q36.5 PRO CYCLING TEAM,13799,526,0,0,OBSERVED_FACT
17,76,X. MEURISSE,176,PINARELLO-Q36.5 PRO CYCLING TEAM,13799,526,0,0,OBSERVED_FACT
17,77,E. AFFINI,12,TEAM VISMA | LEASE A BIKE,13799,526,0,0,OBSERVED_FACT
17,78,S. DILLIER,103,ALPECIN-PREMIER TECH,13799,526,0,0,OBSERVED_FACT
17,79,M. HALLER,193,TUDOR PRO CYCLING TEAM,13799,526,0,0,OBSERVED_FACT
17,80,Y. VOISARD,198,TUDOR PRO CYCLING TEAM,13799,526,0,0,OBSERVED_FACT
17,81,M. HIRSCHI,194,TUDOR PRO CYCLING TEAM,13799,526,0,0,OBSERVED_FACT
17,82,J. ALAPHILIPPE,191,TUDOR PRO CYCLING TEAM,13799,526,0,0,OBSERVED_FACT
17,83,P. EENKHOORN,92,SOUDAL QUICK-STEP,13799,526,0,0,OBSERVED_FACT
17,84,I. VAN WILDER,97,SOUDAL QUICK-STEP,13799,526,0,0,OBSERVED_FACT
17,85,A. SKAARSETH,126,UNO-X MOBILITY,13799,526,0,0,OBSERVED_FACT
17,86,T. JOHANNESSEN,121,UNO-X MOBILITY,13799,526,0,0,OBSERVED_FACT
17,87,K. ASGREEN,42,EF EDUCATION - EASYPOST,13799,526,0,0,OBSERVED_FACT
17,88,R. CARAPAZ,41,EF EDUCATION - EASYPOST,13799,526,0,0,OBSERVED_FACT
17,89,J. DEGENKOLB,214,TEAM PICNIC POSTNL,13799,526,0,0,OBSERVED_FACT
17,90,N. MÄRKL,216,TEAM PICNIC POSTNL,13799,526,0,0,OBSERVED_FACT
17,91,B. GIRMAY,131,NSN CYCLING TEAM,13799,526,0,0,OBSERVED_FACT
17,92,M. LOUVEL,135,NSN CYCLING TEAM,13799,526,0,0,OBSERVED_FACT
17,93,K. NEILANDS,136,NSN CYCLING TEAM,13799,526,0,0,OBSERVED_FACT
17,94,N. OLIVEIRA,146,MOVISTAR TEAM,13799,526,0,0,OBSERVED_FACT
17,95,M. FRETIN,165,COFIDIS,13799,526,0,0,OBSERVED_FACT
17,96,M. TEUNISSEN,66,XDS ASTANA TEAM,13799,526,0,0,OBSERVED_FACT
17,97,J. BIERMANS,164,COFIDIS,13799,526,0,0,OBSERVED_FACT
17,98,M. FRIGO,134,NSN CYCLING TEAM,13799,526,0,0,OBSERVED_FACT
17,99,S. KUSS,17,TEAM VISMA | LEASE A BIKE,13799,526,0,0,OBSERVED_FACT
17,100,M. WALKER,48,EF EDUCATION - EASYPOST,13799,526,0,0,OBSERVED_FACT
17,101,S. QUINN,45,EF EDUCATION - EASYPOST,13799,526,0,0,OBSERVED_FACT
17,102,A. TURGIS,207,TOTALENERGIES,13799,526,0,0,OBSERVED_FACT
17,103,D. PIGANZOLI,18,TEAM VISMA | LEASE A BIKE,13799,526,0,0,OBSERVED_FACT
17,104,B. ARMIRAIL,13,TEAM VISMA | LEASE A BIKE,13799,526,0,0,OBSERVED_FACT
17,105,J. ROMO,147,MOVISTAR TEAM,13799,526,0,0,OBSERVED_FACT
17,106,T. ARENSMAN,82,NETCOMPANY INEOS CYCLING TEAM,13799,526,0,0,OBSERVED_FACT
17,107,S. OLDANI,226,CAJA RURAL-SEGUROS RGA,13799,526,0,0,OBSERVED_FACT
17,108,M. HEßMANN,145,MOVISTAR TEAM,13799,526,0,0,OBSERVED_FACT
17,109,A. ARANBURU,163,COFIDIS,13799,526,0,0,OBSERVED_FACT
17,110,T. GUERNALEC,205,TOTALENERGIES,13799,526,0,0,OBSERVED_FACT
17,111,J. RICKAERT,107,ALPECIN-PREMIER TECH,13799,526,0,0,OBSERVED_FACT
17,112,A. DELETTRE,204,TOTALENERGIES,13799,526,0,0,OBSERVED_FACT
17,113,M. VERCHER,208,TOTALENERGIES,13799,526,0,0,OBSERVED_FACT
17,114,P. ALLEGAERT,162,COFIDIS,13799,526,0,0,OBSERVED_FACT
17,115,T. MARSMAN,104,ALPECIN-PREMIER TECH,13799,526,0,0,OBSERVED_FACT
17,116,L. VERVAEKE,98,SOUDAL QUICK-STEP,13799,526,0,0,OBSERVED_FACT
17,117,F. GANNA,84,NETCOMPANY INEOS CYCLING TEAM,13799,526,0,0,OBSERVED_FACT
17,118,D. GODON,85,NETCOMPANY INEOS CYCLING TEAM,13799,526,0,0,OBSERVED_FACT
17,119,K. VAUQUELIN,88,NETCOMPANY INEOS CYCLING TEAM,13799,526,0,0,OBSERVED_FACT
17,120,Q. PACHER,187,GROUPAMA-FDJ UNITED,13799,526,0,0,OBSERVED_FACT
17,121,R. GREGOIRE,181,GROUPAMA-FDJ UNITED,13799,526,0,0,OBSERVED_FACT
17,122,X. AZPARREN IRURZUN,172,PINARELLO-Q36.5 PRO CYCLING TEAM,13799,526,0,0,OBSERVED_FACT
17,123,L. PLAPP,117,TEAM JAYCO ALULA,13799,526,0,0,OBSERVED_FACT
17,124,L. GERMANI,185,GROUPAMA-FDJ UNITED,13799,526,0,0,OBSERVED_FACT
17,125,S. VELASCO,67,XDS ASTANA TEAM,13799,526,0,0,OBSERVED_FACT
17,126,G. BENNETT,133,NSN CYCLING TEAM,13799,526,0,0,OBSERVED_FACT
17,127,L. DURBRIDGE,113,TEAM JAYCO ALULA,13799,526,0,0,OBSERVED_FACT
17,128,J. PARRA,228,CAJA RURAL-SEGUROS RGA,13799,526,0,0,OBSERVED_FACT
17,129,P. BITTNER,213,TEAM PICNIC POSTNL,13799,526,0,0,OBSERVED_FACT
17,130,J. OTRUBA,227,CAJA RURAL-SEGUROS RGA,13799,526,0,0,OBSERVED_FACT
17,131,S. BERWICK,223,CAJA RURAL-SEGUROS RGA,13799,526,0,0,OBSERVED_FACT
17,132,P. ACKERMANN,112,TEAM JAYCO ALULA,13799,526,0,0,OBSERVED_FACT
17,133,J. ABRAHAMSEN,122,UNO-X MOBILITY,13799,526,0,0,OBSERVED_FACT
17,134,D. VAN BAARLE,95,SOUDAL QUICK-STEP,13799,526,0,0,OBSERVED_FACT
17,135,L. VAN EETVELT,156,LOTTO INTERMARCHE,13799,526,0,0,OBSERVED_FACT
17,136,L. SLOCK,155,LOTTO INTERMARCHE,13799,526,0,0,OBSERVED_FACT
17,137,W. BARGUIL,211,TEAM PICNIC POSTNL,13799,526,0,0,OBSERVED_FACT
17,138,I. IZAGIRRE,161,COFIDIS,13799,526,0,0,OBSERVED_FACT
17,139,S. HIGUITA,61,XDS ASTANA TEAM,13799,526,0,0,OBSERVED_FACT
17,140,N. VINOKUROV,68,XDS ASTANA TEAM,13799,526,0,0,OBSERVED_FACT
17,141,B. VEISTROFFER,157,LOTTO INTERMARCHE,13799,526,0,0,OBSERVED_FACT
17,142,A. KIRSCH,166,COFIDIS,13799,526,0,0,OBSERVED_FACT
17,143,E. COSTIOU,184,GROUPAMA-FDJ UNITED,13826,553,0,0,OBSERVED_FACT
17,144,T. FOSS,83,NETCOMPANY INEOS CYCLING TEAM,13826,553,0,0,OBSERVED_FACT
17,145,B. THOMAS,168,COFIDIS,13831,558,0,0,OBSERVED_FACT
17,146,G. STEINHAUSER,46,EF EDUCATION - EASYPOST,13831,558,0,0,OBSERVED_FACT
17,147,M. STORER,196,TUDOR PRO CYCLING TEAM,13831,558,0,0,OBSERVED_FACT
17,148,V. PARET PEINTRE,93,SOUDAL QUICK-STEP,13840,567,0,0,OBSERVED_FACT
17,149,F. VAN DEN BROEK,218,TEAM PICNIC POSTNL,13880,607,0,0,OBSERVED_FACT
17,150,N. BREUILLARD,202,TOTALENERGIES,13897,624,0,0,OBSERVED_FACT
17,151,P. BAUHAUS,72,BAHRAIN VICTORIOUS,13925,652,0,0,OBSERVED_FACT
17,152,J. VAN DEN BERG,217,TEAM PICNIC POSTNL,13930,657,0,0,OBSERVED_FACT
17,153,D. HOOLE,54,DECATHLON CMA CGM TEAM,13930,657,0,0,OBSERVED_FACT
17,154,M. KANTER,64,XDS ASTANA TEAM,13930,657,0,0,OBSERVED_FACT
17,155,J. STEWART,137,NSN CYCLING TEAM,13930,657,0,0,OBSERVED_FACT
17,156,C. BOL,53,DECATHLON CMA CGM TEAM,13930,657,0,0,OBSERVED_FACT
17,157,D. BALLERINI,62,XDS ASTANA TEAM,13930,657,0,0,OBSERVED_FACT
17,158,J. NICOLAU,225,CAJA RURAL-SEGUROS RGA,13940,667,0,0,OBSERVED_FACT
17,159,M. CORT NIELSEN,124,UNO-X MOBILITY,13940,667,0,0,OBSERVED_FACT
17,160,S. WAERENSKJOLD,128,UNO-X MOBILITY,13965,692,0,0,OBSERVED_FACT
17,161,T. WELLENS,7,UAE TEAM EMIRATES XRG,14869,1596,0,0,OBSERVED_FACT
17,162,A. YATES,8,UAE TEAM EMIRATES XRG,14869,1596,0,0,OBSERVED_FACT
17,163,A. JOHANNESSEN,125,UNO-X MOBILITY,14869,1596,0,0,OBSERVED_FACT
17,164,J. CEPEDA,143,MOVISTAR TEAM,14982,1709,0,0,OBSERVED_FACT
18,1,R. CARAPAZ,41,EF EDUCATION - EASYPOST,15981,0,10,0,OBSERVED_FACT
18,2,M. SCHMID,118,TEAM JAYCO ALULA,16026,45,6,0,OBSERVED_FACT
18,3,M. JORGENSON,16,TEAM VISMA | LEASE A BIKE,16026,45,4,0,OBSERVED_FACT
18,4,V. PARET PEINTRE,93,SOUDAL QUICK-STEP,16055,74,0,0,OBSERVED_FACT
18,5,T. JOHANNESSEN,121,UNO-X MOBILITY,16098,117,0,0,OBSERVED_FACT
18,6,R. GARCIA,144,MOVISTAR TEAM,16113,132,0,0,OBSERVED_FACT
18,7,P. CASTRILLO,142,MOVISTAR TEAM,16251,270,0,0,OBSERVED_FACT
18,8,L. MARTINEZ,71,BAHRAIN VICTORIOUS,16256,275,0,0,OBSERVED_FACT
18,9,R. EVENEPOEL,21,RED BULL - BORA - HANSGROHE,16256,275,0,0,OBSERVED_FACT
18,10,T. PIDCOCK,171,PINARELLO-Q36.5 PRO CYCLING TEAM,16256,275,0,0,OBSERVED_FACT
18,11,J. JEGAT,201,TOTALENERGIES,16256,275,0,0,OBSERVED_FACT
18,12,J. AYUSO,31,LIDL-TREK,16256,275,0,0,OBSERVED_FACT
18,13,T. POGACAR,1,UAE TEAM EMIRATES XRG,16256,275,0,0,OBSERVED_FACT
18,14,M. SKJELMOSE,35,LIDL-TREK,16256,275,0,0,OBSERVED_FACT
18,15,N. PRODHOMME,57,DECATHLON CMA CGM TEAM,16256,275,0,0,OBSERVED_FACT
18,16,P. SEIXAS,51,DECATHLON CMA CGM TEAM,16256,275,0,0,OBSERVED_FACT
18,17,I. DEL TORO,2,UAE TEAM EMIRATES XRG,16256,275,0,0,OBSERVED_FACT
18,18,M. RICCITELLO,58,DECATHLON CMA CGM TEAM,16256,275,0,0,OBSERVED_FACT
18,19,Y. VOISARD,198,TUDOR PRO CYCLING TEAM,16256,275,0,0,OBSERVED_FACT
18,20,J. HINDLEY,24,RED BULL - BORA - HANSGROHE,16260,279,0,0,OBSERVED_FACT
18,21,D. GEE,32,LIDL-TREK,16285,304,0,0,OBSERVED_FACT
18,22,F. ENGELHARDT,114,TEAM JAYCO ALULA,16297,316,0,0,OBSERVED_FACT
18,23,C. VERONA,38,LIDL-TREK,16312,331,0,0,OBSERVED_FACT
18,24,S. HIGUITA,61,XDS ASTANA TEAM,16329,348,0,0,OBSERVED_FACT
18,25,Q. SIMMONS,34,LIDL-TREK,16332,351,0,0,OBSERVED_FACT
18,26,I. VAN WILDER,97,SOUDAL QUICK-STEP,16344,363,0,0,OBSERVED_FACT
18,27,M. VAN GILS,28,RED BULL - BORA - HANSGROHE,16387,406,0,0,OBSERVED_FACT
18,28,G. MARTIN GUYONNET,186,GROUPAMA-FDJ UNITED,16450,469,0,0,OBSERVED_FACT
18,29,D. CARUSO,73,BAHRAIN VICTORIOUS,16450,469,0,0,OBSERVED_FACT
18,30,Q. PACHER,187,GROUPAMA-FDJ UNITED,16477,496,0,0,OBSERVED_FACT
18,31,M. VALGREN,47,EF EDUCATION - EASYPOST,16520,539,0,0,OBSERVED_FACT
18,32,F. GROSSSCHARTNER,3,UAE TEAM EMIRATES XRG,16520,539,0,0,OBSERVED_FACT
18,33,M. CATTANEO,22,RED BULL - BORA - HANSGROHE,16520,539,0,0,OBSERVED_FACT
18,34,N. BREUILLARD,202,TOTALENERGIES,16571,590,0,0,OBSERVED_FACT
18,35,H. TEJADA,65,XDS ASTANA TEAM,16645,664,0,0,OBSERVED_FACT
18,36,A. PARET PEINTRE,56,DECATHLON CMA CGM TEAM,16692,711,0,0,OBSERVED_FACT
18,37,T. BENOOT,52,DECATHLON CMA CGM TEAM,16692,711,0,0,OBSERVED_FACT
18,38,M. MATTHEWS,115,TEAM JAYCO ALULA,16731,750,0,0,OBSERVED_FACT
18,39,R. GREGOIRE,181,GROUPAMA-FDJ UNITED,16743,762,0,0,OBSERVED_FACT
18,40,V. VAN MECHELEN,78,BAHRAIN VICTORIOUS,16751,770,0,0,OBSERVED_FACT
18,41,A. DELETTRE,204,TOTALENERGIES,16777,796,0,0,OBSERVED_FACT
18,42,M. VACEK,37,LIDL-TREK,16777,796,0,0,OBSERVED_FACT
18,43,B. ARMIRAIL,13,TEAM VISMA | LEASE A BIKE,16804,823,0,0,OBSERVED_FACT
18,44,S. KUSS,17,TEAM VISMA | LEASE A BIKE,16804,823,0,0,OBSERVED_FACT
18,45,C. BRAZ AFONSO,183,GROUPAMA-FDJ UNITED,16804,823,0,0,OBSERVED_FACT
18,46,E. RUBIO,148,MOVISTAR TEAM,16828,847,0,0,OBSERVED_FACT
18,47,E. BERNAL,81,NETCOMPANY INEOS CYCLING TEAM,16828,847,0,0,OBSERVED_FACT
18,48,T. ARENSMAN,82,NETCOMPANY INEOS CYCLING TEAM,16828,847,0,0,OBSERVED_FACT
18,49,I. IZAGIRRE,161,COFIDIS,16828,847,0,0,OBSERVED_FACT
18,50,M. LE BERRE,206,TOTALENERGIES,16828,847,0,0,OBSERVED_FACT
18,51,B. O'CONNOR,111,TEAM JAYCO ALULA,16838,857,0,0,OBSERVED_FACT
18,52,A. BAUDIN,43,EF EDUCATION - EASYPOST,16879,898,0,0,OBSERVED_FACT
18,53,J. DELBOVE,203,TOTALENERGIES,16879,898,0,0,OBSERVED_FACT
18,54,M. HIRSCHI,194,TUDOR PRO CYCLING TEAM,16913,932,0,0,OBSERVED_FACT
18,55,A. BALDERSTONE,222,CAJA RURAL-SEGUROS RGA,16935,954,0,0,OBSERVED_FACT
18,56,T. FOSS,83,NETCOMPANY INEOS CYCLING TEAM,16964,983,0,0,OBSERVED_FACT
18,57,M. STORER,196,TUDOR PRO CYCLING TEAM,16964,983,0,0,OBSERVED_FACT
18,58,Q. HERMANS,174,PINARELLO-Q36.5 PRO CYCLING TEAM,16964,983,0,0,OBSERVED_FACT
18,59,M. CORT NIELSEN,124,UNO-X MOBILITY,16964,983,0,0,OBSERVED_FACT
18,60,B. HEALY,44,EF EDUCATION - EASYPOST,16964,983,0,0,OBSERVED_FACT
18,61,K. ASGREEN,42,EF EDUCATION - EASYPOST,17012,1031,0,0,OBSERVED_FACT
18,62,S. QUINN,45,EF EDUCATION - EASYPOST,17012,1031,0,0,OBSERVED_FACT
18,63,C. RUSSO,188,GROUPAMA-FDJ UNITED,17012,1031,0,0,OBSERVED_FACT
18,64,G. BENNETT,133,NSN CYCLING TEAM,17047,1066,0,0,OBSERVED_FACT
18,65,M. FRIGO,134,NSN CYCLING TEAM,17047,1066,0,0,OBSERVED_FACT
18,66,S. BERWICK,223,CAJA RURAL-SEGUROS RGA,17047,1066,0,0,OBSERVED_FACT
18,67,J. OTRUBA,227,CAJA RURAL-SEGUROS RGA,17047,1066,0,0,OBSERVED_FACT
18,68,A. TURGIS,207,TOTALENERGIES,17047,1066,0,0,OBSERVED_FACT
18,69,K. VAUQUELIN,88,NETCOMPANY INEOS CYCLING TEAM,17047,1066,0,0,OBSERVED_FACT
18,70,N. OLIVEIRA,146,MOVISTAR TEAM,17062,1081,0,0,OBSERVED_FACT
18,71,J. STUYVEN,94,SOUDAL QUICK-STEP,17062,1081,0,0,OBSERVED_FACT
18,72,L. VERVAEKE,98,SOUDAL QUICK-STEP,17062,1081,0,0,OBSERVED_FACT
18,73,A. SKAARSETH,126,UNO-X MOBILITY,17090,1109,0,0,OBSERVED_FACT
18,74,J. ROMO,147,MOVISTAR TEAM,17117,1136,0,0,OBSERVED_FACT
18,75,N. POLITT,5,UAE TEAM EMIRATES XRG,17128,1147,0,0,OBSERVED_FACT
18,76,J. ABRAHAMSEN,122,UNO-X MOBILITY,17144,1163,0,0,OBSERVED_FACT
18,77,X. AZPARREN IRURZUN,172,PINARELLO-Q36.5 PRO CYCLING TEAM,17148,1167,0,0,OBSERVED_FACT
18,78,X. MEURISSE,176,PINARELLO-Q36.5 PRO CYCLING TEAM,17182,1201,0,0,OBSERVED_FACT
18,79,B. VAN MOER,177,PINARELLO-Q36.5 PRO CYCLING TEAM,17182,1201,0,0,OBSERVED_FACT
18,80,M. KWIATKOWSKI,86,NETCOMPANY INEOS CYCLING TEAM,17182,1201,0,0,OBSERVED_FACT
18,81,J. TARLING,87,NETCOMPANY INEOS CYCLING TEAM,17182,1201,0,0,OBSERVED_FACT
18,82,W. BARGUIL,211,TEAM PICNIC POSTNL,17182,1201,0,0,OBSERVED_FACT
18,83,R. DHONDT,215,TEAM PICNIC POSTNL,17231,1250,0,0,OBSERVED_FACT
18,84,F. VAN DEN BROEK,218,TEAM PICNIC POSTNL,17231,1250,0,0,OBSERVED_FACT
18,85,L. SLOCK,155,LOTTO INTERMARCHE,17242,1261,0,0,OBSERVED_FACT
18,86,A. TIBERI,77,BAHRAIN VICTORIOUS,17306,1325,0,0,OBSERVED_FACT
18,87,T. SKUJINS,36,LIDL-TREK,17324,1343,0,0,OBSERVED_FACT
18,88,J. TRATNIK,26,RED BULL - BORA - HANSGROHE,17324,1343,0,0,OBSERVED_FACT
18,89,M. PEDERSEN,33,LIDL-TREK,17324,1343,0,0,OBSERVED_FACT
18,90,N. DENZ,23,RED BULL - BORA - HANSGROHE,17324,1343,0,0,OBSERVED_FACT
18,91,A. JOHANNESSEN,125,UNO-X MOBILITY,17324,1343,0,0,OBSERVED_FACT
18,92,R. PLUIMERS,195,TUDOR PRO CYCLING TEAM,17330,1349,0,0,OBSERVED_FACT
18,93,T. GUERNALEC,205,TOTALENERGIES,17462,1481,0,0,OBSERVED_FACT
18,94,S. WAERENSKJOLD,128,UNO-X MOBILITY,17489,1508,0,0,OBSERVED_FACT
18,95,M. VAN DER POEL,101,ALPECIN-PREMIER TECH,17501,1520,0,0,OBSERVED_FACT
18,96,E. VERSTRYNGE,108,ALPECIN-PREMIER TECH,17501,1520,0,0,OBSERVED_FACT
18,97,D. PIGANZOLI,18,TEAM VISMA | LEASE A BIKE,17501,1520,0,0,OBSERVED_FACT
18,98,L. DURBRIDGE,113,TEAM JAYCO ALULA,17512,1531,0,0,OBSERVED_FACT
18,99,D. HOOLE,54,DECATHLON CMA CGM TEAM,17550,1569,0,0,OBSERVED_FACT
18,100,J. CEPEDA,143,MOVISTAR TEAM,17617,1636,0,0,OBSERVED_FACT
18,101,D. HOWSON,175,PINARELLO-Q36.5 PRO CYCLING TEAM,17681,1700,0,0,OBSERVED_FACT
18,102,A. YATES,8,UAE TEAM EMIRATES XRG,17716,1735,0,0,OBSERVED_FACT
18,103,V. CAMPENAERTS,14,TEAM VISMA | LEASE A BIKE,17893,1912,0,0,OBSERVED_FACT
18,104,P. EENKHOORN,92,SOUDAL QUICK-STEP,17893,1912,0,0,OBSERVED_FACT
18,105,N. MÄRKL,216,TEAM PICNIC POSTNL,17893,1912,0,0,OBSERVED_FACT
18,106,P. ACKERMANN,112,TEAM JAYCO ALULA,17893,1912,0,0,OBSERVED_FACT
18,107,J. NICOLAU,225,CAJA RURAL-SEGUROS RGA,17893,1912,0,0,OBSERVED_FACT
18,108,G. ZIMMERMANN,158,LOTTO INTERMARCHE,17893,1912,0,0,OBSERVED_FACT
18,109,T. MARSMAN,104,ALPECIN-PREMIER TECH,17893,1912,0,0,OBSERVED_FACT
18,110,S. DILLIER,103,ALPECIN-PREMIER TECH,17893,1912,0,0,OBSERVED_FACT
18,111,G. STEINHAUSER,46,EF EDUCATION - EASYPOST,17893,1912,0,0,OBSERVED_FACT
18,112,D. VAN BAARLE,95,SOUDAL QUICK-STEP,17893,1912,0,0,OBSERVED_FACT
18,113,F. VERMEERSCH,6,UAE TEAM EMIRATES XRG,17893,1912,0,0,OBSERVED_FACT
18,114,A. GATE,63,XDS ASTANA TEAM,17893,1912,0,0,OBSERVED_FACT
18,115,M. MOHORIC,75,BAHRAIN VICTORIOUS,17893,1912,0,0,OBSERVED_FACT
18,116,P. BAUHAUS,72,BAHRAIN VICTORIOUS,17893,1912,0,0,OBSERVED_FACT
18,117,L. GERMANI,185,GROUPAMA-FDJ UNITED,17893,1912,0,0,OBSERVED_FACT
18,118,J. RICKAERT,107,ALPECIN-PREMIER TECH,17893,1912,0,0,OBSERVED_FACT
18,119,S. OLDANI,226,CAJA RURAL-SEGUROS RGA,17893,1912,0,0,OBSERVED_FACT
18,120,T. VAN DIJKE,27,RED BULL - BORA - HANSGROHE,17893,1912,0,0,OBSERVED_FACT
18,121,A. ARANBURU,163,COFIDIS,17893,1912,0,0,OBSERVED_FACT
18,122,F. GANNA,84,NETCOMPANY INEOS CYCLING TEAM,17893,1912,0,0,OBSERVED_FACT
18,123,E. AFFINI,12,TEAM VISMA | LEASE A BIKE,17893,1912,0,0,OBSERVED_FACT
18,124,P. HAGENES,15,TEAM VISMA | LEASE A BIKE,17893,1912,0,0,OBSERVED_FACT
18,125,S. VELASCO,67,XDS ASTANA TEAM,17893,1912,0,0,OBSERVED_FACT
18,126,M. TEUNISSEN,66,XDS ASTANA TEAM,17893,1912,0,0,OBSERVED_FACT
18,127,L. VAN EETVELT,156,LOTTO INTERMARCHE,17893,1912,0,0,OBSERVED_FACT
18,128,B. VEISTROFFER,157,LOTTO INTERMARCHE,17893,1912,0,0,OBSERVED_FACT
18,129,K. GRADEK,74,BAHRAIN VICTORIOUS,17893,1912,0,0,OBSERVED_FACT
18,130,L. PLAPP,117,TEAM JAYCO ALULA,17893,1912,0,0,OBSERVED_FACT
18,131,M. WALKER,48,EF EDUCATION - EASYPOST,17893,1912,0,0,OBSERVED_FACT
18,132,J. DEGENKOLB,214,TEAM PICNIC POSTNL,17906,1925,0,0,OBSERVED_FACT
18,133,P. BITTNER,213,TEAM PICNIC POSTNL,17908,1927,0,0,OBSERVED_FACT
18,134,M. KANTER,64,XDS ASTANA TEAM,17910,1929,0,0,OBSERVED_FACT
18,135,C. BOL,53,DECATHLON CMA CGM TEAM,17911,1930,0,0,OBSERVED_FACT
18,136,J. PHILIPSEN,105,ALPECIN-PREMIER TECH,17911,1930,0,0,OBSERVED_FACT
18,137,K. NEILANDS,136,NSN CYCLING TEAM,17911,1930,0,0,OBSERVED_FACT
18,138,M. VERCHER,208,TOTALENERGIES,17911,1930,0,0,OBSERVED_FACT
18,139,D. GODON,85,NETCOMPANY INEOS CYCLING TEAM,17911,1930,0,0,OBSERVED_FACT
18,140,E. PLANCKAERT,106,ALPECIN-PREMIER TECH,17911,1930,0,0,OBSERVED_FACT
18,141,P. ALLEGAERT,162,COFIDIS,17911,1930,0,0,OBSERVED_FACT
18,142,J. BIERMANS,164,COFIDIS,17950,1969,0,0,OBSERVED_FACT
18,143,O. KOOIJ,55,DECATHLON CMA CGM TEAM,17956,1975,0,0,OBSERVED_FACT
18,144,R. STANNARD,76,BAHRAIN VICTORIOUS,17956,1975,0,0,OBSERVED_FACT
18,145,B. THOMAS,168,COFIDIS,17994,2013,0,0,OBSERVED_FACT
18,146,H. PAGE,167,COFIDIS,17995,2014,0,0,OBSERVED_FACT
18,147,A. KIRSCH,166,COFIDIS,17995,2014,0,0,OBSERVED_FACT
18,148,M. FRETIN,165,COFIDIS,17995,2014,0,0,OBSERVED_FACT
18,149,J. VAN DEN BERG,217,TEAM PICNIC POSTNL,17995,2014,0,0,OBSERVED_FACT
18,150,B. GIRMAY,131,NSN CYCLING TEAM,17995,2014,0,0,OBSERVED_FACT
18,151,E. COSTIOU,184,GROUPAMA-FDJ UNITED,17995,2014,0,0,OBSERVED_FACT
18,152,N. VINOKUROV,68,XDS ASTANA TEAM,18000,2019,0,0,OBSERVED_FACT
18,153,M. HEßMANN,145,MOVISTAR TEAM,18000,2019,0,0,OBSERVED_FACT
18,154,M. LOUVEL,135,NSN CYCLING TEAM,18021,2040,0,0,OBSERVED_FACT
18,155,M. HALLER,193,TUDOR PRO CYCLING TEAM,18034,2053,0,0,OBSERVED_FACT
18,156,F. WRIGHT,178,PINARELLO-Q36.5 PRO CYCLING TEAM,18034,2053,0,0,OBSERVED_FACT
18,157,J. STEWART,137,NSN CYCLING TEAM,18043,2062,0,0,OBSERVED_FACT
18,158,J. ALAPHILIPPE,191,TUDOR PRO CYCLING TEAM,18070,2089,0,0,OBSERVED_FACT
18,159,D. BALLERINI,62,XDS ASTANA TEAM,18070,2089,0,0,OBSERVED_FACT
18,160,L. ASKEY,132,NSN CYCLING TEAM,18070,2089,0,0,OBSERVED_FACT
18,161,H. ARTZ,152,LOTTO INTERMARCHE,18074,2093,0,0,OBSERVED_FACT
18,162,T. WELLENS,7,UAE TEAM EMIRATES XRG,18563,2582,0,0,OBSERVED_FACT
19,1,T. POGACAR,1,UAE TEAM EMIRATES XRG,11877,0,10,0,OBSERVED_FACT
19,2,L. MARTINEZ,71,BAHRAIN VICTORIOUS,11883,6,6,0,OBSERVED_FACT
19,3,R. CARAPAZ,41,EF EDUCATION - EASYPOST,11886,9,4,0,OBSERVED_FACT
19,4,S. KUSS,17,TEAM VISMA | LEASE A BIKE,11951,74,0,0,OBSERVED_FACT
19,5,T. JOHANNESSEN,121,UNO-X MOBILITY,12004,127,0,0,OBSERVED_FACT
19,6,R. EVENEPOEL,21,RED BULL - BORA - HANSGROHE,12026,149,0,0,OBSERVED_FACT
19,7,I. DEL TORO,2,UAE TEAM EMIRATES XRG,12038,161,0,0,OBSERVED_FACT
19,8,M. SKJELMOSE,35,LIDL-TREK,12042,165,0,0,OBSERVED_FACT
19,9,P. SEIXAS,51,DECATHLON CMA CGM TEAM,12042,165,0,0,OBSERVED_FACT
19,10,H. TEJADA,65,XDS ASTANA TEAM,12079,202,0,0,OBSERVED_FACT
19,11,M. RICCITELLO,58,DECATHLON CMA CGM TEAM,12082,205,0,0,OBSERVED_FACT
19,12,T. ARENSMAN,82,NETCOMPANY INEOS CYCLING TEAM,12124,247,0,0,OBSERVED_FACT
19,13,Y. VOISARD,198,TUDOR PRO CYCLING TEAM,12209,332,0,0,OBSERVED_FACT
19,14,J. ROMO,147,MOVISTAR TEAM,12238,361,0,0,OBSERVED_FACT
19,15,C. BRAZ AFONSO,183,GROUPAMA-FDJ UNITED,12247,370,0,0,OBSERVED_FACT
19,16,Q. SIMMONS,34,LIDL-TREK,12263,386,0,0,OBSERVED_FACT
19,17,J. AYUSO,31,LIDL-TREK,12263,386,0,0,OBSERVED_FACT
19,18,I. IZAGIRRE,161,COFIDIS,12270,393,0,0,OBSERVED_FACT
19,19,D. PIGANZOLI,18,TEAM VISMA | LEASE A BIKE,12331,454,0,0,OBSERVED_FACT
19,20,T. PIDCOCK,171,PINARELLO-Q36.5 PRO CYCLING TEAM,12379,502,0,0,OBSERVED_FACT
19,21,B. O'CONNOR,111,TEAM JAYCO ALULA,12386,509,0,0,OBSERVED_FACT
19,22,J. JEGAT,201,TOTALENERGIES,12424,547,0,0,OBSERVED_FACT
19,23,I. VAN WILDER,97,SOUDAL QUICK-STEP,12424,547,0,0,OBSERVED_FACT
19,24,G. BENNETT,133,NSN CYCLING TEAM,12460,583,0,0,OBSERVED_FACT
19,25,N. PRODHOMME,57,DECATHLON CMA CGM TEAM,12483,606,0,0,OBSERVED_FACT
19,26,A. JOHANNESSEN,125,UNO-X MOBILITY,12501,624,0,0,OBSERVED_FACT
19,27,A. YATES,8,UAE TEAM EMIRATES XRG,12501,624,0,0,OBSERVED_FACT
19,28,B. ARMIRAIL,13,TEAM VISMA | LEASE A BIKE,12521,644,0,0,OBSERVED_FACT
19,29,T. BENOOT,52,DECATHLON CMA CGM TEAM,12521,644,0,0,OBSERVED_FACT
19,30,M. CATTANEO,22,RED BULL - BORA - HANSGROHE,12521,644,0,0,OBSERVED_FACT
19,31,S. QUINN,45,EF EDUCATION - EASYPOST,12546,669,0,0,OBSERVED_FACT
19,32,M. MATTHEWS,115,TEAM JAYCO ALULA,12587,710,0,0,OBSERVED_FACT
19,33,A. TIBERI,77,BAHRAIN VICTORIOUS,12587,710,0,0,OBSERVED_FACT
19,34,M. VAN GILS,28,RED BULL - BORA - HANSGROHE,12664,787,0,0,OBSERVED_FACT
19,35,J. HINDLEY,24,RED BULL - BORA - HANSGROHE,12664,787,0,0,OBSERVED_FACT
19,36,G. MARTIN GUYONNET,186,GROUPAMA-FDJ UNITED,12664,787,0,0,OBSERVED_FACT
19,37,Q. PACHER,187,GROUPAMA-FDJ UNITED,12787,910,0,0,OBSERVED_FACT
19,38,M. SCHMID,118,TEAM JAYCO ALULA,12829,952,0,0,OBSERVED_FACT
19,39,S. HIGUITA,61,XDS ASTANA TEAM,12829,952,0,0,OBSERVED_FACT
19,40,D. HOWSON,175,PINARELLO-Q36.5 PRO CYCLING TEAM,12853,976,0,0,OBSERVED_FACT
19,41,M. STORER,196,TUDOR PRO CYCLING TEAM,12867,990,0,0,OBSERVED_FACT
19,42,F. GROSSSCHARTNER,3,UAE TEAM EMIRATES XRG,12877,1000,0,0,OBSERVED_FACT
19,43,C. VERONA,38,LIDL-TREK,12877,1000,0,0,OBSERVED_FACT
19,44,T. FOSS,83,NETCOMPANY INEOS CYCLING TEAM,12882,1005,0,0,OBSERVED_FACT
19,45,M. VERCHER,208,TOTALENERGIES,12887,1010,0,0,OBSERVED_FACT
19,46,F. ENGELHARDT,114,TEAM JAYCO ALULA,12906,1029,0,0,OBSERVED_FACT
19,47,D. GEE,32,LIDL-TREK,12938,1061,0,0,OBSERVED_FACT
19,48,M. FRIGO,134,NSN CYCLING TEAM,12942,1065,0,0,OBSERVED_FACT
19,49,S. BERWICK,223,CAJA RURAL-SEGUROS RGA,12985,1108,0,0,OBSERVED_FACT
19,50,A. PARET PEINTRE,56,DECATHLON CMA CGM TEAM,13068,1191,0,0,OBSERVED_FACT
19,51,A. BALDERSTONE,222,CAJA RURAL-SEGUROS RGA,13082,1205,0,0,OBSERVED_FACT
19,52,K. VAUQUELIN,88,NETCOMPANY INEOS CYCLING TEAM,13154,1277,0,0,OBSERVED_FACT
19,53,A. BAUDIN,43,EF EDUCATION - EASYPOST,13196,1319,0,0,OBSERVED_FACT
19,54,X. MEURISSE,176,PINARELLO-Q36.5 PRO CYCLING TEAM,13201,1324,0,0,OBSERVED_FACT
19,55,Q. HERMANS,174,PINARELLO-Q36.5 PRO CYCLING TEAM,13201,1324,0,0,OBSERVED_FACT
19,56,J. TRATNIK,26,RED BULL - BORA - HANSGROHE,13223,1346,0,0,OBSERVED_FACT
19,57,M. VALGREN,47,EF EDUCATION - EASYPOST,13238,1361,0,0,OBSERVED_FACT
19,58,M. JORGENSON,16,TEAM VISMA | LEASE A BIKE,13240,1363,0,0,OBSERVED_FACT
19,59,M. HIRSCHI,194,TUDOR PRO CYCLING TEAM,13259,1382,0,0,OBSERVED_FACT
19,60,S. VELASCO,67,XDS ASTANA TEAM,13333,1456,0,0,OBSERVED_FACT
19,61,R. STANNARD,76,BAHRAIN VICTORIOUS,13333,1456,0,0,OBSERVED_FACT
19,62,J. ABRAHAMSEN,122,UNO-X MOBILITY,13333,1456,0,0,OBSERVED_FACT
19,63,B. VAN MOER,177,PINARELLO-Q36.5 PRO CYCLING TEAM,13333,1456,0,0,OBSERVED_FACT
19,64,W. BARGUIL,211,TEAM PICNIC POSTNL,13333,1456,0,0,OBSERVED_FACT
19,65,P. CASTRILLO,142,MOVISTAR TEAM,13333,1456,0,0,OBSERVED_FACT
19,66,N. OLIVEIRA,146,MOVISTAR TEAM,13333,1456,0,0,OBSERVED_FACT
19,67,D. CARUSO,73,BAHRAIN VICTORIOUS,13333,1456,0,0,OBSERVED_FACT
19,68,L. VERVAEKE,98,SOUDAL QUICK-STEP,13349,1472,0,0,OBSERVED_FACT
19,69,S. DILLIER,103,ALPECIN-PREMIER TECH,13371,1494,0,0,OBSERVED_FACT
19,70,A. KIRSCH,166,COFIDIS,13393,1516,0,0,OBSERVED_FACT
19,71,M. HEßMANN,145,MOVISTAR TEAM,13421,1544,0,0,OBSERVED_FACT
19,72,D. VAN BAARLE,95,SOUDAL QUICK-STEP,13425,1548,0,0,OBSERVED_FACT
19,73,L. PLAPP,117,TEAM JAYCO ALULA,13425,1548,0,0,OBSERVED_FACT
19,74,V. CAMPENAERTS,14,TEAM VISMA | LEASE A BIKE,13434,1557,0,0,OBSERVED_FACT
19,75,M. VACEK,37,LIDL-TREK,13458,1581,0,0,OBSERVED_FACT
19,76,M. PEDERSEN,33,LIDL-TREK,13458,1581,0,0,OBSERVED_FACT
19,77,J. DELBOVE,203,TOTALENERGIES,13458,1581,0,0,OBSERVED_FACT
19,78,C. RUSSO,188,GROUPAMA-FDJ UNITED,13468,1591,0,0,OBSERVED_FACT
19,79,G. STEINHAUSER,46,EF EDUCATION - EASYPOST,13468,1591,0,0,OBSERVED_FACT
19,80,B. HEALY,44,EF EDUCATION - EASYPOST,13468,1591,0,0,OBSERVED_FACT
19,81,G. ZIMMERMANN,158,LOTTO INTERMARCHE,13468,1591,0,0,OBSERVED_FACT
19,82,K. ASGREEN,42,EF EDUCATION - EASYPOST,13492,1615,0,0,OBSERVED_FACT
19,83,R. GARCIA,144,MOVISTAR TEAM,13498,1621,0,0,OBSERVED_FACT
19,84,A. DELETTRE,204,TOTALENERGIES,13507,1630,0,0,OBSERVED_FACT
19,85,M. LE BERRE,206,TOTALENERGIES,13507,1630,0,0,OBSERVED_FACT
19,86,A. TURGIS,207,TOTALENERGIES,13507,1630,0,0,OBSERVED_FACT
19,87,N. BREUILLARD,202,TOTALENERGIES,13507,1630,0,0,OBSERVED_FACT
19,88,T. MARSMAN,104,ALPECIN-PREMIER TECH,13513,1636,0,0,OBSERVED_FACT
19,89,R. GREGOIRE,181,GROUPAMA-FDJ UNITED,13533,1656,0,0,OBSERVED_FACT
19,90,T. GUERNALEC,205,TOTALENERGIES,13553,1676,0,0,OBSERVED_FACT
19,91,A. SKAARSETH,126,UNO-X MOBILITY,13561,1684,0,0,OBSERVED_FACT
19,92,R. PLUIMERS,195,TUDOR PRO CYCLING TEAM,13565,1688,0,0,OBSERVED_FACT
19,93,M. TEUNISSEN,66,XDS ASTANA TEAM,13565,1688,0,0,OBSERVED_FACT
19,94,V. VAN MECHELEN,78,BAHRAIN VICTORIOUS,13569,1692,0,0,OBSERVED_FACT
19,95,M. WALKER,48,EF EDUCATION - EASYPOST,13569,1692,0,0,OBSERVED_FACT
19,96,J. NICOLAU,225,CAJA RURAL-SEGUROS RGA,13587,1710,0,0,OBSERVED_FACT
19,97,M. KWIATKOWSKI,86,NETCOMPANY INEOS CYCLING TEAM,13596,1719,0,0,OBSERVED_FACT
19,98,E. BERNAL,81,NETCOMPANY INEOS CYCLING TEAM,13596,1719,0,0,OBSERVED_FACT
19,99,B. VEISTROFFER,157,LOTTO INTERMARCHE,13596,1719,0,0,OBSERVED_FACT
19,100,J. TARLING,87,NETCOMPANY INEOS CYCLING TEAM,13596,1719,0,0,OBSERVED_FACT
19,101,J. CEPEDA,143,MOVISTAR TEAM,13596,1719,0,0,OBSERVED_FACT
19,102,F. WRIGHT,178,PINARELLO-Q36.5 PRO CYCLING TEAM,13596,1719,0,0,OBSERVED_FACT
19,103,L. DURBRIDGE,113,TEAM JAYCO ALULA,13596,1719,0,0,OBSERVED_FACT
19,104,S. OLDANI,226,CAJA RURAL-SEGUROS RGA,13613,1736,0,0,OBSERVED_FACT
19,105,V. PARET PEINTRE,93,SOUDAL QUICK-STEP,13617,1740,0,0,OBSERVED_FACT
19,106,F. GANNA,84,NETCOMPANY INEOS CYCLING TEAM,13619,1742,0,0,OBSERVED_FACT
19,107,N. POLITT,5,UAE TEAM EMIRATES XRG,13627,1750,0,0,OBSERVED_FACT
19,108,J. STUYVEN,94,SOUDAL QUICK-STEP,13627,1750,0,0,OBSERVED_FACT
19,109,P. EENKHOORN,92,SOUDAL QUICK-STEP,13627,1750,0,0,OBSERVED_FACT
19,110,M. VAN DER POEL,101,ALPECIN-PREMIER TECH,13627,1750,0,0,OBSERVED_FACT
19,111,T. VAN DIJKE,27,RED BULL - BORA - HANSGROHE,13627,1750,0,0,OBSERVED_FACT
19,112,A. ARANBURU,163,COFIDIS,13627,1750,0,0,OBSERVED_FACT
19,113,F. VAN DEN BROEK,218,TEAM PICNIC POSTNL,13627,1750,0,0,OBSERVED_FACT
19,114,F. VERMEERSCH,6,UAE TEAM EMIRATES XRG,13627,1750,0,0,OBSERVED_FACT
19,115,J. RICKAERT,107,ALPECIN-PREMIER TECH,13627,1750,0,0,OBSERVED_FACT
19,116,J. PHILIPSEN,105,ALPECIN-PREMIER TECH,13627,1750,0,0,OBSERVED_FACT
19,117,H. PAGE,167,COFIDIS,13627,1750,0,0,OBSERVED_FACT
19,118,E. VERSTRYNGE,108,ALPECIN-PREMIER TECH,13627,1750,0,0,OBSERVED_FACT
19,119,M. CORT NIELSEN,124,UNO-X MOBILITY,13627,1750,0,0,OBSERVED_FACT
19,120,J. BIERMANS,164,COFIDIS,13627,1750,0,0,OBSERVED_FACT
19,121,P. BITTNER,213,TEAM PICNIC POSTNL,13633,1756,0,0,OBSERVED_FACT
19,122,N. MÄRKL,216,TEAM PICNIC POSTNL,13633,1756,0,0,OBSERVED_FACT
19,123,J. DEGENKOLB,214,TEAM PICNIC POSTNL,13633,1756,0,0,OBSERVED_FACT
19,124,M. MOHORIC,75,BAHRAIN VICTORIOUS,13633,1756,0,0,OBSERVED_FACT
19,125,S. WAERENSKJOLD,128,UNO-X MOBILITY,13633,1756,0,0,OBSERVED_FACT
19,126,L. VAN EETVELT,156,LOTTO INTERMARCHE,13633,1756,0,0,OBSERVED_FACT
19,127,T. SKUJINS,36,LIDL-TREK,13636,1759,0,0,OBSERVED_FACT
19,128,M. KANTER,64,XDS ASTANA TEAM,13650,1773,0,0,OBSERVED_FACT
19,129,N. VINOKUROV,68,XDS ASTANA TEAM,13650,1773,0,0,OBSERVED_FACT
19,130,A. GATE,63,XDS ASTANA TEAM,13650,1773,0,0,OBSERVED_FACT
19,131,L. ASKEY,132,NSN CYCLING TEAM,13657,1780,0,0,OBSERVED_FACT
19,132,K. NEILANDS,136,NSN CYCLING TEAM,13675,1798,0,0,OBSERVED_FACT
19,133,J. OTRUBA,227,CAJA RURAL-SEGUROS RGA,13675,1798,0,0,OBSERVED_FACT
19,134,E. PLANCKAERT,106,ALPECIN-PREMIER TECH,13678,1801,0,0,OBSERVED_FACT
19,135,M. LOUVEL,135,NSN CYCLING TEAM,13678,1801,0,0,OBSERVED_FACT
19,136,N. DENZ,23,RED BULL - BORA - HANSGROHE,13685,1808,0,0,OBSERVED_FACT
19,137,J. STEWART,137,NSN CYCLING TEAM,13697,1820,0,0,OBSERVED_FACT
19,138,B. GIRMAY,131,NSN CYCLING TEAM,13697,1820,0,0,OBSERVED_FACT
19,139,P. BAUHAUS,72,BAHRAIN VICTORIOUS,13721,1844,0,0,OBSERVED_FACT
19,140,D. HOOLE,54,DECATHLON CMA CGM TEAM,13743,1866,0,0,OBSERVED_FACT
19,141,P. ACKERMANN,112,TEAM JAYCO ALULA,13747,1870,0,0,OBSERVED_FACT
19,142,X. AZPARREN IRURZUN,172,PINARELLO-Q36.5 PRO CYCLING TEAM,13756,1879,0,0,OBSERVED_FACT
19,143,T. WELLENS,7,UAE TEAM EMIRATES XRG,13758,1881,0,0,OBSERVED_FACT
19,144,K. GRADEK,74,BAHRAIN VICTORIOUS,13760,1883,0,0,OBSERVED_FACT
19,145,P. ALLEGAERT,162,COFIDIS,13775,1898,0,0,OBSERVED_FACT
19,146,D. BALLERINI,62,XDS ASTANA TEAM,13785,1908,0,0,OBSERVED_FACT
19,147,O. KOOIJ,55,DECATHLON CMA CGM TEAM,13785,1908,0,0,OBSERVED_FACT
19,148,J. VAN DEN BERG,217,TEAM PICNIC POSTNL,13793,1916,0,0,OBSERVED_FACT
19,149,C. BOL,53,DECATHLON CMA CGM TEAM,13793,1916,0,0,OBSERVED_FACT
19,150,H. ARTZ,152,LOTTO INTERMARCHE,13793,1916,0,0,OBSERVED_FACT
19,151,R. DHONDT,215,TEAM PICNIC POSTNL,13793,1916,0,0,OBSERVED_FACT
19,152,M. FRETIN,165,COFIDIS,13804,1927,0,0,OBSERVED_FACT
19,153,L. SLOCK,155,LOTTO INTERMARCHE,13816,1939,0,0,OBSERVED_FACT
19,154,B. THOMAS,168,COFIDIS,13816,1939,0,0,OBSERVED_FACT
19,155,L. GERMANI,185,GROUPAMA-FDJ UNITED,13816,1939,0,0,OBSERVED_FACT
19,156,E. COSTIOU,184,GROUPAMA-FDJ UNITED,13821,1944,0,0,OBSERVED_FACT
19,157,D. GODON,85,NETCOMPANY INEOS CYCLING TEAM,13848,1971,0,0,OBSERVED_FACT
19,158,M. HALLER,193,TUDOR PRO CYCLING TEAM,13848,1971,0,0,OBSERVED_FACT
19,159,J. ALAPHILIPPE,191,TUDOR PRO CYCLING TEAM,13848,1971,0,0,OBSERVED_FACT
19,160,P. HAGENES,15,TEAM VISMA | LEASE A BIKE,13858,1981,0,0,OBSERVED_FACT
20,1,R. CARAPAZ,41,EF EDUCATION - EASYPOST,17979,0,10,0,OBSERVED_FACT
20,2,R. EVENEPOEL,21,RED BULL - BORA - HANSGROHE,18005,26,6,0,OBSERVED_FACT
20,3,S. KUSS,17,TEAM VISMA | LEASE A BIKE,18010,31,4,1,OBSERVED_FACT
20,4,T. POGACAR,1,UAE TEAM EMIRATES XRG,18044,65,0,0,OBSERVED_FACT
20,5,I. DEL TORO,2,UAE TEAM EMIRATES XRG,18044,65,0,0,OBSERVED_FACT
20,6,L. MARTINEZ,71,BAHRAIN VICTORIOUS,18046,67,0,0,OBSERVED_FACT
20,7,J. HINDLEY,24,RED BULL - BORA - HANSGROHE,18114,135,0,0,OBSERVED_FACT
20,8,M. SKJELMOSE,35,LIDL-TREK,18154,175,0,0,OBSERVED_FACT
20,9,J. AYUSO,31,LIDL-TREK,18154,175,0,0,OBSERVED_FACT
20,10,P. SEIXAS,51,DECATHLON CMA CGM TEAM,18154,175,0,0,OBSERVED_FACT
20,11,T. JOHANNESSEN,121,UNO-X MOBILITY,18383,404,0,0,OBSERVED_FACT
20,12,M. RICCITELLO,58,DECATHLON CMA CGM TEAM,18396,417,0,0,OBSERVED_FACT
20,13,N. PRODHOMME,57,DECATHLON CMA CGM TEAM,18470,491,0,0,OBSERVED_FACT
20,14,T. BENOOT,52,DECATHLON CMA CGM TEAM,18508,529,0,0,OBSERVED_FACT
20,15,D. PIGANZOLI,18,TEAM VISMA | LEASE A BIKE,18510,531,0,0,OBSERVED_FACT
20,16,T. PIDCOCK,171,PINARELLO-Q36.5 PRO CYCLING TEAM,18522,543,0,0,OBSERVED_FACT
20,17,M. STORER,196,TUDOR PRO CYCLING TEAM,18522,543,0,0,OBSERVED_FACT
20,18,Y. VOISARD,198,TUDOR PRO CYCLING TEAM,18526,547,0,0,OBSERVED_FACT
20,19,Q. SIMMONS,34,LIDL-TREK,18581,602,0,0,OBSERVED_FACT
20,20,J. JEGAT,201,TOTALENERGIES,18644,665,0,0,OBSERVED_FACT
20,21,H. TEJADA,65,XDS ASTANA TEAM,18659,680,0,0,OBSERVED_FACT
20,22,B. O'CONNOR,111,TEAM JAYCO ALULA,18685,706,0,0,OBSERVED_FACT
20,23,T. ARENSMAN,82,NETCOMPANY INEOS CYCLING TEAM,18701,722,0,0,OBSERVED_FACT
20,24,M. VAN GILS,28,RED BULL - BORA - HANSGROHE,18739,760,0,0,OBSERVED_FACT
20,25,A. PARET PEINTRE,56,DECATHLON CMA CGM TEAM,18939,960,0,0,OBSERVED_FACT
20,26,S. QUINN,45,EF EDUCATION - EASYPOST,19027,1048,0,0,OBSERVED_FACT
20,27,D. GEE,32,LIDL-TREK,19324,1345,0,0,OBSERVED_FACT
20,28,M. CATTANEO,22,RED BULL - BORA - HANSGROHE,19373,1394,0,0,OBSERVED_FACT
20,29,J. ALAPHILIPPE,191,TUDOR PRO CYCLING TEAM,19539,1560,0,0,OBSERVED_FACT
20,30,W. BARGUIL,211,TEAM PICNIC POSTNL,19539,1560,0,0,OBSERVED_FACT
20,31,B. HEALY,44,EF EDUCATION - EASYPOST,19598,1619,0,0,OBSERVED_FACT
20,32,C. VERONA,38,LIDL-TREK,19615,1636,0,0,OBSERVED_FACT
20,33,A. JOHANNESSEN,125,UNO-X MOBILITY,19615,1636,0,0,OBSERVED_FACT
20,34,G. MARTIN GUYONNET,186,GROUPAMA-FDJ UNITED,19615,1636,0,0,OBSERVED_FACT
20,35,N. BREUILLARD,202,TOTALENERGIES,19615,1636,0,0,OBSERVED_FACT
20,36,F. GROSSSCHARTNER,3,UAE TEAM EMIRATES XRG,19845,1866,0,0,OBSERVED_FACT
20,37,A. YATES,8,UAE TEAM EMIRATES XRG,19845,1866,0,0,OBSERVED_FACT
20,38,S. HIGUITA,61,XDS ASTANA TEAM,19845,1866,0,0,OBSERVED_FACT
20,39,E. BERNAL,81,NETCOMPANY INEOS CYCLING TEAM,19867,1888,0,0,OBSERVED_FACT
20,40,T. FOSS,83,NETCOMPANY INEOS CYCLING TEAM,19874,1895,0,0,OBSERVED_FACT
20,41,D. CARUSO,73,BAHRAIN VICTORIOUS,19903,1924,0,0,OBSERVED_FACT
20,42,S. VELASCO,67,XDS ASTANA TEAM,19903,1924,0,0,OBSERVED_FACT
20,43,B. VAN MOER,177,PINARELLO-Q36.5 PRO CYCLING TEAM,19927,1948,0,0,OBSERVED_FACT
20,44,C. BRAZ AFONSO,183,GROUPAMA-FDJ UNITED,19941,1962,0,0,OBSERVED_FACT
20,45,L. VAN EETVELT,156,LOTTO INTERMARCHE,19951,1972,0,0,OBSERVED_FACT
20,46,V. PARET PEINTRE,93,SOUDAL QUICK-STEP,20012,2033,0,0,OBSERVED_FACT
20,47,J. DELBOVE,203,TOTALENERGIES,20012,2033,0,0,OBSERVED_FACT
20,48,R. GARCIA,144,MOVISTAR TEAM,20055,2076,0,0,OBSERVED_FACT
20,49,J. NICOLAU,225,CAJA RURAL-SEGUROS RGA,20060,2081,0,0,OBSERVED_FACT
20,50,J. ABRAHAMSEN,122,UNO-X MOBILITY,20060,2081,0,0,OBSERVED_FACT
20,51,V. VAN MECHELEN,78,BAHRAIN VICTORIOUS,20060,2081,0,0,OBSERVED_FACT
20,52,M. FRIGO,134,NSN CYCLING TEAM,20060,2081,0,0,OBSERVED_FACT
20,53,M. SCHMID,118,TEAM JAYCO ALULA,20060,2081,0,0,OBSERVED_FACT
20,54,N. OLIVEIRA,146,MOVISTAR TEAM,20089,2110,0,0,OBSERVED_FACT
20,55,B. ARMIRAIL,13,TEAM VISMA | LEASE A BIKE,20089,2110,0,0,OBSERVED_FACT
20,56,M. JORGENSON,16,TEAM VISMA | LEASE A BIKE,20089,2110,0,0,OBSERVED_FACT
20,57,J. ROMO,147,MOVISTAR TEAM,20089,2110,0,0,OBSERVED_FACT
20,58,J. CEPEDA,143,MOVISTAR TEAM,20089,2110,0,0,OBSERVED_FACT
20,59,D. HOWSON,175,PINARELLO-Q36.5 PRO CYCLING TEAM,20091,2112,0,0,OBSERVED_FACT
20,60,X. AZPARREN IRURZUN,172,PINARELLO-Q36.5 PRO CYCLING TEAM,20091,2112,0,0,OBSERVED_FACT
20,61,M. HIRSCHI,194,TUDOR PRO CYCLING TEAM,20163,2184,0,0,OBSERVED_FACT
20,62,T. WELLENS,7,UAE TEAM EMIRATES XRG,20169,2190,0,0,OBSERVED_FACT
20,63,J. TRATNIK,26,RED BULL - BORA - HANSGROHE,20169,2190,0,0,OBSERVED_FACT
20,64,A. TIBERI,77,BAHRAIN VICTORIOUS,20175,2196,0,0,OBSERVED_FACT
20,65,M. HEßMANN,145,MOVISTAR TEAM,20177,2198,0,0,OBSERVED_FACT
20,66,G. STEINHAUSER,46,EF EDUCATION - EASYPOST,20177,2198,0,0,OBSERVED_FACT
20,67,L. PLAPP,117,TEAM JAYCO ALULA,20186,2207,0,0,OBSERVED_FACT
20,68,A. BAUDIN,43,EF EDUCATION - EASYPOST,20199,2220,0,0,OBSERVED_FACT
20,69,N. POLITT,5,UAE TEAM EMIRATES XRG,20226,2247,0,0,OBSERVED_FACT
20,70,L. VERVAEKE,98,SOUDAL QUICK-STEP,20257,2278,0,0,OBSERVED_FACT
20,71,V. CAMPENAERTS,14,TEAM VISMA | LEASE A BIKE,20297,2318,0,0,OBSERVED_FACT
20,72,J. RICKAERT,107,ALPECIN-PREMIER TECH,20322,2343,0,0,OBSERVED_FACT
20,73,P. EENKHOORN,92,SOUDAL QUICK-STEP,20367,2388,0,0,OBSERVED_FACT
20,74,J. STUYVEN,94,SOUDAL QUICK-STEP,20367,2388,0,0,OBSERVED_FACT
20,75,D. HOOLE,54,DECATHLON CMA CGM TEAM,20367,2388,0,0,OBSERVED_FACT
20,76,X. MEURISSE,176,PINARELLO-Q36.5 PRO CYCLING TEAM,20367,2388,0,0,OBSERVED_FACT
20,77,C. RUSSO,188,GROUPAMA-FDJ UNITED,20367,2388,0,0,OBSERVED_FACT
20,78,A. SKAARSETH,126,UNO-X MOBILITY,20367,2388,0,0,OBSERVED_FACT
20,79,T. MARSMAN,104,ALPECIN-PREMIER TECH,20367,2388,0,0,OBSERVED_FACT
20,80,M. VAN DER POEL,101,ALPECIN-PREMIER TECH,20367,2388,0,0,OBSERVED_FACT
20,81,K. ASGREEN,42,EF EDUCATION - EASYPOST,20367,2388,0,0,OBSERVED_FACT
20,82,N. VINOKUROV,68,XDS ASTANA TEAM,20367,2388,0,0,OBSERVED_FACT
20,83,M. LE BERRE,206,TOTALENERGIES,20367,2388,0,0,OBSERVED_FACT
20,84,R. PLUIMERS,195,TUDOR PRO CYCLING TEAM,20367,2388,0,0,OBSERVED_FACT
20,85,M. TEUNISSEN,66,XDS ASTANA TEAM,20367,2388,0,0,OBSERVED_FACT
20,86,T. VAN DIJKE,27,RED BULL - BORA - HANSGROHE,20367,2388,0,0,OBSERVED_FACT
20,87,H. PAGE,167,COFIDIS,20367,2388,0,0,OBSERVED_FACT
20,88,A. BALDERSTONE,222,CAJA RURAL-SEGUROS RGA,20367,2388,0,0,OBSERVED_FACT
20,89,A. ARANBURU,163,COFIDIS,20367,2388,0,0,OBSERVED_FACT
20,90,E. VERSTRYNGE,108,ALPECIN-PREMIER TECH,20367,2388,0,0,OBSERVED_FACT
20,91,Q. HERMANS,174,PINARELLO-Q36.5 PRO CYCLING TEAM,20367,2388,0,0,OBSERVED_FACT
20,92,I. IZAGIRRE,161,COFIDIS,20367,2388,0,0,OBSERVED_FACT
20,93,K. GRADEK,74,BAHRAIN VICTORIOUS,20367,2388,0,0,OBSERVED_FACT
20,94,N. DENZ,23,RED BULL - BORA - HANSGROHE,20367,2388,0,0,OBSERVED_FACT
20,95,K. NEILANDS,136,NSN CYCLING TEAM,20367,2388,0,0,OBSERVED_FACT
20,96,P. BAUHAUS,72,BAHRAIN VICTORIOUS,20367,2388,0,0,OBSERVED_FACT
20,97,E. COSTIOU,184,GROUPAMA-FDJ UNITED,20367,2388,0,0,OBSERVED_FACT
20,98,K. VAUQUELIN,88,NETCOMPANY INEOS CYCLING TEAM,20367,2388,0,0,OBSERVED_FACT
20,99,Q. PACHER,187,GROUPAMA-FDJ UNITED,20367,2388,0,0,OBSERVED_FACT
20,100,R. GREGOIRE,181,GROUPAMA-FDJ UNITED,20367,2388,0,0,OBSERVED_FACT
20,101,M. VERCHER,208,TOTALENERGIES,20367,2388,0,0,OBSERVED_FACT
20,102,M. MOHORIC,75,BAHRAIN VICTORIOUS,20367,2388,0,0,OBSERVED_FACT
20,103,R. STANNARD,76,BAHRAIN VICTORIOUS,20367,2388,0,0,OBSERVED_FACT
20,104,F. ENGELHARDT,114,TEAM JAYCO ALULA,20367,2388,0,0,OBSERVED_FACT
20,105,M. MATTHEWS,115,TEAM JAYCO ALULA,20367,2388,0,0,OBSERVED_FACT
20,106,H. ARTZ,152,LOTTO INTERMARCHE,20367,2388,0,0,OBSERVED_FACT
20,107,B. VEISTROFFER,157,LOTTO INTERMARCHE,20367,2388,0,0,OBSERVED_FACT
20,108,G. ZIMMERMANN,158,LOTTO INTERMARCHE,20367,2388,0,0,OBSERVED_FACT
20,109,S. BERWICK,223,CAJA RURAL-SEGUROS RGA,20367,2388,0,0,OBSERVED_FACT
20,110,L. DURBRIDGE,113,TEAM JAYCO ALULA,20375,2396,0,0,OBSERVED_FACT
20,111,N. MÄRKL,216,TEAM PICNIC POSTNL,20378,2399,0,0,OBSERVED_FACT
20,112,F. VERMEERSCH,6,UAE TEAM EMIRATES XRG,20388,2409,0,0,OBSERVED_FACT
20,113,M. FRETIN,165,COFIDIS,20390,2411,0,0,OBSERVED_FACT
20,114,J. DEGENKOLB,214,TEAM PICNIC POSTNL,20404,2425,0,0,OBSERVED_FACT
20,115,A. TURGIS,207,TOTALENERGIES,20406,2427,0,0,OBSERVED_FACT
20,116,A. DELETTRE,204,TOTALENERGIES,20406,2427,0,0,OBSERVED_FACT
20,117,M. WALKER,48,EF EDUCATION - EASYPOST,20414,2435,0,0,OBSERVED_FACT
20,118,P. HAGENES,15,TEAM VISMA | LEASE A BIKE,20432,2453,0,0,OBSERVED_FACT
20,119,S. OLDANI,226,CAJA RURAL-SEGUROS RGA,20448,2469,0,0,OBSERVED_FACT
20,120,D. BALLERINI,62,XDS ASTANA TEAM,20448,2469,0,0,OBSERVED_FACT
20,121,T. SKUJINS,36,LIDL-TREK,20450,2471,0,0,OBSERVED_FACT
20,122,M. VACEK,37,LIDL-TREK,20450,2471,0,0,OBSERVED_FACT
20,123,A. GATE,63,XDS ASTANA TEAM,20450,2471,0,0,OBSERVED_FACT
20,124,M. PEDERSEN,33,LIDL-TREK,20450,2471,0,0,OBSERVED_FACT
20,125,A. KIRSCH,166,COFIDIS,20450,2471,0,0,OBSERVED_FACT
20,126,F. GANNA,84,NETCOMPANY INEOS CYCLING TEAM,20450,2471,0,0,OBSERVED_FACT
20,127,J. TARLING,87,NETCOMPANY INEOS CYCLING TEAM,20450,2471,0,0,OBSERVED_FACT
20,128,P. CASTRILLO,142,MOVISTAR TEAM,20450,2471,0,0,OBSERVED_FACT
20,129,M. KWIATKOWSKI,86,NETCOMPANY INEOS CYCLING TEAM,20450,2471,0,0,OBSERVED_FACT
20,130,D. VAN BAARLE,95,SOUDAL QUICK-STEP,20450,2471,0,0,OBSERVED_FACT
20,131,S. DILLIER,103,ALPECIN-PREMIER TECH,20450,2471,0,0,OBSERVED_FACT
20,132,M. VALGREN,47,EF EDUCATION - EASYPOST,20450,2471,0,0,OBSERVED_FACT
20,133,M. KANTER,64,XDS ASTANA TEAM,20450,2471,0,0,OBSERVED_FACT
20,134,F. VAN DEN BROEK,218,TEAM PICNIC POSTNL,20450,2471,0,0,OBSERVED_FACT
20,135,L. GERMANI,185,GROUPAMA-FDJ UNITED,20450,2471,0,0,OBSERVED_FACT
20,136,J. OTRUBA,227,CAJA RURAL-SEGUROS RGA,20459,2480,0,0,OBSERVED_FACT
20,137,P. BITTNER,213,TEAM PICNIC POSTNL,20459,2480,0,0,OBSERVED_FACT
20,138,J. PHILIPSEN,105,ALPECIN-PREMIER TECH,20466,2487,0,0,OBSERVED_FACT
20,139,R. DHONDT,215,TEAM PICNIC POSTNL,20478,2499,0,0,OBSERVED_FACT
20,140,E. PLANCKAERT,106,ALPECIN-PREMIER TECH,20495,2516,0,0,OBSERVED_FACT
20,141,M. LOUVEL,135,NSN CYCLING TEAM,20516,2537,0,0,OBSERVED_FACT
20,142,G. BENNETT,133,NSN CYCLING TEAM,20516,2537,0,0,OBSERVED_FACT
20,143,L. ASKEY,132,NSN CYCLING TEAM,20516,2537,0,0,OBSERVED_FACT
20,144,T. GUERNALEC,205,TOTALENERGIES,20546,2567,0,0,OBSERVED_FACT
20,145,S. WAERENSKJOLD,128,UNO-X MOBILITY,20555,2576,0,0,OBSERVED_FACT
20,146,M. CORT NIELSEN,124,UNO-X MOBILITY,20566,2587,0,0,OBSERVED_FACT
20,147,C. BOL,53,DECATHLON CMA CGM TEAM,20570,2591,0,0,OBSERVED_FACT
20,148,O. KOOIJ,55,DECATHLON CMA CGM TEAM,20570,2591,0,0,OBSERVED_FACT
20,149,M. HALLER,193,TUDOR PRO CYCLING TEAM,20578,2599,0,0,OBSERVED_FACT
20,150,F. WRIGHT,178,PINARELLO-Q36.5 PRO CYCLING TEAM,20582,2603,0,0,OBSERVED_FACT
20,151,P. ALLEGAERT,162,COFIDIS,20589,2610,0,0,OBSERVED_FACT
20,152,J. STEWART,137,NSN CYCLING TEAM,20593,2614,0,0,OBSERVED_FACT
20,153,B. GIRMAY,131,NSN CYCLING TEAM,20593,2614,0,0,OBSERVED_FACT
20,154,L. SLOCK,155,LOTTO INTERMARCHE,20595,2616,0,0,OBSERVED_FACT
20,155,J. VAN DEN BERG,217,TEAM PICNIC POSTNL,20597,2618,0,0,OBSERVED_FACT
20,156,D. GODON,85,NETCOMPANY INEOS CYCLING TEAM,20602,2623,0,0,OBSERVED_FACT
20,157,B. THOMAS,168,COFIDIS,20612,2633,0,0,OBSERVED_FACT
20,158,J. BIERMANS,164,COFIDIS,20612,2633,0,0,OBSERVED_FACT
