{"type": "FeatureCollection", "features": [{"type": "Feature", "geometry": {"type": "LineString", "coordinates": [[2.2201263, 41.4060995], [2.2195667, 41.4064767], [2.21333, 41.40173], [2.21189, 41.40092], [2.21094, 41.40026], [2.20999, 41.3994], [2.20894, 41.39809], [2.20838, 41.39683], [2.20806, 41.39639], [2.20576, 41.39463], [2.20428, 41.39252], [2.20391, 41.39221], [2.20315, 41.39176], [2.2013, 41.39103], [2.20015, 41.39019], [2.1995, 41.39064], [2.20273, 41.39308], [2.20187, 41.39374], [2.20501, 41.39632], [2.20513, 41.39627], [2.2053, 41.39632], [2.205437, 41.3965498], [2.2064109, 41.3973719], [2.2074397, 41.3983564], [2.2077, 41.39872], [2.20882, 41.39974], [2.21154, 41.40184], [2.20737, 41.40497], [2.2141, 41.410035], [2.2141054, 41.4101091], [2.201389, 41.419728], [2.1870737, 41.4089451], [2.18659, 41.40843], [2.1789, 41.40271], [2.17666, 41.40439], [2.16863, 41.39845], [2.16269, 41.39394], [2.16491, 41.39217], [2.15506, 41.38483], [2.14688, 41.3786], [2.14618, 41.37813], [2.14595, 41.37806], [2.14785, 41.37664], [2.14879, 41.37578], [2.1489, 41.37551], [2.14852, 41.37512], [2.14855, 41.3748], [2.14874, 41.37465], [2.14902, 41.37457], [2.14944, 41.37463], [2.15141, 41.37166], [2.1551, 41.37307], [2.15608, 41.37125], [2.15673, 41.3703], [2.15816, 41.37023], [2.15836, 41.37013], [2.15843, 41.36999], [2.15829, 41.36886], [2.15817, 41.36864], [2.15794, 41.36845], [2.15772, 41.3684], [2.15746, 41.36845], [2.15676, 41.36888], [2.15617, 41.36913], [2.15585, 41.36908], [2.15583, 41.36887], [2.15655, 41.36827], [2.15701, 41.36765], [2.1573, 41.36746], [2.15785, 41.36734], [2.15874, 41.36751], [2.1591, 41.36746], [2.15754, 41.36665], [2.15574, 41.36616], [2.15507, 41.3661], [2.1536, 41.36615], [2.15121, 41.36661], [2.15027, 41.36664], [2.14919, 41.36643], [2.14803, 41.36582], [2.14747, 41.36561], [2.14629, 41.36548], [2.1461, 41.36529], [2.14601, 41.36506], [2.14617, 41.36407], [2.14607, 41.36343], [2.14619, 41.36314], [2.14739, 41.36259], [2.14851, 41.36177], [2.14901, 41.36123], [2.14959, 41.36012], [2.14972, 41.35998], [2.15024, 41.35986], [2.15158, 41.36034], [2.1525, 41.36121], [2.15345, 41.36176], [2.15564, 41.36242], [2.15637, 41.36278], [2.15714, 41.36345], [2.15749, 41.36404], [2.1576301, 41.3644925]]}, "properties": {"stage": 1, "source": "aso-arcgis", "length_km": 19.513, "official_km": 19.6, "licence": "All rights reserved (Amaury Sport Organisation)"}}, {"type": "Feature", "geometry": {"type": "LineString", "coordinates": [[2.2528827, 41.6249963], [2.25167, 41.62445], [2.24924, 41.62386], [2.24864, 41.62405], [2.24621, 41.62616], [2.24572, 41.62638], [2.24528, 41.62639], [2.24421, 41.62607], [2.24372, 41.62603], [2.23482, 41.62655], [2.23473, 41.62666], [2.23457, 41.62658], [2.23377, 41.62664], [2.23342, 41.62678], [2.23314, 41.62702], [2.23138, 41.62944], [2.23071, 41.63002], [2.2307, 41.63011], [2.23053, 41.63012], [2.22892, 41.63112], [2.2242, 41.63213], [2.2224, 41.63305], [2.21976, 41.63357], [2.21782, 41.63423], [2.2161, 41.63428], [2.21479, 41.63391], [2.21367, 41.63421], [2.21251, 41.63471], [2.21212, 41.63476], [2.21178, 41.6346], [2.21173, 41.63401], [2.21156, 41.63389], [2.21132, 41.63386], [2.20814, 41.63444], [2.20762, 41.63466], [2.20629, 41.63557], [2.20345, 41.63693], [2.20133, 41.63841], [2.19817, 41.64021], [2.19763, 41.6404], [2.19694, 41.64039], [2.19589, 41.63999], [2.19472, 41.6398], [2.19421, 41.63948], [2.19382, 41.63889], [2.19363, 41.63874], [2.19323, 41.63865], [2.19237, 41.63869], [2.19191, 41.6386], [2.19088, 41.63781], [2.19042, 41.63759], [2.18879, 41.63744], [2.18758, 41.63772], [2.18719, 41.63774], [2.18607, 41.63715], [2.18084, 41.63537], [2.1788, 41.635], [2.17724, 41.63459], [2.17628, 41.63416], [2.17554, 41.63336], [2.17519, 41.6331], [2.17497, 41.633], [2.17437, 41.63297], [2.17423, 41.6331], [2.17392, 41.6331], [2.17324, 41.63338], [2.17188, 41.63428], [2.17133, 41.63482], [2.17096, 41.63536], [2.17073, 41.63589], [2.17032, 41.6376], [2.17005, 41.6383], [2.16974, 41.63878], [2.16912, 41.63942], [2.16855, 41.63986], [2.16758, 41.64036], [2.16659, 41.64067], [2.16494, 41.64104], [2.16394, 41.6415], [2.1634, 41.64201], [2.16269, 41.64329], [2.1618, 41.64429], [2.16162, 41.64471], [2.16168, 41.64511], [2.16212, 41.64594], [2.16225, 41.64637], [2.16217, 41.64675], [2.16172, 41.64787], [2.16183, 41.64863], [2.16152, 41.64929], [2.16199, 41.65042], [2.16213, 41.65106], [2.16198, 41.65136], [2.1614, 41.6519], [2.16127, 41.6524], [2.16158, 41.65446], [2.16212, 41.65645], [2.16262, 41.65782], [2.16261, 41.65928], [2.16235, 41.66179], [2.16269, 41.66336], [2.16324, 41.66483], [2.16377, 41.66596], [2.16372, 41.66798], [2.16382, 41.66861], [2.16487, 41.6704], [2.16538, 41.67105], [2.16556, 41.67164], [2.16515, 41.67312], [2.16419, 41.67437], [2.16405, 41.67468], [2.16408, 41.67501], [2.16425, 41.67548], [2.16485, 41.67636], [2.16508, 41.67698], [2.16492, 41.67744], [2.16375, 41.67887], [2.16371, 41.67906], [2.16378, 41.67924], [2.16425, 41.67969], [2.16428, 41.67989], [2.16317, 41.6815], [2.16315, 41.68252], [2.1636, 41.68357], [2.1637, 41.684], [2.16363, 41.68455], [2.16333, 41.68522], [2.16334, 41.68618], [2.16371, 41.68692], [2.16478, 41.68819], [2.16525, 41.68864], [2.16569, 41.68855], [2.16582, 41.68859], [2.16626, 41.68945], [2.16642, 41.68961], [2.16765, 41.68969], [2.16861, 41.68992], [2.1696, 41.68991], [2.16976, 41.69], [2.16982, 41.69026], [2.16971, 41.69115], [2.16984, 41.69153], [2.17032, 41.69242], [2.17203, 41.69457], [2.17224, 41.69503], [2.17207, 41.69525], [2.17187, 41.6953], [2.17163, 41.69525], [2.17061, 41.69437], [2.17013, 41.69423], [2.1696, 41.69444], [2.16921, 41.69516], [2.16899, 41.69536], [2.16863, 41.69542], [2.16809, 41.69534], [2.16779, 41.69545], [2.16779, 41.69573], [2.16854, 41.69751], [2.16855, 41.698], [2.16832, 41.69818], [2.16753, 41.69816], [2.16723, 41.69841], [2.16607, 41.70069], [2.16609, 41.70089], [2.16644, 41.7012], [2.16643, 41.70136], [2.16622, 41.70166], [2.16581, 41.70192], [2.16305, 41.70309], [2.16299, 41.70325], [2.16306, 41.7034], [2.16427, 41.70397], [2.16436, 41.70412], [2.1643, 41.70423], [2.16292, 41.70466], [2.16105, 41.70506], [2.15753, 41.70608], [2.15588, 41.70678], [2.15572, 41.70695], [2.15575, 41.7072], [2.15596, 41.70751], [2.15619, 41.70754], [2.15673, 41.70783], [2.15701, 41.70775], [2.15753, 41.70732], [2.15789, 41.70718], [2.15842, 41.70719], [2.16064, 41.70752], [2.16081, 41.70774], [2.16085, 41.70889], [2.16097, 41.70927], [2.16129, 41.70974], [2.16167, 41.70991], [2.16206, 41.70982], [2.16315, 41.70914], [2.1636, 41.70896], [2.16846, 41.70805], [2.16879, 41.70805], [2.1691, 41.70815], [2.1705, 41.70902], [2.17073, 41.70941], [2.1706, 41.71085], [2.17031, 41.71137], [2.16974, 41.71175], [2.16964, 41.71193], [2.16971, 41.71204], [2.17011, 41.71217], [2.17026, 41.71237], [2.17025, 41.71266], [2.16984, 41.71369], [2.17017, 41.71433], [2.17018, 41.71458], [2.17003, 41.71481], [2.1696, 41.71515], [2.16956, 41.71534], [2.16964, 41.71553], [2.17004, 41.71593], [2.16981, 41.71682], [2.17007, 41.71768], [2.17103, 41.71857], [2.17182, 41.71889], [2.17189, 41.71904], [2.17183, 41.71937], [2.17165, 41.71971], [2.17081, 41.72063], [2.17037, 41.72141], [2.17003, 41.72173], [2.1696, 41.72193], [2.16921, 41.72196], [2.16905, 41.72187], [2.16891, 41.72154], [2.16869, 41.7215], [2.16776, 41.72181], [2.1666, 41.72177], [2.1664, 41.72194], [2.1664, 41.72229], [2.16619, 41.72292], [2.16626, 41.72311], [2.1673, 41.72333], [2.16771, 41.7241], [2.16852, 41.72477], [2.16874, 41.72522], [2.169, 41.72532], [2.16936, 41.72529], [2.1695, 41.72514], [2.16913, 41.72428], [2.16927, 41.72404], [2.17091, 41.724], [2.17145, 41.72364], [2.17205, 41.7234], [2.17227, 41.72346], [2.17245, 41.72367], [2.17294, 41.72501], [2.17373, 41.72554], [2.17399, 41.72558], [2.17415, 41.72552], [2.17454, 41.72496], [2.17504, 41.72463], [2.1753, 41.72464], [2.17637, 41.72645], [2.17648, 41.72731], [2.17684, 41.72753], [2.17714, 41.72752], [2.17784, 41.72724], [2.17836, 41.72727], [2.17856, 41.72721], [2.17865, 41.72704], [2.17852, 41.72667], [2.17862, 41.72646], [2.17953, 41.72608], [2.17967, 41.72592], [2.17973, 41.7256], [2.17944, 41.72519], [2.17948, 41.72498], [2.17999, 41.72468], [2.18034, 41.7247], [2.18084, 41.72547], [2.18163, 41.72633], [2.18185, 41.72679], [2.18261, 41.72725], [2.18336, 41.72735], [2.18362, 41.72756], [2.18362, 41.72771], [2.18323, 41.72866], [2.18259, 41.72916], [2.18249, 41.72933], [2.18243, 41.7297], [2.1826, 41.73018], [2.18234, 41.73057], [2.18238, 41.7309], [2.18228, 41.73154], [2.18251, 41.73205], [2.18333, 41.73263], [2.18472, 41.73465], [2.18485, 41.73508], [2.18465, 41.73581], [2.18481, 41.73626], [2.18517, 41.73663], [2.18559, 41.73688], [2.18613, 41.73714], [2.18671, 41.73728], [2.18721, 41.73784], [2.18822, 41.73818], [2.1886, 41.73847], [2.18882, 41.73881], [2.18891, 41.73927], [2.18915, 41.73958], [2.18898, 41.74007], [2.18943, 41.74086], [2.18942, 41.74147], [2.1902, 41.74204], [2.19084, 41.74228], [2.19099, 41.74297], [2.19166, 41.74322], [2.19209, 41.74402], [2.19258, 41.74432], [2.19298, 41.7447], [2.19323, 41.74532], [2.19376, 41.74577], [2.19391, 41.74644], [2.19407, 41.74674], [2.19532, 41.74721], [2.19572, 41.74721], [2.1959, 41.74704], [2.19615, 41.74632], [2.19714, 41.74519], [2.19767, 41.74504], [2.19883, 41.74535], [2.19915, 41.74532], [2.19938, 41.74508], [2.19936, 41.74453], [2.19966, 41.74431], [2.20124, 41.74427], [2.20296, 41.74442], [2.20326, 41.74454], [2.20358, 41.74481], [2.21033, 41.75152], [2.21062, 41.75189], [2.21067, 41.75223], [2.21028, 41.75443], [2.21004, 41.75512], [2.20934, 41.75657], [2.20916, 41.75724], [2.20907, 41.75798], [2.2091, 41.7586], [2.20881, 41.75926], [2.20849, 41.76224], [2.2084, 41.76244], [2.20813, 41.76266], [2.20651, 41.76309], [2.2062, 41.76327], [2.20553, 41.76397], [2.20548, 41.76487], [2.20557, 41.76517], [2.20634, 41.76596], [2.20643, 41.76619], [2.20644, 41.76664], [2.20653, 41.76675], [2.20783, 41.76711], [2.20899, 41.76692], [2.20928, 41.76696], [2.2102, 41.76785], [2.21163, 41.76869], [2.21193, 41.76897], [2.21204, 41.77221], [2.21126, 41.77295], [2.21046, 41.7745], [2.21045, 41.77467], [2.21063, 41.77484], [2.2114, 41.77505], [2.21218, 41.7758], [2.2124, 41.77615], [2.21223, 41.7781], [2.21231, 41.7784], [2.21259, 41.7788], [2.21251, 41.77898], [2.21215, 41.7792], [2.21205, 41.77935], [2.21202, 41.77957], [2.21211, 41.77977], [2.21337, 41.78035], [2.2147, 41.78111], [2.2157, 41.78186], [2.21595, 41.78213], [2.21594, 41.7824], [2.21556, 41.78308], [2.21539, 41.78422], [2.21514, 41.78441], [2.21423, 41.78461], [2.21401, 41.78483], [2.21397, 41.78501], [2.21417, 41.78528], [2.21625, 41.7865], [2.21649, 41.7869], [2.21647, 41.7873], [2.21638, 41.78748], [2.21614, 41.78769], [2.21546, 41.78802], [2.21537, 41.78825], [2.2164, 41.79065], [2.21656, 41.79125], [2.21649, 41.79168], [2.2161, 41.79254], [2.21604, 41.79287], [2.2161, 41.79311], [2.21657, 41.79397], [2.21576, 41.79576], [2.21546, 41.79789], [2.21548, 41.79834], [2.21781, 41.80193], [2.21786, 41.80241], [2.21762, 41.80331], [2.21766, 41.80355], [2.21785, 41.8038], [2.22268, 41.80591], [2.22499, 41.8073], [2.22669, 41.80851], [2.22762, 41.80933], [2.22812, 41.80998], [2.22848, 41.81082], [2.22872, 41.81086], [2.22966, 41.81059], [2.22992, 41.81074], [2.23033, 41.81129], [2.23063, 41.81148], [2.23162, 41.81162], [2.23237, 41.81151], [2.23417, 41.81407], [2.23438, 41.81448], [2.23437, 41.81492], [2.234, 41.81597], [2.23394, 41.81636], [2.23415, 41.81697], [2.23457, 41.8177], [2.23535, 41.81972], [2.23578, 41.82375], [2.23555, 41.82508], [2.2356818, 41.8254332], [2.2355721, 41.825547], [2.23463, 41.83079], [2.23437, 41.83239], [2.23453, 41.8327], [2.23356, 41.83831], [2.23391, 41.839], [2.23431, 41.83927], [2.23327, 41.84037], [2.233, 41.84176], [2.23283, 41.84513], [2.23286, 41.84595], [2.23318, 41.84612], [2.23367, 41.8461], [2.23376, 41.84594], [2.23396, 41.84593], [2.23604, 41.84476], [2.23659, 41.84461], [2.23876, 41.84492], [2.24195, 41.84485], [2.24207, 41.84471], [2.24225, 41.84481], [2.24901, 41.84462], [2.24963, 41.84454], [2.25052, 41.84403], [2.25135, 41.84467], [2.25346, 41.84592], [2.25578, 41.84743], [2.25631, 41.84762], [2.25766, 41.84778], [2.25816, 41.848], [2.25982, 41.84938], [2.26128, 41.84992], [2.2617, 41.85016], [2.26305, 41.85174], [2.26476, 41.85326], [2.2665, 41.85471], [2.26906, 41.85641], [2.26961, 41.85664], [2.2706, 41.85667], [2.27198, 41.85688], [2.27392, 41.85798], [2.27434, 41.85811], [2.27546, 41.85827], [2.27626, 41.85867], [2.27631, 41.85902], [2.27604, 41.85932], [2.27597, 41.85955], [2.27648, 41.8601], [2.27642, 41.86075], [2.27649, 41.86096], [2.27687, 41.86123], [2.27881, 41.86216], [2.27937, 41.86264], [2.27961, 41.86304], [2.2803, 41.86476], [2.28169, 41.86655], [2.28281, 41.86904], [2.28296, 41.8693], [2.2831, 41.8693], [2.28321, 41.86941], [2.28314, 41.86961], [2.28579, 41.87291], [2.28578, 41.87493], [2.28632, 41.87494], [2.28642, 41.87502], [2.28642, 41.87562], [2.28675, 41.87621], [2.28718, 41.87751], [2.28714, 41.87773], [2.2868, 41.87829], [2.2869, 41.87843], [2.2867, 41.87849], [2.28597, 41.87979], [2.2859, 41.88007], [2.28602, 41.88012], [2.28606, 41.88024], [2.28596, 41.88034], [2.28581, 41.88034], [2.2856, 41.88099], [2.2838, 41.8832], [2.28226, 41.88437], [2.2817, 41.88492], [2.28012, 41.88749], [2.27983, 41.88826], [2.27943, 41.89055], [2.27949, 41.89116], [2.27972, 41.89157], [2.28088, 41.89307], [2.28194, 41.89428], [2.28226, 41.89497], [2.28277, 41.89556], [2.2832, 41.89664], [2.28327, 41.89706], [2.28323, 41.89796], [2.28306, 41.89831], [2.28155, 41.89922], [2.28076, 41.89958], [2.28082, 41.89969], [2.28138, 41.89976], [2.28154, 41.89986], [2.28178, 41.90074], [2.28235, 41.90158], [2.2824, 41.9018], [2.28057, 41.9067], [2.28021, 41.90737], [2.27942, 41.90818], [2.2779, 41.91076], [2.27638, 41.91208], [2.27435, 41.9135], [2.27392, 41.91392], [2.26814, 41.92573], [2.26825, 41.9258], [2.26826, 41.92593], [2.26801, 41.92601], [2.26781, 41.92639], [2.26782, 41.92665], [2.26769, 41.92683], [2.26305, 41.92825], [2.26108, 41.92894], [2.26104, 41.92902], [2.26089, 41.92897], [2.25895, 41.92935], [2.2584, 41.92971], [2.25728, 41.92999], [2.25675, 41.9302], [2.25611, 41.93054], [2.25556, 41.93096], [2.25505, 41.93117], [2.25414, 41.93132], [2.25353, 41.93122], [2.25334, 41.93105], [2.2531, 41.93041], [2.25081, 41.93074], [2.25016, 41.93306], [2.2506, 41.93354], [2.25101, 41.93366], [2.25538, 41.93419], [2.25468, 41.93752], [2.25466, 41.93765], [2.2548, 41.93775], [2.25472, 41.93788], [2.2561, 41.94069], [2.25626, 41.94069], [2.25637, 41.94078], [2.25635, 41.94093], [2.25626, 41.94098], [2.25636, 41.94119], [2.25871, 41.94597], [2.25885, 41.94621], [2.25905, 41.94629], [2.25904, 41.94664], [2.26562, 41.95995], [2.26576, 41.9602], [2.2661, 41.96047], [2.2664, 41.96058], [2.26656, 41.96076], [2.2666, 41.96108], [2.26644, 41.96125], [2.26641, 41.96157], [2.2753, 41.97954], [2.28166, 41.99453], [2.28186, 41.99482], [2.28224, 41.99507], [2.2853, 41.9961], [2.28587, 41.99622], [2.2861, 41.9964], [2.28609, 41.99671], [2.28579, 41.99763], [2.28628, 41.998], [2.2864, 41.99822], [2.28575, 42.00094], [2.28575, 42.00121], [2.28564, 42.00136], [2.28529, 42.0027], [2.28429, 42.00374], [2.28436, 42.00392], [2.2842, 42.004], [2.28406, 42.00397], [2.27929, 42.00877], [2.27916, 42.00893], [2.27919, 42.00909], [2.27893, 42.00912], [2.27644, 42.01165], [2.27609, 42.01208], [2.27594, 42.01247], [2.27592, 42.01298], [2.27613, 42.01471], [2.27713, 42.01621], [2.27729, 42.01661], [2.27731, 42.01706], [2.27719, 42.01748], [2.27692, 42.01788], [2.27542, 42.01918], [2.27481, 42.02038], [2.27494, 42.02046], [2.27493, 42.02061], [2.27542, 42.02098], [2.27577, 42.02191], [2.27581, 42.02257], [2.2755, 42.02335], [2.27547, 42.02362], [2.27627, 42.02628], [2.27622, 42.02701], [2.27572, 42.02966], [2.27581, 42.0307], [2.2762, 42.03171], [2.27795, 42.03453], [2.27812, 42.03499], [2.27811, 42.03541], [2.27773, 42.03744], [2.27742, 42.03834], [2.27755, 42.03853], [2.27737, 42.03869], [2.27713, 42.03866], [2.27595, 42.03943], [2.27307, 42.04083], [2.27311, 42.04094], [2.27303, 42.04101], [2.27281, 42.04097], [2.27186, 42.04145], [2.26774, 42.04489], [2.26758, 42.04505], [2.26766, 42.04543], [2.26737, 42.04621], [2.26698, 42.04676], [2.26585, 42.04787], [2.26587, 42.04842], [2.26403, 42.04876], [2.26303, 42.04861], [2.26269, 42.04864], [2.2627, 42.04952], [2.26278, 42.04994], [2.26266, 42.04996], [2.26218, 42.05059], [2.26187, 42.0508], [2.26137, 42.05077], [2.25979, 42.04991], [2.25973, 42.05002], [2.25959, 42.05002], [2.25952, 42.05021], [2.25991, 42.05166], [2.25982, 42.05189], [2.25671, 42.05247], [2.25588, 42.0528], [2.25499, 42.05341], [2.25436, 42.05424], [2.25413, 42.05484], [2.25405, 42.05548], [2.25425, 42.05645], [2.25467, 42.05716], [2.25543, 42.05882], [2.25545, 42.05934], [2.25533, 42.05975], [2.25458, 42.06117], [2.25428, 42.06158], [2.25146, 42.06355], [2.25014, 42.06459], [2.24912, 42.06497], [2.24779, 42.06503], [2.24726, 42.06494], [2.24491, 42.0642], [2.24388, 42.06411], [2.24197, 42.06443], [2.2406, 42.06441], [2.24015, 42.06459], [2.23975, 42.06496], [2.23945, 42.06512], [2.23679, 42.06558], [2.23748, 42.06714], [2.23918, 42.06987], [2.23953, 42.07066], [2.23962, 42.07133], [2.23953, 42.07284], [2.2396, 42.07388], [2.23953, 42.0745], [2.23954, 42.07458], [2.2398, 42.07463], [2.23982, 42.07474], [2.23966, 42.07487], [2.23947, 42.0754], [2.23858, 42.07623], [2.23684, 42.07753], [2.23573, 42.07806], [2.23346, 42.07891], [2.23276, 42.07933], [2.2328, 42.07945], [2.2327, 42.07956], [2.23245, 42.07952], [2.23245, 42.07932], [2.2316, 42.07839], [2.23144, 42.07825], [2.23125, 42.07829], [2.23116, 42.07851], [2.23116, 42.07907], [2.23108, 42.07932], [2.23012, 42.08022], [2.22941, 42.08118], [2.22883, 42.08167], [2.22885, 42.08181], [2.22872, 42.0819], [2.22911, 42.08301], [2.229, 42.08338], [2.22857, 42.08404], [2.22806, 42.08457], [2.22755, 42.08495], [2.22678, 42.08536], [2.22566, 42.08581], [2.22494, 42.08632], [2.22421, 42.08739], [2.22363, 42.08893], [2.22347, 42.08968], [2.22349, 42.09274], [2.22322, 42.09554], [2.22304, 42.09606], [2.22254, 42.09677], [2.22186, 42.09731], [2.22057, 42.09787], [2.21963, 42.0984], [2.21347, 42.10372], [2.21288, 42.1041], [2.21158, 42.10465], [2.20955, 42.1061], [2.2092, 42.10668], [2.20676, 42.11197], [2.20552, 42.11361], [2.20377, 42.11499], [2.20129, 42.11617], [2.20098, 42.11645], [2.20098, 42.11671], [2.20181, 42.11816], [2.20186, 42.11851], [2.20211, 42.11867], [2.20199, 42.11886], [2.2013085, 42.1190454], [2.2011255, 42.1192437], [2.2010129, 42.1197866], [2.202, 42.12094], [2.20428, 42.12258], [2.20466, 42.12314], [2.20483, 42.1238], [2.20474, 42.12444], [2.20442, 42.12502], [2.20402, 42.12542], [2.20287, 42.12618], [2.20229, 42.12667], [2.20189, 42.12717], [2.20146, 42.12799], [2.20129, 42.12863], [2.20127, 42.12977], [2.2015, 42.13098], [2.20182, 42.13189], [2.20261, 42.13332], [2.2033, 42.13417], [2.204, 42.13479], [2.20517, 42.13537], [2.20748, 42.13582], [2.20911, 42.13639], [2.20949, 42.13661], [2.20988, 42.13699], [2.21007, 42.13735], [2.21014, 42.13775], [2.21, 42.13837], [2.20935, 42.13978], [2.20814, 42.14127], [2.20752, 42.14296], [2.20583, 42.14587], [2.2052106, 42.1465894], [2.20397, 42.14773], [2.20289, 42.14922], [2.20172, 42.15029], [2.2013, 42.151], [2.20119, 42.15148], [2.20097, 42.15373], [2.20024, 42.15642], [2.20027, 42.15822], [2.20015, 42.15907], [2.1999, 42.15965], [2.19955, 42.16016], [2.19864, 42.1611], [2.19815, 42.16178], [2.1977, 42.16267], [2.19754, 42.16322], [2.19762, 42.16376], [2.19787, 42.16418], [2.19875, 42.16509], [2.19905, 42.16527], [2.19904, 42.16539], [2.19954, 42.16574], [2.19976, 42.16603], [2.19999, 42.16674], [2.19995, 42.16713], [2.19982, 42.16746], [2.19943, 42.16795], [2.19881, 42.16842], [2.19358, 42.17203], [2.19321, 42.17241], [2.19299, 42.17293], [2.19308, 42.1747], [2.19325, 42.17562], [2.19375, 42.17646], [2.19402, 42.17716], [2.19496, 42.18141], [2.19578, 42.18374], [2.19598, 42.18382], [2.19597, 42.18394], [2.19584, 42.18401], [2.19658, 42.1861], [2.19665, 42.18654], [2.1965, 42.18711], [2.19658, 42.18727], [2.19635, 42.18732], [2.19492, 42.18931], [2.19441, 42.18986], [2.1945, 42.18998], [2.19589, 42.1902], [2.19688, 42.19047], [2.19802, 42.19086], [2.19813, 42.19101], [2.19838, 42.19096], [2.19873, 42.1912], [2.19897, 42.19146], [2.19912, 42.19181], [2.19911, 42.19349], [2.19892, 42.19382], [2.19824, 42.19448], [2.19297, 42.19918], [2.19281, 42.19939], [2.19268, 42.19978], [2.19208, 42.19989], [2.19076, 42.20073], [2.19054, 42.20064], [2.19024, 42.20075], [2.18907, 42.20086], [2.18365, 42.20268], [2.18264, 42.20328], [2.18184, 42.20394], [2.18106, 42.20427], [2.17829, 42.20446], [2.17753, 42.20462], [2.17216, 42.20697], [2.1719, 42.20716], [2.17141, 42.20773], [2.16996, 42.2098], [2.16968, 42.21074], [2.16857, 42.21555], [2.16862, 42.21616], [2.16957, 42.21929], [2.17054, 42.22142], [2.17067, 42.22284], [2.17066, 42.22421], [2.17033, 42.22585], [2.16836, 42.2323], [2.16802, 42.23528], [2.16823, 42.23683], [2.16806, 42.2377], [2.16779, 42.23822], [2.16485, 42.24152], [2.1646, 42.24195], [2.16508, 42.24352], [2.16512, 42.244], [2.16406, 42.24705], [2.16399, 42.24747], [2.16448, 42.24893], [2.1656, 42.24972], [2.16575, 42.25001], [2.16581, 42.2504], [2.16561, 42.25078], [2.16439, 42.25162], [2.16414, 42.25193], [2.16411, 42.25221], [2.1642, 42.25245], [2.16506, 42.25325], [2.16537, 42.25366], [2.1656, 42.25425], [2.16564, 42.25463], [2.1655, 42.25534], [2.16456, 42.25632], [2.16438, 42.25675], [2.16445, 42.25703], [2.16466, 42.25731], [2.16548, 42.25789], [2.16566, 42.25818], [2.16571, 42.25849], [2.16548, 42.25922], [2.16465, 42.261], [2.16423, 42.26138], [2.16282, 42.2621], [2.16256, 42.26236], [2.16242, 42.26265], [2.1624, 42.26292], [2.1625, 42.26323], [2.16309, 42.26416], [2.16328, 42.2646], [2.16319, 42.26509], [2.16275, 42.26547], [2.16155, 42.26597], [2.1609, 42.26647], [2.16057, 42.26696], [2.15951, 42.26902], [2.15915, 42.27073], [2.15922, 42.27117], [2.15951, 42.27175], [2.15954, 42.27205], [2.1591, 42.27312], [2.15908, 42.27337], [2.15923, 42.27387], [2.15984, 42.27471], [2.16, 42.27566], [2.15954, 42.27738], [2.15956, 42.278], [2.1598, 42.27944], [2.15922, 42.28108], [2.1595, 42.28234], [2.15932, 42.28328], [2.1588, 42.28417], [2.15892, 42.28468], [2.1601, 42.28595], [2.16045, 42.28665], [2.16045, 42.28723], [2.16004, 42.2888], [2.16022, 42.28937], [2.16072, 42.29016], [2.16081, 42.29051], [2.16084, 42.29148], [2.16069, 42.29209], [2.1608, 42.29255], [2.16122, 42.29313], [2.16203, 42.29375], [2.16273, 42.29406], [2.16386, 42.29441], [2.16441, 42.2947], [2.16469, 42.29498], [2.16495, 42.29564], [2.16522, 42.2966], [2.16547, 42.29829], [2.16623, 42.29941], [2.16661, 42.30063], [2.16693, 42.30134], [2.16691, 42.30162], [2.16645, 42.30273], [2.16701, 42.3048], [2.16702, 42.30538], [2.16682, 42.30632], [2.16418, 42.30813], [2.16159, 42.3088], [2.16082, 42.30919], [2.15942, 42.30902], [2.15888, 42.30935], [2.15856, 42.30945], [2.15441, 42.31017], [2.15403, 42.31016], [2.15279, 42.30983], [2.15229, 42.30992], [2.15201, 42.31009], [2.15182, 42.31042], [2.15169, 42.31132], [2.1516, 42.31144], [2.15143, 42.31153], [2.14955, 42.31184], [2.14734, 42.31298], [2.1457, 42.31288], [2.14491, 42.31266], [2.14402, 42.31257], [2.1434, 42.31237], [2.14294, 42.31237], [2.14273, 42.31227], [2.142395, 42.311885], [2.14205, 42.31167], [2.14028, 42.31139], [2.13986, 42.31144], [2.13941, 42.31169], [2.13859, 42.31155], [2.13615, 42.31138], [2.13595, 42.31145], [2.1357, 42.31181], [2.13547, 42.31191], [2.13478, 42.31168], [2.13267, 42.31169], [2.13104, 42.31238], [2.13058, 42.3129], [2.13043, 42.31334], [2.13028, 42.31347], [2.13001, 42.31349], [2.12944, 42.31326], [2.12914, 42.31323], [2.12799, 42.31352], [2.12711, 42.31437], [2.12703, 42.31454], [2.127, 42.31511], [2.12679, 42.31529], [2.12655, 42.31524], [2.12625, 42.31493], [2.12568, 42.31461], [2.12519, 42.31416], [2.12443, 42.31393], [2.12356, 42.31378], [2.12259, 42.314], [2.12219, 42.31427], [2.12115, 42.31452], [2.12063, 42.31494], [2.1198, 42.31492], [2.11925, 42.31546], [2.11841, 42.31536], [2.11712, 42.31562], [2.11628, 42.31595], [2.11417, 42.31605], [2.11379, 42.31628], [2.11357, 42.317], [2.11323, 42.31764], [2.11312, 42.31793], [2.11291, 42.31929], [2.11252, 42.32], [2.11232, 42.32017], [2.1121, 42.32022], [2.11149, 42.32026], [2.10965, 42.31995], [2.10943, 42.31977], [2.10905, 42.31923], [2.10888, 42.31867], [2.10872, 42.31853], [2.10847, 42.31849], [2.10793, 42.31855], [2.10625, 42.31905], [2.10571, 42.31934], [2.10543, 42.31982], [2.10513, 42.31987], [2.10412, 42.31949], [2.10411, 42.31933], [2.10436, 42.31891], [2.10444, 42.3186], [2.10432, 42.31829], [2.10309, 42.31811], [2.10245, 42.31838], [2.10142, 42.3196], [2.10021, 42.32024], [2.10005, 42.32059], [2.10011, 42.32171], [2.10002, 42.32195], [2.09983, 42.32205], [2.09935, 42.322], [2.09916, 42.3219], [2.09825, 42.3208], [2.09819, 42.32046], [2.09786, 42.32024], [2.0975, 42.32019], [2.09666, 42.32044], [2.09611, 42.32087], [2.09404, 42.32087], [2.09346, 42.32104], [2.09275, 42.32148], [2.09281, 42.32175], [2.09329, 42.32242], [2.09316, 42.32259], [2.09272, 42.32264], [2.09242, 42.32242], [2.09124, 42.32208], [2.09023, 42.32218], [2.09011, 42.32212], [2.08995, 42.32179], [2.08946, 42.32172], [2.08816, 42.32211], [2.08771, 42.32236], [2.08705, 42.32227], [2.0866, 42.32239], [2.08638, 42.32254], [2.08604, 42.32309], [2.08543, 42.32318], [2.08472, 42.32362], [2.08454, 42.32357], [2.0841, 42.3231], [2.08343, 42.32298], [2.08294, 42.32309], [2.08245, 42.32332], [2.0819, 42.32372], [2.08131, 42.32375], [2.07969, 42.32367], [2.07729, 42.32339], [2.07598, 42.32294], [2.0741, 42.32266], [2.07269, 42.32212], [2.07232, 42.32189], [2.07185, 42.32177], [2.07122, 42.32148], [2.07093, 42.32145], [2.07051, 42.32163], [2.06963, 42.32162], [2.06917, 42.32183], [2.06905, 42.32195], [2.06876, 42.32307], [2.0684, 42.32341], [2.06521, 42.3244], [2.06388, 42.32465], [2.06303, 42.32493], [2.06173, 42.32502], [2.05959, 42.32503], [2.05858, 42.32535], [2.05714, 42.32613], [2.05625, 42.32633], [2.05529, 42.32624], [2.05477, 42.32592], [2.05436, 42.32555], [2.05397, 42.32551], [2.05326, 42.32564], [2.05283, 42.32561], [2.05143, 42.32522], [2.04966, 42.32458], [2.04888, 42.32405], [2.04872, 42.32367], [2.0485, 42.32339], [2.0473, 42.32292], [2.04672, 42.3226], [2.04557, 42.32246], [2.04286, 42.32245], [2.04159, 42.32221], [2.04074, 42.32214], [2.03884, 42.32226], [2.03695, 42.32212], [2.03661, 42.32223], [2.03581, 42.32373], [2.03522, 42.32434], [2.03502, 42.32445], [2.03464, 42.32426], [2.03461, 42.32415], [2.03538, 42.32353], [2.03551, 42.32324], [2.03543, 42.32281], [2.03509, 42.32261], [2.03351, 42.32302], [2.0328, 42.32307], [2.03106, 42.3234], [2.02798, 42.32355], [2.02749, 42.32339], [2.027, 42.32336], [2.02463, 42.32286], [2.02376, 42.32241], [2.02309, 42.32183], [2.02257, 42.32167], [2.0218, 42.32199], [2.02152, 42.32191], [2.02131, 42.32169], [2.0209, 42.32153], [2.01968, 42.32169], [2.0193, 42.32166], [2.01911, 42.32161], [2.01863, 42.32122], [2.01845, 42.32117], [2.0178, 42.3211], [2.0171, 42.32125], [2.01545, 42.32107], [2.01413, 42.32083], [2.01406, 42.32073], [2.01339, 42.32068], [2.01309, 42.32052], [2.01275, 42.3202], [2.01013, 42.31963], [2.00864, 42.31963], [2.0066, 42.32], [2.00537, 42.31972], [2.00456, 42.32024], [2.00437, 42.32061], [2.00452, 42.32115], [2.0049, 42.32198], [2.00493, 42.32277], [2.00514, 42.32346], [2.00398, 42.32456], [2.00367, 42.32552], [2.00317, 42.32635], [2.00124, 42.32774], [2.0007, 42.32843], [2.00062, 42.32859], [2.00039, 42.33014], [1.99991, 42.33129], [1.99978, 42.33141], [1.9993, 42.33157], [1.99863, 42.33228], [1.99833, 42.33245], [1.9971, 42.33247], [1.99678, 42.33232], [1.99676, 42.33214], [1.99702, 42.33185], [1.99713, 42.33159], [1.99713, 42.33094], [1.99724, 42.33042], [1.99687, 42.32946], [1.99638, 42.32873], [1.99612, 42.32862], [1.99505, 42.32876], [1.99328, 42.32865], [1.99163, 42.32881], [1.99049, 42.3291], [1.99003, 42.32934], [1.98902, 42.33007], [1.98825, 42.33009], [1.987, 42.33081], [1.98588, 42.33119], [1.98506, 42.33127], [1.98442, 42.33143], [1.98405, 42.33135], [1.98315, 42.33137], [1.98189, 42.33154], [1.98137, 42.33149], [1.98057, 42.33126], [1.98021, 42.33125], [1.97958, 42.33156], [1.979, 42.33207], [1.97844, 42.33224], [1.97792, 42.33215], [1.97717, 42.3316], [1.97585, 42.33096], [1.97437, 42.33088], [1.9736, 42.33076], [1.97148, 42.33011], [1.97079, 42.33002], [1.97004, 42.33004], [1.96808, 42.33036], [1.96716, 42.33039], [1.9653, 42.33097], [1.96472, 42.33105], [1.96427, 42.33101], [1.96274, 42.33062], [1.96211, 42.33026], [1.96007, 42.32817], [1.95937, 42.32725], [1.9588, 42.32669], [1.95862, 42.32627], [1.95844, 42.32608], [1.95789, 42.32594], [1.95679, 42.32582], [1.95648, 42.32569], [1.95598, 42.32531], [1.95543, 42.32527], [1.95518, 42.32537], [1.95485, 42.32564], [1.95356, 42.3271], [1.95329, 42.32761], [1.95307, 42.32785], [1.95254, 42.32809], [1.95152, 42.32873], [1.95005, 42.3289], [1.9497, 42.32901], [1.94943, 42.32922], [1.94891, 42.32998], [1.94858, 42.33031], [1.94736, 42.33092], [1.94619, 42.33131], [1.94572, 42.33169], [1.9456, 42.33198], [1.9456, 42.33231], [1.94614, 42.33315], [1.94619, 42.33346], [1.94599, 42.33384], [1.94522, 42.33458], [1.94515, 42.33479], [1.94519, 42.33503], [1.94537, 42.33565], [1.94553, 42.33592], [1.94694, 42.33681], [1.94711, 42.33698], [1.94721, 42.33729], [1.94712, 42.33778], [1.94686, 42.33849], [1.94594, 42.33964], [1.94548, 42.33981], [1.9442, 42.33989], [1.94379, 42.33984], [1.94258, 42.33848], [1.94237, 42.33842], [1.94243, 42.33825], [1.94174, 42.33758], [1.93922, 42.33608], [1.93816, 42.33566], [1.93793, 42.33566], [1.93746, 42.33587], [1.93662, 42.33663], [1.93514, 42.33739], [1.93473, 42.33796], [1.93463, 42.33865], [1.9347, 42.33881], [1.93491, 42.33896], [1.93608, 42.33915], [1.93673, 42.33938], [1.93905, 42.33923], [1.9391, 42.33931], [1.93905, 42.33941], [1.93928, 42.33966], [1.94003, 42.34099], [1.94003, 42.34232], [1.9404, 42.34283], [1.94103, 42.34324], [1.94165, 42.34344], [1.94305, 42.34356], [1.94711, 42.34433], [1.9478, 42.34434], [1.94864, 42.34419], [1.95024, 42.3436], [1.95209, 42.34341], [1.95254, 42.34319], [1.9531, 42.34276], [1.9533, 42.34229], [1.953, 42.34142], [1.953, 42.34095], [1.95313, 42.34064], [1.95373, 42.34001], [1.95383, 42.33978], [1.95378, 42.33958], [1.95331, 42.33909], [1.9533, 42.33882], [1.95358, 42.33862], [1.95453, 42.33834], [1.95523, 42.33785], [1.95524, 42.33758], [1.95466, 42.33683], [1.95468, 42.33659], [1.95483, 42.33643], [1.95549, 42.33628], [1.95644, 42.33639], [1.95673, 42.3365], [1.95693, 42.33668], [1.95761, 42.33754], [1.95781, 42.33804], [1.95799, 42.33941], [1.95765, 42.34137], [1.9573, 42.34278], [1.95739, 42.3431], [1.95777, 42.34352], [1.95778, 42.34375], [1.95764, 42.34396], [1.95496, 42.34595], [1.95457, 42.34641], [1.95137, 42.34761], [1.94988, 42.34771], [1.94814, 42.34802], [1.94731, 42.34783], [1.94582, 42.3479], [1.94482, 42.34743], [1.9443, 42.34737], [1.94396, 42.34745], [1.9432, 42.34782], [1.94182, 42.3481], [1.94031, 42.3493], [1.93977, 42.34956], [1.93759, 42.34958], [1.93597, 42.35015], [1.93284, 42.35022], [1.93203, 42.35046], [1.93116, 42.35128], [1.92921, 42.35288], [1.92893, 42.35326], [1.92848, 42.35426], [1.92823, 42.35458], [1.92726, 42.35533], [1.92579, 42.35681], [1.9251, 42.35733], [1.92428, 42.35777], [1.9218, 42.35872], [1.91913, 42.36058], [1.91691, 42.36132], [1.91376, 42.36288], [1.91099, 42.36408], [1.90862, 42.36579], [1.90628, 42.36782], [1.90534, 42.36837], [1.90341, 42.36911], [1.90286, 42.3694], [1.9023, 42.36984], [1.9013, 42.37093], [1.89984, 42.37174], [1.8992445, 42.3721563], [1.89676, 42.37424], [1.89611, 42.37497], [1.89544, 42.37708], [1.89513, 42.37764], [1.89406, 42.37913], [1.89353, 42.3806], [1.89256, 42.38191], [1.89228, 42.38244], [1.89214, 42.38296], [1.89212, 42.38389], [1.89225, 42.38531], [1.89237, 42.38593], [1.89281, 42.38729], [1.89323, 42.38817], [1.89618, 42.39325], [1.89669, 42.39395], [1.89727, 42.39444], [1.8979, 42.39479], [1.89901, 42.39521], [1.90172, 42.39598], [1.90247, 42.39607], [1.90572, 42.39616], [1.90956, 42.39663], [1.91102, 42.39689], [1.91207, 42.39727], [1.91287, 42.39775], [1.91367, 42.39837], [1.91465, 42.39939], [1.91514, 42.40003], [1.91563, 42.40118], [1.91563, 42.40158], [1.91517, 42.40327], [1.91519, 42.40397], [1.91624, 42.40618], [1.92324, 42.42488], [1.92364, 42.42527], [1.92428, 42.4256], [1.92629, 42.4259], [1.92752, 42.42674], [1.92816, 42.42689], [1.92869, 42.42734], [1.9323, 42.42909], [1.9336, 42.43002], [1.93598, 42.43264], [1.93717, 42.43335], [1.93885, 42.43491], [1.94146, 42.43885], [1.9416, 42.43917], [1.94168, 42.43969], [1.9419, 42.44377], [1.94199, 42.4441], [1.94218, 42.4444], [1.94266, 42.44478], [1.94306, 42.44498], [1.946, 42.44591], [1.9462, 42.44581], [1.94639, 42.44589], [1.94639, 42.44606], [1.9462, 42.44613], [1.94605, 42.44609], [1.9447, 42.44706], [1.94472, 42.44725], [1.94451, 42.44731], [1.94431, 42.44866], [1.94435, 42.44986], [1.94425, 42.45138], [1.94308, 42.45455], [1.94147, 42.45673], [1.93979, 42.45987], [1.93763, 42.46137], [1.9373, 42.46147], [1.93691, 42.46189], [1.93696, 42.46219], [1.93762, 42.46256], [1.93937, 42.46317], [1.93921, 42.4646], [1.94102, 42.46658], [1.94233, 42.46718], [1.94312, 42.46771], [1.94364, 42.46812], [1.94416, 42.46873], [1.94445, 42.46895], [1.9466, 42.46948], [1.94724, 42.46987], [1.94765, 42.47039], [1.94815, 42.47079], [1.95019, 42.47174], [1.9506, 42.47256], [1.95119, 42.47319], [1.95128, 42.47347], [1.95114, 42.47404], [1.95116, 42.47464], [1.95149, 42.47565], [1.95104, 42.47676], [1.95105, 42.47702], [1.95116, 42.47717], [1.95283, 42.47821], [1.95464, 42.47837], [1.95591, 42.47909], [1.95676, 42.47932], [1.95754, 42.47978], [1.95814, 42.48035], [1.95893, 42.48164], [1.95985, 42.48245], [1.95996, 42.48296], [1.96012, 42.48317], [1.96418, 42.48629], [1.96449, 42.4864], [1.96497, 42.48629], [1.96549, 42.4857], [1.9661, 42.48523], [1.96625, 42.48494], [1.96617, 42.4844], [1.96657, 42.48259], [1.96645, 42.48173], [1.96633, 42.48138], [1.96601, 42.48088], [1.96581, 42.48067], [1.96517, 42.48036], [1.9651, 42.48024], [1.96515, 42.48011], [1.96543, 42.48002], [1.96681, 42.48011], [1.96926, 42.48137], [1.96989, 42.48225], [1.97073, 42.48306], [1.97101, 42.48364], [1.97095, 42.48398], [1.97074, 42.48445], [1.97024, 42.48541], [1.96971, 42.48619], [1.96958, 42.48694], [1.96972, 42.48728], [1.97008, 42.48751], [1.97193, 42.48789], [1.97409, 42.4887], [1.97481, 42.48873], [1.97589, 42.48856], [1.97623, 42.48867], [1.9762, 42.48883], [1.97608, 42.48891], [1.97534, 42.48897], [1.97504, 42.48913], [1.97447, 42.48987], [1.97337, 42.4905], [1.97313, 42.49097], [1.97343, 42.4916], [1.97324, 42.49228], [1.97347, 42.49259], [1.97394, 42.49272], [1.97543, 42.49273], [1.97637, 42.49287], [1.97704, 42.49315], [1.97731, 42.49347], [1.97738, 42.49382], [1.97731, 42.49404], [1.97665, 42.49473], [1.97569, 42.49544], [1.9756, 42.49564], [1.97571, 42.49577], [1.97597, 42.49578], [1.97651, 42.49536], [1.97712, 42.4952], [1.97894, 42.49521], [1.9796, 42.49554], [1.9799, 42.49561], [1.98017, 42.49558], [1.98086, 42.49525], [1.98115, 42.49519], [1.98213, 42.49536], [1.98359, 42.49519], [1.98404, 42.49521], [1.98493, 42.49546], [1.98579, 42.4961], [1.98657, 42.49653], [1.98755, 42.49661], [1.98826, 42.49679], [1.9896, 42.49698], [1.99105, 42.49763], [1.99124, 42.49761], [1.99131, 42.49776], [1.99472, 42.49879], [1.99571, 42.49901], [1.9969, 42.49916], [1.99807, 42.49917], [1.99905, 42.49878], [1.99991, 42.49822], [2.0005, 42.49803], [2.00099, 42.49799], [2.00147, 42.49815], [2.00273, 42.49832], [2.00386, 42.49858], [2.00422, 42.49878], [2.00498, 42.49947], [2.00569, 42.49978], [2.00838, 42.50029], [2.01012, 42.50031], [2.01105, 42.50077], [2.01136, 42.50084], [2.0116, 42.50078], [2.01174, 42.50063], [2.0116406, 42.5000948], [2.01186, 42.4996], [2.01248, 42.49902], [2.01284, 42.49849], [2.01363, 42.49797], [2.01359, 42.49787], [2.01366, 42.49773], [2.01395, 42.49768], [2.0141, 42.49782], [2.01406, 42.49799], [2.01432, 42.49809], [2.01578, 42.49819], [2.01729, 42.49842], [2.01753, 42.49859], [2.01771, 42.49906], [2.01798, 42.49932], [2.01875, 42.4996], [2.01978, 42.49981], [2.02092, 42.50035], [2.02155, 42.50048], [2.02312, 42.5005], [2.02401, 42.50063], [2.02522, 42.50091], [2.02611, 42.50127], [2.02644, 42.50155], [2.02678, 42.50206], [2.02706, 42.50294], [2.02715, 42.5038], [2.02727, 42.50407], [2.02809, 42.50483], [2.02902, 42.5054], [2.02922, 42.5057], [2.02936, 42.50626], [2.02947, 42.50642], [2.03001, 42.50659], [2.0305, 42.50662], [2.0309, 42.5065], [2.03128, 42.50619], [2.03157, 42.50568], [2.03186, 42.50552], [2.03286, 42.50549], [2.03371, 42.50536], [2.03461, 42.50557], [2.03526, 42.50553], [2.03633, 42.50521], [2.03679, 42.50467], [2.03768, 42.50438], [2.03875, 42.50422], [2.03916, 42.50418], [2.03952, 42.50446], [2.04058, 42.505], [2.04363, 42.50527], [2.04467, 42.50513], [2.04486, 42.50525], [2.04607, 42.50684], [2.04612, 42.50726], [2.04577, 42.50806], [2.0458, 42.50845], [2.04595, 42.50871], [2.04657, 42.50924], [2.04696, 42.51015], [2.04688, 42.51039], [2.04636, 42.5109], [2.0461, 42.51172], [2.04616, 42.51193], [2.0464, 42.51212], [2.04672, 42.51217], [2.04924, 42.51149], [2.05002, 42.51159], [2.05065, 42.51185], [2.0508, 42.51253], [2.05029, 42.51357], [2.05028, 42.51401], [2.0507, 42.51499], [2.05105, 42.51523], [2.05149, 42.51534], [2.05214, 42.51534], [2.05313, 42.51518], [2.0553, 42.5153], [2.05745, 42.51488], [2.05939, 42.51467], [2.06005, 42.51447], [2.06059, 42.51454], [2.06136, 42.51446], [2.06346, 42.5139], [2.06391, 42.51385], [2.06448, 42.51392], [2.06494, 42.51413], [2.06604, 42.51526], [2.06644, 42.51549], [2.06697, 42.51561], [2.07028, 42.51543], [2.07216, 42.51484], [2.07277, 42.51477], [2.07323, 42.51482], [2.07447, 42.51517], [2.07598, 42.51526], [2.07644, 42.51512], [2.07776, 42.51432], [2.08034, 42.51307], [2.08504, 42.51122], [2.0857, 42.51116], [2.08829, 42.5113], [2.08982, 42.5111], [2.09131, 42.51114], [2.09267, 42.51098], [2.09442, 42.51092], [2.096, 42.51104], [2.09759, 42.51145], [2.09905, 42.512], [2.10058, 42.51215], [2.10205, 42.51282], [2.1051, 42.51341], [2.10723, 42.51429], [2.10771, 42.51438], [2.10819, 42.51427], [2.10994, 42.51318], [2.11007, 42.51294], [2.11018, 42.51238], [2.11046, 42.51215], [2.11329, 42.5116], [2.11426, 42.51113], [2.11445, 42.51126], [2.1146, 42.51143], [2.1147, 42.51179], [2.11465, 42.51195], [2.11449, 42.51209], [2.11287, 42.51238], [2.11128, 42.51337], [2.1106, 42.51369], [2.11048, 42.51394], [2.11068, 42.51477], [2.11086, 42.51492], [2.11114, 42.51499], [2.11206, 42.51484], [2.11239, 42.51488], [2.11389, 42.51555], [2.11438, 42.51587], [2.11471, 42.51623], [2.11778, 42.52057], [2.12134, 42.52303], [2.12259, 42.52464], [2.12278, 42.525], [2.12279, 42.52555], [2.12305, 42.52652], [2.12266, 42.52768], [2.12275, 42.52788], [2.12328, 42.52848], [2.12354, 42.52897], [2.12386, 42.52908], [2.12473, 42.52872], [2.12529, 42.52877], [2.12611, 42.5293], [2.12708, 42.52971], [2.12724, 42.52987], [2.12733, 42.53015], [2.12723, 42.53045], [2.1269, 42.5309], [2.12683, 42.53146], [2.12661, 42.53166], [2.1261, 42.53186], [2.12586, 42.53205], [2.12484, 42.53388], [2.12378, 42.53514], [2.11949, 42.54105], [2.11338, 42.5492], [2.11343, 42.54931], [2.11329, 42.54936], [2.11302, 42.54985], [2.11156, 42.55302], [2.11034, 42.55393], [2.10988, 42.55417], [2.10729, 42.55454], [2.10636, 42.55494], [2.10592, 42.55538], [2.10549, 42.55622], [2.10549, 42.55749], [2.10564, 42.55776], [2.10606, 42.55816], [2.10655, 42.55893], [2.10713, 42.55951], [2.10744, 42.56006], [2.10778, 42.56029], [2.10871, 42.56059], [2.10897, 42.5608], [2.10931, 42.56125], [2.10942, 42.56154], [2.10926, 42.56237], [2.10935, 42.56275], [2.11077, 42.56619], [2.11196, 42.56851], [2.11242, 42.57094], [2.11288, 42.57217], [2.11304, 42.57351], [2.11295, 42.57455], [2.11301, 42.57496], [2.11322, 42.57532], [2.11445, 42.57672], [2.11504, 42.57795], [2.11503, 42.57824], [2.11471, 42.57916], [2.11494, 42.58004], [2.11488, 42.58037], [2.11467, 42.58063], [2.11359, 42.58153], [2.11345, 42.58192], [2.11346, 42.5822], [2.11354, 42.5824], [2.11383, 42.58272], [2.11586, 42.58451], [2.11603, 42.58497], [2.11596, 42.58527], [2.1158, 42.58551], [2.11551, 42.58574], [2.11376, 42.58657], [2.11341, 42.5865], [2.11265, 42.58678], [2.10712, 42.58711], [2.09608, 42.58529], [2.09347, 42.58504], [2.09129, 42.58491], [2.08884, 42.58509], [2.08742, 42.58502], [2.08694, 42.58521], [2.08654, 42.58566], [2.08573, 42.58548], [2.08461, 42.58468], [2.08186, 42.58328], [2.08034, 42.58211], [2.0791, 42.58143], [2.07821, 42.58104], [2.07778, 42.58046], [2.07763, 42.57949], [2.07744, 42.57915], [2.07655, 42.57837], [2.076, 42.57802], [2.07552, 42.57784], [2.07494, 42.57783], [2.07422, 42.57755], [2.07404, 42.57739], [2.07358, 42.57765], [2.07335, 42.57768], [2.0719, 42.57737], [2.06946, 42.57586], [2.06925, 42.57547], [2.06946, 42.57508], [2.06942, 42.575], [2.06978, 42.57488], [2.07015, 42.57458], [2.07066, 42.57318], [2.07373, 42.57063], [2.07399, 42.57015], [2.07403, 42.56974], [2.07385, 42.56941], [2.0732, 42.56883], [2.07273, 42.56758], [2.07266, 42.56777], [2.07269, 42.56891], [2.07251, 42.56891], [2.07209, 42.56819], [2.07188, 42.56815], [2.07179, 42.56821], [2.07179, 42.56833], [2.07203, 42.56896], [2.07193, 42.56911], [2.07174, 42.56908], [2.07137, 42.56873], [2.07054, 42.56868], [2.07036, 42.5688], [2.0699, 42.56951], [2.06967, 42.56947], [2.06984, 42.5686], [2.07018, 42.56794], [2.07031, 42.56683], [2.07014, 42.56588], [2.06971, 42.56529], [2.06962, 42.56505], [2.0695, 42.5643], [2.06962, 42.56331], [2.06956, 42.56316], [2.06928, 42.56293], [2.0687, 42.56275], [2.06832, 42.56278], [2.0659888, 42.5636864]]}, "properties": {"stage": 3, "source": "aso-arcgis", "length_km": 195.9, "official_km": 195.9, "licence": "All rights reserved (Amaury Sport Organisation)"}}, {"type": "Feature", "geometry": {"type": "LineString", "coordinates": [[2.4330737, 43.2016315], [2.43867, 43.19972], [2.44096, 43.19866], [2.44514, 43.19556], [2.44606, 43.19471], [2.4477, 43.19269], [2.45075, 43.18764], [2.45229, 43.18666], [2.45262, 43.18627], [2.45352, 43.18442], [2.45444, 43.1788], [2.45441, 43.17829], [2.45359, 43.17717], [2.45357, 43.17663], [2.4545, 43.17512], [2.4548, 43.17487], [2.45583, 43.17429], [2.45609, 43.17389], [2.45608, 43.17315], [2.45636, 43.1724], [2.45639, 43.17204], [2.45582, 43.17022], [2.45576, 43.16973], [2.45585, 43.16943], [2.45623, 43.16901], [2.45667, 43.1687], [2.45786, 43.16813], [2.46011, 43.16773], [2.46059, 43.1678], [2.46072, 43.16767], [2.45845, 43.1664], [2.45632, 43.16461], [2.45577, 43.16398], [2.45428, 43.16169], [2.45418, 43.16137], [2.45423, 43.16109], [2.45482, 43.16046], [2.45585, 43.15972], [2.45865, 43.15866], [2.45918, 43.15837], [2.45948, 43.15808], [2.45961, 43.15783], [2.46006, 43.15648], [2.46043, 43.156], [2.4613, 43.15523], [2.46343, 43.15397], [2.46502, 43.15336], [2.46653, 43.1532], [2.47076, 43.15317], [2.47143, 43.15304], [2.47248, 43.15262], [2.47465, 43.15118], [2.47553, 43.1509], [2.47798, 43.15056], [2.48003, 43.15068], [2.48097, 43.1506], [2.48204, 43.15038], [2.4861, 43.1502], [2.49024, 43.14988], [2.49227, 43.14934], [2.49448, 43.14905], [2.49546, 43.14906], [2.49806, 43.14943], [2.49916, 43.14938], [2.51397, 43.14593], [2.51532, 43.14534], [2.51744, 43.14421], [2.52204, 43.13747], [2.52257, 43.13694], [2.5273, 43.13289], [2.52801, 43.13197], [2.52846, 43.1317], [2.53146, 43.13055], [2.53218, 43.12993], [2.53233, 43.1297], [2.53232, 43.12945], [2.53088, 43.12721], [2.53081, 43.12697], [2.53092, 43.12679], [2.53401, 43.12543], [2.5372, 43.12513], [2.53749, 43.12499], [2.53754, 43.12481], [2.53745, 43.12452], [2.53435, 43.1181], [2.53389, 43.11732], [2.53314, 43.11679], [2.53154, 43.11618], [2.53072, 43.1157], [2.52911, 43.11429], [2.52884, 43.1134], [2.52862, 43.11307], [2.5276, 43.11245], [2.52724, 43.11213], [2.52709, 43.11173], [2.52622, 43.10789], [2.52639, 43.10745], [2.52857, 43.1046], [2.53715, 43.09446], [2.5379, 43.09381], [2.53868, 43.09346], [2.53935, 43.09331], [2.54465, 43.09257], [2.54569, 43.09248], [2.54946, 43.09249], [2.55036, 43.09238], [2.55437, 43.0911], [2.55572, 43.0905], [2.55805, 43.08994], [2.55843, 43.08999], [2.55862, 43.09017], [2.55857, 43.09094], [2.55872, 43.09117], [2.56118, 43.09139], [2.56352, 43.09107], [2.56576, 43.09058], [2.56816, 43.0899], [2.57151, 43.0893], [2.57203, 43.08941], [2.57242, 43.08987], [2.57237, 43.0902], [2.57177, 43.09108], [2.57171, 43.09145], [2.57195, 43.09355], [2.57215, 43.09382], [2.57257, 43.09394], [2.57292, 43.09388], [2.57392, 43.09338], [2.57457, 43.09316], [2.5771, 43.09253], [2.57765, 43.09189], [2.5779, 43.09062], [2.57797, 43.09047], [2.57815, 43.09035], [2.57893, 43.0904], [2.58033, 43.09004], [2.58161, 43.09009], [2.5824, 43.08992], [2.58358, 43.08984], [2.58423, 43.08971], [2.58464, 43.08977], [2.58501, 43.08993], [2.58511, 43.09008], [2.58507, 43.09028], [2.58343, 43.09107], [2.583, 43.0915], [2.58284, 43.0919], [2.58292, 43.09223], [2.58326, 43.09269], [2.5841, 43.09324], [2.58454, 43.09326], [2.58634, 43.09289], [2.58791, 43.09267], [2.58986, 43.09219], [2.5932, 43.0921], [2.59446, 43.09176], [2.59488, 43.09179], [2.59524, 43.09194], [2.5954, 43.09217], [2.59562, 43.09283], [2.59593, 43.09301], [2.59648, 43.09309], [2.59679, 43.093], [2.5972, 43.09274], [2.59903, 43.09127], [2.59974, 43.09099], [2.60017, 43.09096], [2.60072, 43.09113], [2.60097, 43.09138], [2.60121, 43.09224], [2.60121, 43.0925], [2.6011, 43.09271], [2.60087, 43.09288], [2.59945, 43.09335], [2.59914, 43.09352], [2.59905, 43.09379], [2.5996, 43.09442], [2.60002, 43.0946], [2.60365, 43.09473], [2.60575, 43.09545], [2.6062, 43.09529], [2.60862, 43.09296], [2.61075, 43.09134], [2.61112, 43.09128], [2.6131, 43.0914], [2.61789, 43.09302], [2.61847, 43.09313], [2.61981, 43.09271], [2.62014, 43.0925], [2.62074, 43.09193], [2.62089, 43.09165], [2.62092, 43.09138], [2.62044, 43.08975], [2.61918, 43.08818], [2.6187, 43.08681], [2.61775, 43.08531], [2.61731, 43.08484], [2.6159, 43.08375], [2.61504, 43.08255], [2.61415, 43.08155], [2.6138, 43.08134], [2.61315, 43.08112], [2.6129, 43.08092], [2.61239, 43.07986], [2.61215, 43.0797], [2.6113, 43.07948], [2.6099, 43.07881], [2.60698, 43.07829], [2.60471, 43.07718], [2.60424, 43.07678], [2.60418, 43.07649], [2.60441, 43.07605], [2.60572, 43.07456], [2.60657, 43.07375], [2.60696, 43.07359], [2.6094, 43.07333], [2.61014, 43.07287], [2.61042, 43.07243], [2.61065, 43.07136], [2.61052, 43.07108], [2.60903, 43.06949], [2.60825, 43.06903], [2.60802, 43.06879], [2.60802, 43.06848], [2.60833, 43.06796], [2.60831, 43.06742], [2.6085, 43.06688], [2.60842, 43.06656], [2.60815, 43.06624], [2.6093, 43.06586], [2.60942, 43.0657], [2.60958, 43.06517], [2.61005, 43.06482], [2.61066, 43.06454], [2.61167, 43.06431], [2.61513, 43.06232], [2.61697, 43.0617], [2.61755, 43.06118], [2.61869, 43.06132], [2.6212, 43.06099], [2.62165, 43.06073], [2.62229, 43.05993], [2.62262, 43.05965], [2.62298, 43.05954], [2.62382, 43.05951], [2.62427, 43.05932], [2.62488, 43.05878], [2.62511, 43.05824], [2.62523, 43.05813], [2.62553, 43.05808], [2.62665, 43.05824], [2.62731, 43.05825], [2.62944, 43.05771], [2.63025, 43.05726], [2.63058, 43.05699], [2.63062, 43.05671], [2.63039, 43.05635], [2.63042, 43.05619], [2.63133, 43.05579], [2.63269, 43.05434], [2.63541, 43.05328], [2.6355, 43.05315], [2.6355, 43.05297], [2.63527, 43.05252], [2.63525, 43.05233], [2.63564, 43.05183], [2.6357, 43.05156], [2.63562, 43.05138], [2.63503, 43.05073], [2.63489, 43.05033], [2.63502, 43.04981], [2.6356, 43.04861], [2.63697, 43.04687], [2.63823, 43.04619], [2.6385, 43.04592], [2.63908, 43.04356], [2.6393, 43.04317], [2.64034, 43.04261], [2.64098, 43.04156], [2.64125, 43.04126], [2.64259, 43.04078], [2.64298, 43.04048], [2.64361, 43.03948], [2.64348, 43.03865], [2.64383, 43.03844], [2.64346, 43.03802], [2.64287, 43.03762], [2.64242, 43.03669], [2.64175, 43.03609], [2.64097, 43.03452], [2.64066, 43.03356], [2.64016, 43.03296], [2.63984, 43.03218], [2.63874, 43.03142], [2.63731, 43.02999], [2.63663, 43.02913], [2.63515, 43.02865], [2.6343, 43.0282], [2.63321, 43.02808], [2.63247, 43.02779], [2.63223, 43.0275], [2.63205, 43.02678], [2.63153, 43.02608], [2.6316, 43.02554], [2.63203, 43.02514], [2.63477, 43.02413], [2.63548, 43.02351], [2.63659, 43.02351], [2.63692, 43.0234], [2.63724, 43.02311], [2.63882, 43.02106], [2.63895, 43.02077], [2.63909, 43.01988], [2.63906, 43.01953], [2.63867, 43.01888], [2.63836, 43.01861], [2.63807, 43.01851], [2.63773, 43.01851], [2.63679, 43.01896], [2.63625, 43.01908], [2.63591, 43.019], [2.63496, 43.01839], [2.6348, 43.01816], [2.63481, 43.01794], [2.63497, 43.01768], [2.63549, 43.01716], [2.63553, 43.01662], [2.63531, 43.01634], [2.63496, 43.01616], [2.63412, 43.01605], [2.63376, 43.01585], [2.63335, 43.01485], [2.63288, 43.01421], [2.63292, 43.01384], [2.63329, 43.0135], [2.63454, 43.01312], [2.63485, 43.01291], [2.63504, 43.01262], [2.63578, 43.01068], [2.6367, 43.00957], [2.63674, 43.00908], [2.63657, 43.0088], [2.63637, 43.00864], [2.63478, 43.00773], [2.63263, 43.00706], [2.63126, 43.00687], [2.63039, 43.00665], [2.62952, 43.00657], [2.62891, 43.00638], [2.62807, 43.00561], [2.62651, 43.00496], [2.62547, 43.00421], [2.62535, 43.00393], [2.62536, 43.00373], [2.62585, 43.00247], [2.62584, 43.00233], [2.62549, 43.00148], [2.62469, 43.00124], [2.62447, 43.00085], [2.62461, 42.99991], [2.62508, 42.99858], [2.62506, 42.99822], [2.62487, 42.99788], [2.62328, 42.99617], [2.62288, 42.99592], [2.62207, 42.99561], [2.62191, 42.99545], [2.62199, 42.99465], [2.62194, 42.99417], [2.62149, 42.99254], [2.62113, 42.99193], [2.6205, 42.99162], [2.61895, 42.99132], [2.61691, 42.9911], [2.61537, 42.99053], [2.61524, 42.99037], [2.61523, 42.99014], [2.61555, 42.98953], [2.61547, 42.98928], [2.61429, 42.98816], [2.61378, 42.98778], [2.61039, 42.98619], [2.6096, 42.98573], [2.60925, 42.98518], [2.60922, 42.98429], [2.6091, 42.984], [2.60832, 42.98351], [2.60805, 42.98281], [2.60762, 42.98247], [2.60669, 42.9823], [2.60601, 42.98229], [2.6046, 42.98288], [2.6034, 42.98284], [2.60155, 42.98344], [2.60113, 42.98346], [2.59914, 42.98268], [2.59848, 42.98262], [2.59724, 42.98272], [2.5966, 42.98263], [2.59605, 42.98242], [2.5943, 42.98149], [2.59378, 42.98131], [2.59316, 42.98126], [2.59087, 42.98139], [2.59033, 42.98135], [2.58996, 42.98116], [2.58959, 42.98048], [2.58934, 42.98029], [2.58893, 42.98019], [2.58825, 42.98016], [2.58743, 42.9798], [2.58665, 42.97921], [2.58476, 42.97742], [2.58209, 42.9758], [2.58155, 42.97529], [2.58145, 42.97487], [2.58143, 42.97427], [2.58135, 42.9741], [2.58079, 42.97365], [2.58056, 42.97319], [2.58112, 42.9713], [2.58087, 42.97059], [2.58115, 42.96983], [2.58084, 42.96934], [2.58081, 42.96902], [2.58133, 42.96856], [2.58152, 42.96824], [2.5814, 42.96786], [2.58065, 42.96666], [2.57955, 42.96601], [2.5794, 42.96581], [2.57918, 42.96517], [2.57886, 42.96488], [2.5779, 42.96465], [2.57688, 42.96401], [2.57537, 42.96362], [2.57383, 42.96299], [2.57076, 42.96199], [2.57058, 42.96172], [2.57066, 42.96131], [2.57148, 42.96042], [2.57147, 42.96019], [2.57128, 42.95988], [2.56975, 42.95884], [2.56921, 42.95834], [2.56863, 42.95808], [2.56735, 42.95772], [2.56673, 42.95661], [2.56645, 42.95634], [2.5658, 42.9562], [2.56465, 42.95568], [2.56433, 42.95565], [2.56399, 42.95578], [2.56371, 42.95595], [2.56345, 42.95626], [2.56278, 42.95807], [2.56252, 42.95995], [2.56217, 42.9605], [2.56177, 42.96088], [2.56127, 42.96101], [2.55901, 42.96102], [2.55782, 42.96159], [2.55577, 42.96228], [2.55532, 42.96235], [2.5542, 42.96223], [2.55295, 42.96241], [2.55233, 42.96235], [2.55109, 42.96204], [2.55016, 42.96171], [2.54944, 42.96164], [2.54821, 42.96138], [2.54685, 42.96077], [2.54548, 42.96047], [2.54123, 42.96048], [2.52892, 42.96001], [2.52848, 42.95989], [2.52735, 42.95927], [2.52713, 42.95903], [2.527, 42.95865], [2.52683, 42.95842], [2.52661, 42.95832], [2.52594, 42.95827], [2.52549, 42.95787], [2.52435, 42.95731], [2.52249, 42.95713], [2.52157, 42.95674], [2.52017, 42.95649], [2.51919, 42.9565], [2.51827, 42.95617], [2.51737, 42.95639], [2.51644, 42.95641], [2.51617, 42.95631], [2.51582, 42.95595], [2.51553, 42.95581], [2.51252, 42.95634], [2.5113, 42.95616], [2.51105, 42.95633], [2.51106, 42.9565], [2.5113, 42.95687], [2.5112206, 42.9570294], [2.51104, 42.95713], [2.51073, 42.9571], [2.50956, 42.95643], [2.50928, 42.95634], [2.50903, 42.95637], [2.50844, 42.95665], [2.50723, 42.95681], [2.50624, 42.95719], [2.50555, 42.95736], [2.50491, 42.95773], [2.5043, 42.95784], [2.50368, 42.95776], [2.50313, 42.95799], [2.5029, 42.95832], [2.50285, 42.95892], [2.50261, 42.95966], [2.50236, 42.95991], [2.502, 42.95996], [2.50149, 42.95964], [2.5013, 42.95962], [2.50065, 42.96002], [2.49974, 42.95989], [2.49883, 42.96001], [2.49866, 42.95992], [2.49848, 42.95955], [2.49829, 42.95941], [2.49727, 42.95913], [2.49619, 42.9586], [2.49582, 42.95811], [2.49534, 42.9578], [2.4953, 42.95765], [2.49575, 42.95665], [2.49544, 42.95562], [2.49522, 42.95542], [2.49459, 42.95531], [2.4941, 42.9559], [2.49387, 42.95595], [2.49307, 42.95567], [2.49231, 42.9552], [2.4919, 42.95505], [2.4897, 42.95487], [2.4887, 42.95495], [2.48734, 42.95528], [2.48587, 42.9553], [2.48428, 42.95543], [2.48389, 42.95524], [2.48299, 42.95394], [2.48257, 42.9537], [2.48127, 42.95332], [2.48062, 42.95296], [2.48033, 42.95257], [2.4804, 42.95205], [2.48033, 42.95163], [2.48148, 42.95083], [2.48153, 42.95066], [2.48128, 42.95016], [2.48151, 42.94967], [2.4815, 42.94948], [2.48097, 42.94889], [2.48086, 42.94832], [2.48077, 42.94822], [2.48049, 42.94814], [2.47989, 42.94848], [2.4795, 42.94843], [2.47945, 42.9482], [2.47988, 42.94769], [2.47966, 42.9469], [2.47797, 42.94518], [2.47758, 42.94489], [2.47717, 42.94471], [2.47528, 42.94453], [2.47312, 42.94463], [2.4721, 42.94439], [2.47117, 42.94443], [2.47048, 42.94426], [2.46938, 42.94426], [2.46724, 42.94383], [2.46549, 42.94429], [2.46478, 42.94429], [2.46382, 42.94403], [2.46284, 42.94352], [2.46252, 42.94353], [2.46194, 42.94376], [2.46156, 42.94376], [2.46089, 42.94322], [2.45985, 42.94304], [2.45925, 42.94312], [2.45787, 42.94368], [2.45452, 42.94446], [2.45395, 42.94436], [2.4526, 42.94387], [2.45202, 42.9436], [2.45152, 42.94325], [2.45125, 42.94317], [2.44983, 42.94341], [2.44903, 42.94341], [2.44813, 42.94319], [2.44719, 42.9434], [2.44629, 42.94305], [2.44467, 42.94346], [2.44368, 42.94312], [2.44323, 42.94305], [2.43868, 42.94277], [2.4382, 42.94286], [2.43681, 42.94338], [2.43506, 42.94366], [2.43349, 42.94379], [2.43307, 42.94394], [2.43234, 42.94441], [2.43104, 42.94471], [2.43013, 42.94518], [2.42964, 42.9462], [2.4289, 42.94693], [2.42866, 42.94705], [2.42826, 42.94707], [2.42788, 42.94689], [2.42757, 42.94638], [2.42724, 42.94556], [2.427, 42.94531], [2.42648, 42.94513], [2.42595, 42.94525], [2.42567, 42.94545], [2.42538, 42.9458], [2.42484, 42.94666], [2.42486, 42.9471], [2.42514, 42.94754], [2.42526, 42.94791], [2.42514, 42.94862], [2.42489, 42.9488], [2.42432, 42.94873], [2.42268, 42.94806], [2.42228, 42.94801], [2.42121, 42.94816], [2.41957, 42.94764], [2.41924, 42.94764], [2.41899, 42.94773], [2.41838, 42.94835], [2.41802, 42.94854], [2.41729, 42.9486], [2.41675, 42.94853], [2.4156, 42.94806], [2.41443, 42.94803], [2.41174, 42.94738], [2.41099, 42.94756], [2.40998, 42.94747], [2.40867, 42.9476], [2.40842, 42.94779], [2.40826, 42.94828], [2.40814, 42.94842], [2.40752, 42.94852], [2.40686, 42.94888], [2.4059, 42.94878], [2.40548, 42.94885], [2.40522, 42.94907], [2.40501, 42.94961], [2.40469, 42.95004], [2.40449, 42.95013], [2.40359, 42.95025], [2.40307, 42.95067], [2.40224, 42.95105], [2.40183, 42.95133], [2.40105, 42.95134], [2.39952, 42.95177], [2.39861, 42.95184], [2.398, 42.9522], [2.39716, 42.9524], [2.39636, 42.9533], [2.39634, 42.95344], [2.39646, 42.9535], [2.39768, 42.95347], [2.39782, 42.95354], [2.39784, 42.95368], [2.39702, 42.95429], [2.3959, 42.95474], [2.39579, 42.95496], [2.39585, 42.95523], [2.39579, 42.95548], [2.39563, 42.95566], [2.39542, 42.95571], [2.39504, 42.95548], [2.39473, 42.95502], [2.39471, 42.95476], [2.39491, 42.95431], [2.39476, 42.95411], [2.39305, 42.95408], [2.39201, 42.95354], [2.39137, 42.95342], [2.38984, 42.95379], [2.38881, 42.95438], [2.38831, 42.95438], [2.38704, 42.95415], [2.38612, 42.95355], [2.38472, 42.95324], [2.38402, 42.95282], [2.38361, 42.95269], [2.38222, 42.95251], [2.38076, 42.95204], [2.37915, 42.95191], [2.37712, 42.95149], [2.37679, 42.95154], [2.3752, 42.95234], [2.37389, 42.95269], [2.37308, 42.95354], [2.37261, 42.95378], [2.36818, 42.95303], [2.36761, 42.95282], [2.3673, 42.95208], [2.36696, 42.95175], [2.36468, 42.95146], [2.36386, 42.95125], [2.35761, 42.94833], [2.3561, 42.94735], [2.35561, 42.94729], [2.35319, 42.94757], [2.35176, 42.94817], [2.35134, 42.94821], [2.35085, 42.94808], [2.35049, 42.94789], [2.35013, 42.94721], [2.34983, 42.94696], [2.34839, 42.94658], [2.34802, 42.94673], [2.34776, 42.94725], [2.34756, 42.94748], [2.34541, 42.94849], [2.34523, 42.94872], [2.34511, 42.94925], [2.34489, 42.94943], [2.34392, 42.94982], [2.3426, 42.94992], [2.34155, 42.95014], [2.34134, 42.95028], [2.34113, 42.95062], [2.34095, 42.95072], [2.33996, 42.95076], [2.33901, 42.95106], [2.33759, 42.95122], [2.33564, 42.95032], [2.3353, 42.95001], [2.33465, 42.94894], [2.33229, 42.94736], [2.33137, 42.94686], [2.32892, 42.94631], [2.3242, 42.94637], [2.32302, 42.9462], [2.32229, 42.946], [2.32161, 42.94575], [2.31821, 42.94412], [2.318, 42.94392], [2.31775, 42.94343], [2.31749, 42.94243], [2.31699, 42.94205], [2.31608, 42.94171], [2.31493, 42.94153], [2.31447, 42.9416], [2.31408, 42.94173], [2.31289, 42.94248], [2.31203, 42.94255], [2.3115, 42.94235], [2.31082, 42.94175], [2.31037, 42.94154], [2.30901, 42.94161], [2.308, 42.94147], [2.30514, 42.94142], [2.30466, 42.94128], [2.30266, 42.94039], [2.29817, 42.93915], [2.29708, 42.93897], [2.29599, 42.93867], [2.29553, 42.9387], [2.29438, 42.93906], [2.29343, 42.93919], [2.29214, 42.9397], [2.29104, 42.93983], [2.29042, 42.93985], [2.28949, 42.93946], [2.28861, 42.93937], [2.28687, 42.93944], [2.28458, 42.93984], [2.28309, 42.93957], [2.28112, 42.93883], [2.2805, 42.93874], [2.2795, 42.93875], [2.27665, 42.93811], [2.27483, 42.93875], [2.27405, 42.93914], [2.27298, 42.93991], [2.2721, 42.94019], [2.2714, 42.94024], [2.27003, 42.94005], [2.26806, 42.94017], [2.26677, 42.9405], [2.26518, 42.94139], [2.2643, 42.94161], [2.26382, 42.94162], [2.26277, 42.94131], [2.26025, 42.94133], [2.2555, 42.94298], [2.25274, 42.94088], [2.25185, 42.94046], [2.24528, 42.93927], [2.2446, 42.93925], [2.24216, 42.93947], [2.23709, 42.93856], [2.2365, 42.93819], [2.23551, 42.93679], [2.23525, 42.93673], [2.23523, 42.9366], [2.23535, 42.93651], [2.23461, 42.93455], [2.23424, 42.93407], [2.23357, 42.93358], [2.22561, 42.93], [2.22468, 42.92986], [2.22341, 42.92987], [2.22193, 42.92977], [2.22091, 42.92952], [2.22001, 42.92904], [2.21967, 42.92867], [2.2195, 42.92835], [2.21951, 42.92774], [2.21993, 42.92645], [2.21996, 42.92614], [2.21989, 42.92585], [2.21936, 42.92476], [2.21816, 42.92353], [2.21729, 42.92211], [2.21691, 42.92174], [2.21641, 42.92149], [2.21293, 42.92072], [2.21226, 42.92048], [2.21173, 42.92014], [2.20998, 42.91872], [2.20954, 42.91827], [2.20899, 42.91721], [2.20875, 42.91656], [2.20881, 42.91567], [2.2086, 42.91495], [2.20834, 42.91446], [2.20784, 42.9139], [2.20724, 42.91362], [2.20633, 42.91351], [2.20024, 42.91338], [2.19954, 42.91331], [2.19901, 42.91311], [2.19859, 42.91273], [2.19782, 42.91152], [2.19772, 42.91128], [2.19762, 42.91039], [2.19738, 42.90998], [2.19685, 42.90958], [2.19519, 42.90873], [2.19341, 42.90747], [2.19195, 42.90613], [2.18961, 42.90358], [2.18912, 42.90265], [2.18889, 42.90134], [2.18859, 42.90058], [2.18734, 42.89909], [2.18704, 42.89856], [2.18692, 42.89814], [2.187, 42.89766], [2.18725, 42.89728], [2.18791, 42.89684], [2.18935, 42.89639], [2.19084, 42.89544], [2.19227, 42.89503], [2.1939, 42.89429], [2.19416, 42.89409], [2.19412, 42.89393], [2.19434, 42.89388], [2.19445, 42.89371], [2.19531, 42.89196], [2.19545, 42.89144], [2.19531, 42.89098], [2.19504, 42.89055], [2.19047, 42.88414], [2.19038, 42.88377], [2.19049, 42.88209], [2.19044, 42.88167], [2.1884, 42.8783], [2.18803, 42.87795], [2.18728, 42.87782], [2.1839, 42.87755], [2.18357, 42.8781], [2.18326, 42.87822], [2.18236, 42.87814], [2.18114, 42.87789], [2.18035, 42.87793], [2.17937, 42.87827], [2.1785, 42.87898], [2.17775, 42.87911], [2.17734, 42.87927], [2.17632, 42.87987], [2.17563, 42.88041], [2.17499, 42.88064], [2.17476, 42.88055], [2.17461, 42.88027], [2.17465, 42.87942], [2.17449, 42.87896], [2.1742, 42.87858], [2.17382, 42.87845], [2.17316, 42.87858], [2.17143, 42.87969], [2.17045, 42.87998], [2.17005, 42.87989], [2.16968, 42.87939], [2.16943, 42.8793], [2.16855, 42.87961], [2.16769, 42.87969], [2.16721, 42.88015], [2.16696, 42.88021], [2.16388, 42.87985], [2.16341, 42.87967], [2.16339, 42.87946], [2.16431, 42.87866], [2.1646, 42.87788], [2.16514, 42.8774], [2.16519, 42.87718], [2.16495, 42.87694], [2.16486, 42.87647], [2.16466, 42.87626], [2.16367, 42.87606], [2.16333, 42.87588], [2.16321, 42.8757], [2.16334, 42.87524], [2.16328, 42.87508], [2.16228, 42.87442], [2.16206, 42.87385], [2.16177, 42.87374], [2.16074, 42.87377], [2.15825, 42.87343], [2.15806, 42.8733], [2.15783, 42.87297], [2.15759, 42.87287], [2.15605, 42.87264], [2.15525, 42.87236], [2.15435, 42.87219], [2.1541, 42.87199], [2.154, 42.8718], [2.15413, 42.87141], [2.15383, 42.87131], [2.15366, 42.87143], [2.1536, 42.8717], [2.15371, 42.87198], [2.15399, 42.87229], [2.15633, 42.87354], [2.1564, 42.87376], [2.15631, 42.8741], [2.15637, 42.87435], [2.15666, 42.87458], [2.15711, 42.87478], [2.15724, 42.87496], [2.15733, 42.87533], [2.15766, 42.87573], [2.15769, 42.8759], [2.15754, 42.87626], [2.15757, 42.87644], [2.15782, 42.87668], [2.15872, 42.87702], [2.15899, 42.87732], [2.15913, 42.87779], [2.1591, 42.87807], [2.15894, 42.87836], [2.15844, 42.87877], [2.15499, 42.87979], [2.15509, 42.87961], [2.15652, 42.87906], [2.15699, 42.87877], [2.15721, 42.87852], [2.15718, 42.87824], [2.15699, 42.87806], [2.15582, 42.87763], [2.15451, 42.87689], [2.15391, 42.87596], [2.15293, 42.87503], [2.15279, 42.87499], [2.15272, 42.87507], [2.15291, 42.8753], [2.15296, 42.87553], [2.1529, 42.8764], [2.15227, 42.87708], [2.15213, 42.87755], [2.1518, 42.87767], [2.15158, 42.877], [2.15176, 42.87623], [2.15168, 42.87583], [2.15138, 42.87545], [2.15049, 42.87481], [2.14968, 42.87457], [2.14867, 42.87474], [2.14822, 42.87468], [2.14792, 42.87449], [2.14757, 42.87395], [2.14714, 42.87362], [2.14632, 42.87333], [2.14465, 42.87295], [2.14163, 42.87151], [2.14008, 42.87095], [2.13926, 42.87021], [2.13878, 42.87005], [2.13856, 42.8701], [2.13835, 42.87031], [2.13834, 42.87073], [2.13816, 42.87117], [2.13821, 42.87146], [2.13858, 42.8716], [2.13932, 42.87151], [2.14008, 42.87183], [2.14028, 42.87207], [2.14015, 42.87271], [2.14001, 42.87294], [2.13932, 42.8735], [2.13891, 42.87399], [2.13855, 42.87411], [2.13785, 42.87407], [2.13744, 42.8746], [2.13717, 42.87467], [2.13689, 42.87462], [2.13668, 42.87444], [2.13622, 42.8731], [2.13627, 42.87252], [2.13655, 42.87222], [2.13667, 42.87196], [2.13674, 42.87137], [2.13666, 42.87118], [2.13595, 42.87087], [2.13453, 42.86974], [2.13383, 42.86934], [2.13304, 42.86905], [2.13173, 42.86811], [2.13065, 42.86792], [2.12956, 42.8672], [2.12863, 42.86702], [2.12827, 42.86681], [2.12801, 42.86588], [2.12754, 42.86492], [2.12765, 42.86442], [2.12729, 42.86359], [2.12729, 42.8627], [2.1272, 42.86254], [2.12695, 42.86239], [2.1249, 42.86167], [2.12331, 42.86161], [2.12183, 42.86166], [2.12152, 42.86172], [2.12096, 42.86198], [2.11711, 42.8641], [2.11661, 42.86417], [2.11529, 42.86405], [2.11485, 42.86393], [2.11424, 42.86347], [2.11322, 42.86292], [2.11163, 42.8623], [2.11094, 42.86149], [2.11022, 42.86125], [2.10953, 42.86079], [2.10862, 42.86043], [2.10773, 42.85964], [2.10745, 42.85954], [2.10658, 42.85952], [2.10592, 42.85903], [2.1048, 42.85882], [2.10443, 42.85861], [2.10401, 42.85804], [2.10389, 42.85746], [2.10369, 42.85709], [2.10348, 42.85692], [2.10293, 42.85678], [2.10259, 42.85654], [2.10184, 42.85622], [2.10154, 42.85587], [2.10142, 42.85552], [2.10145, 42.85511], [2.10182, 42.85451], [2.10209, 42.8543], [2.10311, 42.85383], [2.10347, 42.85338], [2.10347, 42.85299], [2.10333, 42.85264], [2.10331, 42.85235], [2.10386, 42.851], [2.10381, 42.85051], [2.10364, 42.85011], [2.10263, 42.8485], [2.10148, 42.84746], [2.10116, 42.84647], [2.10095, 42.84609], [2.10002, 42.84501], [2.09888, 42.84403], [2.09853, 42.84396], [2.09727, 42.84417], [2.08065, 42.84494], [2.07187, 42.84561], [2.07001, 42.84563], [2.06823, 42.84576], [2.05746, 42.84669], [2.05668, 42.84668], [2.05405, 42.84634], [2.045, 42.84502], [2.04449, 42.84476], [2.04376, 42.8435], [2.04344, 42.84315], [2.04298, 42.84286], [2.02779, 42.83661], [2.02698, 42.83625], [2.02652, 42.83593], [2.02617, 42.83543], [2.02549, 42.83348], [2.02324, 42.82589], [2.02299, 42.82552], [2.02194, 42.82471], [2.02146, 42.82443], [2.02103, 42.82434], [2.02013, 42.82446], [2.0084, 42.82701], [2.00101, 42.82766], [2.00209, 42.82913], [2.00303, 42.83067], [2.00457, 42.83225], [2.00526, 42.83316], [2.00538, 42.83341], [2.00542, 42.83378], [2.0051, 42.83476], [2.00374, 42.83589], [1.99672, 42.84255], [1.99652, 42.84294], [1.99646, 42.84339], [1.99687, 42.84692], [1.99681, 42.84721], [1.99653, 42.84756], [1.99518, 42.84866], [1.99395, 42.84935], [1.98909, 42.8518], [1.98586, 42.853], [1.98543, 42.85325], [1.98534, 42.85365], [1.98575, 42.85565], [1.9856, 42.85616], [1.979, 42.86365], [1.97854, 42.86428], [1.97847, 42.86472], [1.97862, 42.8666], [1.97856, 42.86686], [1.97823, 42.86745], [1.97821, 42.86766], [1.9783, 42.86789], [1.97869, 42.86834], [1.97896, 42.86853], [1.98034, 42.86906], [1.98126, 42.87015], [1.98191, 42.87077], [1.98395, 42.87186], [1.98406, 42.87207], [1.98404, 42.87233], [1.9836, 42.87338], [1.98333, 42.87371], [1.9806, 42.87473], [1.98045, 42.87489], [1.98029, 42.87536], [1.9801, 42.87562], [1.97962, 42.87599], [1.97915, 42.87621], [1.9784, 42.8763], [1.97741, 42.87671], [1.97538, 42.87668], [1.97404, 42.87683], [1.97268, 42.87715], [1.97211, 42.87706], [1.97125, 42.87673], [1.97111, 42.87659], [1.9708, 42.87596], [1.97032, 42.87572], [1.97006, 42.87579], [1.96985, 42.87642], [1.96955, 42.87668], [1.96858, 42.87692], [1.96786, 42.8767], [1.96766, 42.87658], [1.9677, 42.87643], [1.96842, 42.87639], [1.96854, 42.8763], [1.96854, 42.87617], [1.96779, 42.87518], [1.96729, 42.87486], [1.9669, 42.87475], [1.96648, 42.87477], [1.966, 42.87505], [1.96555, 42.8751], [1.95876, 42.8736], [1.955, 42.87373], [1.95226, 42.87359], [1.95175, 42.87365], [1.95136, 42.8738], [1.95109, 42.87417], [1.95105, 42.87529], [1.95093, 42.87567], [1.95003, 42.8764], [1.94971, 42.87689], [1.94949, 42.87748], [1.95005, 42.87944], [1.95007, 42.87972], [1.94983, 42.88133], [1.94927, 42.88258], [1.94902, 42.88376], [1.94902, 42.88411], [1.94939, 42.88594], [1.94931, 42.88618], [1.94908, 42.88627], [1.94829, 42.88622], [1.94806, 42.88629], [1.94762, 42.88694], [1.94609, 42.88812], [1.94455, 42.88876], [1.94329, 42.88887], [1.94278, 42.88906], [1.94249, 42.88928], [1.94215, 42.88972], [1.94146, 42.89012], [1.94101, 42.89066], [1.94045, 42.89116], [1.93925, 42.89165], [1.93858, 42.89205], [1.93806, 42.89226], [1.93722, 42.8924], [1.93653, 42.8923], [1.93561, 42.89189], [1.93483, 42.89117], [1.93448, 42.89111], [1.93413, 42.89118], [1.934, 42.89135], [1.93384, 42.89189], [1.93383, 42.89208], [1.93394, 42.89231], [1.93445, 42.89272], [1.9356, 42.89322], [1.93576, 42.89345], [1.93443, 42.89407], [1.93285, 42.89509], [1.93251, 42.89513], [1.93137, 42.89498], [1.93001, 42.89472], [1.92948, 42.89453], [1.92936, 42.89456], [1.93318, 42.89967], [1.93445, 42.90125], [1.93452, 42.90145], [1.93399, 42.90105], [1.93115, 42.89999], [1.93055, 42.89967], [1.9304, 42.89939], [1.93044, 42.89807], [1.9304, 42.89769], [1.93031, 42.89753], [1.93003, 42.89731], [1.92821, 42.89656], [1.92784, 42.89618], [1.92781, 42.89599], [1.92799, 42.89503], [1.92785, 42.89428], [1.92794, 42.89365], [1.92783, 42.89337], [1.92735, 42.89295], [1.92644, 42.89244], [1.92554, 42.89165], [1.92438, 42.89114], [1.92342, 42.89082], [1.92193, 42.8906], [1.92112, 42.8904], [1.91861, 42.889], [1.91774, 42.88861], [1.91468, 42.88769], [1.91188, 42.88668], [1.90974, 42.88601], [1.90915, 42.88596], [1.90805, 42.88603], [1.90684, 42.88577], [1.90515, 42.88568], [1.9036, 42.88506], [1.90207, 42.88429], [1.90163, 42.88454], [1.90034, 42.88581], [1.89858, 42.88543], [1.89823, 42.88523], [1.89812, 42.88484], [1.89799, 42.88468], [1.89715, 42.88387], [1.8964, 42.88329], [1.89589, 42.8824], [1.89522, 42.8816], [1.89467, 42.88078], [1.89402, 42.88043], [1.89238, 42.88053], [1.89098, 42.88021], [1.88961, 42.88051], [1.88883, 42.88076], [1.88709, 42.88152], [1.88664, 42.88178], [1.88613, 42.88223], [1.88538, 42.88219], [1.88461, 42.88231], [1.88359, 42.88296], [1.88292, 42.88315], [1.88128, 42.88322], [1.87968, 42.88354], [1.87736, 42.88379], [1.87549, 42.88384], [1.87406, 42.8837], [1.87292, 42.88392], [1.86919, 42.88409], [1.86683, 42.88387], [1.86627, 42.88371], [1.86552, 42.88296], [1.86488, 42.88163], [1.864, 42.88145], [1.86362, 42.88146], [1.86267, 42.88176], [1.86068, 42.88123], [1.85981, 42.88142], [1.85935, 42.88165], [1.85873, 42.88166], [1.85792, 42.88182], [1.85677, 42.88161], [1.85426, 42.88146], [1.85155, 42.88095], [1.84995, 42.88049], [1.84911, 42.88038], [1.84799, 42.8803], [1.84402, 42.88031], [1.84226, 42.88073], [1.84146, 42.88153], [1.84113, 42.8817], [1.84081, 42.88173], [1.8407, 42.88166], [1.84069, 42.88155], [1.84101, 42.88116], [1.84118, 42.88011], [1.84206, 42.87924], [1.8419, 42.87878], [1.84187, 42.87774], [1.84173, 42.87741], [1.84152, 42.87716], [1.8407, 42.87673], [1.84031, 42.87618], [1.83988, 42.87531], [1.83901, 42.87436], [1.83837, 42.87389], [1.83821, 42.87351], [1.83809, 42.87286], [1.83828, 42.87233], [1.83808, 42.87234], [1.83792, 42.87265], [1.83788, 42.87293], [1.83771, 42.87294], [1.83785, 42.87236], [1.83832, 42.87176], [1.83833, 42.87165], [1.83811, 42.87165], [1.83757, 42.87231], [1.83737, 42.87276], [1.83718, 42.87276], [1.8372, 42.87261], [1.83777, 42.8716], [1.83794, 42.87099], [1.83782, 42.86969], [1.8377, 42.86928], [1.83726, 42.86887], [1.83478, 42.86754], [1.83457, 42.86723], [1.83425, 42.86624], [1.83401, 42.866], [1.83189, 42.86521], [1.83151, 42.86519], [1.83125, 42.86528], [1.83109, 42.86542], [1.83106, 42.86566], [1.83162, 42.86657], [1.83194, 42.86755], [1.83248, 42.86851], [1.83257, 42.86917], [1.83233, 42.87035], [1.83229, 42.87141], [1.8322, 42.87147], [1.83207, 42.87143], [1.83151, 42.87075], [1.83138, 42.87071], [1.83126, 42.8709], [1.83125, 42.87171], [1.83154, 42.87205], [1.83137, 42.87208], [1.83093, 42.87182], [1.83081, 42.8719], [1.83148, 42.87233], [1.83333, 42.87322], [1.83337, 42.87334], [1.83188, 42.87301], [1.83061, 42.87306], [1.82981, 42.8732], [1.82913, 42.87345], [1.82826, 42.87406], [1.82778, 42.87423], [1.8274, 42.87421], [1.82675, 42.87392], [1.8257, 42.87405], [1.82413, 42.87407], [1.82359, 42.87417], [1.82307, 42.87451], [1.82177, 42.87584], [1.82155, 42.87645], [1.82142, 42.8766], [1.821, 42.87684], [1.81983, 42.87712], [1.81913, 42.87746], [1.81917, 42.87762], [1.82048, 42.87805], [1.8213, 42.87859], [1.82128, 42.87872], [1.82057, 42.87908], [1.81839, 42.87958], [1.81722, 42.88008], [1.81595, 42.88014], [1.81549, 42.88058], [1.81513, 42.88071], [1.81444, 42.88085], [1.81308, 42.88097], [1.8117, 42.88183], [1.81061, 42.88234], [1.8099, 42.88257], [1.8086, 42.88285], [1.80762, 42.88284], [1.80704, 42.88293], [1.80668, 42.88316], [1.80621, 42.88384], [1.8047, 42.88418], [1.80449, 42.88459], [1.80362, 42.88466], [1.8028, 42.88508], [1.80143, 42.88524], [1.79909, 42.88601], [1.79818, 42.88589], [1.79745, 42.88589], [1.79656, 42.88599], [1.79546, 42.88624], [1.79442, 42.88619], [1.79409, 42.88626], [1.79382, 42.88647], [1.79347, 42.88692], [1.79333, 42.88719], [1.7932, 42.88781], [1.79249, 42.88883], [1.7919, 42.89058], [1.79194, 42.89122], [1.79213, 42.89164], [1.79306, 42.89283], [1.7938, 42.89393], [1.79421, 42.89473], [1.79442, 42.89492], [1.79556, 42.89551], [1.79612, 42.89645], [1.79608, 42.89685], [1.79614, 42.89697], [1.79711, 42.8979], [1.79953, 42.8991], [1.8037, 42.90038], [1.80602, 42.9014], [1.80838, 42.902], [1.81063, 42.90289], [1.81148, 42.90311], [1.81231, 42.90353], [1.81319, 42.90381], [1.81353, 42.90402], [1.81514, 42.90548], [1.81725, 42.90686], [1.82156, 42.90856], [1.82324, 42.90903], [1.82652, 42.91212], [1.8275, 42.91276], [1.83051, 42.91431], [1.83086, 42.91463], [1.83117, 42.91509], [1.83132, 42.91559], [1.83132, 42.91612], [1.83082, 42.91858], [1.83069, 42.91877], [1.83015, 42.91918], [1.83208, 42.92046], [1.83694, 42.92421], [1.83711, 42.92417], [1.83726, 42.92424], [1.8373, 42.92433], [1.83723, 42.92444], [1.84707, 42.93206], [1.8465, 42.93247], [1.84428, 42.93226], [1.84393, 42.93307], [1.8438, 42.93323], [1.84359, 42.93332], [1.84171, 42.93336], [1.84002, 42.93325], [1.83949, 42.93332], [1.83708, 42.93419], [1.83528, 42.93511], [1.83358, 42.93581], [1.83044, 42.93732], [1.82727, 42.93792], [1.82572, 42.93856], [1.82411, 42.93883], [1.82235, 42.93927], [1.82078, 42.93932], [1.81811, 42.93979], [1.81485, 42.94058], [1.81198, 42.94144], [1.8071, 42.94231], [1.80449, 42.94247], [1.80207, 42.94304], [1.79977, 42.94325], [1.79769, 42.94366], [1.79567, 42.94367], [1.79541, 42.9438], [1.79481, 42.94433], [1.79361, 42.94454], [1.79251, 42.94492], [1.79095, 42.94614], [1.78988, 42.94667], [1.78877, 42.94799], [1.78855, 42.94816], [1.78775, 42.94825], [1.78723, 42.94805], [1.78689, 42.94776], [1.78639, 42.94775], [1.78617, 42.94784], [1.78513, 42.94927], [1.78486, 42.94997], [1.78493, 42.95023], [1.78543, 42.9505], [1.78558, 42.95071], [1.78555, 42.95114], [1.78526, 42.95154], [1.78492, 42.95173], [1.78405, 42.95193], [1.78343, 42.95229], [1.78284, 42.95302], [1.78203, 42.95356], [1.78193, 42.95376], [1.78184, 42.95449], [1.78153, 42.9548], [1.77967, 42.95568], [1.77858, 42.956], [1.77798, 42.95658], [1.77708, 42.95704], [1.77682, 42.95733], [1.77641, 42.95806], [1.77576, 42.95863], [1.77488, 42.95959], [1.77464, 42.95973], [1.77306, 42.95992], [1.77282, 42.95944], [1.77257, 42.95924], [1.77084, 42.95824], [1.77024, 42.9581], [1.76856, 42.95853], [1.76762, 42.9589], [1.76616, 42.95925], [1.7656, 42.95973], [1.76467, 42.96035], [1.76385, 42.96145], [1.76335, 42.96165], [1.76102, 42.96134], [1.7608, 42.96119], [1.76068, 42.96052], [1.76018, 42.96039], [1.75967, 42.96051], [1.75858, 42.9611], [1.75814, 42.96121], [1.75653, 42.9609], [1.7562, 42.96091], [1.75424, 42.96239], [1.75373, 42.9626], [1.75266, 42.96259], [1.75085, 42.96297], [1.7506, 42.9629], [1.75028, 42.96257], [1.74994, 42.96244], [1.74714, 42.96232], [1.7466, 42.96255], [1.7457, 42.96358], [1.74522, 42.96376], [1.74466, 42.96368], [1.74331, 42.96297], [1.7428, 42.96298], [1.74242, 42.96312], [1.74148, 42.96369], [1.74037, 42.96387], [1.73976, 42.96453], [1.73844, 42.96518], [1.73748, 42.96577], [1.73625, 42.96633], [1.73504, 42.96635], [1.73415, 42.96664], [1.73308, 42.96687], [1.73172, 42.96708], [1.73085, 42.96711], [1.7293, 42.96705], [1.72842, 42.96648], [1.72805, 42.96638], [1.72769, 42.96642], [1.72667, 42.96685], [1.72555, 42.96655], [1.72515, 42.96656], [1.72483, 42.96669], [1.72294, 42.96789], [1.72247, 42.96809], [1.72101, 42.96844], [1.71864, 42.96921], [1.71727, 42.9694], [1.71509, 42.96993], [1.71349, 42.97063], [1.71231, 42.97087], [1.71111, 42.97096], [1.71038, 42.97111], [1.70872, 42.97175], [1.70724, 42.97198], [1.70621, 42.97198], [1.70455, 42.97235], [1.70384, 42.97202], [1.70276, 42.9721], [1.70159, 42.97195], [1.70124, 42.97199], [1.70056, 42.97227], [1.69999, 42.97237], [1.69923, 42.97239], [1.69855, 42.9722], [1.69824, 42.97222], [1.69716, 42.97247], [1.69648, 42.97274], [1.69421, 42.97308], [1.69287, 42.97355], [1.692, 42.97367], [1.6911, 42.97405], [1.68988, 42.97434], [1.68859, 42.97482], [1.68745, 42.97487], [1.686, 42.97548], [1.68443, 42.97556], [1.68269, 42.9758], [1.68243, 42.97594], [1.68223, 42.97635], [1.68203, 42.9765], [1.68069, 42.97668], [1.67875, 42.97728], [1.67733, 42.97751], [1.67553, 42.9781], [1.67458, 42.97828], [1.67332, 42.97829], [1.67202, 42.97855], [1.6713, 42.97849], [1.67044, 42.9781], [1.67001, 42.97803], [1.66673, 42.97799], [1.66647, 42.97782], [1.66613, 42.97718], [1.6642, 42.97636], [1.66382, 42.97633], [1.66266, 42.97652], [1.66213, 42.9769], [1.6619, 42.97695], [1.66087, 42.97658], [1.6595, 42.97652], [1.65839, 42.97627], [1.65807, 42.97643], [1.65757, 42.97708], [1.65729, 42.9773], [1.65627, 42.97762], [1.65533, 42.97807], [1.65507, 42.97807], [1.65402, 42.97781], [1.65338, 42.9778], [1.65254, 42.97805], [1.65152, 42.97811], [1.65025, 42.97882], [1.64992, 42.9789], [1.64919, 42.97881], [1.64833, 42.9783], [1.64751, 42.97823], [1.64716, 42.97829], [1.64633, 42.97861], [1.6442, 42.97852], [1.64328, 42.97862], [1.64221, 42.97836], [1.64089, 42.97768], [1.64003, 42.9771], [1.63881, 42.97615], [1.63745, 42.97409], [1.63719, 42.97392], [1.63693, 42.9739], [1.6361, 42.97432], [1.63551, 42.97448], [1.62974, 42.97516], [1.61897, 42.97711], [1.61839, 42.97731], [1.6172, 42.97813], [1.61506, 42.97898], [1.61445, 42.97909], [1.61219, 42.97908], [1.6118, 42.97886], [1.61117, 42.9778], [1.61033, 42.97718], [1.61006, 42.97675], [1.60924, 42.97379], [1.60895, 42.97102], [1.60876, 42.9707], [1.6081, 42.97026], [1.60824, 42.96806], [1.60836, 42.96775], [1.60894, 42.96686], [1.61031, 42.9653], [1.61094, 42.9647], [1.611, 42.96443], [1.6074094, 42.9639576]]}, "properties": {"stage": 4, "source": "aso-arcgis", "length_km": 181.9, "official_km": 181.9, "licence": "All rights reserved (Amaury Sport Organisation)"}}, {"type": "Feature", "geometry": {"type": "LineString", "coordinates": [[0.4165421, 43.1276419], [0.44651, 43.18473], [0.44694, 43.18538], [0.44818, 43.18686], [0.44834, 43.18736], [0.44856, 43.18968], [0.4483533, 43.19121], [0.44841, 43.19282], [0.44852, 43.19318], [0.44999, 43.19603], [0.45055, 43.19647], [0.45304, 43.19729], [0.45428, 43.19793], [0.45462, 43.19821], [0.45609, 43.19985], [0.45724, 43.2005], [0.45775, 43.20092], [0.45957, 43.20317], [0.45989, 43.20338], [0.46106, 43.20383], [0.46228, 43.2047], [0.46338, 43.20498], [0.46396, 43.20533], [0.46471, 43.20617], [0.46557, 43.20694], [0.4667, 43.20861], [0.49619, 43.24126], [0.49688, 43.24213], [0.49751, 43.24353], [0.51595, 43.29311], [0.51613, 43.29353], [0.51636, 43.29356], [0.51642, 43.2937], [0.51626, 43.29382], [0.51583, 43.29382], [0.51086, 43.29517], [0.51029, 43.29526], [0.50972, 43.29517], [0.50828, 43.29451], [0.5064, 43.29463], [0.5058, 43.29453], [0.50534, 43.2943], [0.50524, 43.29437], [0.50507, 43.29431], [0.50325, 43.29494], [0.50277, 43.29499], [0.50246, 43.29487], [0.50148, 43.29418], [0.5011, 43.29409], [0.50081, 43.29414], [0.49968, 43.29464], [0.49912, 43.29508], [0.49883, 43.29543], [0.49805, 43.29682], [0.49751, 43.29735], [0.49701, 43.2977], [0.49203, 43.29994], [0.49119, 43.30021], [0.49085, 43.30023], [0.49049, 43.30013], [0.48932, 43.29926], [0.48818, 43.29877], [0.48678, 43.29787], [0.48636, 43.29775], [0.48596, 43.29779], [0.47451, 43.3021], [0.47151, 43.30343], [0.47119, 43.30361], [0.47098, 43.30386], [0.47069, 43.30538], [0.4705, 43.30556], [0.47027, 43.30562], [0.47004, 43.30559], [0.46989, 43.30548], [0.46946, 43.30484], [0.46874, 43.3041], [0.46829, 43.30349], [0.46801, 43.30272], [0.4676, 43.30196], [0.46743, 43.30081], [0.46695, 43.29932], [0.46666, 43.29883], [0.46626, 43.29863], [0.45024, 43.29997], [0.43749, 43.30174], [0.43711, 43.30169], [0.43682, 43.30156], [0.4358, 43.30082], [0.43372, 43.29881], [0.43285, 43.29846], [0.43227, 43.29836], [0.40493, 43.30078], [0.40424, 43.3008], [0.40212, 43.30061], [0.40152, 43.3009], [0.40073, 43.30162], [0.40009, 43.30186], [0.39653, 43.30173], [0.39535, 43.302], [0.39057, 43.3035], [0.38905, 43.30344], [0.38748, 43.30371], [0.38654, 43.30351], [0.38615, 43.30353], [0.38471, 43.30438], [0.3804, 43.30552], [0.38003, 43.30568], [0.37982, 43.30589], [0.37976, 43.30615], [0.37997, 43.30679], [0.37976, 43.30756], [0.37975, 43.30828], [0.37923, 43.30916], [0.37915, 43.30948], [0.37956, 43.31025], [0.37973, 43.31135], [0.37969, 43.31192], [0.38007, 43.31261], [0.38005, 43.31336], [0.38017, 43.3146], [0.38036, 43.31499], [0.38092, 43.31568], [0.3813, 43.31664], [0.38131, 43.31796], [0.38149, 43.31881], [0.38141, 43.31935], [0.38117, 43.31968], [0.38068, 43.31993], [0.37351, 43.3219], [0.37274, 43.32194], [0.37264, 43.32203], [0.37262, 43.32221], [0.37285, 43.32274], [0.37285, 43.32309], [0.37657, 43.32631], [0.37703, 43.32689], [0.37861, 43.33114], [0.38018, 43.33566], [0.38207, 43.34452], [0.38189, 43.3455], [0.3819, 43.34608], [0.38287, 43.34862], [0.38339, 43.34944], [0.38341, 43.35022], [0.38379, 43.35172], [0.38371, 43.35406], [0.38472, 43.35641], [0.38496, 43.35726], [0.38533, 43.36059], [0.38525, 43.36257], [0.38597, 43.3688], [0.3873, 43.37418], [0.38771, 43.37501], [0.39121, 43.37963], [0.39288, 43.38367], [0.39295, 43.38436], [0.39274, 43.38754], [0.39354, 43.40027], [0.39363, 43.40076], [0.39523, 43.40455], [0.39721, 43.40884], [0.40789, 43.42579], [0.40824, 43.4262], [0.40892, 43.42674], [0.40962, 43.42712], [0.4106, 43.42746], [0.41185, 43.42766], [0.41518, 43.42779], [0.4152, 43.42921], [0.41541, 43.42995], [0.41543, 43.43034], [0.41459, 43.43147], [0.41452, 43.43174], [0.41457, 43.4321], [0.41499, 43.43292], [0.41607, 43.4345], [0.41729, 43.43557], [0.41808, 43.43683], [0.41844, 43.43764], [0.4187, 43.43905], [0.4187, 43.43932], [0.41846, 43.44022], [0.41882, 43.44178], [0.4188, 43.44205], [0.41736, 43.44469], [0.41526, 43.44729], [0.41486, 43.44768], [0.4142, 43.44811], [0.41159, 43.44937], [0.41042, 43.45025], [0.41018, 43.45073], [0.41012, 43.45233], [0.41, 43.45293], [0.40773, 43.45648], [0.40753, 43.457], [0.40761, 43.45735], [0.40784, 43.45773], [0.41154, 43.46183], [0.41176, 43.46225], [0.41179, 43.46277], [0.41153, 43.46823], [0.41107, 43.47092], [0.41085, 43.47153], [0.409, 43.47521], [0.40733, 43.48034], [0.40709, 43.48131], [0.40678, 43.4845], [0.40588, 43.48849], [0.40581, 43.48965], [0.40639, 43.49746], [0.40638, 43.4982], [0.40601, 43.50181], [0.40463, 43.50618], [0.40501, 43.50906], [0.40449, 43.51108], [0.4042, 43.51139], [0.40494, 43.51218], [0.40514, 43.51221], [0.40616, 43.51201], [0.40653, 43.5122], [0.40727, 43.51417], [0.40734, 43.51593], [0.40527, 43.51646], [0.40396, 43.51651], [0.40461, 43.52553], [0.40479, 43.52588], [0.40635, 43.52679], [0.40657, 43.52704], [0.40644, 43.52841], [0.40634, 43.53142], [0.4065, 43.53194], [0.40693, 43.53274], [0.40674, 43.5334], [0.4073, 43.53422], [0.40748, 43.53492], [0.40735, 43.53517], [0.40714, 43.5353], [0.4058, 43.53589], [0.405, 43.53613], [0.40178, 43.53637], [0.39987, 43.53668], [0.39659, 43.53674], [0.39468, 43.53702], [0.39377, 43.53727], [0.39136, 43.53815], [0.38928, 43.53839], [0.38724, 43.53878], [0.3839, 43.5397], [0.38339, 43.5399], [0.37933, 43.54205], [0.37691, 43.54355], [0.37555, 43.54454], [0.3738, 43.54497], [0.37197, 43.54488], [0.37114, 43.54519], [0.37014, 43.54543], [0.36961, 43.54593], [0.36853, 43.54748], [0.36411, 43.5508], [0.36351, 43.55094], [0.36182, 43.55101], [0.3601, 43.55135], [0.35442, 43.55284], [0.3535, 43.55321], [0.35144, 43.55437], [0.35054, 43.55501], [0.34927, 43.55636], [0.34816, 43.55801], [0.34777, 43.55911], [0.34776, 43.55964], [0.34799, 43.56096], [0.34796, 43.56175], [0.34783, 43.56209], [0.34668, 43.56318], [0.34534, 43.56421], [0.34324, 43.56711], [0.34293, 43.56744], [0.34, 43.57008], [0.33827, 43.57127], [0.33722, 43.57367], [0.3363, 43.57461], [0.33585, 43.57569], [0.33543, 43.57594], [0.33436, 43.5763], [0.33375, 43.57659], [0.33343, 43.5769], [0.33319, 43.57768], [0.33173, 43.57779], [0.33059, 43.5777], [0.32908, 43.57803], [0.32858, 43.57797], [0.328, 43.57767], [0.32763, 43.5776], [0.32584, 43.57788], [0.32555, 43.57813], [0.32539, 43.57843], [0.32533, 43.57897], [0.32549, 43.57988], [0.32536, 43.5801], [0.32511, 43.58023], [0.30951, 43.58048], [0.30017, 43.57926], [0.2952, 43.57948], [0.29249, 43.57946], [0.28931, 43.57974], [0.28894, 43.57994], [0.28857, 43.58046], [0.28828, 43.58056], [0.28578, 43.58035], [0.28527, 43.58038], [0.27329, 43.58265], [0.27209, 43.58267], [0.26299, 43.58202], [0.26238, 43.58213], [0.25987, 43.58313], [0.25822, 43.58338], [0.25689, 43.58306], [0.25585, 43.58295], [0.2555, 43.58282], [0.25539, 43.58274], [0.25438, 43.5807], [0.25415, 43.58044], [0.2514, 43.57907], [0.25076, 43.57883], [0.25026, 43.57881], [0.24731, 43.57922], [0.24589, 43.57932], [0.24306, 43.57932], [0.24139, 43.57921], [0.23862, 43.57851], [0.23698, 43.57823], [0.23408, 43.57823], [0.23344, 43.57814], [0.23287, 43.57786], [0.23233, 43.57681], [0.23225, 43.57624], [0.23254, 43.57556], [0.2345, 43.5732], [0.23478, 43.57277], [0.23486, 43.57231], [0.23485, 43.57155], [0.23471, 43.57093], [0.23424, 43.57003], [0.23401, 43.56981], [0.23311, 43.56931], [0.23202, 43.56735], [0.23066, 43.56604], [0.22825, 43.56455], [0.2277, 43.56441], [0.22614, 43.56427], [0.2257, 43.5641], [0.22557, 43.56377], [0.22526, 43.56011], [0.22539, 43.55956], [0.22581, 43.55875], [0.2265, 43.55807], [0.22669, 43.55778], [0.22714, 43.55527], [0.22709, 43.55478], [0.22627, 43.55307], [0.2263, 43.55265], [0.22645, 43.55246], [0.22766, 43.55158], [0.22892, 43.55025], [0.23219, 43.54876], [0.23253, 43.5485], [0.23264, 43.54821], [0.23284, 43.54593], [0.23323, 43.54476], [0.23346, 43.54446], [0.23634, 43.54202], [0.23718, 43.54151], [0.23721, 43.54125], [0.23671, 43.54048], [0.23667, 43.54009], [0.23918, 43.53614], [0.23913, 43.53588], [0.23884, 43.53565], [0.23468, 43.53349], [0.2335, 43.53322], [0.23254, 43.53314], [0.23181, 43.53333], [0.22931, 43.53442], [0.22873, 43.53459], [0.22345, 43.53471], [0.22098, 43.53513], [0.22041, 43.53511], [0.21988, 43.53494], [0.21853, 43.53429], [0.21755, 43.53362], [0.21685, 43.53325], [0.21474, 43.53113], [0.21405, 43.53069], [0.21273, 43.53003], [0.21179, 43.52969], [0.21104, 43.52916], [0.2077, 43.52838], [0.20667, 43.52832], [0.2012, 43.52892], [0.19838, 43.52952], [0.19765, 43.52948], [0.19611, 43.52903], [0.19557, 43.52907], [0.19386, 43.52946], [0.1932, 43.52946], [0.19294, 43.52937], [0.19272, 43.52917], [0.19246, 43.52835], [0.19131, 43.52763], [0.18992, 43.52599], [0.18905, 43.5253], [0.18768, 43.52486], [0.18734, 43.52492], [0.1871, 43.52508], [0.18665, 43.52631], [0.1864, 43.52654], [0.18608, 43.52664], [0.18533, 43.52649], [0.18091, 43.52499], [0.1803, 43.52492], [0.1728, 43.52664], [0.169, 43.52674], [0.16874, 43.52666], [0.16838, 43.52626], [0.16793, 43.52607], [0.16163, 43.52447], [0.16083, 43.52613], [0.158, 43.52543], [0.15753, 43.52522], [0.15705, 43.52467], [0.1569, 43.52424], [0.1569, 43.52369], [0.15709, 43.52329], [0.1544, 43.52289], [0.13621, 43.52062], [0.1354, 43.52041], [0.13455, 43.52007], [0.13426, 43.51978], [0.13391, 43.51912], [0.13337, 43.51886], [0.1326, 43.51893], [0.12695, 43.52083], [0.12531, 43.52158], [0.12428, 43.52161], [0.09404, 43.51279], [0.09357, 43.51273], [0.09314, 43.51283], [0.09246, 43.51317], [0.09177, 43.51368], [0.09144, 43.51381], [0.08761, 43.51417], [0.08713, 43.51404], [0.0813, 43.51142], [0.08012, 43.51007], [0.07969, 43.50974], [0.07977, 43.50926], [0.07961, 43.50868], [0.07964, 43.508], [0.07932, 43.50753], [0.07921, 43.50699], [0.07902, 43.50663], [0.07861, 43.50626], [0.07781, 43.50587], [0.07699, 43.50559], [0.07653, 43.50515], [0.07643, 43.50465], [0.07657, 43.50311], [0.07641, 43.50275], [0.05226, 43.47814], [0.05194, 43.47785], [0.05161, 43.47768], [0.05143, 43.47775], [0.05125, 43.47768], [0.05125, 43.47752], [0.05143, 43.47745], [0.05129, 43.4772], [0.04595, 43.47174], [0.04551, 43.47146], [0.0437, 43.47146], [0.04224, 43.47121], [0.04168, 43.47119], [0.04159, 43.47112], [0.04146, 43.47118], [0.03636, 43.471], [0.03579, 43.47078], [0.03552, 43.47039], [0.03544, 43.47006], [0.03489, 43.46983], [0.03469, 43.46959], [0.0347, 43.46817], [0.03498, 43.46621], [0.03516, 43.46605], [0.03593, 43.46599], [0.03605, 43.46586], [0.03974, 43.45398], [0.04034, 43.45294], [0.04026, 43.45248], [0.03986, 43.45218], [0.03982, 43.45191], [0.03994, 43.45163], [0.04043, 43.45106], [0.04079, 43.45048], [0.04116, 43.44949], [0.05142, 43.41698], [0.05194, 43.41501], [0.05214, 43.41327], [0.05258, 43.40359], [0.05274, 43.40294], [0.05308, 43.40223], [0.05312, 43.40197], [0.05304, 43.40158], [0.05276, 43.40123], [0.05271, 43.40087], [0.05325, 43.38916], [0.05342, 43.38858], [0.05474, 43.38655], [0.0541, 43.38632], [0.05152, 43.38568], [0.05127, 43.38541], [0.05129, 43.38502], [0.05112, 43.38492], [0.05051, 43.38484], [0.04809, 43.385], [0.04739, 43.38513], [0.02642, 43.392], [0.02512, 43.39227], [0.02392, 43.39228], [0.02317, 43.39215], [0.02101, 43.39154], [-0.01526, 43.38095], [-0.01653, 43.3803], [-0.01791, 43.37977], [-0.0189, 43.37922], [-0.01914, 43.37897], [-0.01978, 43.37791], [-0.02092, 43.37679], [-0.02152, 43.37586], [-0.02183, 43.37561], [-0.02242, 43.37536], [-0.02424, 43.37518], [-0.02529, 43.37497], [-0.04303, 43.37087], [-0.04649, 43.37057], [-0.04997, 43.36995], [-0.05189, 43.3699], [-0.0523, 43.36997], [-0.05283, 43.37021], [-0.05326, 43.37062], [-0.05365, 43.37165], [-0.05494, 43.37369], [-0.05579, 43.37427], [-0.05694, 43.37459], [-0.05803, 43.37458], [-0.05883, 43.37438], [-0.0611, 43.3731], [-0.0629, 43.37248], [-0.0642, 43.3719], [-0.06926, 43.37025], [-0.07033, 43.36976], [-0.07093, 43.36963], [-0.07266, 43.36949], [-0.07629, 43.37007], [-0.07905, 43.371], [-0.07979, 43.37133], [-0.08047, 43.37175], [-0.0815, 43.37284], [-0.08237, 43.37357], [-0.08286, 43.3737], [-0.08451, 43.37385], [-0.08791, 43.37544], [-0.08849, 43.37563], [-0.08944, 43.3758], [-0.10315, 43.3772], [-0.10336, 43.37712], [-0.10355, 43.37691], [-0.10451, 43.37524], [-0.10556, 43.37435], [-0.10571, 43.37388], [-0.1057, 43.37304], [-0.106, 43.37277], [-0.10629, 43.3727], [-0.10664, 43.37277], [-0.10696, 43.37301], [-0.10781, 43.37472], [-0.10787, 43.37509], [-0.10766, 43.37579], [-0.1077, 43.37616], [-0.10816, 43.37647], [-0.10927, 43.37675], [-0.11031, 43.37688], [-0.12877, 43.37797], [-0.12932, 43.37807], [-0.13018, 43.37797], [-0.13146, 43.37758], [-0.13184, 43.37754], [-0.13434, 43.3782], [-0.13599, 43.37761], [-0.13858, 43.37761], [-0.13886, 43.37752], [-0.13932, 43.37722], [-0.13962, 43.37716], [-0.14087, 43.37737], [-0.14273, 43.37749], [-0.14339, 43.37745], [-0.16204, 43.3743], [-0.17374, 43.37243], [-0.17461, 43.37219], [-0.17631, 43.37146], [-0.1774, 43.37112], [-0.18027, 43.37075], [-0.18384, 43.37008], [-0.18442, 43.36991], [-0.18729, 43.36886], [-0.19019, 43.36762], [-0.19197, 43.36735], [-0.19286, 43.36711], [-0.19326, 43.36685], [-0.1941, 43.36582], [-0.19441, 43.36563], [-0.1962, 43.36573], [-0.19882, 43.36685], [-0.19926, 43.36692], [-0.19969, 43.36669], [-0.20081, 43.36552], [-0.20234, 43.36492], [-0.20459, 43.36448], [-0.20721, 43.36463], [-0.20871, 43.3646], [-0.20925, 43.36449], [-0.21027, 43.36412], [-0.21195, 43.36403], [-0.2144, 43.36272], [-0.21777, 43.36154], [-0.22518, 43.3593], [-0.22592, 43.35913], [-0.22812, 43.35886], [-0.22921, 43.35845], [-0.24397, 43.35897], [-0.24427, 43.35903], [-0.24425, 43.35917], [-0.24441, 43.35922], [-0.24455, 43.3591], [-0.24524, 43.3589], [-0.24868, 43.35741], [-0.24929, 43.35741], [-0.25068, 43.35774], [-0.25168, 43.35808], [-0.25206, 43.3581], [-0.2523, 43.358], [-0.25247, 43.35781], [-0.25256, 43.35728], [-0.25239, 43.35634], [-0.25161, 43.35541], [-0.2516, 43.35518], [-0.2517, 43.35499], [-0.25297, 43.35425], [-0.25588, 43.3517], [-0.25697, 43.35097], [-0.25718, 43.35092], [-0.25727, 43.35079], [-0.2572, 43.35062], [-0.25694, 43.35054], [-0.25602, 43.34988], [-0.25561, 43.34947], [-0.25365, 43.34559], [-0.2512479, 43.3423215], [-0.25086, 43.34156], [-0.25076, 43.34102], [-0.25078, 43.34045], [-0.25114, 43.33952], [-0.25148, 43.33908], [-0.25215, 43.33881], [-0.25255, 43.33825], [-0.25284, 43.33811], [-0.25398, 43.33775], [-0.25534, 43.33764], [-0.25621, 43.33773], [-0.25955, 43.33833], [-0.26187, 43.33846], [-0.26406, 43.33821], [-0.26815, 43.33717], [-0.26926, 43.33699], [-0.27043, 43.33703], [-0.27245, 43.33753], [-0.27287, 43.33753], [-0.27327, 43.33743], [-0.27359, 43.33724], [-0.27472, 43.33626], [-0.27508, 43.33616], [-0.27564, 43.33629], [-0.27573, 43.33621], [-0.27571, 43.33611], [-0.27583, 43.33605], [-0.27713, 43.33556], [-0.27799, 43.33495], [-0.27838, 43.33446], [-0.27843, 43.33414], [-0.27834, 43.33363], [-0.27797, 43.33285], [-0.27711, 43.33171], [-0.27577, 43.33101], [-0.27571, 43.33083], [-0.27584, 43.33065], [-0.27618, 43.33058], [-0.2764332, 43.3306186], [-0.27855, 43.3312], [-0.28083, 43.33225], [-0.28127, 43.33231], [-0.28184, 43.33219], [-0.28229, 43.33182], [-0.28282, 43.33092], [-0.28316, 43.33052], [-0.28434, 43.32981], [-0.28944, 43.32768], [-0.29885, 43.32311], [-0.29901, 43.32322], [-0.29922, 43.32321], [-0.29936, 43.32307], [-0.29933, 43.32295], [-0.30179, 43.32196], [-0.3036, 43.32086], [-0.3073, 43.31909], [-0.30744, 43.31917], [-0.30768, 43.31915], [-0.3078, 43.31905], [-0.30781, 43.31891], [-0.30823, 43.31859], [-0.32334, 43.31133], [-0.32351, 43.31144], [-0.32695, 43.31237], [-0.33826, 43.30825], [-0.3385, 43.30819], [-0.33863, 43.30829], [-0.33894, 43.30834], [-0.33918, 43.30827], [-0.33933, 43.30812], [-0.34204, 43.30883], [-0.34369, 43.30913], [-0.34774, 43.3106], [-0.34855, 43.31078], [-0.35048, 43.31098], [-0.35219, 43.311], [-0.35642, 43.3113], [-0.35793, 43.31117], [-0.36254, 43.31118], [-0.3627, 43.31107], [-0.36289, 43.31106], [-0.3631, 43.3111], [-0.36321, 43.31121], [-0.36375, 43.31128], [-0.3655896, 43.3113911], [-0.36626, 43.31123], [-0.37167, 43.30903], [-0.37327, 43.30863], [-0.37661, 43.3081], [-0.37618, 43.30571], [-0.37814, 43.30364], [-0.37799, 43.30343], [-0.37771, 43.30269], [-0.37767, 43.30221], [-0.37687, 43.29863]]}, "properties": {"stage": 5, "source": "aso-arcgis", "length_km": 158.3, "official_km": 158.3, "licence": "All rights reserved (Amaury Sport Organisation)"}}, {"type": "Feature", "geometry": {"type": "LineString", "coordinates": [[-0.3562788, 43.282317], [-0.35524, 43.28358], [-0.35476, 43.28394], [-0.35395, 43.28433], [-0.35331, 43.28451], [-0.35241, 43.28461], [-0.3497, 43.28441], [-0.34602, 43.28477], [-0.34446, 43.28482], [-0.3444, 43.28473], [-0.34417, 43.28469], [-0.34405, 43.28476], [-0.34402, 43.28489], [-0.34286, 43.28526], [-0.33914, 43.28757], [-0.33835, 43.28777], [-0.33765, 43.28783], [-0.33583, 43.28775], [-0.33356, 43.28741], [-0.3316, 43.28742], [-0.32911, 43.28713], [-0.31739, 43.28372], [-0.31631, 43.28306], [-0.31559, 43.28222], [-0.31524, 43.28138], [-0.31457, 43.27895], [-0.31429, 43.27822], [-0.31357, 43.27709], [-0.31247, 43.27601], [-0.31113, 43.27518], [-0.30833, 43.27376], [-0.30793, 43.27332], [-0.30729, 43.27319], [-0.3061, 43.27239], [-0.30189, 43.26893], [-0.29898, 43.2661], [-0.29842, 43.26564], [-0.29706, 43.26482], [-0.29437, 43.26357], [-0.29264, 43.26246], [-0.29153, 43.26147], [-0.28853, 43.25819], [-0.27912, 43.24987], [-0.27879, 43.24925], [-0.27807, 43.24906], [-0.2769, 43.24838], [-0.27564, 43.24783], [-0.27055, 43.24611], [-0.26985, 43.24573], [-0.26926, 43.24528], [-0.2688, 43.24478], [-0.26843, 43.24414], [-0.26849, 43.24385], [-0.26862, 43.24367], [-0.26857, 43.24352], [-0.26795, 43.2432], [-0.26708, 43.24207], [-0.26285, 43.2336], [-0.26223, 43.23264], [-0.26163, 43.23195], [-0.26025, 43.23078], [-0.2589, 43.22997], [-0.25281, 43.22743], [-0.25138, 43.22665], [-0.25087, 43.22617], [-0.2507, 43.2258], [-0.25035, 43.22571], [-0.2501, 43.22582], [-0.24977, 43.22548], [-0.24868, 43.22416], [-0.24817, 43.22329], [-0.24763, 43.22178], [-0.24682, 43.2186], [-0.24658, 43.21722], [-0.24637, 43.20717], [-0.24624, 43.20589], [-0.24599, 43.20464], [-0.24541, 43.20281], [-0.24449, 43.2009], [-0.24332, 43.19912], [-0.24304, 43.19886], [-0.2426, 43.19862], [-0.24264, 43.19829], [-0.24176, 43.19683], [-0.24115, 43.1955], [-0.24065, 43.1937], [-0.24049, 43.19239], [-0.24047, 43.18596], [-0.24066, 43.18586], [-0.2407, 43.18575], [-0.24061, 43.1856], [-0.24042, 43.18554], [-0.24032, 43.18387], [-0.24047, 43.18029], [-0.24028, 43.17955], [-0.23971, 43.17837], [-0.23809, 43.17692], [-0.2379, 43.17666], [-0.23799, 43.17646], [-0.23895, 43.17607], [-0.239, 43.17581], [-0.23789, 43.1747], [-0.23653, 43.17271], [-0.23617, 43.17194], [-0.23549, 43.16945], [-0.23517, 43.16867], [-0.23444, 43.16754], [-0.23311, 43.16611], [-0.23181, 43.1644], [-0.23131, 43.16337], [-0.23097, 43.16214], [-0.23073, 43.16161], [-0.23026, 43.16109], [-0.22921, 43.16027], [-0.22892, 43.15996], [-0.22588, 43.15554], [-0.22568, 43.15514], [-0.22562, 43.15478], [-0.22594, 43.15341], [-0.22592, 43.15308], [-0.22573, 43.15271], [-0.2228, 43.14971], [-0.22221, 43.14895], [-0.21401, 43.13547], [-0.21116, 43.13201], [-0.21087, 43.13175], [-0.2098, 43.13121], [-0.20784, 43.1288], [-0.20759, 43.12795], [-0.20751, 43.12538], [-0.20741, 43.12457], [-0.20728, 43.12416], [-0.20652, 43.12349], [-0.20575, 43.12311], [-0.19667, 43.12034], [-0.19595, 43.12003], [-0.19545, 43.11969], [-0.1951, 43.11936], [-0.19476, 43.11886], [-0.19321, 43.11526], [-0.19105, 43.11266], [-0.18979, 43.11016], [-0.18727, 43.10779], [-0.18647, 43.10715], [-0.18619, 43.10705], [-0.18503, 43.10694], [-0.18036, 43.10599], [-0.17765, 43.10506], [-0.17626, 43.10441], [-0.17542, 43.10424], [-0.17463, 43.10385], [-0.17198, 43.10288], [-0.16954, 43.10228], [-0.16868, 43.10223], [-0.16724, 43.10241], [-0.16512, 43.10282], [-0.16347, 43.10299], [-0.16129, 43.10364], [-0.16057, 43.1037], [-0.15923, 43.1034], [-0.15911, 43.10286], [-0.15869, 43.10235], [-0.15743, 43.10144], [-0.15551, 43.10096], [-0.1532, 43.10067], [-0.14688, 43.10186], [-0.14592, 43.10227], [-0.14484, 43.10298], [-0.14334, 43.10375], [-0.14271, 43.10394], [-0.14059, 43.10364], [-0.13838, 43.10355], [-0.13734, 43.10333], [-0.13579, 43.10283], [-0.12785, 43.10149], [-0.12709, 43.10146], [-0.12558, 43.10158], [-0.12191, 43.10289], [-0.12004, 43.10321], [-0.11804, 43.10368], [-0.11479, 43.10402], [-0.11179, 43.10406], [-0.10411, 43.10295], [-0.10222, 43.10237], [-0.10019, 43.1016], [-0.09582, 43.10041], [-0.09364, 43.10045], [-0.09065, 43.10076], [-0.08971, 43.10065], [-0.08799, 43.10105], [-0.08757, 43.10107], [-0.08402, 43.10049], [-0.0826, 43.10035], [-0.07877, 43.09916], [-0.07751, 43.09906], [-0.07653, 43.09911], [-0.07583, 43.0988], [-0.07403, 43.09937], [-0.07128, 43.10067], [-0.0697, 43.10095], [-0.06636, 43.10072], [-0.06451, 43.10049], [-0.05416, 43.09956], [-0.05233, 43.09974], [-0.04726, 43.09845], [-0.04696, 43.09854], [-0.04676, 43.09884], [-0.04615, 43.09943], [-0.04537, 43.09946], [-0.04524, 43.09938], [-0.04629, 43.09567], [-0.04628, 43.09534], [-0.04611, 43.09473], [-0.04625, 43.09372], [-0.04619, 43.09221], [-0.04509, 43.09229], [-0.04459, 43.09241], [-0.04249, 43.09372], [-0.04019, 43.09468], [-0.03991, 43.09487], [-0.03754, 43.09441], [-0.0365, 43.09451], [-0.03586, 43.09466], [-0.03532, 43.09497], [-0.03413, 43.09595], [-0.03316, 43.09652], [-0.0328, 43.09691], [-0.03229, 43.0978], [-0.03191, 43.0979], [-0.03099, 43.09755], [-0.02933, 43.09741], [-0.02865, 43.09715], [-0.02815, 43.09732], [-0.02752, 43.09729], [-0.02708, 43.09715], [-0.0263444, 43.0967023], [-0.02599, 43.09658], [-0.01705, 43.0954], [-0.01438, 43.09474], [0.00952, 43.09462], [0.01027, 43.0948], [0.01326, 43.09629], [0.01376, 43.09639], [0.01478, 43.09644], [0.01667, 43.09709], [0.01949, 43.09845], [0.02564, 43.09973], [0.02602, 43.0999], [0.02703, 43.10061], [0.02879, 43.10114], [0.02957, 43.10165], [0.03008, 43.10226], [0.03026, 43.10265], [0.03086, 43.10483], [0.03111, 43.10505], [0.03178, 43.10524], [0.03206, 43.1054], [0.03282, 43.10694], [0.03352, 43.10769], [0.03405, 43.10798], [0.04761, 43.11378], [0.0493, 43.11407], [0.04981, 43.11405], [0.05079, 43.11358], [0.05182, 43.11355], [0.05253, 43.11294], [0.05331, 43.11257], [0.05457, 43.1123], [0.05553, 43.1123], [0.05602, 43.11247], [0.05646, 43.11296], [0.0593, 43.11521], [0.06003, 43.11543], [0.06057, 43.1158], [0.06152, 43.11586], [0.06248, 43.11623], [0.0649, 43.1161], [0.06864, 43.11674], [0.06918, 43.11692], [0.07012, 43.11775], [0.07057, 43.11795], [0.07636, 43.11865], [0.077, 43.11862], [0.07815, 43.11828], [0.08034, 43.11864], [0.08171, 43.11864], [0.08262, 43.11852], [0.08508, 43.11794], [0.08561, 43.11791], [0.08613, 43.11806], [0.08629, 43.11849], [0.08643, 43.11861], [0.08728, 43.11871], [0.0908, 43.11804], [0.091, 43.11813], [0.09105, 43.11824], [0.09079, 43.11871], [0.09079, 43.11889], [0.09095, 43.11904], [0.09131, 43.11908], [0.09165, 43.11894], [0.092, 43.11865], [0.09304, 43.1174], [0.09385, 43.11677], [0.09528, 43.1163], [0.09686, 43.11611], [0.10111, 43.11616], [0.10155, 43.11632], [0.10258, 43.11721], [0.1029709, 43.1174139], [0.10468, 43.11766], [0.10661, 43.11766], [0.10977, 43.11673], [0.1103, 43.11675], [0.11054, 43.11624], [0.11761, 43.10532], [0.11877, 43.10313], [0.12132, 43.10155], [0.12338, 43.10065], [0.12387, 43.10031], [0.1324, 43.09189], [0.13522, 43.08764], [0.13665, 43.08531], [0.1408, 43.07847], [0.14071, 43.07831], [0.14093, 43.07825], [0.14394, 43.07325], [0.14392, 43.07315], [0.14405, 43.0731], [0.14409, 43.0729], [0.14845, 43.06553], [0.14878, 43.06506], [0.14958, 43.06502], [0.1518, 43.06571], [0.15239, 43.06594], [0.15283, 43.06625], [0.15636, 43.06991], [0.15666, 43.07006], [0.15663, 43.07015], [0.15677, 43.07032], [0.15901, 43.07262], [0.15912, 43.07293], [0.1589, 43.07366], [0.15918, 43.07432], [0.15922, 43.07466], [0.15912, 43.07501], [0.15872, 43.07542], [0.15872, 43.07579], [0.15897, 43.07597], [0.15965, 43.07604], [0.15999, 43.07621], [0.16019, 43.07647], [0.16044, 43.0771], [0.16107, 43.07756], [0.16175, 43.07847], [0.16255, 43.07914], [0.16315, 43.07986], [0.16422, 43.08065], [0.16437, 43.08099], [0.16415, 43.08161], [0.16433, 43.08191], [0.17568, 43.08957], [0.1856, 43.09383], [0.1863, 43.09417], [0.18699, 43.09462], [0.18748, 43.09507], [0.18785, 43.09554], [0.19012, 43.09888], [0.20031, 43.10985], [0.20146, 43.11093], [0.20161, 43.1109], [0.20178, 43.11098], [0.20243, 43.11074], [0.20291, 43.11076], [0.21227, 43.11238], [0.21535, 43.11312], [0.21696, 43.11322], [0.2189, 43.11314], [0.21938, 43.11341], [0.21977, 43.11405], [0.22032, 43.11461], [0.22065, 43.11482], [0.22141, 43.11512], [0.22209, 43.1157], [0.22248, 43.11589], [0.22304, 43.11584], [0.22396, 43.11543], [0.22436, 43.11534], [0.22566, 43.11522], [0.22662, 43.11525], [0.22877, 43.11482], [0.22914, 43.11484], [0.22934, 43.11494], [0.22941, 43.11511], [0.22914, 43.1156], [0.22912, 43.11598], [0.22925, 43.11654], [0.22908, 43.11683], [0.2291, 43.11703], [0.22949, 43.11736], [0.23011, 43.11766], [0.23098, 43.11789], [0.23177, 43.11762], [0.23336, 43.11773], [0.23493, 43.11737], [0.23508, 43.11709], [0.2351, 43.11623], [0.23527, 43.11587], [0.23562, 43.11555], [0.23667, 43.11498], [0.23729, 43.11402], [0.23819, 43.11338], [0.23904, 43.11245], [0.24027, 43.1116], [0.24149, 43.1114], [0.2427, 43.1109], [0.24339, 43.11049], [0.24371, 43.11046], [0.24452, 43.11063], [0.24502, 43.11065], [0.2457, 43.11045], [0.24721, 43.1098], [0.24858, 43.1097], [0.24987, 43.10949], [0.25167, 43.10982], [0.25819, 43.10962], [0.26213, 43.10997], [0.26321, 43.10999], [0.26344, 43.1099], [0.26397, 43.10889], [0.26434, 43.1086], [0.26494, 43.10842], [0.26593, 43.10838], [0.26754, 43.1079], [0.26772, 43.10796], [0.26779, 43.10807], [0.26758, 43.10857], [0.26673, 43.10929], [0.26641, 43.10967], [0.26638, 43.10985], [0.26665, 43.10996], [0.26765, 43.10979], [0.26834, 43.10981], [0.2688, 43.10991], [0.26916, 43.11016], [0.26926, 43.11047], [0.26922, 43.11073], [0.2687, 43.11178], [0.2686, 43.11223], [0.26867, 43.11337], [0.26899, 43.11392], [0.27007, 43.11468], [0.27027, 43.11488], [0.27061, 43.11547], [0.27115, 43.1158], [0.27208, 43.11608], [0.27334, 43.11606], [0.27426, 43.11615], [0.27637, 43.11721], [0.27744, 43.11681], [0.27767, 43.11659], [0.2776, 43.11627], [0.27693, 43.11537], [0.27693, 43.11517], [0.27718, 43.11504], [0.27774, 43.11519], [0.27825, 43.11583], [0.27971, 43.11648], [0.28001, 43.11688], [0.28021, 43.11699], [0.28095, 43.11666], [0.28183, 43.11585], [0.28241, 43.11549], [0.2834, 43.11513], [0.28475, 43.11489], [0.28579, 43.11438], [0.2867, 43.11382], [0.2874, 43.11358], [0.28826, 43.11344], [0.29101, 43.11367], [0.29315, 43.11372], [0.29443, 43.11352], [0.29558, 43.11322], [0.29618, 43.11297], [0.29665, 43.11264], [0.2974, 43.11121], [0.29813, 43.11038], [0.30375, 43.10664], [0.30541, 43.10571], [0.30973, 43.10401], [0.31057, 43.10348], [0.31135, 43.10323], [0.31601, 43.10226], [0.31744, 43.10223], [0.3185, 43.10237], [0.32003, 43.1023], [0.3205, 43.10214], [0.32166, 43.10145], [0.32535, 43.1007], [0.33019, 43.09703], [0.3305, 43.09691], [0.33756, 43.08808], [0.33891, 43.08719], [0.35175, 43.08136], [0.35396, 43.08044], [0.35488, 43.08028], [0.35799, 43.08018], [0.3586, 43.08032], [0.35948, 43.08074], [0.36, 43.0808], [0.36055, 43.08063], [0.36097, 43.08035], [0.36137, 43.08021], [0.36189, 43.08017], [0.36262, 43.08036], [0.36282, 43.08024], [0.36289, 43.07995], [0.36278, 43.07927], [0.36191, 43.07658], [0.36177, 43.07399], [0.36113, 43.07111], [0.36056, 43.06959], [0.35939, 43.06766], [0.35906, 43.06694], [0.3589, 43.06612], [0.35895, 43.06538], [0.3595, 43.06355], [0.35974, 43.06247], [0.36035, 43.05882], [0.36214, 43.04949], [0.36478, 43.03715], [0.36595, 43.03453], [0.3670319, 43.0311052], [0.36785, 43.02941], [0.36848, 43.02846], [0.36921, 43.02758], [0.36907, 43.0274], [0.36911, 43.02727], [0.36978, 43.02693], [0.37094, 43.02615], [0.37155, 43.02544], [0.37174, 43.0249], [0.37198, 43.02117], [0.37209, 43.02065], [0.37272, 43.01904], [0.37292, 43.01882], [0.37367, 43.0184], [0.37393, 43.01811], [0.37406, 43.01782], [0.37405, 43.01746], [0.37379, 43.01669], [0.3733, 43.01617], [0.37258, 43.01506], [0.37258, 43.01451], [0.37284, 43.01408], [0.373, 43.01341], [0.37276, 43.01246], [0.37282, 43.01161], [0.3731, 43.01117], [0.37422, 43.01024], [0.37456, 43.00947], [0.37484, 43.00907], [0.3775, 43.00641], [0.3785, 43.00471], [0.37863, 43.00431], [0.37854, 43.00338], [0.37835, 43.00302], [0.37798, 43.00271], [0.3771, 43.0022], [0.37466, 42.99973], [0.3738, 42.99835], [0.37356, 42.99743], [0.37305, 42.99671], [0.37276, 42.99602], [0.37272, 42.99572], [0.37299, 42.99529], [0.37385, 42.99471], [0.37465, 42.9936], [0.37482, 42.99229], [0.3748, 42.98989], [0.37493, 42.9885], [0.37599, 42.98592], [0.37599, 42.98533], [0.37578, 42.98422], [0.37556, 42.98205], [0.37479, 42.98025], [0.37486, 42.97992], [0.37601, 42.97754], [0.37617, 42.9769], [0.37599, 42.9732], [0.37614, 42.96816], [0.3792, 42.96234], [0.37934, 42.96188], [0.37936, 42.96143], [0.37927, 42.96051], [0.37902, 42.95947], [0.37902, 42.9583], [0.3778, 42.95394], [0.37755, 42.95352], [0.37656, 42.95244], [0.37497, 42.95093], [0.37484, 42.95059], [0.37487, 42.95043], [0.37522, 42.94971], [0.3751, 42.94901], [0.37476, 42.94814], [0.37362, 42.94661], [0.37358, 42.94612], [0.37387, 42.94411], [0.37385, 42.94261], [0.37364, 42.94226], [0.37328, 42.94202], [0.37201, 42.94175], [0.37158, 42.94135], [0.37032, 42.93734], [0.37007, 42.93684], [0.36865, 42.93476], [0.36792, 42.93314], [0.36742, 42.93101], [0.3676, 42.92909], [0.36736, 42.92723], [0.3671, 42.92621], [0.36661, 42.92492], [0.36633, 42.92431], [0.36594, 42.92376], [0.36421, 42.92211], [0.36382, 42.92148], [0.36356, 42.91968], [0.36294, 42.91737], [0.36216, 42.91652], [0.36114, 42.91587], [0.36061, 42.91543], [0.35981, 42.91449], [0.359, 42.91335], [0.35893, 42.91284], [0.35912, 42.9124], [0.35999, 42.91153], [0.36064, 42.91069], [0.36066, 42.91037], [0.3605, 42.91], [0.36025, 42.90953], [0.36003, 42.90932], [0.3599, 42.90945], [0.35998, 42.91001], [0.35976, 42.91064], [0.35873, 42.91193], [0.35828, 42.91283], [0.35822, 42.91356], [0.35873, 42.91439], [0.35878, 42.91465], [0.35867, 42.91482], [0.35675, 42.91521], [0.35576, 42.91569], [0.35543, 42.9161], [0.35527, 42.91619], [0.35411, 42.91622], [0.35317, 42.91651], [0.35229, 42.91654], [0.35137, 42.91677], [0.35086, 42.91718], [0.35048, 42.91733], [0.3494, 42.91739], [0.34911, 42.91757], [0.34864, 42.91804], [0.34749, 42.91846], [0.34705, 42.91887], [0.34668, 42.91941], [0.34584, 42.91986], [0.34574, 42.92002], [0.34582, 42.92018], [0.34603, 42.92027], [0.3469, 42.92012], [0.34764, 42.91943], [0.34802, 42.91926], [0.34826, 42.91926], [0.34902, 42.91949], [0.34937, 42.91949], [0.34955, 42.9194], [0.34968, 42.91909], [0.34992, 42.91892], [0.35221, 42.91833], [0.35287, 42.91831], [0.35488, 42.9185], [0.35694, 42.91808], [0.35732, 42.91809], [0.35813, 42.91856], [0.35851, 42.91901], [0.35904, 42.91987], [0.35956, 42.92121], [0.35934, 42.92208], [0.35947, 42.92267], [0.35944, 42.92379], [0.3596, 42.92389], [0.3602, 42.92391], [0.36032, 42.924], [0.36031, 42.92409], [0.3602, 42.92412], [0.35984, 42.924], [0.35937, 42.92403], [0.35922, 42.92396], [0.35901, 42.92293], [0.3585, 42.92133], [0.35797, 42.92056], [0.35734, 42.91999], [0.35688, 42.91978], [0.35654, 42.91977], [0.35612, 42.91999], [0.35559, 42.92081], [0.35546, 42.9209], [0.35529, 42.92089], [0.35459, 42.92047], [0.35403, 42.9206], [0.35364, 42.92089], [0.35278, 42.9219], [0.35185, 42.92267], [0.35131, 42.92269], [0.35093, 42.9229], [0.34926, 42.92455], [0.3479, 42.92554], [0.34705, 42.92697], [0.34685, 42.92703], [0.34659, 42.92699], [0.3461, 42.92646], [0.34575, 42.92632], [0.34534, 42.92634], [0.3449, 42.92653], [0.34448, 42.92696], [0.34443, 42.9273], [0.34522, 42.92813], [0.34543, 42.92815], [0.34619, 42.92794], [0.34735, 42.92794], [0.34777, 42.92779], [0.3492, 42.92673], [0.35052, 42.92604], [0.35198, 42.92546], [0.35312, 42.92522], [0.35393, 42.92496], [0.35414, 42.92498], [0.35422, 42.92508], [0.3541, 42.92522], [0.35371, 42.92529], [0.35338, 42.92545], [0.35136, 42.9269], [0.35119, 42.92785], [0.35076, 42.92859], [0.34919, 42.93028], [0.34753, 42.93183], [0.34714, 42.93239], [0.34616, 42.93439], [0.34563, 42.93518], [0.34477, 42.93618], [0.34352, 42.93723], [0.34266, 42.93815], [0.34225, 42.93844], [0.34185, 42.9386], [0.34121, 42.93838], [0.34096, 42.93803], [0.34081, 42.93795], [0.34047, 42.93794], [0.34011, 42.93804], [0.33876, 42.93892], [0.33736, 42.93956], [0.33648, 42.94057], [0.33549, 42.94109], [0.33539, 42.94125], [0.33554, 42.9414], [0.33581, 42.94137], [0.33623, 42.94098], [0.33765, 42.94026], [0.33923, 42.94007], [0.33993, 42.94006], [0.34081, 42.94017], [0.34121, 42.9405], [0.34143, 42.94057], [0.34378, 42.94037], [0.34461, 42.9406], [0.34475, 42.94075], [0.34468, 42.94088], [0.34448, 42.9409], [0.34408, 42.94071], [0.3437, 42.94072], [0.34167, 42.94123], [0.33987, 42.94152], [0.33789, 42.94219], [0.33771, 42.94231], [0.33748, 42.94273], [0.33681, 42.94326], [0.33547, 42.9433], [0.33347, 42.94384], [0.33212, 42.9438], [0.33194, 42.94371], [0.33175, 42.94339], [0.33126, 42.94321], [0.33092, 42.94291], [0.32962, 42.94282], [0.32803, 42.9423], [0.32752, 42.9423], [0.32721, 42.94244], [0.32656, 42.94298], [0.32613, 42.94319], [0.32302, 42.94372], [0.3224, 42.94405], [0.32021, 42.94495], [0.31904, 42.9456], [0.31781, 42.94601], [0.31717, 42.94651], [0.31691, 42.94646], [0.31648, 42.94619], [0.31597, 42.94561], [0.31503, 42.94495], [0.31285, 42.94399], [0.31234, 42.9435], [0.31164, 42.94299], [0.31148, 42.94257], [0.31137, 42.94247], [0.31101, 42.94243], [0.30874, 42.94264], [0.30713, 42.94309], [0.3067, 42.94281], [0.3055885, 42.9428196], [0.30546, 42.94275], [0.30539, 42.94245], [0.30526, 42.94231], [0.30475, 42.94222], [0.30317, 42.94153], [0.30259, 42.9414], [0.30222, 42.94114], [0.30191, 42.94068], [0.30045, 42.94001], [0.30026, 42.93957], [0.29942, 42.93947], [0.29901, 42.93914], [0.29876, 42.93906], [0.29817, 42.93914], [0.29723, 42.93948], [0.29687, 42.93974], [0.29657, 42.9403], [0.29592, 42.94045], [0.29427, 42.94114], [0.29318, 42.94192], [0.29287, 42.94239], [0.29273, 42.94248], [0.29256, 42.94248], [0.29243, 42.94237], [0.29251, 42.94196], [0.29294, 42.94089], [0.29329, 42.94051], [0.29321, 42.94037], [0.29309, 42.94037], [0.29267, 42.94072], [0.29101, 42.94168], [0.29058, 42.94215], [0.29051, 42.94264], [0.29038, 42.94274], [0.29024, 42.94269], [0.2902, 42.94259], [0.2901, 42.94134], [0.29018, 42.94107], [0.29049, 42.94085], [0.2905, 42.94072], [0.29027, 42.94067], [0.2894, 42.94099], [0.28913, 42.94117], [0.28882, 42.94153], [0.28843, 42.94235], [0.28842, 42.9428], [0.28851, 42.94321], [0.28863, 42.94348], [0.28906, 42.94399], [0.28899, 42.94415], [0.28877, 42.94426], [0.28838, 42.94431], [0.28782, 42.94423], [0.28527, 42.94289], [0.28289, 42.94277], [0.28218, 42.94285], [0.2812, 42.9433], [0.27988, 42.9436], [0.27803, 42.9436], [0.27701, 42.94391], [0.27599, 42.94454], [0.27487, 42.9448], [0.27266, 42.94554], [0.27218, 42.9458], [0.27094, 42.94728], [0.27065, 42.94793], [0.2705, 42.9489], [0.26998, 42.94933], [0.26896, 42.94981], [0.26818, 42.94978], [0.26792, 42.94984], [0.26667, 42.9512], [0.26627, 42.95134], [0.26501, 42.95149], [0.26412, 42.95209], [0.26224, 42.95273], [0.2606, 42.95357], [0.26023, 42.95397], [0.25968, 42.9552], [0.25944, 42.9555], [0.25832, 42.95595], [0.25785, 42.95627], [0.2568, 42.95732], [0.2557, 42.95822], [0.25451, 42.95948], [0.25388, 42.96001], [0.25138, 42.96187], [0.25008, 42.96263], [0.24707, 42.9641], [0.24608, 42.96494], [0.24513, 42.96614], [0.24491, 42.96754], [0.24426, 42.969], [0.24403, 42.97164], [0.24322, 42.97385], [0.24315, 42.97518], [0.24289, 42.97575], [0.24261, 42.97702], [0.24234, 42.97753], [0.24199, 42.97774], [0.24023, 42.97842], [0.2399, 42.97875], [0.23952, 42.97939], [0.23835, 42.9802], [0.23642, 42.98185], [0.23568, 42.98226], [0.23416, 42.98266], [0.23382, 42.98288], [0.23346, 42.98333], [0.23314, 42.98354], [0.23252, 42.9838], [0.23221, 42.98383], [0.2299, 42.98326], [0.22966, 42.98316], [0.22917, 42.98276], [0.22886, 42.98229], [0.22846, 42.98221], [0.22815, 42.9824], [0.22807, 42.9833], [0.22754, 42.98462], [0.22719, 42.98453], [0.22685, 42.98348], [0.22683, 42.98316], [0.22722, 42.98073], [0.22789, 42.9794], [0.22819, 42.978], [0.22838, 42.97745], [0.22838, 42.97691], [0.22823, 42.97614], [0.22829, 42.97565], [0.22854, 42.97518], [0.22995, 42.97336], [0.23005, 42.97313], [0.2302, 42.97213], [0.23109, 42.97087], [0.23116, 42.97058], [0.23092, 42.96951], [0.23035, 42.96848], [0.2302, 42.96761], [0.23044, 42.96624], [0.2303, 42.96471], [0.23042, 42.96254], [0.23011, 42.96034], [0.22981, 42.95987], [0.22905, 42.95899], [0.22875, 42.95848], [0.22864, 42.95777], [0.22789, 42.95603], [0.22795, 42.95468], [0.22787, 42.95378], [0.22725, 42.95244], [0.22622, 42.95112], [0.22562, 42.95], [0.2255, 42.94952], [0.22516, 42.94917], [0.22459, 42.94887], [0.22431, 42.9482], [0.22362, 42.9473], [0.22294, 42.94689], [0.22152, 42.94646], [0.22109, 42.94572], [0.22026, 42.94523], [0.21946, 42.94433], [0.2175, 42.94278], [0.21659, 42.94224], [0.21618, 42.94185], [0.21486, 42.94133], [0.21354, 42.94029], [0.21314, 42.9397], [0.21262, 42.93921], [0.21106, 42.93824], [0.21028, 42.93758], [0.20973, 42.93725], [0.20923, 42.9366], [0.20864, 42.93648], [0.20858, 42.93635], [0.20879, 42.93599], [0.20843, 42.93564], [0.20818, 42.93511], [0.20753, 42.9348], [0.20687, 42.93422], [0.20592, 42.93369], [0.20477, 42.93256], [0.2037, 42.93103], [0.20232, 42.93014], [0.20132, 42.92884], [0.19917, 42.92721], [0.19847, 42.92695], [0.19779, 42.92636], [0.19722, 42.92608], [0.19711, 42.92595], [0.19714, 42.92582], [0.19749, 42.92546], [0.19771, 42.92483], [0.19785, 42.92471], [0.19917, 42.92478], [0.20052, 42.92472], [0.2028, 42.92436], [0.20329, 42.9242], [0.20456, 42.92358], [0.20555, 42.92295], [0.20577, 42.92273], [0.20603, 42.92218], [0.2066, 42.92162], [0.20717, 42.92059], [0.20847, 42.91891], [0.20855, 42.91869], [0.20849, 42.91842], [0.20855, 42.91818], [0.20954, 42.91724], [0.2096, 42.91711], [0.20954, 42.91699], [0.20921, 42.91703], [0.20727, 42.9189], [0.20658, 42.91945], [0.20584, 42.91987], [0.20538, 42.92036], [0.20458, 42.92102], [0.20373, 42.92158], [0.20125, 42.92241], [0.20068, 42.92241], [0.1989, 42.92179], [0.19669, 42.9207], [0.19476, 42.91998], [0.19362, 42.91972], [0.19201, 42.91962], [0.19115, 42.91934], [0.19082, 42.91908], [0.19, 42.91818], [0.18919, 42.91752], [0.18805, 42.91631], [0.1872, 42.91586], [0.1871, 42.91564], [0.18715, 42.91509], [0.18662, 42.91439], [0.18657, 42.91404], [0.18663, 42.91372], [0.18652, 42.91351], [0.18474, 42.91287], [0.18436, 42.91254], [0.18407, 42.91177], [0.18367, 42.9114], [0.18249, 42.91091], [0.18151, 42.91038], [0.18001, 42.91007], [0.1796, 42.91006], [0.17925, 42.91022], [0.17897, 42.91077], [0.17879, 42.91096], [0.17852, 42.91105], [0.17798, 42.91107], [0.17736, 42.911], [0.1759, 42.91054], [0.17414, 42.91045], [0.17313, 42.91023], [0.16948, 42.91021], [0.16727, 42.90945], [0.16608, 42.90943], [0.16428, 42.90964], [0.16312, 42.90944], [0.1617, 42.90891], [0.15944, 42.90843], [0.15784, 42.90743], [0.15675, 42.90692], [0.15601, 42.90669], [0.15498, 42.90652], [0.15397, 42.90658], [0.15389, 42.90667], [0.15394, 42.90677], [0.15453, 42.90674], [0.15486, 42.90684], [0.15549, 42.9073], [0.15569, 42.90763], [0.15623, 42.90809], [0.15619, 42.90835], [0.15642, 42.9089], [0.15599, 42.90962], [0.15627, 42.90999], [0.15617, 42.91013], [0.15594, 42.91015], [0.15569, 42.91003], [0.15533, 42.90962], [0.15471, 42.90921], [0.15453, 42.90876], [0.15365, 42.90842], [0.15323, 42.90845], [0.1524, 42.90876], [0.15129, 42.90901], [0.15084, 42.90894], [0.14986, 42.90859], [0.14901, 42.90867], [0.1489, 42.90854], [0.1489, 42.90812], [0.14874, 42.90775], [0.14871, 42.90733], [0.14822, 42.90664], [0.1482, 42.90642], [0.14831, 42.90613], [0.14817, 42.906], [0.14803, 42.90606], [0.14794, 42.90622], [0.14766, 42.90719], [0.14748, 42.90748], [0.14612, 42.90855], [0.14583, 42.9086], [0.14541, 42.90845], [0.14512, 42.90819], [0.14521, 42.90783], [0.14513, 42.90746], [0.1452, 42.90699], [0.14652, 42.90568], [0.1467, 42.90529], [0.14662, 42.90517], [0.14649, 42.90525], [0.14638, 42.90552], [0.146, 42.9058], [0.14463, 42.90633], [0.14424, 42.90698], [0.14384, 42.90743], [0.14328, 42.90746], [0.14247, 42.90719], [0.14202, 42.90724], [0.14128, 42.90746], [0.14034, 42.90812], [0.14004, 42.90848], [0.13964, 42.90879], [0.13937, 42.90921], [0.13933, 42.9102], [0.1395, 42.91095], [0.13947, 42.91124], [0.1385, 42.91175], [0.13817, 42.91248], [0.13742, 42.91297], [0.13714, 42.91337], [0.13695, 42.91339], [0.13678, 42.91327], [0.13682, 42.91306], [0.13768, 42.91251], [0.13785, 42.91221], [0.1379, 42.91157], [0.13858, 42.91097], [0.13806, 42.91058], [0.13799, 42.90945], [0.13781, 42.90887], [0.1378, 42.90841], [0.13808, 42.90788], [0.13857, 42.90741], [0.13869, 42.90636], [0.13805, 42.90551], [0.13717, 42.90492], [0.1371, 42.90473], [0.13714, 42.90432], [0.13695, 42.9038], [0.13684, 42.90368], [0.13636, 42.90348], [0.13619, 42.90329], [0.13603, 42.90289], [0.13515, 42.90272], [0.13451, 42.90276], [0.13414, 42.90259], [0.13389, 42.90227], [0.1333, 42.90217], [0.13266, 42.90193], [0.13239, 42.90203], [0.13218, 42.90276], [0.13126, 42.9034], [0.13067, 42.90336], [0.12911, 42.90378], [0.1287, 42.90376], [0.12791, 42.90357], [0.12742, 42.90375], [0.12693, 42.90371], [0.12646, 42.90386], [0.12645, 42.90404], [0.1266, 42.90413], [0.12706, 42.90405], [0.12758, 42.90422], [0.12902, 42.90436], [0.12977, 42.90459], [0.13003, 42.90478], [0.13025, 42.90525], [0.13088, 42.90557], [0.13144, 42.9057], [0.13162, 42.9059], [0.13162, 42.90607], [0.13143, 42.90646], [0.1297, 42.90694], [0.12619, 42.90712], [0.12444, 42.90704], [0.12055, 42.90711], [0.11837, 42.90733], [0.11709, 42.90756], [0.11566, 42.90815], [0.11554, 42.90809], [0.11554, 42.90798], [0.11625, 42.90734], [0.11622, 42.90718], [0.11476, 42.90739], [0.11202, 42.90723], [0.10931, 42.90652], [0.1084, 42.9064], [0.10714, 42.90637], [0.106, 42.90617], [0.10549, 42.90631], [0.10471, 42.90631], [0.10202, 42.90661], [0.10188, 42.90651], [0.10193, 42.9064], [0.10267, 42.90633], [0.10362, 42.90599], [0.10451, 42.90555], [0.10463, 42.90539], [0.10463, 42.90529], [0.10448, 42.90522], [0.10372, 42.90557], [0.10259, 42.90568], [0.10203, 42.90566], [0.10161, 42.90552], [0.1016, 42.90538], [0.10177, 42.90529], [0.10229, 42.90529], [0.10269, 42.90516], [0.10357, 42.90442], [0.10366, 42.90408], [0.10358, 42.90395], [0.10337, 42.90376], [0.10276, 42.90351], [0.10081, 42.90322], [0.10023, 42.90355], [0.09978, 42.90361], [0.09715, 42.90338], [0.09477, 42.90333], [0.09385, 42.90322], [0.09143, 42.9027], [0.08996, 42.90272], [0.08656, 42.90187], [0.08396, 42.90158], [0.08325, 42.90158], [0.082, 42.90102], [0.08052, 42.90061], [0.07838, 42.89988], [0.07628, 42.89943], [0.07483, 42.89871], [0.07129, 42.89838], [0.06749, 42.8977], [0.0633, 42.89624], [0.05993, 42.896], [0.05952, 42.89575], [0.05947, 42.89552], [0.05953, 42.89513], [0.05948, 42.89502], [0.05929, 42.89493], [0.05907, 42.89498], [0.05896, 42.89511], [0.05912, 42.8954], [0.0591, 42.89553], [0.05892, 42.89564], [0.05876, 42.89562], [0.05825, 42.89498], [0.05757, 42.89452], [0.05622, 42.89406], [0.05394, 42.89307], [0.05267, 42.89279], [0.05129, 42.89213], [0.05101, 42.8919], [0.05058, 42.8912], [0.04974, 42.89062], [0.04896, 42.89052], [0.04839, 42.89015], [0.04814, 42.89014], [0.04804, 42.89025], [0.04809, 42.89039], [0.04877, 42.8909], [0.04876, 42.89104], [0.04857, 42.89112], [0.04744, 42.89045], [0.04704, 42.89004], [0.0468, 42.88939], [0.04645, 42.88878], [0.04625, 42.88796], [0.046, 42.88758], [0.0452, 42.88709], [0.04483, 42.88652], [0.04384, 42.88576], [0.04289, 42.88521], [0.04227, 42.88468], [0.0401, 42.88312], [0.03974, 42.88255], [0.03953, 42.88257], [0.03949, 42.88276], [0.03984, 42.88321], [0.04032, 42.88352], [0.04035, 42.88366], [0.04025, 42.88374], [0.03996, 42.88371], [0.03766, 42.88278], [0.03592, 42.88253], [0.03547, 42.88257], [0.0345, 42.88297], [0.03275, 42.88299], [0.03144, 42.88333], [0.03078, 42.88323], [0.03041, 42.88304], [0.02653, 42.87965], [0.02598, 42.87935], [0.02227, 42.87855], [0.01526, 42.87819], [0.01342, 42.87816], [0.01252, 42.87799], [0.00899, 42.87677], [0.00532, 42.8743], [0.00484, 42.87408], [-0.00166, 42.87229], [-0.00297, 42.87298], [-0.00317, 42.87312], [-0.00326, 42.8733], [-0.00959, 42.86931], [-0.00971, 42.86907], [-0.00988, 42.86775], [-0.00953, 42.86668], [-0.00897, 42.86613], [-0.0084, 42.86455], [-0.00794, 42.86381], [-0.00706, 42.86282], [-0.00594, 42.86231], [-0.00586, 42.86111], [-0.00574, 42.86062], [-0.00555, 42.86025], [-0.00504, 42.85988], [-0.00506, 42.85937], [-0.00478, 42.85891], [-0.00491, 42.8584], [-0.00542, 42.85762], [-0.00537, 42.85728], [-0.00497, 42.85658], [-0.00495, 42.856], [-0.00502, 42.85577], [-0.00568, 42.85483], [-0.00582, 42.85446], [-0.00578, 42.85379], [-0.00591, 42.85276], [-0.00605, 42.85257], [-0.00659, 42.85232], [-0.0068, 42.85197], [-0.00732, 42.85188], [-0.00744, 42.85174], [-0.00723, 42.85133], [-0.00711, 42.85056], [-0.00659, 42.85001], [-0.00646, 42.84926], [-0.00692, 42.84755], [-0.00684, 42.84677], [-0.00713, 42.8461], [-0.0071, 42.84548], [-0.00729, 42.84406], [-0.00725, 42.8437], [-0.007, 42.84333], [-0.00628, 42.84261], [-0.00594, 42.84188], [-0.00584, 42.84131], [-0.00534, 42.83997], [-0.00435, 42.83885], [-0.00406, 42.83836], [-0.00332, 42.83791], [-0.00331, 42.83766], [-0.00379, 42.83721], [-0.00379, 42.83709], [-0.00276, 42.8362], [-0.0016, 42.83575], [-0.00095, 42.83529], [-0.0008, 42.83509], [-0.00046, 42.83422], [-4e-05, 42.83368], [6e-05, 42.83333], [0.00023, 42.8331], [0.00145, 42.83256], [0.00191, 42.83214], [0.00437, 42.83057], [0.00492, 42.82986], [0.00586, 42.82937], [0.00637, 42.82892], [0.00664, 42.8286], [0.00697, 42.82785], [0.00816, 42.82672], [0.00865, 42.82511], [0.00868, 42.82458], [0.00876, 42.8245], [0.00922, 42.82441], [0.00936, 42.82429], [0.00941, 42.82284], [0.00924, 42.82196], [0.01008, 42.82056], [0.01017, 42.81912], [0.00959, 42.81732], [0.00863, 42.81601], [0.00849, 42.81498], [0.00811, 42.81425], [0.00799, 42.81281], [0.00825, 42.81093], [0.00842, 42.81031], [0.00868, 42.8098], [0.00917, 42.80919], [0.0098, 42.80858], [0.0108, 42.80705], [0.01178, 42.80598], [0.01263, 42.80544], [0.01296, 42.80497], [0.01356, 42.80352], [0.01342, 42.8018], [0.01363, 42.80064], [0.01406, 42.80014], [0.016, 42.79849], [0.01659, 42.79766], [0.0166, 42.79737], [0.0165, 42.79714], [0.01618, 42.79679], [0.01565, 42.79641], [0.01558, 42.79626], [0.01562, 42.79612], [0.01576, 42.79597], [0.016, 42.79588], [0.01713, 42.79596], [0.01752, 42.79586], [0.01777, 42.79569], [0.01802, 42.79532], [0.018, 42.79464], [0.01866, 42.79419], [0.01912, 42.79326], [0.01916, 42.79285], [0.01903, 42.79246], [0.01859, 42.79184], [0.01799, 42.79145], [0.0178, 42.79124], [0.0177, 42.79097], [0.01775, 42.7907], [0.01824, 42.79008], [0.01924, 42.78942], [0.01955, 42.78875], [0.01943, 42.78814], [0.01975, 42.78765], [0.02002, 42.78746], [0.02102, 42.78716], [0.02124, 42.78699], [0.02126, 42.78687], [0.02114, 42.78667], [0.02054, 42.78637], [0.02026, 42.78609], [0.02016, 42.78569], [0.02024, 42.78502], [0.02008, 42.78475], [0.01918, 42.78377], [0.01834, 42.78332], [0.01828, 42.78317], [0.01852, 42.78313], [0.01901, 42.78346], [0.01983, 42.78383], [0.02227, 42.7855], [0.02323, 42.78593], [0.02341, 42.78591], [0.02347, 42.7858], [0.02267, 42.78543], [0.02071, 42.78338], [0.02, 42.78303], [0.01936, 42.78288], [0.01866, 42.78222], [0.01856, 42.78198], [0.01872, 42.78054], [0.01865, 42.78002], [0.01809, 42.77915], [0.01715, 42.77806], [0.01604, 42.77724], [0.01521, 42.77674], [0.01463, 42.77651], [0.01378, 42.77572], [0.01299, 42.77555], [0.01214, 42.77489], [0.01127, 42.77463], [0.01058, 42.77413], [0.0101, 42.77265], [0.00911, 42.77182], [0.00858, 42.77126], [0.00817, 42.77017], [0.00776, 42.76968], [0.00703, 42.76922], [0.00684, 42.76855], [0.00657, 42.76828], [0.00647, 42.7679], [0.00573, 42.76683], [0.00549, 42.76612], [0.00545, 42.76556], [0.00531, 42.76521], [0.00432, 42.76392], [0.004, 42.76305], [0.00281, 42.76094], [0.0025, 42.76049], [0.00189, 42.75993], [0.00185, 42.75969], [0.00206, 42.75855], [0.00174, 42.7574], [0.00154, 42.75695], [-3e-05, 42.75519], [-0.00159, 42.75377], [-0.00175, 42.75323], [-0.00151, 42.75244], [-0.00159, 42.75207], [-0.00219, 42.75129], [-0.00312, 42.75057], [-0.00385, 42.74984], [-0.00403, 42.74917], [-0.00444, 42.74863], [-0.00466, 42.74799], [-0.00512, 42.74711], [-0.00533, 42.74618], [-0.00534, 42.74591], [-0.00524, 42.74559], [-0.00438, 42.74412], [-0.00436, 42.7438], [-0.00445, 42.7435], [-0.00479, 42.74326], [-0.0058095, 42.7430103], [-0.0062, 42.74258], [-0.00649, 42.74239], [-0.00663, 42.74217], [-0.00667, 42.74139], [-0.0068, 42.74105], [-0.00708, 42.74082], [-0.00791, 42.74046], [-0.00835, 42.74005], [-0.00856, 42.73975], [-0.00902, 42.73839], [-0.00927, 42.73817], [-0.00976, 42.73799], [-0.00997, 42.7378], [-0.01018, 42.73713], [-0.01016, 42.73624], [-0.01004, 42.73602], [-0.00965, 42.73572], [-0.0096, 42.7356], [-0.01027, 42.73494], [-0.01106, 42.73527], [-0.01191, 42.7355], [-0.01217, 42.73567], [-0.01264, 42.73615], [-0.0128085, 42.7368434]]}, "properties": {"stage": 6, "source": "aso-arcgis", "length_km": 186.2, "official_km": 186.2, "licence": "All rights reserved (Amaury Sport Organisation)"}}, {"type": "Feature", "geometry": {"type": "LineString", "coordinates": [[-0.5881394, 43.6679317], [-0.58389, 43.68048], [-0.5836, 43.68107], [-0.58279, 43.68222], [-0.58256, 43.68289], [-0.57802, 43.71575], [-0.57759, 43.71774], [-0.57505, 43.72735], [-0.57273, 43.73029], [-0.5716, 43.73138], [-0.56998, 43.73816], [-0.56943, 43.73919], [-0.56664, 43.7432], [-0.56586, 43.74401], [-0.56497, 43.74473], [-0.56214, 43.74675], [-0.56172, 43.74677], [-0.5615, 43.74686], [-0.56138, 43.74702], [-0.56142, 43.74725], [-0.56118, 43.74747], [-0.55951, 43.74864], [-0.5572, 43.74999], [-0.55617, 43.7508], [-0.5552, 43.75184], [-0.5534, 43.75416], [-0.55105, 43.75626], [-0.55068, 43.75679], [-0.55045, 43.75735], [-0.55033, 43.75822], [-0.55044, 43.75884], [-0.55075, 43.75952], [-0.55131, 43.76019], [-0.55243, 43.76097], [-0.55662, 43.76292], [-0.55749, 43.76344], [-0.55823, 43.76416], [-0.55823, 43.76456], [-0.55831, 43.76474], [-0.55863, 43.76485], [-0.55875, 43.76498], [-0.559, 43.76591], [-0.55817, 43.77081], [-0.55795, 43.77146], [-0.55703, 43.77348], [-0.55669, 43.775], [-0.55638, 43.77535], [-0.55641, 43.77556], [-0.55662, 43.77571], [-0.55674, 43.77593], [-0.55689, 43.77702], [-0.55691, 43.77806], [-0.55675, 43.77914], [-0.55424, 43.79396], [-0.55389, 43.795], [-0.55303, 43.79682], [-0.5529, 43.79701], [-0.55261, 43.79713], [-0.55252, 43.79726], [-0.55256, 43.79747], [-0.55275, 43.79767], [-0.55278, 43.79795], [-0.55261, 43.79898], [-0.55235, 43.7998], [-0.55196, 43.80061], [-0.54723, 43.80852], [-0.54638, 43.81023], [-0.54492, 43.81227], [-0.54205, 43.81701], [-0.54098, 43.81853], [-0.54004, 43.82065], [-0.53974, 43.82117], [-0.5379, 43.82406], [-0.53725, 43.82442], [-0.53725, 43.82459], [-0.53743, 43.82478], [-0.53737, 43.82502], [-0.53665, 43.82615], [-0.5353, 43.82781], [-0.53302, 43.83156], [-0.53178, 43.83419], [-0.53158, 43.83447], [-0.53125, 43.83469], [-0.53116, 43.83519], [-0.52937, 43.83833], [-0.52599, 43.84388], [-0.52502, 43.84511], [-0.52483, 43.84525], [-0.52466, 43.84523], [-0.5243, 43.84535], [-0.52421, 43.8456], [-0.52426, 43.84573], [-0.52407, 43.84596], [-0.52249, 43.84727], [-0.52138, 43.84861], [-0.5194, 43.85222], [-0.5176, 43.85728], [-0.51714, 43.85816], [-0.51573, 43.86052], [-0.51474, 43.86237], [-0.51405, 43.86312], [-0.51359, 43.86387], [-0.51328, 43.86474], [-0.513, 43.86525], [-0.49997, 43.88698], [-0.49969, 43.88706], [-0.4997, 43.88722], [-0.49999, 43.88738], [-0.50034, 43.88826], [-0.50106, 43.88947], [-0.5012, 43.89009], [-0.50122, 43.89109], [-0.50156, 43.89149], [-0.50197, 43.89223], [-0.50138, 43.89255], [-0.50148, 43.893], [-0.4973, 43.8934], [-0.49632, 43.89359], [-0.48324, 43.90065], [-0.48292, 43.90066], [-0.48288, 43.90085], [-0.48315, 43.90091], [-0.48317, 43.90098], [-0.48314, 43.90144], [-0.48303, 43.90171], [-0.48237, 43.90266], [-0.48233, 43.90315], [-0.48278, 43.90367], [-0.48571, 43.90586], [-0.48589, 43.90632], [-0.48631, 43.90658], [-0.48634, 43.90687], [-0.48616, 43.90748], [-0.48636, 43.90887], [-0.4862, 43.90922], [-0.4859, 43.90948], [-0.48249, 43.91095], [-0.48229, 43.91111], [-0.48177, 43.91181], [-0.48079, 43.91235], [-0.48047, 43.91261], [-0.48019, 43.91307], [-0.48015, 43.91335], [-0.48129, 43.9161], [-0.48163, 43.91656], [-0.49064, 43.92346], [-0.49105, 43.92372], [-0.49157, 43.92387], [-0.49601, 43.92435], [-0.49674, 43.92416], [-0.49705, 43.92379], [-0.49771, 43.92262], [-0.502, 43.91599], [-0.5022, 43.91578], [-0.50255, 43.9156], [-0.50329, 43.91557], [-0.50614, 43.91592], [-0.51192, 43.91699], [-0.5124, 43.91712], [-0.51273, 43.91732], [-0.51303, 43.91776], [-0.51637, 43.92481], [-0.51688, 43.926], [-0.51731, 43.92742], [-0.51753, 43.92761], [-0.51779, 43.92764], [-0.51767, 43.92814], [-0.51771, 43.9288], [-0.5192, 43.93398], [-0.5196, 43.93502], [-0.52689, 43.94972], [-0.52884, 43.95261], [-0.52923, 43.95336], [-0.52944, 43.95415], [-0.52949, 43.95509], [-0.52959, 43.95998], [-0.52943, 43.9622], [-0.53118, 43.96842], [-0.53293, 43.98134], [-0.53277, 43.9821], [-0.5295, 43.98997], [-0.5291, 43.99334], [-0.52741, 43.99581], [-0.52302, 44.0043], [-0.52283, 44.00483], [-0.5234, 44.00816], [-0.52376, 44.00861], [-0.52499, 44.00932], [-0.52537, 44.00971], [-0.52697, 44.01415], [-0.52705, 44.01461], [-0.52538, 44.02462], [-0.52528, 44.02543], [-0.52531, 44.02603], [-0.52549, 44.0267], [-0.52834, 44.03367], [-0.53034, 44.03761], [-0.53109, 44.03842], [-0.53445, 44.04067], [-0.53517, 44.04157], [-0.53542, 44.04229], [-0.53558, 44.04345], [-0.53552, 44.04461], [-0.53579, 44.04603], [-0.53603, 44.05074], [-0.536, 44.05135], [-0.53566, 44.05255], [-0.53341, 44.05722], [-0.53309, 44.05806], [-0.5328, 44.05921], [-0.53266, 44.06042], [-0.53254, 44.06363], [-0.53362, 44.06765], [-0.5339, 44.06818], [-0.53426, 44.06858], [-0.54033, 44.07374], [-0.54091, 44.07433], [-0.54604, 44.08262], [-0.54668, 44.0837], [-0.54693, 44.08439], [-0.54706, 44.09141], [-0.54516, 44.09779], [-0.54525, 44.09824], [-0.54617, 44.09968], [-0.5463, 44.10014], [-0.54611, 44.10098], [-0.54463, 44.10577], [-0.54458, 44.10613], [-0.54737, 44.12115], [-0.54783, 44.1333], [-0.54779, 44.13412], [-0.53473, 44.17648], [-0.53135, 44.19575], [-0.52452, 44.23357], [-0.52282, 44.23834], [-0.52139, 44.2408], [-0.52117, 44.2413], [-0.52085, 44.2434], [-0.52025, 44.24643], [-0.52001, 44.24869], [-0.52007, 44.24937], [-0.52046, 44.25075], [-0.52126, 44.2515], [-0.5215, 44.25197], [-0.52162, 44.25821], [-0.52158, 44.25895], [-0.52118, 44.26172], [-0.52101, 44.26206], [-0.52037, 44.26278], [-0.52067, 44.26293], [-0.52303, 44.26363], [-0.52723, 44.26384], [-0.54316, 44.26569], [-0.54648, 44.26626], [-0.54725, 44.26621], [-0.54988, 44.26581], [-0.5568, 44.26522], [-0.56427, 44.26589], [-0.56495, 44.26603], [-0.56534, 44.26623], [-0.5692, 44.26992], [-0.56992, 44.27042], [-0.57229, 44.27179], [-0.5726, 44.27202], [-0.57299, 44.27247], [-0.57586, 44.27736], [-0.5777, 44.28024], [-0.5781, 44.281], [-0.58091, 44.29063], [-0.58146, 44.2921], [-0.5821, 44.29299], [-0.58637, 44.29714], [-0.58679, 44.29774], [-0.58972, 44.30664], [-0.5897, 44.30738], [-0.58877, 44.31273], [-0.58657, 44.31786], [-0.58567, 44.32022], [-0.58564, 44.32064], [-0.58614, 44.32174], [-0.58614, 44.32192], [-0.58588, 44.32218], [-0.5852, 44.32241], [-0.58493, 44.32296], [-0.58478, 44.3231], [-0.58425, 44.32324], [-0.58254, 44.32328], [-0.57855, 44.32307], [-0.57782, 44.32294], [-0.575, 44.32209], [-0.57447, 44.32202], [-0.57317, 44.32233], [-0.57275, 44.32267], [-0.56893, 44.32818], [-0.56473, 44.33321], [-0.55691, 44.34589], [-0.54956, 44.35484], [-0.53704, 44.37524], [-0.53633, 44.37623], [-0.52391, 44.38578], [-0.49784, 44.40541], [-0.49745, 44.40583], [-0.49705, 44.40646], [-0.4946, 44.41086], [-0.4928, 44.41654], [-0.49153, 44.42097], [-0.4915, 44.42132], [-0.49169, 44.42265], [-0.49061, 44.42703], [-0.48989, 44.42818], [-0.48936, 44.42964], [-0.49474, 44.44348], [-0.49489, 44.44408], [-0.4916218, 44.4569997], [-0.4914, 44.45759], [-0.491, 44.45815], [-0.49636, 44.45938], [-0.49689, 44.45959], [-0.49731, 44.46003], [-0.49952, 44.46382], [-0.49973, 44.46453], [-0.50104, 44.47597], [-0.50535, 44.4887], [-0.50528, 44.48914], [-0.50465, 44.49014], [-0.5027, 44.49129], [-0.50226, 44.49208], [-0.50214, 44.49285], [-0.50193, 44.49326], [-0.50197, 44.49373], [-0.50221, 44.49427], [-0.50278, 44.49475], [-0.50281, 44.49493], [-0.50058, 44.50445], [-0.5005, 44.50508], [-0.49958, 44.52708], [-0.50169, 44.54692], [-0.50186, 44.54732], [-0.50257, 44.54795], [-0.5016, 44.5481], [-0.48854, 44.54793], [-0.48806, 44.54805], [-0.47453, 44.55304], [-0.44937, 44.55902], [-0.4484, 44.55907], [-0.43994, 44.55849], [-0.43852, 44.55851], [-0.43784, 44.55867], [-0.43568, 44.55946], [-0.43291, 44.55973], [-0.42718, 44.56134], [-0.42656, 44.5614], [-0.42171, 44.56135], [-0.41965, 44.56226], [-0.4183, 44.56271], [-0.41741, 44.56448], [-0.4157, 44.56689], [-0.41527, 44.56723], [-0.41353, 44.56772], [-0.41298, 44.56808], [-0.41285, 44.56862], [-0.41245, 44.56904], [-0.41135, 44.57075], [-0.40961, 44.57182], [-0.40862, 44.57266], [-0.40698, 44.5743], [-0.4061, 44.5756], [-0.40505, 44.57683], [-0.40362, 44.57795], [-0.40306, 44.5789], [-0.40303, 44.57978], [-0.40291, 44.58023], [-0.40243, 44.58087], [-0.40213, 44.58097], [-0.40095, 44.58103], [-0.40056, 44.58118], [-0.39941, 44.58206], [-0.39781, 44.58376], [-0.39557, 44.58548], [-0.39466, 44.58632], [-0.39427, 44.58656], [-0.39002, 44.58841], [-0.38713, 44.58871], [-0.3856, 44.58917], [-0.38076, 44.5921], [-0.37746, 44.59368], [-0.37581, 44.59485], [-0.37421, 44.59632], [-0.37333, 44.59745], [-0.37309, 44.59789], [-0.3729, 44.59796], [-0.37215, 44.59795], [-0.37135, 44.59822], [-0.37095, 44.59854], [-0.3706, 44.5991], [-0.37009, 44.59942], [-0.37002, 44.59975], [-0.37019, 44.60047], [-0.37017, 44.60183], [-0.37021, 44.60217], [-0.37045, 44.60273], [-0.37118, 44.60356], [-0.37377, 44.60574], [-0.37415, 44.60626], [-0.37432, 44.60675], [-0.37434, 44.60724], [-0.37419, 44.60775], [-0.37285, 44.60975], [-0.37244, 44.61057], [-0.37228, 44.61125], [-0.37228, 44.61206], [-0.37108, 44.61193], [-0.36876, 44.61132], [-0.36731, 44.61084], [-0.36691, 44.61061], [-0.36656, 44.61029], [-0.36617, 44.60965], [-0.36571, 44.60975], [-0.36541, 44.6097], [-0.36402, 44.6088], [-0.3634, 44.60849], [-0.36259, 44.60839], [-0.36175, 44.60866], [-0.35985, 44.6098], [-0.3588, 44.61104], [-0.35795, 44.61302], [-0.35552, 44.61593], [-0.35335, 44.61953], [-0.35249, 44.62122], [-0.35209, 44.62265], [-0.35187, 44.62315], [-0.35108, 44.62412], [-0.35072, 44.62443], [-0.34987, 44.62495], [-0.34823, 44.62541], [-0.34702, 44.62606], [-0.34565, 44.62662], [-0.34261, 44.62862], [-0.34119, 44.62936], [-0.34018, 44.62978], [-0.33942, 44.62986], [-0.33858, 44.63016], [-0.33848, 44.63028], [-0.33852, 44.63063], [-0.33839, 44.63073], [-0.33715, 44.63114], [-0.33318, 44.63107], [-0.33238, 44.63118], [-0.33156, 44.6315], [-0.32906, 44.63276], [-0.32651, 44.63346], [-0.32592, 44.63384], [-0.32377, 44.63604], [-0.32183, 44.63677], [-0.32178, 44.63685], [-0.32259, 44.63817], [-0.32243, 44.63824], [-0.3225, 44.63841], [-0.3221, 44.63866], [-0.32236, 44.63947], [-0.32333, 44.64076], [-0.32409, 44.64161], [-0.32419, 44.64183], [-0.32406, 44.64202], [-0.32246, 44.64279], [-0.32237, 44.64291], [-0.32239, 44.64305], [-0.32319, 44.64434], [-0.32327, 44.64452], [-0.32317, 44.64456], [-0.32318, 44.64466], [-0.32337, 44.64464], [-0.32355, 44.64479], [-0.3244, 44.64579], [-0.32575, 44.64679], [-0.32622, 44.64723], [-0.31907, 44.65207], [-0.31884, 44.65227], [-0.31801, 44.65351], [-0.31805, 44.65397], [-0.31839, 44.65449], [-0.31994, 44.65617], [-0.32195, 44.65802], [-0.32228, 44.65855], [-0.32216, 44.66325], [-0.32196, 44.66367], [-0.32123, 44.66442], [-0.32094, 44.6649], [-0.32062, 44.66719], [-0.32066, 44.66851], [-0.32116, 44.67016], [-0.32183, 44.67296], [-0.32193, 44.67405], [-0.32169, 44.67503], [-0.32127, 44.67585], [-0.32018, 44.67678], [-0.31851, 44.67872], [-0.31854, 44.67921], [-0.31838, 44.6796], [-0.31842, 44.67987], [-0.32018, 44.6811], [-0.32033, 44.68139], [-0.31997, 44.68241], [-0.3198, 44.68361], [-0.31964, 44.68398], [-0.31839, 44.68501], [-0.31794, 44.68548], [-0.3172, 44.68644], [-0.31577, 44.68879], [-0.31575, 44.68915], [-0.31594, 44.68958], [-0.31595, 44.68987], [-0.31547, 44.69087], [-0.31542, 44.69127], [-0.31588, 44.69252], [-0.31649, 44.69352], [-0.31648, 44.6938], [-0.31567, 44.69501], [-0.31493, 44.69591], [-0.31304, 44.69751], [-0.31509, 44.70833], [-0.31525, 44.70865], [-0.31558, 44.70894], [-0.31943, 44.71111], [-0.32021, 44.71136], [-0.32505, 44.71171], [-0.32907, 44.71055], [-0.33035, 44.7103], [-0.33064, 44.71041], [-0.3308, 44.71072], [-0.33115, 44.7111], [-0.33119, 44.71184], [-0.33164, 44.71261], [-0.33151, 44.7136], [-0.33153, 44.71419], [-0.33164, 44.71447], [-0.33223, 44.71526], [-0.33233, 44.71564], [-0.33224, 44.71674], [-0.33097, 44.71907], [-0.33085, 44.71944], [-0.33097, 44.71987], [-0.33207, 44.72137], [-0.33608, 44.72187], [-0.3365, 44.72181], [-0.33741, 44.72144], [-0.33783, 44.72142], [-0.34064, 44.72229], [-0.3427, 44.72219], [-0.34601, 44.72307], [-0.34687, 44.72316], [-0.34784, 44.72301], [-0.34906, 44.72224], [-0.35132, 44.72139], [-0.35289, 44.72059], [-0.35369, 44.72042], [-0.35566, 44.72032], [-0.35738, 44.71951], [-0.35914, 44.71974], [-0.36021, 44.71939], [-0.36128, 44.71931], [-0.36173, 44.71941], [-0.36244, 44.71974], [-0.36322, 44.71988], [-0.36424, 44.71955], [-0.3657, 44.7195], [-0.36708, 44.71878], [-0.36731, 44.71857], [-0.36776, 44.71789], [-0.36814, 44.71776], [-0.37385, 44.71804], [-0.3742, 44.71818], [-0.37484, 44.71869], [-0.37528, 44.71887], [-0.37794, 44.71917], [-0.38033, 44.71956], [-0.38145, 44.71957], [-0.38281, 44.71941], [-0.38336, 44.71903], [-0.38449, 44.71846], [-0.38617, 44.71784], [-0.38729, 44.71726], [-0.3885, 44.71687], [-0.38916, 44.71656], [-0.38955, 44.71628], [-0.39014, 44.71558], [-0.391, 44.71506], [-0.39471, 44.7137], [-0.39594, 44.71313], [-0.39608, 44.71314], [-0.3967, 44.71366], [-0.39679, 44.71362], [-0.39752, 44.713], [-0.39851, 44.71191], [-0.39891, 44.71158], [-0.40015, 44.71123], [-0.40074, 44.71073], [-0.40199, 44.71005], [-0.40234, 44.70997], [-0.4025, 44.71005], [-0.40262, 44.70998], [-0.40906, 44.71202], [-0.41234, 44.71314], [-0.41436, 44.71441], [-0.41654, 44.71606], [-0.41704, 44.71656], [-0.41808, 44.71802], [-0.41897, 44.71862], [-0.4198, 44.71895], [-0.42254, 44.71968], [-0.42489, 44.72058], [-0.42848, 44.72256], [-0.43017, 44.72326], [-0.43249, 44.72399], [-0.43514, 44.7245], [-0.43623, 44.72484], [-0.43751, 44.72512], [-0.43917, 44.72537], [-0.44195, 44.72541], [-0.44389, 44.72592], [-0.44801, 44.72652], [-0.45107, 44.72662], [-0.45428, 44.72728], [-0.45665, 44.72824], [-0.45882, 44.72846], [-0.45933, 44.72858], [-0.46057, 44.72907], [-0.46226, 44.73042], [-0.46264, 44.73088], [-0.46298, 44.73185], [-0.4632, 44.73203], [-0.46459, 44.73228], [-0.46562, 44.73266], [-0.46828, 44.73338], [-0.46917, 44.73388], [-0.47029, 44.73432], [-0.47315, 44.73534], [-0.47507, 44.73588], [-0.47944, 44.73752], [-0.47986, 44.7379], [-0.48073, 44.73929], [-0.48217, 44.74033], [-0.48321, 44.74125], [-0.48548, 44.74358], [-0.48702, 44.74565], [-0.48991, 44.74789], [-0.49066, 44.74858], [-0.49258, 44.75086], [-0.4944, 44.75269], [-0.49607, 44.7547], [-0.4967, 44.75576], [-0.49682, 44.75657], [-0.4968, 44.75734], [-0.49648, 44.75893], [-0.49634, 44.75896], [-0.49626, 44.75908], [-0.49631, 44.75919], [-0.49645, 44.75924], [-0.49597, 44.76155], [-0.49414, 44.76658], [-0.49347, 44.76918], [-0.49291, 44.77053], [-0.49275, 44.7731], [-0.49312, 44.77582], [-0.49337, 44.77658], [-0.49383, 44.7773], [-0.49565, 44.77893], [-0.49588, 44.77932], [-0.49624, 44.7794], [-0.49655, 44.77927], [-0.49694, 44.77928], [-0.49744, 44.77937], [-0.49805, 44.77964], [-0.50423, 44.78335], [-0.50498, 44.78391], [-0.50542, 44.78452], [-0.50544, 44.78489], [-0.50576, 44.78508], [-0.50616, 44.78571], [-0.50856, 44.79095], [-0.51126, 44.79571], [-0.51276, 44.79817], [-0.51266, 44.79839], [-0.51281, 44.7985], [-0.51303, 44.7985], [-0.51495, 44.80169], [-0.51814, 44.80737], [-0.51913, 44.80895], [-0.5195, 44.80978], [-0.51942, 44.81004], [-0.51948, 44.81023], [-0.51974, 44.81035], [-0.52009, 44.81031], [-0.52188, 44.81157], [-0.52243, 44.81202], [-0.52253, 44.81221], [-0.52347, 44.81308], [-0.52339, 44.81331], [-0.52354, 44.8135], [-0.52378, 44.81357], [-0.52455, 44.81353], [-0.52532, 44.8137], [-0.52662, 44.81426], [-0.52741, 44.81477], [-0.52792, 44.81521], [-0.5302, 44.81823], [-0.5329, 44.82239], [-0.5334403, 44.8230543], [-0.5334146, 44.8232776], [-0.5328203, 44.8235943], [-0.532801, 44.8237128], [-0.5337535, 44.8246208], [-0.5343, 44.82441], [-0.5391362, 44.821909], [-0.5399709, 44.8215971], [-0.54132, 44.82095], [-0.54163, 44.82138], [-0.54185, 44.82255], [-0.54206, 44.82285], [-0.54408, 44.82438], [-0.54647, 44.826], [-0.55022, 44.82821], [-0.55473, 44.83064], [-0.55748, 44.83183], [-0.55786, 44.8319], [-0.55874, 44.83176], [-0.56015, 44.83253], [-0.56141, 44.83334], [-0.56283, 44.83441], [-0.56432, 44.83596], [-0.56683, 44.83806], [-0.56832, 44.83971], [-0.56895, 44.84064], [-0.56988, 44.84267], [-0.570764, 44.8458569]]}, "properties": {"stage": 7, "source": "aso-arcgis", "length_km": 175.1, "official_km": 175.1, "licence": "All rights reserved (Amaury Sport Organisation)"}}, {"type": "Feature", "geometry": {"type": "LineString", "coordinates": [[0.7698727, 45.167025], [0.77084, 45.16532], [0.77182, 45.16382], [0.77291, 45.16288], [0.77716, 45.15832], [0.78156, 45.15491], [0.783, 45.15363], [0.78295, 45.15351], [0.78309, 45.15333], [0.78347, 45.15339], [0.78682, 45.15158], [0.78791, 45.15114], [0.78983, 45.15076], [0.79206, 45.15054], [0.79219, 45.15036], [0.79241, 45.15031], [0.79263, 45.15039], [0.79271, 45.1505], [0.79587, 45.15015], [0.79682, 45.14985], [0.79752, 45.14941], [0.79807, 45.14887], [0.79844, 45.14822], [0.79867, 45.14703], [0.79893, 45.14635], [0.79949, 45.14579], [0.80078, 45.14489], [0.80117, 45.14439], [0.80133, 45.14405], [0.8014, 45.14351], [0.80113, 45.14345], [0.80105, 45.14335], [0.80107, 45.1432], [0.80152, 45.14297], [0.80238, 45.14199], [0.80474, 45.14019], [0.80492, 45.14003], [0.80495, 45.13988], [0.80517, 45.13985], [0.80562, 45.13952], [0.81109, 45.13545], [0.81216, 45.13454], [0.81285, 45.13432], [0.81415, 45.1342], [0.81493, 45.13438], [0.81597, 45.13436], [0.81685, 45.13422], [0.81748, 45.13399], [0.82024, 45.13251], [0.82446, 45.13149], [0.82527, 45.13134], [0.82717, 45.13117], [0.82978, 45.13063], [0.83518, 45.1287], [0.83802, 45.128], [0.84117, 45.12638], [0.8467, 45.12294], [0.84785, 45.12235], [0.8495, 45.12182], [0.85066, 45.12167], [0.8517, 45.1217], [0.85914, 45.12298], [0.86036, 45.12288], [0.86218, 45.12229], [0.863, 45.1222], [0.86602, 45.1222], [0.86998, 45.12208], [0.87097, 45.12216], [0.87282, 45.12253], [0.87372, 45.12263], [0.87432, 45.12261], [0.87616, 45.12234], [0.88108, 45.12213], [0.88426, 45.12224], [0.88551, 45.12248], [0.89028, 45.12402], [0.89489, 45.12474], [0.90011, 45.12593], [0.90078, 45.12599], [0.90175, 45.12595], [0.90406, 45.1253], [0.90493, 45.12514], [0.90769, 45.12502], [0.90858, 45.12509], [0.9096, 45.12539], [0.91137, 45.12619], [0.91212, 45.12641], [0.91497, 45.12668], [0.9178, 45.12726], [0.92127, 45.1286], [0.92568, 45.12918], [0.92677, 45.12924], [0.92779, 45.1291], [0.92907, 45.12872], [0.93247, 45.12744], [0.93477, 45.12717], [0.93641, 45.12689], [0.93928, 45.12624], [0.94117, 45.12613], [0.94232, 45.12589], [0.9433, 45.12542], [0.94446, 45.12444], [0.9449, 45.12416], [0.94726, 45.12341], [0.94885, 45.12242], [0.95108, 45.12148], [0.95247, 45.12101], [0.95423, 45.12002], [0.95517, 45.11961], [0.95662, 45.11931], [0.95866, 45.11866], [0.95961, 45.11849], [0.96437, 45.11836], [0.96527, 45.11847], [0.96637, 45.11883], [0.97068, 45.12143], [0.97147, 45.12178], [0.97329, 45.12239], [0.97476, 45.1233], [0.97639, 45.12401], [0.97756, 45.12434], [0.9782, 45.12443], [0.9794, 45.12446], [0.98101, 45.12438], [0.98148, 45.12445], [0.98202, 45.12475], [0.98255, 45.12558], [0.98279, 45.12582], [0.98477, 45.12691], [0.98525, 45.12711], [0.98837, 45.12773], [0.99114, 45.12888], [0.99239, 45.12904], [0.9996, 45.12961], [1.00166, 45.12961], [1.00269, 45.12977], [1.00753, 45.13112], [1.01173, 45.13244], [1.0125, 45.13275], [1.01628, 45.13462], [1.01768, 45.13511], [1.01863, 45.13527], [1.02322, 45.13559], [1.03011, 45.13674], [1.03146, 45.13674], [1.03233, 45.13653], [1.03292, 45.13629], [1.03639, 45.1344], [1.03705, 45.13424], [1.03815, 45.13429], [1.03903, 45.13462], [1.04058, 45.13574], [1.04524, 45.13841], [1.04577, 45.13863], [1.04823, 45.13917], [1.04932, 45.13953], [1.05156, 45.14085], [1.05201, 45.14104], [1.05349, 45.14135], [1.06124, 45.14222], [1.06265, 45.14229], [1.0639, 45.14213], [1.06514, 45.14182], [1.06709, 45.14163], [1.06891, 45.1409], [1.07148, 45.14063], [1.07083, 45.13761], [1.07089, 45.1374], [1.07111, 45.13722], [1.07222, 45.13738], [1.07432, 45.1382], [1.07519, 45.13889], [1.07564, 45.13894], [1.07613, 45.13875], [1.0763, 45.13847], [1.0762, 45.13787], [1.07633, 45.13722], [1.07568, 45.13604], [1.07562, 45.13567], [1.07583, 45.13516], [1.0765, 45.13463], [1.07657, 45.13431], [1.07645, 45.13402], [1.07604, 45.13358], [1.07587, 45.13317], [1.07562, 45.13219], [1.07546, 45.13087], [1.07523, 45.13016], [1.07527, 45.12992], [1.07657, 45.12878], [1.0789, 45.12761], [1.08026, 45.12719], [1.08081, 45.12689], [1.08125, 45.12644], [1.08329, 45.12387], [1.08399, 45.12325], [1.08444, 45.123], [1.08712, 45.1221], [1.08964, 45.12167], [1.09139, 45.12102], [1.09251, 45.12093], [1.09289, 45.12073], [1.0934, 45.12025], [1.09388, 45.12004], [1.09513, 45.12004], [1.0964, 45.11972], [1.10084, 45.11969], [1.10426, 45.11916], [1.106, 45.1187], [1.10802, 45.11792], [1.11178, 45.11607], [1.1132, 45.11558], [1.115, 45.11457], [1.12531, 45.10962], [1.12689, 45.10895], [1.12811, 45.10854], [1.13371, 45.10697], [1.1374, 45.10606], [1.14316, 45.10425], [1.1456, 45.10313], [1.14672, 45.10294], [1.14846, 45.10282], [1.14945, 45.10262], [1.15057, 45.10223], [1.15142, 45.10169], [1.15239, 45.10082], [1.15333, 45.09965], [1.15387, 45.09872], [1.15471, 45.09661], [1.15532, 45.09413], [1.15655, 45.0914], [1.15689, 45.09048], [1.15709, 45.0895], [1.15716, 45.08859], [1.157, 45.08687], [1.15701, 45.08604], [1.15731, 45.08512], [1.15814, 45.08371], [1.15907, 45.08299], [1.15956, 45.0825], [1.16039, 45.08107], [1.1607, 45.08071], [1.16209, 45.07949], [1.1628, 45.07904], [1.16488, 45.07833], [1.17148, 45.07721], [1.17248, 45.07691], [1.17249, 45.07659], [1.17177, 45.07478], [1.1713, 45.07395], [1.17078, 45.07349], [1.16619, 45.07028], [1.16585, 45.06997], [1.16568, 45.06996], [1.1656, 45.06986], [1.16573, 45.06974], [1.16672, 45.06552], [1.16669, 45.06522], [1.16563, 45.06532], [1.16514, 45.06511], [1.16734, 45.0633], [1.1679, 45.06265], [1.16912, 45.06096], [1.16925, 45.06061], [1.16919, 45.06012], [1.16844, 45.05762], [1.16812, 45.05763], [1.16772, 45.05798], [1.1658, 45.06088], [1.16561, 45.06135], [1.16533, 45.06266], [1.16482, 45.06266], [1.16355, 45.06304], [1.16303, 45.06356], [1.16256, 45.06424], [1.16208, 45.0643], [1.16153, 45.06504], [1.16107, 45.0649], [1.16081, 45.06473], [1.16031, 45.0642], [1.15962, 45.06275], [1.15937, 45.06194], [1.15871, 45.06059], [1.15838, 45.0593], [1.15717, 45.05705], [1.15666, 45.05562], [1.15623, 45.05481], [1.15337, 45.05146], [1.15131, 45.0492], [1.149, 45.04696], [1.14798, 45.04584], [1.14781, 45.04558], [1.14747, 45.04463], [1.14727, 45.04432], [1.14688, 45.04408], [1.14507, 45.0436], [1.14371, 45.043], [1.14124, 45.04229], [1.13919, 45.04149], [1.13805, 45.04088], [1.13606, 45.03949], [1.13451, 45.03813], [1.1334, 45.03695], [1.13234, 45.03553], [1.13059, 45.03344], [1.12984, 45.03197], [1.12979, 45.03148], [1.12985, 45.03032], [1.13028, 45.02894], [1.13089, 45.02838], [1.13112, 45.02802], [1.13134, 45.02706], [1.13128, 45.02503], [1.13117, 45.02436], [1.13069, 45.02353], [1.13, 45.02302], [1.1298, 45.02275], [1.12983, 45.02254], [1.13037, 45.02208], [1.13048, 45.02188], [1.13047, 45.02154], [1.13033, 45.02132], [1.12992, 45.02107], [1.12941, 45.02102], [1.12809, 45.0216], [1.12774, 45.02168], [1.12459, 45.02136], [1.12408, 45.02126], [1.12332, 45.02097], [1.12168, 45.02074], [1.11876, 45.01975], [1.11794, 45.02123], [1.11742, 45.02251], [1.11726, 45.02255], [1.11575, 45.02219], [1.11428, 45.02219], [1.1136, 45.02207], [1.11291, 45.02178], [1.11152, 45.02087], [1.11056, 45.02059], [1.10992, 45.02056], [1.10935, 45.02063], [1.10772, 45.02109], [1.10653, 45.02132], [1.10602, 45.02131], [1.10553, 45.02117], [1.105, 45.02078], [1.1048, 45.02032], [1.10487, 45.01995], [1.1054, 45.01907], [1.10564, 45.0185], [1.10571, 45.01802], [1.10568, 45.01753], [1.10508, 45.01567], [1.10387, 45.01434], [1.10324, 45.01346], [1.103, 45.01299], [1.1029, 45.01255], [1.10291, 45.012], [1.10323, 45.01086], [1.10324, 45.01054], [1.10299, 45.00945], [1.10259, 45.00911], [1.10172, 45.00897], [1.09971, 45.0089], [1.09867, 45.00913], [1.09804, 45.00942], [1.09695, 45.01032], [1.09599, 45.01098], [1.09361, 45.01345], [1.09221, 45.01463], [1.09155, 45.01554], [1.09126, 45.01634], [1.09108, 45.01654], [1.08971, 45.01761], [1.08911, 45.01797], [1.08845, 45.01824], [1.0863, 45.01882], [1.08395, 45.01913], [1.08249, 45.01906], [1.08007, 45.01926], [1.07959, 45.01923], [1.07761, 45.01872], [1.07468, 45.01705], [1.07418, 45.01669], [1.0735, 45.01608], [1.07275, 45.01518], [1.07233, 45.01436], [1.07211, 45.0136], [1.072, 45.01285], [1.07201, 45.01216], [1.07217, 45.01154], [1.07248, 45.01082], [1.0725, 45.01043], [1.07204, 45.00884], [1.07122, 45.00503], [1.07141, 45.00338], [1.07073, 45.00081], [1.07072, 44.9983], [1.07051, 44.99677], [1.07067, 44.99555], [1.06994, 44.99379], [1.06917, 44.99288], [1.06874, 44.99251], [1.06825, 44.99224], [1.06775, 44.99215], [1.06705, 44.99226], [1.06336, 44.99368], [1.06248, 44.99372], [1.06195, 44.99355], [1.06174, 44.99334], [1.0617, 44.99313], [1.0617, 44.98951], [1.06214, 44.98909], [1.06332, 44.98847], [1.06375, 44.98783], [1.06411, 44.9875], [1.06411, 44.98726], [1.06395, 44.98717], [1.0637, 44.98718], [1.06245, 44.98775], [1.06146, 44.98781], [1.06097, 44.98771], [1.06019, 44.9874], [1.05908, 44.98672], [1.05886, 44.9865], [1.05871, 44.98618], [1.05845, 44.98449], [1.05747, 44.98259], [1.0544, 44.97941], [1.05326, 44.97768], [1.0525, 44.97716], [1.05209, 44.97694], [1.05124, 44.97673], [1.04857, 44.97642], [1.04668, 44.97635], [1.04545, 44.97613], [1.04329, 44.97533], [1.04241, 44.97453], [1.04228, 44.97433], [1.04226, 44.97412], [1.04298, 44.97242], [1.04354, 44.9704], [1.04409, 44.96928], [1.04551, 44.96733], [1.04535, 44.9657], [1.04551, 44.96434], [1.0458, 44.96383], [1.04592, 44.96345], [1.04627, 44.96294], [1.04629, 44.96269], [1.04618, 44.96258], [1.046, 44.96255], [1.04512, 44.96286], [1.04485, 44.96285], [1.0442, 44.96239], [1.04371, 44.96184], [1.04315, 44.96159], [1.04309, 44.96133], [1.04364, 44.96018], [1.0436, 44.95979], [1.04341, 44.95965], [1.0432, 44.95966], [1.04265, 44.95993], [1.04092, 44.96044], [1.03983, 44.96016], [1.03802, 44.96027], [1.03762, 44.96014], [1.03754, 44.95993], [1.03762, 44.95924], [1.03754, 44.95842], [1.03758, 44.95797], [1.03774, 44.9576], [1.03841, 44.95701], [1.03851, 44.95679], [1.03818, 44.95602], [1.03814, 44.95544], [1.03805, 44.95519], [1.03723, 44.95438], [1.03708, 44.95403], [1.0372, 44.95329], [1.03769, 44.95175], [1.03765, 44.95123], [1.03746, 44.95084], [1.03708, 44.95039], [1.03576, 44.94916], [1.03473, 44.9476], [1.03411, 44.94705], [1.03361, 44.94683], [1.03229, 44.94648], [1.03137, 44.9459], [1.03076, 44.94535], [1.03036, 44.94512], [1.02982, 44.94501], [1.02893, 44.94508], [1.0276, 44.94482], [1.02732, 44.9447], [1.02724, 44.94459], [1.0273, 44.94441], [1.02786, 44.94401], [1.02809, 44.94369], [1.0282, 44.94339], [1.02817, 44.94309], [1.02768, 44.94232], [1.02705, 44.94175], [1.02676, 44.94164], [1.02615, 44.94173], [1.02587, 44.94163], [1.02584, 44.94144], [1.02627, 44.94092], [1.0263, 44.9407], [1.02562, 44.93919], [1.02449, 44.93839], [1.02116, 44.93725], [1.02092, 44.93694], [1.02101, 44.93628], [1.02084, 44.93616], [1.02101, 44.93604], [1.02118, 44.93616], [1.02202, 44.93619], [1.0262, 44.93701], [1.02707, 44.93728], [1.02779, 44.93762], [1.02852, 44.93814], [1.02895, 44.93858], [1.02991, 44.94022], [1.0303, 44.94069], [1.03141, 44.94173], [1.03207, 44.94214], [1.03421, 44.94279], [1.03723, 44.94327], [1.03933, 44.94387], [1.0415, 44.94432], [1.04234, 44.94461], [1.04459, 44.94574], [1.04511, 44.94593], [1.04576, 44.94603], [1.04631, 44.94598], [1.04981, 44.94492], [1.05053, 44.94479], [1.05151, 44.94479], [1.05374, 44.94505], [1.05493, 44.94498], [1.0557, 44.94476], [1.0563, 44.94442], [1.05858, 44.94266], [1.05939, 44.94177], [1.05993, 44.94138], [1.0607, 44.9411], [1.0632, 44.94056], [1.06395, 44.9402], [1.06485, 44.93955], [1.06539, 44.93889], [1.06629, 44.93624], [1.06711, 44.93538], [1.06873, 44.93398], [1.06917, 44.9337], [1.06976, 44.93348], [1.07205, 44.9329], [1.07285, 44.93246], [1.07335, 44.93199], [1.07359, 44.93162], [1.07374, 44.93119], [1.07375, 44.92999], [1.07388, 44.92948], [1.07427, 44.92896], [1.07473, 44.92863], [1.08021, 44.92673], [1.08076, 44.92631], [1.0815, 44.92541], [1.08242, 44.92484], [1.08319, 44.92461], [1.08483, 44.92434], [1.08555, 44.92412], [1.08781, 44.92327], [1.09013, 44.92216], [1.091, 44.92206], [1.09223, 44.92222], [1.09283, 44.92222], [1.09509, 44.9218], [1.09653, 44.92129], [1.09735, 44.92089], [1.10028, 44.91886], [1.10103, 44.9185], [1.1038, 44.91795], [1.10652, 44.91773], [1.10731, 44.91748], [1.1076, 44.91726], [1.10785, 44.91692], [1.10828, 44.91505], [1.1085, 44.91462], [1.10878, 44.91429], [1.10964, 44.91371], [1.1116, 44.91308], [1.11233, 44.91267], [1.11281, 44.91208], [1.11342, 44.91041], [1.11379, 44.9098], [1.11664, 44.90698], [1.1171, 44.90665], [1.11758, 44.90647], [1.11828, 44.90638], [1.12054, 44.9064], [1.12252, 44.90571], [1.12469, 44.90556], [1.1256, 44.90569], [1.12679, 44.90613], [1.12785, 44.90632], [1.12885, 44.90627], [1.13009, 44.90605], [1.13241, 44.90615], [1.13433, 44.90593], [1.1361, 44.90635], [1.13754, 44.90652], [1.13801, 44.90665], [1.1385, 44.90694], [1.13919, 44.90799], [1.13969, 44.90831], [1.14057, 44.90848], [1.1427, 44.90863], [1.14343, 44.90884], [1.14759, 44.91211], [1.14817, 44.91229], [1.14954, 44.91244], [1.15183, 44.91294], [1.15223, 44.91312], [1.15307, 44.91379], [1.15385, 44.91394], [1.15457, 44.91375], [1.15555, 44.91311], [1.15694, 44.91287], [1.15821, 44.91245], [1.16003, 44.91147], [1.16055, 44.91144], [1.16163, 44.91182], [1.16211, 44.91176], [1.16247, 44.91147], [1.16314, 44.91052], [1.16353, 44.91026], [1.16389, 44.91016], [1.16582, 44.91025], [1.16691, 44.91061], [1.16731, 44.91063], [1.16779, 44.91044], [1.16876, 44.90968], [1.16922, 44.90955], [1.16981, 44.90955], [1.1715, 44.90984], [1.17198, 44.91012], [1.17258, 44.91073], [1.1731, 44.91085], [1.17339, 44.91081], [1.17385, 44.91057], [1.17535, 44.90891], [1.17614, 44.90827], [1.17709, 44.90793], [1.17913, 44.90755], [1.1809, 44.90703], [1.18288, 44.90686], [1.18341, 44.90693], [1.18402, 44.90724], [1.18478, 44.90817], [1.18521, 44.90848], [1.18589, 44.90865], [1.18649, 44.90859], [1.18715, 44.90825], [1.18735, 44.90801], [1.18772, 44.90724], [1.18794, 44.90701], [1.18911, 44.90642], [1.1895, 44.90614], [1.1897, 44.90567], [1.18961, 44.90477], [1.18983, 44.90441], [1.19023, 44.90414], [1.19155, 44.90355], [1.19195, 44.90347], [1.19308, 44.90349], [1.19418, 44.9033], [1.19576, 44.90333], [1.19668, 44.90316], [1.19668, 44.90292], [1.19697, 44.9028], [1.19728, 44.90294], [1.19724, 44.90318], [1.19894, 44.90376], [1.20008, 44.90469], [1.20063, 44.90483], [1.20132, 44.9048], [1.20209, 44.90447], [1.20305, 44.90359], [1.20347, 44.90331], [1.20431, 44.90306], [1.2057, 44.90299], [1.20624, 44.90285], [1.20679, 44.90255], [1.20788, 44.90174], [1.20909, 44.90123], [1.20988, 44.90047], [1.21142, 44.9], [1.21224, 44.89911], [1.21284, 44.89804], [1.21299, 44.89762], [1.21303, 44.89746], [1.21288, 44.89732], [1.21302, 44.89719], [1.21254, 44.89381], [1.21254, 44.89339], [1.21311, 44.89216], [1.21349, 44.89102], [1.21424, 44.89014], [1.21454, 44.88967], [1.2146, 44.88929], [1.21434, 44.88874], [1.21435, 44.88848], [1.21452, 44.8883], [1.21542, 44.88783], [1.21609, 44.88731], [1.2167, 44.88716], [1.21671, 44.88683], [1.21775, 44.88322], [1.2169, 44.8805], [1.21629, 44.87923], [1.21634, 44.8789], [1.2161, 44.87892], [1.21604, 44.87884], [1.21608, 44.87873], [1.2145, 44.87803], [1.21396, 44.87757], [1.21373, 44.87721], [1.21345, 44.87715], [1.21343, 44.877], [1.21353, 44.87692], [1.21108, 44.87303], [1.2108, 44.87273], [1.2098, 44.87223], [1.20961, 44.87202], [1.20937, 44.87152], [1.20918, 44.8715], [1.20909, 44.87141], [1.20909, 44.8713], [1.2092, 44.87122], [1.20949, 44.87128], [1.21034, 44.87047], [1.21096, 44.8689], [1.21107, 44.86839], [1.2108, 44.86791], [1.20914, 44.86651], [1.20888, 44.86604], [1.20886, 44.86549], [1.2095, 44.86361], [1.20971, 44.86326], [1.21024, 44.86282], [1.21215, 44.86184], [1.21236, 44.86152], [1.21254, 44.8606], [1.21277, 44.86035], [1.21356, 44.85978], [1.2138, 44.85933], [1.2139, 44.85872], [1.2137, 44.85792], [1.21368, 44.85753], [1.21424, 44.85612], [1.21406, 44.85539], [1.21406, 44.85509], [1.21434, 44.85425], [1.21492, 44.85315], [1.21494, 44.85117], [1.21508, 44.85079], [1.21547, 44.85019], [1.21556, 44.84985], [1.21542, 44.84942], [1.21441, 44.84841], [1.21426, 44.84796], [1.21435, 44.84768], [1.2151, 44.8464], [1.21512, 44.84606], [1.21493, 44.8454], [1.21499, 44.84505], [1.2156, 44.84435], [1.21578, 44.84398], [1.21574, 44.8436], [1.21545, 44.84281], [1.21545, 44.84253], [1.21623, 44.83987], [1.21616, 44.83949], [1.21581, 44.83884], [1.21579, 44.83853], [1.21651, 44.83742], [1.21659, 44.83618], [1.21689, 44.83538], [1.21739, 44.83477], [1.21828, 44.83406], [1.2186, 44.83368], [1.21873, 44.83331], [1.21898, 44.83172], [1.21935, 44.83104], [1.22005, 44.83049], [1.22173, 44.82967], [1.22253, 44.82903], [1.22284, 44.82866], [1.22311, 44.8281], [1.22313, 44.82764], [1.22283, 44.8273], [1.22225, 44.82702], [1.22236, 44.82696], [1.22353, 44.82518], [1.22581, 44.82395], [1.22608, 44.82358], [1.2267, 44.82216], [1.22815, 44.8211], [1.22918, 44.82045], [1.22962, 44.82091], [1.23009, 44.82075], [1.23136, 44.81947], [1.2318, 44.81913], [1.23247, 44.81867], [1.23337, 44.81832], [1.23401, 44.81796], [1.23417, 44.81772], [1.23411, 44.81746], [1.23183, 44.81387], [1.23141, 44.81307], [1.23074, 44.81255], [1.22982, 44.81155], [1.22967, 44.81102], [1.22967, 44.81053], [1.22956, 44.81027], [1.22821, 44.80917], [1.22794, 44.80873], [1.22768, 44.80782], [1.22746, 44.80743], [1.22646, 44.8069], [1.22628, 44.80668], [1.22632, 44.80638], [1.22655, 44.80627], [1.22713, 44.80626], [1.22858, 44.80594], [1.22942, 44.80608], [1.23028, 44.80668], [1.23094, 44.80668], [1.23103, 44.80659], [1.231, 44.80646], [1.23054, 44.80607], [1.23014, 44.80533], [1.22939, 44.80482], [1.22912, 44.80455], [1.22914, 44.80403], [1.22928, 44.80363], [1.2295, 44.8035], [1.23018, 44.8034], [1.23036, 44.80328], [1.23047, 44.80288], [1.23041, 44.8027], [1.23003, 44.8025], [1.22923, 44.80236], [1.2287, 44.80251], [1.22802, 44.80292], [1.22722, 44.80256], [1.227, 44.80263], [1.22659, 44.80306], [1.22574, 44.80346], [1.22536, 44.80347], [1.22464, 44.80326], [1.22331, 44.80348], [1.22292, 44.80338], [1.22197, 44.80253], [1.22122, 44.8021], [1.21995, 44.80177], [1.21949, 44.80153], [1.21916, 44.80146], [1.21827, 44.80177], [1.21766, 44.8023], [1.21693, 44.8022], [1.21668, 44.80182], [1.21628, 44.8017], [1.21619, 44.80253], [1.2163, 44.8027], [1.21666, 44.80292], [1.21567, 44.80303], [1.21391, 44.80272], [1.21422, 44.80197], [1.21342, 44.80097], [1.21228, 44.80136], [1.21149, 44.80175], [1.2094, 44.80197], [1.20888, 44.80186], [1.20795, 44.8012], [1.2067, 44.80079], [1.20608, 44.80086], [1.20565, 44.80117], [1.20553, 44.8014], [1.20556, 44.80154], [1.20621, 44.80196], [1.20688, 44.80254], [1.20883, 44.80334], [1.20969, 44.80386], [1.21098, 44.80426], [1.21101, 44.80436], [1.20987, 44.80418], [1.20817, 44.80378], [1.20677, 44.80321], [1.20572, 44.80293], [1.20339, 44.80209], [1.20344, 44.8024], [1.20567, 44.80864], [1.1999, 44.80872], [1.19841, 44.8091], [1.19759, 44.80954], [1.1973, 44.80997], [1.19706, 44.81115], [1.19671, 44.81188], [1.19327, 44.81637], [1.18753, 44.82273], [1.18678, 44.82346], [1.18569, 44.82432], [1.1837, 44.82531], [1.18153, 44.82616], [1.17888, 44.82704], [1.17822, 44.82711], [1.17755, 44.827], [1.17637, 44.82658], [1.1748, 44.82542], [1.17184, 44.82502], [1.16983, 44.82458], [1.16752, 44.82388], [1.16485, 44.82264], [1.16407, 44.82235], [1.16141, 44.8218], [1.15999, 44.82177], [1.15906, 44.822], [1.15772, 44.82282], [1.15692, 44.82353], [1.15581, 44.82433], [1.15501, 44.82517], [1.15471, 44.82563], [1.15307, 44.82935], [1.15293, 44.82988], [1.15293, 44.83241], [1.15314, 44.83266], [1.15415, 44.83337], [1.15386, 44.83368], [1.15276, 44.83399], [1.15236, 44.83429], [1.15151, 44.83647], [1.15117, 44.83699], [1.1508, 44.83735], [1.15013, 44.83771], [1.14875, 44.83824], [1.14686, 44.83914], [1.14559, 44.83932], [1.14334, 44.83944], [1.14111, 44.84011], [1.13878, 44.84046], [1.13806, 44.84067], [1.13719, 44.84081], [1.13508, 44.84036], [1.13249, 44.83946], [1.13017, 44.83815], [1.12942, 44.83794], [1.12883, 44.83793], [1.12737, 44.83821], [1.1267, 44.83822], [1.10634, 44.83539], [1.10483, 44.83525], [1.10297, 44.83534], [1.09629, 44.83662], [1.0954, 44.83688], [1.09313, 44.83777], [1.09008, 44.83868], [1.08893, 44.83917], [1.08821, 44.83968], [1.08351, 44.84404], [1.08224, 44.8458], [1.08161, 44.8465], [1.07876, 44.84897], [1.07684, 44.85023], [1.07632, 44.85065], [1.0758, 44.85135], [1.0754, 44.85245], [1.07485, 44.85315], [1.06924, 44.85692], [1.068, 44.85755], [1.06567, 44.8584], [1.06371, 44.8597], [1.06305, 44.85993], [1.06038, 44.86039], [1.05943, 44.86064], [1.05138, 44.86428], [1.05042, 44.86459], [1.04943, 44.86475], [1.04853, 44.86478], [1.0477, 44.86471], [1.04482, 44.86413], [1.04154, 44.86291], [1.04024, 44.86233], [1.03951, 44.86186], [1.0389, 44.86109], [1.0347, 44.85354], [1.03361, 44.85226], [1.03084, 44.84938], [1.03001, 44.84863], [1.02906, 44.848], [1.02279, 44.84489], [1.02221, 44.84446], [1.02157, 44.84375], [1.02119, 44.84299], [1.02105, 44.84219], [1.02109, 44.8417], [1.02159, 44.83995], [1.02165, 44.83951], [1.02156, 44.83892], [1.02094, 44.83707], [1.02013, 44.83532], [1.0197, 44.83465], [1.01654, 44.83083], [1.01353, 44.82794], [1.01261, 44.8272], [1.00936, 44.82598], [1.0075, 44.82506], [1.00662, 44.82449], [1.00362, 44.82221], [1.00288, 44.82191], [1.00179, 44.82175], [0.99842, 44.82187], [0.99532, 44.8216], [0.99457, 44.8216], [0.9938484, 44.8217204], [0.9932, 44.82195], [0.99153, 44.82288], [0.99114, 44.82301], [0.99056, 44.82306], [0.98958, 44.82292], [0.9893, 44.823], [0.98919, 44.82292], [0.98921, 44.82275], [0.98888, 44.8225], [0.98846, 44.82232], [0.98675, 44.82205], [0.98345, 44.82168], [0.97971, 44.82155], [0.97788, 44.82177], [0.97332, 44.82181], [0.96774, 44.82127], [0.9662, 44.82135], [0.96491, 44.8216], [0.94907, 44.82687], [0.94693, 44.82773], [0.94555, 44.82846], [0.94206, 44.83081], [0.94156, 44.83129], [0.93928, 44.83403], [0.93845, 44.83491], [0.93514, 44.83749], [0.93276, 44.84], [0.93013, 44.84182], [0.92874, 44.84233], [0.91372, 44.84665], [0.91295, 44.84658], [0.91133, 44.846], [0.90824, 44.84608], [0.90698, 44.84638], [0.9056, 44.84659], [0.90487, 44.84681], [0.90333, 44.84742], [0.90209, 44.84801], [0.90174, 44.84828], [0.90166, 44.84825], [0.90166, 44.84814], [0.9013, 44.84789], [0.89685, 44.84588], [0.89553, 44.84508], [0.89319, 44.84408], [0.89187, 44.84323], [0.89141, 44.84306], [0.89072, 44.84299], [0.8881, 44.84297], [0.88734, 44.84285], [0.88576, 44.84233], [0.88515, 44.84224], [0.8841, 44.84235], [0.88221, 44.84296], [0.8814, 44.843], [0.88071, 44.8428], [0.87854, 44.84151], [0.87807, 44.84137], [0.87751, 44.84133], [0.87698, 44.84143], [0.87658, 44.84163], [0.87568, 44.84255], [0.87522, 44.84274], [0.87445, 44.8428], [0.87085, 44.84216], [0.8702, 44.84188], [0.86991, 44.84159], [0.86976, 44.84125], [0.86995, 44.84017], [0.86987, 44.83977], [0.86943, 44.83929], [0.86881, 44.83905], [0.868, 44.83905], [0.86337, 44.8399], [0.86061, 44.83957], [0.86, 44.83958], [0.85891, 44.83987], [0.85764, 44.84065], [0.85713, 44.84087], [0.85663, 44.84096], [0.8545, 44.84098], [0.85265, 44.84155], [0.85094, 44.84245], [0.85038, 44.84304], [0.84969, 44.84413], [0.84919, 44.84458], [0.84865, 44.8449], [0.84682, 44.84561], [0.84501, 44.84594], [0.84231, 44.84671], [0.84184, 44.84671], [0.84128, 44.84658], [0.84031, 44.84586], [0.83969, 44.84558], [0.83443, 44.84415], [0.8339, 44.84405], [0.83342, 44.84406], [0.83183, 44.84447], [0.83117, 44.8445], [0.8306, 44.84438], [0.83017, 44.84419], [0.82945, 44.84357], [0.82894, 44.8433], [0.82828, 44.8432], [0.82763, 44.84328], [0.8248, 44.84467], [0.82363, 44.8457], [0.82283, 44.84615], [0.81947, 44.84694], [0.81744, 44.84789], [0.81509, 44.84872], [0.81317, 44.84923], [0.81258, 44.8495], [0.81129, 44.85045], [0.811, 44.85081], [0.81089, 44.85135], [0.81102, 44.85244], [0.81079, 44.85355], [0.81041, 44.85397], [0.8097, 44.8542], [0.80904, 44.85415], [0.80762, 44.85385], [0.80692, 44.8536], [0.80632, 44.85308], [0.80529, 44.85236], [0.80439, 44.85138], [0.80375, 44.85092], [0.80029, 44.84894], [0.79557, 44.84647], [0.79332, 44.84516], [0.79206, 44.84431], [0.79129, 44.84347], [0.7896, 44.84255], [0.78624, 44.84152], [0.78427, 44.84075], [0.78262, 44.8405], [0.7813, 44.84018], [0.77987, 44.84031], [0.77914, 44.84024], [0.7775, 44.83982], [0.77238, 44.83814], [0.76857, 44.83722], [0.76585, 44.8369], [0.76236, 44.8368], [0.76062, 44.83689], [0.7573, 44.83643], [0.75489, 44.83641], [0.75184, 44.8355], [0.7493, 44.834095], [0.74854, 44.83385], [0.74485, 44.8339], [0.74065, 44.8336], [0.74049, 44.83364], [0.74042, 44.83381], [0.7399518, 44.8359211], [0.7400118, 44.8360248], [0.74027, 44.83606], [0.74034, 44.83617], [0.74044, 44.83716], [0.74039, 44.83741], [0.7401, 44.83752], [0.73898, 44.83764], [0.7369, 44.83762], [0.73656, 44.83753], [0.73635, 44.83733], [0.73609, 44.83627], [0.73606, 44.8358], [0.71099, 44.83438], [0.71009, 44.83425], [0.70917, 44.83384], [0.70822, 44.83356], [0.70724, 44.83339], [0.70626, 44.83337], [0.70543, 44.83346], [0.70445, 44.8339], [0.70365, 44.83408], [0.67999, 44.83774], [0.67794, 44.83824], [0.66864, 44.84104], [0.66789, 44.84119], [0.663, 44.84162], [0.65736, 44.8417], [0.65557, 44.84187], [0.65395, 44.84179], [0.65248, 44.84199], [0.65063, 44.84246], [0.64764, 44.84352], [0.61571, 44.85172], [0.61491, 44.85179], [0.61472, 44.85197], [0.6144, 44.85189], [0.614, 44.8521], [0.61331, 44.85223], [0.60329, 44.8538], [0.60155, 44.85417], [0.59906, 44.85444], [0.5965, 44.85448], [0.59604, 44.85454], [0.5952, 44.8548], [0.5942, 44.85495], [0.58954, 44.85529], [0.5848, 44.85529], [0.58329, 44.85515], [0.57887, 44.85516], [0.57591, 44.85544], [0.57037, 44.85575], [0.56924, 44.85574], [0.56587, 44.85528], [0.55088, 44.85256], [0.54982, 44.85244], [0.54974, 44.85252], [0.54954, 44.85252], [0.54947, 44.85235], [0.54912, 44.85226], [0.54087, 44.85079], [0.54067, 44.85088], [0.54054, 44.85083], [0.54051, 44.85072], [0.53739, 44.85015], [0.53708, 44.85011], [0.53683, 44.85023], [0.53664, 44.85014], [0.53662, 44.85004], [0.53476, 44.84971], [0.53475, 44.84953], [0.53453, 44.84935], [0.53457, 44.84882], [0.53498, 44.84719], [0.53523, 44.84408], [0.53516, 44.8433], [0.5348, 44.84235], [0.53421, 44.84152], [0.5309, 44.83749], [0.52572, 44.83245], [0.52455, 44.83165], [0.52272, 44.83093], [0.51238, 44.82749], [0.51124, 44.82723], [0.50991, 44.82713], [0.50819, 44.8273], [0.50607, 44.82797], [0.50506, 44.82819], [0.50374, 44.82811], [0.50201, 44.82759], [0.50177, 44.82782], [0.50128, 44.82867], [0.50057, 44.82939], [0.49301, 44.83635], [0.49258, 44.83653], [0.49108, 44.8369], [0.49058, 44.8372], [0.48452, 44.84336], [0.48457, 44.8435], [0.48918, 44.84546], [0.48954, 44.84544], [0.48966, 44.84566], [0.49077, 44.84662], [0.49205, 44.84755], [0.49232, 44.84788], [0.49333, 44.85105], [0.49444, 44.85104], [0.49606, 44.85117], [0.50256, 44.852], [0.50966, 44.85345], [0.50987, 44.85206], [0.50985, 44.84956], [0.50997, 44.84826], [0.5037812, 44.8469124]]}, "properties": {"stage": 8, "source": "aso-arcgis", "length_km": 180.4, "official_km": 180.4, "licence": "All rights reserved (Amaury Sport Organisation)"}}, {"type": "Feature", "geometry": {"type": "LineString", "coordinates": [[2.4065058, 44.8771351], [2.40554, 44.87629], [2.40435, 44.876], [2.40368, 44.87568], [2.40138, 44.87394], [2.4005, 44.87301], [2.40001, 44.87273], [2.39954, 44.87263], [2.39887, 44.87263], [2.39274, 44.87306], [2.39181, 44.873], [2.39097, 44.87283], [2.39008, 44.87253], [2.38931, 44.87212], [2.3854418, 44.8692714], [2.38506, 44.86884], [2.38495, 44.86839], [2.38503, 44.86803], [2.3855, 44.867], [2.38635, 44.86588], [2.38644, 44.86564], [2.38643, 44.86528], [2.38623, 44.86488], [2.38594, 44.86461], [2.38433, 44.86394], [2.38375, 44.86316], [2.38292, 44.86236], [2.38276, 44.86207], [2.38277, 44.86178], [2.38294, 44.86148], [2.3833, 44.86119], [2.38441, 44.86066], [2.38509, 44.8605], [2.38728, 44.86026], [2.38811, 44.86], [2.38994, 44.85896], [2.39015, 44.85877], [2.39045, 44.85823], [2.39108, 44.85779], [2.39111, 44.85763], [2.39103, 44.85748], [2.39032, 44.857], [2.38992, 44.85637], [2.38993, 44.85625], [2.39015, 44.85611], [2.39112, 44.85602], [2.39181, 44.85566], [2.3924, 44.85498], [2.39281, 44.8538], [2.39262, 44.85354], [2.39158, 44.85324], [2.39092, 44.85257], [2.3907, 44.85212], [2.39061, 44.85145], [2.39082, 44.85041], [2.39099, 44.84863], [2.39154, 44.84631], [2.39173, 44.84604], [2.39254, 44.84537], [2.39302, 44.84482], [2.39395, 44.84308], [2.39388, 44.84262], [2.39314, 44.84098], [2.39282, 44.84071], [2.39204, 44.84065], [2.3911, 44.84096], [2.39091, 44.84096], [2.38947, 44.84048], [2.38834, 44.84024], [2.38777, 44.83994], [2.38622, 44.83838], [2.38589, 44.83833], [2.38531, 44.83843], [2.38489, 44.83827], [2.38483, 44.83796], [2.38531, 44.83679], [2.38524, 44.83635], [2.38507, 44.83609], [2.38472, 44.83582], [2.38361, 44.8355], [2.38346, 44.83534], [2.38342, 44.83515], [2.38353, 44.83444], [2.38455, 44.83368], [2.38472, 44.83341], [2.38471, 44.83317], [2.38442, 44.83275], [2.38373, 44.83214], [2.38353, 44.83114], [2.38336, 44.83077], [2.38171, 44.82965], [2.38111, 44.82954], [2.38011, 44.82999], [2.37951, 44.83014], [2.37805, 44.82977], [2.37782, 44.82963], [2.37761, 44.8291], [2.37742, 44.82887], [2.37645, 44.8283], [2.37633, 44.82774], [2.37619, 44.82753], [2.37545, 44.82704], [2.37483, 44.82683], [2.37327, 44.82688], [2.37261, 44.82676], [2.37207, 44.82648], [2.37155, 44.8259], [2.37131, 44.8258], [2.3692, 44.82591], [2.36786, 44.82708], [2.36748, 44.82725], [2.36687, 44.82726], [2.36661, 44.82717], [2.36634, 44.82695], [2.36623, 44.82665], [2.36632, 44.82634], [2.3665, 44.82616], [2.36717, 44.82584], [2.36744, 44.82557], [2.36768, 44.82472], [2.36767, 44.82443], [2.36742, 44.82407], [2.3671, 44.82384], [2.3659, 44.82373], [2.36555, 44.8236], [2.365, 44.82311], [2.3646, 44.82247], [2.36424, 44.8222], [2.36632, 44.82113], [2.36799, 44.82014], [2.36855, 44.81976], [2.36897, 44.81931], [2.36916, 44.81894], [2.36926, 44.8185], [2.36925, 44.81786], [2.36944, 44.81763], [2.37017, 44.81709], [2.3711117, 44.8158651], [2.3705834, 44.8135903], [2.3702201, 44.812899], [2.3687502, 44.8117977], [2.3681557, 44.8111533], [2.367544, 44.8092286], [2.3670258, 44.8086772], [2.36671, 44.8079], [2.36669, 44.80719], [2.36701, 44.80567], [2.36689, 44.80487], [2.36667, 44.80437], [2.36591, 44.80316], [2.36531, 44.8016], [2.3644, 44.80012], [2.3639, 44.79971], [2.36332, 44.79945], [2.36216, 44.79915], [2.36088, 44.79901], [2.3556, 44.79715], [2.3552, 44.79676], [2.35444, 44.79526], [2.35228, 44.79243], [2.35208, 44.79183], [2.35218, 44.79129], [2.35303, 44.7894], [2.35418, 44.78715], [2.35421, 44.78636], [2.35412, 44.78581], [2.35386, 44.78522], [2.35392, 44.7846], [2.35305, 44.78393], [2.35231, 44.78278], [2.3523, 44.78198], [2.35204, 44.78162], [2.35204, 44.78134], [2.35187, 44.78128], [2.35161, 44.78086], [2.35128, 44.77956], [2.35138, 44.77882], [2.35206, 44.7769], [2.35206, 44.77636], [2.35192, 44.77584], [2.35262, 44.77574], [2.35571, 44.77484], [2.35647, 44.77477], [2.35767, 44.77498], [2.35986, 44.77512], [2.36155, 44.77578], [2.36352, 44.77583], [2.36567, 44.77549], [2.36603, 44.77537], [2.36703, 44.77482], [2.36751, 44.77466], [2.3679, 44.77465], [2.36992, 44.77503], [2.37233, 44.77477], [2.37448, 44.77478], [2.37738, 44.77444], [2.37924, 44.77379], [2.37957, 44.77356], [2.37978, 44.77287], [2.38029, 44.77236], [2.38058, 44.77223], [2.38137, 44.77222], [2.38173, 44.77204], [2.38308, 44.7702], [2.38337, 44.77007], [2.38419, 44.76999], [2.38457, 44.76984], [2.38737, 44.7677], [2.38779, 44.76758], [2.3881, 44.76758], [2.38928, 44.76795], [2.39094, 44.76766], [2.39415, 44.76643], [2.39457, 44.76632], [2.39582, 44.76622], [2.39618, 44.76604], [2.39709, 44.76532], [2.39841, 44.76503], [2.39952, 44.76362], [2.39987, 44.76346], [2.40103, 44.76326], [2.40161, 44.76287], [2.40187, 44.76256], [2.40197, 44.7623], [2.40189, 44.76208], [2.40158, 44.76175], [2.40166, 44.76149], [2.4033, 44.75979], [2.40369, 44.75963], [2.40423, 44.75956], [2.40489, 44.75963], [2.40642, 44.76011], [2.40682, 44.76005], [2.40771, 44.75961], [2.40817, 44.75956], [2.40983, 44.76007], [2.40828, 44.76306], [2.40816, 44.76337], [2.40815, 44.76394], [2.40832, 44.7644], [2.40857, 44.76474], [2.4102, 44.76665], [2.41074, 44.76718], [2.41139, 44.76754], [2.41227, 44.76775], [2.41789, 44.7680533], [2.41851, 44.76816], [2.41908, 44.76838], [2.41954, 44.7687], [2.41985, 44.76904], [2.42054, 44.77092], [2.42091, 44.77142], [2.42286, 44.7733], [2.4255633, 44.7753567], [2.42647, 44.77595], [2.42703, 44.77617], [2.42803, 44.77633], [2.42974, 44.77637], [2.43025, 44.77646], [2.43076, 44.77668], [2.43389, 44.77931], [2.43453, 44.77948], [2.43548, 44.77952], [2.43583, 44.77968], [2.43623, 44.78009], [2.4373, 44.78088], [2.4378, 44.78198], [2.43876, 44.78303], [2.43912, 44.7833], [2.43965, 44.78347], [2.44261, 44.78396], [2.44366, 44.78444], [2.44583, 44.78563], [2.44678, 44.78601], [2.44821, 44.78614], [2.45323, 44.78637], [2.45382, 44.78662], [2.45447, 44.78666], [2.45531, 44.78706], [2.45784, 44.78772], [2.45954, 44.7883], [2.46128, 44.7896], [2.46402, 44.79091], [2.46422, 44.79139], [2.46476, 44.79439], [2.46464, 44.79484], [2.46439, 44.79513], [2.46413, 44.79565], [2.46404, 44.79605], [2.46397, 44.79759], [2.46409, 44.79801], [2.46436, 44.79841], [2.4653, 44.79901], [2.4753, 44.80347], [2.47667, 44.80417], [2.47723, 44.80474], [2.4782, 44.80601], [2.47916, 44.80731], [2.47966, 44.80815], [2.48017, 44.80941], [2.48063, 44.81206], [2.48077, 44.81252], [2.48124, 44.81346], [2.48251, 44.81524], [2.48298, 44.81561], [2.4838, 44.81593], [2.48628, 44.81641], [2.48795, 44.81694], [2.48899, 44.81746], [2.49508, 44.82094], [2.49541, 44.82127], [2.49566, 44.82174], [2.49572, 44.8222], [2.49547, 44.8229], [2.49583, 44.82305], [2.49592, 44.8235], [2.49627, 44.82432], [2.49652, 44.82568], [2.49701, 44.82643], [2.498, 44.82753], [2.4986, 44.828], [2.50021, 44.82894], [2.50147, 44.82997], [2.50372, 44.83123], [2.50628, 44.8335], [2.50723, 44.83382], [2.50749, 44.83401], [2.50758, 44.83423], [2.50791, 44.83638], [2.50812, 44.83664], [2.50911, 44.83737], [2.50954, 44.83793], [2.50872, 44.83915], [2.50782, 44.84016], [2.50737, 44.84041], [2.50643, 44.84065], [2.50613, 44.84086], [2.50594, 44.84118], [2.50556, 44.84222], [2.50511, 44.84272], [2.50553, 44.84313], [2.50689, 44.84626], [2.50692, 44.84671], [2.50678, 44.84753], [2.50707, 44.84849], [2.5073, 44.84879], [2.50826, 44.84939], [2.5088, 44.84997], [2.5089, 44.85135], [2.50931, 44.85201], [2.50955, 44.8528], [2.51025, 44.85374], [2.5103, 44.85426], [2.50989, 44.85599], [2.50996, 44.85623], [2.51036, 44.85673], [2.51097, 44.85726], [2.51194, 44.85759], [2.51474, 44.85795], [2.51624, 44.85888], [2.51784, 44.85949], [2.51859, 44.85999], [2.51942, 44.86021], [2.52, 44.86054], [2.52096, 44.86062], [2.52169, 44.86102], [2.52217, 44.86151], [2.52249, 44.86159], [2.52324, 44.86156], [2.52367, 44.86168], [2.52423, 44.86218], [2.52513, 44.86246], [2.52556, 44.86308], [2.5261, 44.86343], [2.52783, 44.86392], [2.52839, 44.86397], [2.52974, 44.86384], [2.5304, 44.86411], [2.53071, 44.86444], [2.5313, 44.86555], [2.53205, 44.86625], [2.53234, 44.86666], [2.53275, 44.86959], [2.53288, 44.86992], [2.53336, 44.87023], [2.5367, 44.87148], [2.53818, 44.87268], [2.53874, 44.87335], [2.5388, 44.87386], [2.53826, 44.87506], [2.53805, 44.87634], [2.53694, 44.8786], [2.53689, 44.87931], [2.53719, 44.87982], [2.53753, 44.88004], [2.53809, 44.88021], [2.53975, 44.88038], [2.54106, 44.88083], [2.54132, 44.88118], [2.54154, 44.88259], [2.54224, 44.88371], [2.54269, 44.8841], [2.54443, 44.88508], [2.54483, 44.88514], [2.54522, 44.88501], [2.54558, 44.8839], [2.54578, 44.88353], [2.5464, 44.88301], [2.547, 44.8827], [2.5476, 44.88261], [2.5484, 44.88267], [2.54986, 44.88319], [2.55016, 44.88338], [2.55025, 44.88352], [2.55022, 44.88373], [2.54975, 44.88417], [2.54948, 44.88489], [2.54935, 44.88617], [2.54941, 44.88675], [2.54935, 44.8869], [2.54831, 44.88734], [2.54814, 44.88751], [2.54812, 44.88802], [2.54769, 44.88826], [2.54709, 44.88845], [2.54693, 44.8886], [2.54699, 44.88879], [2.54716, 44.88891], [2.54802, 44.88912], [2.54825, 44.88937], [2.54813, 44.88966], [2.54758, 44.88994], [2.5474, 44.89019], [2.54736, 44.89041], [2.5475, 44.891], [2.54741, 44.8913], [2.54715, 44.89157], [2.54605, 44.89228], [2.54547, 44.89312], [2.54439, 44.8941], [2.54379, 44.89483], [2.54378, 44.89494], [2.54668, 44.89638], [2.54761, 44.89671], [2.54874, 44.89675], [2.54943, 44.89658], [2.55312, 44.89528], [2.5539, 44.89511], [2.55476, 44.89507], [2.55538, 44.8952], [2.55596, 44.89549], [2.55676, 44.89632], [2.55741, 44.89674], [2.56065, 44.8978], [2.56159, 44.89871], [2.562, 44.89894], [2.5626, 44.89906], [2.56414, 44.89906], [2.56578, 44.899], [2.5664, 44.89885], [2.56677, 44.89858], [2.56696, 44.89823], [2.56693, 44.89789], [2.56674, 44.89758], [2.56471, 44.89631], [2.56275, 44.89539], [2.56211, 44.89497], [2.56134, 44.89425], [2.55887, 44.89141], [2.55774, 44.89027], [2.55746, 44.88965], [2.55735, 44.88875], [2.55745, 44.88819], [2.55777, 44.88787], [2.55821, 44.88769], [2.56165, 44.88737], [2.56238, 44.88751], [2.56503, 44.88844], [2.56569, 44.88895], [2.56595, 44.88904], [2.5677, 44.88909], [2.57003, 44.88896], [2.57043, 44.88866], [2.5709, 44.88764], [2.57244, 44.88487], [2.57316, 44.88289], [2.57355, 44.88249], [2.57398, 44.88225], [2.57497, 44.88206], [2.57555, 44.88211], [2.57608, 44.88228], [2.57647, 44.88251], [2.57679, 44.88284], [2.57699, 44.88328], [2.57701, 44.88422], [2.57715, 44.88478], [2.57936, 44.88822], [2.57985, 44.88868], [2.58051, 44.88897], [2.58103, 44.88907], [2.58269, 44.889], [2.58344, 44.8891], [2.58418, 44.88947], [2.58518, 44.89037], [2.586, 44.89068], [2.59126, 44.89108], [2.59223, 44.89138], [2.59263, 44.89164], [2.59304, 44.89207], [2.59424, 44.89359], [2.59574, 44.89568], [2.59622, 44.89616], [2.59716, 44.8967], [2.60118, 44.89825], [2.60191, 44.8986], [2.60252, 44.89912], [2.60431, 44.90123], [2.60471, 44.90155], [2.60534, 44.90182], [2.60805, 44.90237], [2.60862, 44.90243], [2.60927, 44.90235], [2.60971, 44.90218], [2.61006, 44.90194], [2.61031, 44.90163], [2.61079, 44.90074], [2.61114, 44.90038], [2.61167, 44.90009], [2.61243, 44.89993], [2.61309, 44.89997], [2.61962, 44.90125], [2.62013, 44.90126], [2.62057, 44.90117], [2.621, 44.90095], [2.62135, 44.90054], [2.62173, 44.8987], [2.623, 44.89605], [2.62339, 44.89565], [2.62416, 44.89539], [2.62469, 44.89541], [2.62524, 44.89557], [2.6341, 44.89927], [2.63529, 44.89994], [2.63656, 44.90094], [2.64104, 44.90592], [2.64186, 44.90667], [2.64296, 44.90717], [2.64486, 44.90763], [2.64547, 44.90786], [2.64601, 44.90825], [2.64683, 44.90926], [2.6475, 44.90969], [2.65052, 44.91048], [2.65104, 44.91068], [2.65147, 44.911], [2.65312, 44.91305], [2.65422, 44.91351], [2.65477, 44.91401], [2.6558, 44.91472], [2.65655, 44.91461], [2.6569, 44.91438], [2.65691, 44.91414], [2.65667, 44.9134], [2.6567, 44.91319], [2.65695, 44.91286], [2.65775, 44.9124], [2.65806, 44.91209], [2.65814, 44.91181], [2.65802, 44.91139], [2.6587, 44.91127], [2.65896, 44.91133], [2.65915, 44.9115], [2.65988, 44.91342], [2.65952, 44.91423], [2.65952, 44.91446], [2.65977, 44.91494], [2.6603, 44.91518], [2.66044, 44.91536], [2.6604, 44.91618], [2.66085, 44.91712], [2.66075, 44.91856], [2.66079, 44.91895], [2.66156, 44.92045], [2.66173, 44.92121], [2.66174, 44.9219], [2.66191, 44.92254], [2.66179, 44.92319], [2.66204, 44.92364], [2.66207, 44.92426], [2.66244, 44.92495], [2.66288, 44.92609], [2.66284, 44.9266], [2.66307, 44.92785], [2.66318, 44.92809], [2.66364, 44.9286], [2.66417, 44.92885], [2.66436, 44.92906], [2.66433, 44.92927], [2.66403, 44.92963], [2.66405, 44.92978], [2.66433, 44.93022], [2.66416, 44.9309], [2.66363, 44.93217], [2.66306, 44.93309], [2.66249, 44.93376], [2.66242, 44.93408], [2.66253, 44.93435], [2.66318, 44.93519], [2.66367, 44.93609], [2.66447, 44.93669], [2.66521, 44.93652], [2.66572, 44.93657], [2.66585, 44.93672], [2.66601, 44.93729], [2.66595, 44.93744], [2.66553, 44.93767], [2.66503, 44.93813], [2.66438, 44.93844], [2.66394, 44.93916], [2.66382, 44.93959], [2.66379, 44.94027], [2.66443, 44.94139], [2.66394, 44.94333], [2.66292, 44.94463], [2.66275, 44.94499], [2.66277, 44.94545], [2.6627, 44.94566], [2.66247, 44.94582], [2.66173, 44.94604], [2.66134, 44.94624], [2.66048, 44.94749], [2.66036, 44.94776], [2.66033, 44.94827], [2.6608, 44.94901], [2.66082, 44.94923], [2.65996, 44.9505], [2.66004, 44.95073], [2.66025, 44.95088], [2.66168, 44.95156], [2.66239, 44.95216], [2.66387, 44.95295], [2.6641, 44.95299], [2.66385, 44.95259], [2.66345, 44.95227], [2.6626, 44.9518], [2.66223, 44.95124], [2.66213, 44.95069], [2.66249, 44.94921], [2.66226, 44.94856], [2.66229, 44.94838], [2.66346, 44.94763], [2.6654, 44.9471], [2.66555, 44.94695], [2.66576, 44.94649], [2.66624, 44.94613], [2.66637, 44.94533], [2.66648, 44.94519], [2.66671, 44.94512], [2.66738, 44.94518], [2.66834, 44.94497], [2.66884, 44.94463], [2.6694, 44.94395], [2.66965, 44.94387], [2.6698, 44.944], [2.67024, 44.94538], [2.67061, 44.94561], [2.67148, 44.94578], [2.67181, 44.94626], [2.67225, 44.94669], [2.67249, 44.94666], [2.67269, 44.94632], [2.67313, 44.94591], [2.67319, 44.94567], [2.67299, 44.94518], [2.67303, 44.94495], [2.67321, 44.94491], [2.67338, 44.94497], [2.67366, 44.94544], [2.67385, 44.94614], [2.67369, 44.94728], [2.67394, 44.94819], [2.67371, 44.94841], [2.67275, 44.94847], [2.67235, 44.94865], [2.67217, 44.94893], [2.6721653, 44.9491833], [2.67226, 44.94942], [2.67244, 44.94955], [2.67555, 44.95005], [2.67763, 44.95095], [2.6792, 44.95135], [2.6805, 44.95122], [2.68266, 44.95041], [2.68421, 44.95037], [2.68454, 44.95053], [2.68494, 44.95098], [2.68516, 44.9514], [2.68541, 44.95218], [2.68573, 44.95238], [2.68725, 44.95276], [2.68858, 44.95292], [2.6898, 44.95264], [2.69018, 44.95265], [2.69174, 44.95331], [2.69253, 44.95329], [2.69277, 44.95343], [2.69303, 44.95381], [2.69347, 44.95383], [2.69371, 44.95356], [2.69391, 44.95231], [2.69431, 44.95136], [2.69436, 44.9507], [2.69461, 44.94988], [2.695, 44.9495], [2.69605, 44.94891], [2.69657, 44.94825], [2.69692, 44.948], [2.69747, 44.94793], [2.69894, 44.9482], [2.69965, 44.94847], [2.70052, 44.94843], [2.70121, 44.9488], [2.70221, 44.94897], [2.70327, 44.94967], [2.70451, 44.94995], [2.70515, 44.94999], [2.70567, 44.94986], [2.70629, 44.94922], [2.70704, 44.9488], [2.7073, 44.94809], [2.70795, 44.94747], [2.7083, 44.94736], [2.70899, 44.94739], [2.70986, 44.94688], [2.71033, 44.94678], [2.71083, 44.94678], [2.71109, 44.94659], [2.71172, 44.9457], [2.71198, 44.94554], [2.71314, 44.94539], [2.71455, 44.94591], [2.71488, 44.94595], [2.7152, 44.94582], [2.71549, 44.94541], [2.71576, 44.94527], [2.71797, 44.94525], [2.71823, 44.94517], [2.71878, 44.9447], [2.71926, 44.94368], [2.72009, 44.9429], [2.72019, 44.94268], [2.72031, 44.94181], [2.72105, 44.94087], [2.72111, 44.9405], [2.72096, 44.93989], [2.72108, 44.93903], [2.72142, 44.9385], [2.72173, 44.93777], [2.72277, 44.93662], [2.72294, 44.93632], [2.7229, 44.93564], [2.72267, 44.93499], [2.72273, 44.93483], [2.72404, 44.93536], [2.72437, 44.93569], [2.72495, 44.93651], [2.72527, 44.93675], [2.72567, 44.93684], [2.72812, 44.93662], [2.72829, 44.93658], [2.72853, 44.93635], [2.72858, 44.93556], [2.72786, 44.93411], [2.7279, 44.93399], [2.72812, 44.93384], [2.7286, 44.93378], [2.7296, 44.93393], [2.73056, 44.93462], [2.7317, 44.93501], [2.73211, 44.93545], [2.7327, 44.93678], [2.733, 44.93718], [2.73348, 44.93741], [2.73393, 44.93746], [2.73472, 44.93732], [2.73814, 44.93564], [2.74017, 44.93524], [2.74338, 44.935], [2.7437, 44.93476], [2.74373, 44.93443], [2.74411, 44.93436], [2.74463, 44.93441], [2.74642, 44.93519], [2.74692, 44.93569], [2.7471, 44.93604], [2.74726, 44.93668], [2.74726, 44.93705], [2.74705, 44.93781], [2.74711, 44.93805], [2.74742, 44.9385], [2.7482, 44.93933], [2.74865, 44.93964], [2.75173, 44.94089], [2.75347, 44.94135], [2.75498, 44.94275], [2.75552, 44.94311], [2.75611, 44.94326], [2.75767, 44.94341], [2.75832, 44.94355], [2.76087, 44.94502], [2.76473, 44.94619], [2.76644, 44.94686], [2.77161, 44.94783], [2.77485, 44.94876], [2.77987, 44.94887], [2.78053, 44.94899], [2.78124, 44.94924], [2.78171, 44.94963], [2.7818, 44.9501], [2.78176, 44.9503], [2.78141, 44.9506], [2.78046, 44.95111], [2.78031, 44.95137], [2.78058, 44.95215], [2.78084, 44.9524], [2.78119, 44.95255], [2.78286, 44.95272], [2.78398, 44.95272], [2.78455, 44.95289], [2.78476, 44.95288], [2.78553, 44.95233], [2.78688, 44.95177], [2.78761, 44.95121], [2.78807, 44.95105], [2.78865, 44.95099], [2.79006, 44.951], [2.79165, 44.95135], [2.79372, 44.95106], [2.79427, 44.95105], [2.79629, 44.95135], [2.79783, 44.95145], [2.79965, 44.9518], [2.79975, 44.9519], [2.7999, 44.95236], [2.80058, 44.9528], [2.80079, 44.95332], [2.8007, 44.95375], [2.8004, 44.95405], [2.80028, 44.95433], [2.80038, 44.95505], [2.80031, 44.95613], [2.80006, 44.95672], [2.79954, 44.9575], [2.79944, 44.95783], [2.80001, 44.95894], [2.80043, 44.96114], [2.80093, 44.96307], [2.80094, 44.96348], [2.80081, 44.9641], [2.80095, 44.96514], [2.80065, 44.96584], [2.80108, 44.96627], [2.80091, 44.96759], [2.80113, 44.96839], [2.80107, 44.96854], [2.80069, 44.9688], [2.80067, 44.96897], [2.80109, 44.96951], [2.80187, 44.96988], [2.80199, 44.97043], [2.80213, 44.9707], [2.80262, 44.9711], [2.80321, 44.97186], [2.80352, 44.97278], [2.80321, 44.97331], [2.80319, 44.97374], [2.80335, 44.97379], [2.80415, 44.97368], [2.80465, 44.97388], [2.80533, 44.97545], [2.80613, 44.9766], [2.80634, 44.97716], [2.80651, 44.97717], [2.80661, 44.97704], [2.80647, 44.97647], [2.8065, 44.97581], [2.80629, 44.97508], [2.80571, 44.97397], [2.80563, 44.9735], [2.80569, 44.9732], [2.80872, 44.97195], [2.80895, 44.97277], [2.80951, 44.9734], [2.8099, 44.97452], [2.81035, 44.97539], [2.8103, 44.97648], [2.81041, 44.97755], [2.81108, 44.97906], [2.81138, 44.98044], [2.81131, 44.98136], [2.81147, 44.98236], [2.81127, 44.98303], [2.81121, 44.98369], [2.81103, 44.98443], [2.81103, 44.98548], [2.81069, 44.98604], [2.81064, 44.98626], [2.8107, 44.98641], [2.8111, 44.98671], [2.8112, 44.98688], [2.81118, 44.98744], [2.81096, 44.98837], [2.81132, 44.99029], [2.81157, 44.99102], [2.81159, 44.99137], [2.81147, 44.99201], [2.81058, 44.9937], [2.80992, 44.99465], [2.80965, 44.99534], [2.80923, 44.99594], [2.80902, 44.99681], [2.80834, 44.99743], [2.80758, 44.99828], [2.80655, 44.99912], [2.80585, 44.99994], [2.80449, 45.00092], [2.80379, 45.00162], [2.80206, 45.00245], [2.80107, 45.00264], [2.79958, 45.00322], [2.79803, 45.0037], [2.79693, 45.00391], [2.79583, 45.00445], [2.79464, 45.00483], [2.791, 45.00686], [2.78933, 45.00746], [2.7883, 45.00798], [2.78613, 45.00956], [2.78513, 45.01009], [2.78477, 45.01017], [2.78257, 45.01023], [2.78175, 45.01046], [2.78092, 45.01097], [2.78016, 45.01185], [2.77967, 45.01211], [2.77917, 45.01259], [2.77866, 45.01287], [2.77832, 45.01332], [2.77829, 45.01368], [2.77842, 45.01384], [2.77866, 45.01387], [2.77971, 45.01331], [2.78045, 45.01322], [2.78381, 45.01236], [2.78563, 45.01222], [2.78828, 45.01086], [2.78971, 45.01043], [2.79164, 45.00998], [2.79367, 45.00933], [2.79515, 45.00904], [2.79653, 45.00855], [2.79817, 45.00833], [2.79989, 45.00824], [2.80027, 45.00835], [2.80075, 45.00863], [2.80103, 45.00927], [2.8018, 45.01046], [2.80233, 45.01099], [2.80231, 45.01127], [2.80166, 45.01235], [2.80155, 45.01288], [2.80164, 45.01321], [2.80212, 45.01399], [2.80236, 45.01481], [2.80263, 45.01521], [2.80228, 45.01695], [2.8024, 45.01711], [2.80267, 45.01717], [2.8033, 45.01677], [2.804, 45.01599], [2.80533, 45.0137], [2.80613, 45.01316], [2.80749, 45.01261], [2.80782, 45.01256], [2.8085, 45.0128], [2.80913, 45.01344], [2.8097, 45.01378], [2.81081, 45.01373], [2.81205, 45.0138], [2.81258, 45.01373], [2.81312, 45.01354], [2.81336, 45.01332], [2.81333, 45.01257], [2.813, 45.01192], [2.8132, 45.01145], [2.81305, 45.01097], [2.8131, 45.01076], [2.81333, 45.01058], [2.81364, 45.01051], [2.81475, 45.01068], [2.81503, 45.01077], [2.81677, 45.0118], [2.81705, 45.01214], [2.81722, 45.01296], [2.81723, 45.01442], [2.81731, 45.01492], [2.81747, 45.01528], [2.81793, 45.01571], [2.8181, 45.01598], [2.81781, 45.01793], [2.81814, 45.01876], [2.8183, 45.01954], [2.81905, 45.02062], [2.81912, 45.0212], [2.81975, 45.02282], [2.81982, 45.02328], [2.81959, 45.02451], [2.81989, 45.02496], [2.82108, 45.02564], [2.82204, 45.02649], [2.82247, 45.02668], [2.82289, 45.02673], [2.82408, 45.0265], [2.82514, 45.02655], [2.82568, 45.02649], [2.82784, 45.02578], [2.82966, 45.0253], [2.83016, 45.02494], [2.83101, 45.02457], [2.83234, 45.02431], [2.83261, 45.02434], [2.83269, 45.02448], [2.83251, 45.0249], [2.83139, 45.02574], [2.82989, 45.02659], [2.82846, 45.02726], [2.82736, 45.02846], [2.8256, 45.02998], [2.82531, 45.03038], [2.82476, 45.03207], [2.82381, 45.03291], [2.8233, 45.03376], [2.8232, 45.03401], [2.82317, 45.0349], [2.82256, 45.03592], [2.82158, 45.03675], [2.81888, 45.03976], [2.81739, 45.04086], [2.81641, 45.04174], [2.81389, 45.04325], [2.8125, 45.04395], [2.80849, 45.04559], [2.80613, 45.04673], [2.80451, 45.04735], [2.80281, 45.04816], [2.80023, 45.04896], [2.79767, 45.05053], [2.79571, 45.05141], [2.79434, 45.05166], [2.79414, 45.05185], [2.79418, 45.05217], [2.79412, 45.0524], [2.79369, 45.0528], [2.79357, 45.05301], [2.79363, 45.05321], [2.79394, 45.05352], [2.79401, 45.05369], [2.79384, 45.05443], [2.79386, 45.05467], [2.79405, 45.05488], [2.79485, 45.05532], [2.79615, 45.05586], [2.7975, 45.05676], [2.798, 45.05721], [2.79961, 45.05912], [2.80074, 45.06005], [2.80326, 45.06126], [2.80426, 45.06157], [2.80536, 45.06176], [2.80548, 45.06196], [2.80538, 45.06216], [2.80513, 45.06228], [2.80446, 45.06241], [2.80418, 45.06264], [2.80417, 45.06311], [2.80441, 45.06335], [2.80653, 45.06402], [2.80849, 45.06503], [2.81236, 45.06598], [2.81425, 45.06667], [2.81579, 45.06762], [2.81947, 45.07019], [2.82086, 45.07102], [2.82358, 45.07237], [2.82471, 45.07266], [2.82697, 45.07283], [2.82745, 45.07305], [2.82842, 45.07376], [2.82918, 45.07402], [2.82973, 45.07408], [2.83122, 45.07393], [2.83198, 45.07409], [2.83244, 45.07431], [2.8328, 45.07467], [2.83308, 45.07511], [2.83316, 45.0754], [2.83311, 45.0756], [2.83265, 45.07601], [2.83151, 45.07653], [2.83071, 45.07729], [2.83038, 45.0775], [2.83044, 45.07773], [2.83131, 45.07814], [2.83214, 45.0783], [2.83394, 45.08101], [2.83449, 45.08171], [2.83603, 45.0833], [2.83769, 45.08449], [2.84008, 45.08686], [2.84057, 45.08743], [2.84189, 45.08936], [2.84418, 45.09163], [2.84532, 45.09293], [2.84591, 45.09335], [2.84731, 45.09399], [2.84762, 45.09425], [2.84893, 45.09577], [2.84972, 45.0971], [2.85031, 45.09777], [2.85082, 45.09807], [2.85161, 45.0981], [2.85217, 45.09857], [2.85418, 45.09926], [2.85437, 45.09956], [2.85428, 45.10022], [2.85437, 45.10061], [2.85467, 45.10097], [2.85606, 45.10223], [2.85648, 45.10253], [2.85729, 45.10287], [2.8574, 45.10301], [2.85747, 45.10333], [2.85765, 45.10348], [2.85878, 45.10359], [2.85975, 45.10387], [2.86062, 45.10466], [2.86144, 45.10566], [2.86139, 45.10586], [2.86095, 45.1061], [2.85932, 45.1076], [2.85814, 45.10876], [2.85789, 45.10912], [2.85779, 45.10976], [2.8584, 45.11096], [2.85847, 45.11134], [2.85889, 45.11135], [2.85905, 45.11128], [2.85903, 45.11116], [2.85912, 45.11113], [2.85925, 45.11124], [2.86122, 45.11116], [2.86247, 45.11041], [2.86295, 45.11028], [2.86473, 45.11045], [2.86549, 45.11083], [2.86552, 45.11095], [2.86591, 45.11116], [2.8668, 45.11198], [2.86688, 45.11238], [2.86682, 45.11298], [2.86651, 45.11358], [2.86654, 45.11386], [2.86637, 45.11407], [2.86589, 45.11439], [2.8654, 45.11463], [2.86494, 45.11475], [2.86423, 45.11472], [2.86352, 45.11445], [2.86323, 45.11457], [2.86298, 45.115], [2.86257, 45.11522], [2.85954, 45.11642], [2.85798, 45.11688], [2.85598, 45.11796], [2.85323, 45.11868], [2.85209, 45.11922], [2.85143, 45.11972], [2.851, 45.12017], [2.85055, 45.12097], [2.85036, 45.12192], [2.85029, 45.12462], [2.85002, 45.12531], [2.84956, 45.12575], [2.84793, 45.12674], [2.84448, 45.12984], [2.84364, 45.13033], [2.84028, 45.13181], [2.83493, 45.13306], [2.83219, 45.13379], [2.83155, 45.13404], [2.83089, 45.13441], [2.83031, 45.13488], [2.82873, 45.13702], [2.82802, 45.13769], [2.82649, 45.1389], [2.82565, 45.13927], [2.82226, 45.14033], [2.82147, 45.14076], [2.81615, 45.14562], [2.8144, 45.1475], [2.81353, 45.14817], [2.8127, 45.14894], [2.81214, 45.14969], [2.81195, 45.15053], [2.81205, 45.15105], [2.81222, 45.15139], [2.81261, 45.15187], [2.81309, 45.15223], [2.81466, 45.15287], [2.81432, 45.15332], [2.81395, 45.15338], [2.81202, 45.1532], [2.81142, 45.15301], [2.81051, 45.153], [2.80967, 45.15345], [2.80936, 45.1535], [2.80824, 45.15331], [2.80776, 45.15334], [2.80647, 45.15383], [2.80544, 45.15394], [2.80455, 45.15429], [2.80303, 45.15459], [2.80192, 45.15457], [2.80091, 45.155], [2.79978, 45.15484], [2.79937, 45.15487], [2.79764, 45.15558], [2.79728, 45.1559], [2.79687, 45.15659], [2.79644, 45.15688], [2.79439, 45.1573], [2.79304, 45.15724], [2.79201, 45.15786], [2.79144, 45.15808], [2.79001, 45.15808], [2.78844, 45.1585], [2.78733, 45.15836], [2.78703, 45.15825], [2.78651, 45.15765], [2.785, 45.15669], [2.78153, 45.1541], [2.78066, 45.15377], [2.77862, 45.15346], [2.77804, 45.1532], [2.77711, 45.1521], [2.7752, 45.15014], [2.77485, 45.14963], [2.77457, 45.14903], [2.77319, 45.14743], [2.77221, 45.14587], [2.7719, 45.14555], [2.77054, 45.14482], [2.76927, 45.14383], [2.76687, 45.1428], [2.76562, 45.1424], [2.76494, 45.14233], [2.76406, 45.14235], [2.76147, 45.14278], [2.76048, 45.14283], [2.75906, 45.14282], [2.75705, 45.14257], [2.75547, 45.14213], [2.75431, 45.14196], [2.75217, 45.14127], [2.75068, 45.14099], [2.74984, 45.14048], [2.74907, 45.14028], [2.74821, 45.13982], [2.74778, 45.13945], [2.74712, 45.13919], [2.74641, 45.13871], [2.74541, 45.13829], [2.74435, 45.13814], [2.74365, 45.13781], [2.74317, 45.13769], [2.74114, 45.13744], [2.74047, 45.13725], [2.73994, 45.13729], [2.73928, 45.13699], [2.73842, 45.13679], [2.73686, 45.1362], [2.73435, 45.1361], [2.73259, 45.13621], [2.73183, 45.13633], [2.72972, 45.13534], [2.72777, 45.13484], [2.72591, 45.13458], [2.72434, 45.13446], [2.72375, 45.13448], [2.72329, 45.13467], [2.72284, 45.13441], [2.72213, 45.13435], [2.7212, 45.13389], [2.7207, 45.13373], [2.71814, 45.13343], [2.71371, 45.13272], [2.71261, 45.13247], [2.71039, 45.13242], [2.70874, 45.1322], [2.70465, 45.13114], [2.70417, 45.13096], [2.70351, 45.13051], [2.70286, 45.13039], [2.70255, 45.13005], [2.70226, 45.12925], [2.70185, 45.12872], [2.70177, 45.12819], [2.70164, 45.12789], [2.70139, 45.12761], [2.70046, 45.1269], [2.69852, 45.12576], [2.69788, 45.12508], [2.6976, 45.12457], [2.69728, 45.12347], [2.69621, 45.12157], [2.6959, 45.12119], [2.69542, 45.1208], [2.6938, 45.11867], [2.69294, 45.11778], [2.69206, 45.11648], [2.69089, 45.11556], [2.68997, 45.11426], [2.68973, 45.11407], [2.68907, 45.11387], [2.68735, 45.11378], [2.68673, 45.11358], [2.68645, 45.11319], [2.68627, 45.11229], [2.68563, 45.11125], [2.68525, 45.11089], [2.68465, 45.11077], [2.68307, 45.1091], [2.68299, 45.1091], [2.68296, 45.10919], [2.6834, 45.11005], [2.68374, 45.11047], [2.68387, 45.11082], [2.68375, 45.11117], [2.68356, 45.11133], [2.68284, 45.11153], [2.68224, 45.11147], [2.68208, 45.11156], [2.68184, 45.11192], [2.68103, 45.11191], [2.68029, 45.11217], [2.67959, 45.11211], [2.67906, 45.11184], [2.67875, 45.11178], [2.67676, 45.11191], [2.67555, 45.11243], [2.67447, 45.11273], [2.67294, 45.11332], [2.67251, 45.11356], [2.67192, 45.11408], [2.67175, 45.11411], [2.67167, 45.11393], [2.67181, 45.11258], [2.67172, 45.11191], [2.67175, 45.11115], [2.67198, 45.11039], [2.67185, 45.11], [2.67183, 45.10927], [2.67133, 45.10801], [2.67137, 45.10746], [2.67128, 45.1073], [2.67023, 45.10641], [2.66962, 45.1061], [2.66918, 45.10558], [2.66807, 45.10488], [2.6667, 45.10467], [2.66636, 45.10492], [2.66606, 45.10494], [2.66571, 45.10483], [2.66517, 45.10481], [2.66498, 45.10454], [2.66479, 45.10444], [2.66385, 45.10429], [2.66227, 45.10442], [2.66215, 45.10436], [2.66218, 45.1042], [2.66406, 45.1037], [2.66464, 45.10371], [2.66552, 45.10356], [2.66579, 45.10358], [2.66636, 45.10382], [2.66768, 45.10403], [2.66818, 45.10404], [2.66898, 45.10368], [2.66931, 45.10343], [2.66954, 45.10316], [2.66969, 45.10261], [2.66996, 45.10234], [2.67014, 45.10229], [2.67041, 45.10245], [2.6711, 45.10346], [2.67223, 45.10368], [2.67303, 45.10409], [2.67316, 45.10432], [2.67318, 45.10493], [2.6733, 45.10518], [2.67355, 45.10534], [2.6743, 45.10535], [2.67485, 45.10554], [2.6751, 45.10553], [2.67613, 45.10515], [2.67706, 45.10467], [2.67841, 45.10423], [2.6798, 45.10405], [2.68007, 45.10389], [2.68062, 45.10325], [2.68071, 45.10267], [2.68089, 45.10228], [2.68139, 45.10197], [2.68178, 45.10146], [2.68193, 45.10091], [2.6827, 45.0994], [2.68299, 45.0993], [2.68385, 45.09957], [2.68566, 45.0997], [2.68609, 45.09951], [2.6865, 45.09919], [2.68663, 45.09865], [2.68689, 45.0982], [2.68692, 45.09784], [2.68682, 45.09712], [2.68704, 45.09601], [2.68696, 45.09557], [2.68599, 45.0945], [2.68494, 45.09381], [2.68416, 45.0936], [2.68339, 45.0931], [2.68331, 45.09282], [2.68352, 45.0926], [2.6841, 45.0923], [2.68458, 45.09221], [2.68566, 45.0923], [2.68636, 45.09251], [2.68677, 45.09244], [2.68744, 45.09251], [2.68769, 45.09266], [2.68791, 45.09306], [2.68835, 45.09329], [2.68886, 45.09335], [2.68915, 45.0933], [2.68944, 45.09314], [2.68989, 45.09312], [2.6908, 45.09325], [2.69126, 45.09351], [2.69189, 45.09422], [2.69224, 45.09435], [2.69253, 45.09417], [2.69292, 45.09283], [2.69327, 45.09244], [2.69307, 45.09236], [2.69275, 45.09253], [2.69247, 45.09343], [2.69234, 45.09352], [2.69214, 45.0935], [2.692, 45.09335], [2.69189, 45.09303], [2.69171, 45.09285], [2.69101, 45.09258], [2.69021, 45.0919], [2.68928, 45.09179], [2.68914, 45.09168], [2.68899, 45.09122], [2.68881, 45.09102], [2.68814, 45.09078], [2.68741, 45.09069], [2.68697, 45.09016], [2.68659, 45.09004], [2.68472, 45.08995], [2.6842, 45.08984], [2.68371, 45.08969], [2.68232, 45.08904], [2.68027, 45.08837], [2.67973, 45.08835], [2.67912, 45.08844], [2.6788, 45.08871], [2.67851, 45.0892], [2.678, 45.08981], [2.67728, 45.09029], [2.67662, 45.09044], [2.67651, 45.09028], [2.67701, 45.08891], [2.67676, 45.08799], [2.67655, 45.08759], [2.67675, 45.08709], [2.67674, 45.08685], [2.67661, 45.08667], [2.67522, 45.08568], [2.67478, 45.08552], [2.67388, 45.08555], [2.6731, 45.08544], [2.67253, 45.0855], [2.67214, 45.08588], [2.6714, 45.08637], [2.67088, 45.08664], [2.67064, 45.08661], [2.67056, 45.08644], [2.67063, 45.08613], [2.67117, 45.08523], [2.67118, 45.08466], [2.67131, 45.08413], [2.67107, 45.0834], [2.67047, 45.08299], [2.67027, 45.08251], [2.66928, 45.08239], [2.66902, 45.08228], [2.66903, 45.08218], [2.66944, 45.08175], [2.66945, 45.08098], [2.66958, 45.08032], [2.66942, 45.07961], [2.66894, 45.07916], [2.66871, 45.07875], [2.6685, 45.07855], [2.66824, 45.07842], [2.6677, 45.07832], [2.66729, 45.07804], [2.66713, 45.07752], [2.66673, 45.07685], [2.66586, 45.07642], [2.66532, 45.07586], [2.66451, 45.07551], [2.66313, 45.07429], [2.66239, 45.07332], [2.66197, 45.07302], [2.66041, 45.07236], [2.65868, 45.07081], [2.65746, 45.07017], [2.65736, 45.07006], [2.65737, 45.06993], [2.65768, 45.06959], [2.65771, 45.06937], [2.65734, 45.06892], [2.65688, 45.0685], [2.65611, 45.06811], [2.65565, 45.06767], [2.65501, 45.06749], [2.65524, 45.06733], [2.65596, 45.06731], [2.65852, 45.06766], [2.65869, 45.06757], [2.65867, 45.06743], [2.65711, 45.06672], [2.657, 45.0666], [2.65704, 45.06649], [2.65726, 45.06642], [2.65799, 45.06669], [2.65846, 45.06671], [2.65984, 45.06644], [2.66006, 45.0663], [2.66001, 45.06619], [2.65987, 45.06615], [2.65919, 45.06623], [2.65853, 45.06618], [2.65842, 45.06604], [2.65865, 45.0654], [2.65845, 45.06501], [2.65716, 45.06424], [2.65647, 45.0643], [2.65619, 45.06425], [2.65535, 45.06366], [2.65517, 45.06345], [2.65514, 45.06325], [2.65524, 45.06314], [2.65581, 45.06299], [2.65688, 45.06249], [2.65934, 45.06237], [2.66003, 45.06219], [2.66099, 45.0615], [2.66146, 45.06094], [2.66204, 45.06047], [2.66284, 45.05964], [2.66302, 45.05958], [2.66364, 45.05963], [2.66411, 45.05922], [2.66458, 45.05898], [2.66552, 45.05882], [2.66612, 45.05863], [2.66634, 45.05871], [2.66639, 45.05911], [2.66647, 45.05922], [2.667, 45.05927], [2.66716, 45.05937], [2.66715, 45.05964], [2.66681, 45.06022], [2.66711, 45.06052], [2.66753, 45.0606], [2.6698, 45.06036], [2.67015, 45.06057], [2.67067, 45.06074], [2.67061, 45.0609], [2.67038, 45.06105], [2.66978, 45.06122], [2.66951, 45.06156], [2.66961, 45.06169], [2.67017, 45.06187], [2.67043, 45.06222], [2.671, 45.06255], [2.67101, 45.06272], [2.67082, 45.06291], [2.67041, 45.06308], [2.66956, 45.0632], [2.66942, 45.06341], [2.66962, 45.06353], [2.67108, 45.06332], [2.67194, 45.06303], [2.67211, 45.06285], [2.67218, 45.06229], [2.67229, 45.06207], [2.67254, 45.06193], [2.67312, 45.06183], [2.67346, 45.06154], [2.67404, 45.06122], [2.67436, 45.06056], [2.67444, 45.05992], [2.67438, 45.05969], [2.67422, 45.05951], [2.67336, 45.05923], [2.67318, 45.05907], [2.6732, 45.05863], [2.67341, 45.0582], [2.6736, 45.05807], [2.67424, 45.05811], [2.67481, 45.05829], [2.67511, 45.05845], [2.67558, 45.05888], [2.67647, 45.05902], [2.678, 45.05975], [2.67945, 45.05987], [2.68002, 45.06045], [2.68033, 45.06037], [2.68089, 45.05963], [2.68149, 45.05949], [2.68206, 45.05959], [2.6831, 45.06023], [2.68345, 45.0603], [2.68398, 45.06024], [2.68415, 45.06012], [2.68413, 45.05968], [2.68431, 45.05923], [2.68462, 45.05894], [2.68515, 45.05871], [2.68492, 45.05838], [2.68488, 45.05811], [2.68497, 45.05787], [2.68535, 45.05758], [2.6854, 45.05745], [2.68448, 45.05615], [2.6844, 45.05582], [2.6845, 45.05546], [2.68541, 45.05472], [2.68583, 45.05395], [2.68712, 45.05352], [2.68774, 45.05289], [2.6881, 45.05237], [2.68852, 45.05224], [2.68961, 45.05216], [2.69054, 45.05226], [2.69156, 45.05253], [2.69277, 45.05247], [2.69328, 45.05266], [2.69381, 45.05314], [2.6946, 45.05367], [2.69538, 45.05392], [2.69618, 45.0543], [2.69655, 45.05429], [2.69709, 45.05381], [2.69728, 45.05348], [2.69694, 45.05234], [2.69653, 45.05134], [2.69661, 45.05089], [2.69706, 45.05018], [2.69734, 45.05006], [2.69803, 45.05005], [2.69843, 45.04996], [2.69963, 45.04962], [2.70016, 45.04934], [2.70072, 45.04868], [2.70086, 45.04825], [2.70088, 45.04763], [2.70107, 45.04746], [2.70146, 45.04753], [2.70217, 45.04812], [2.7027, 45.04837], [2.70354, 45.04863], [2.70439, 45.04868], [2.70447, 45.04856], [2.70435, 45.04822], [2.70388, 45.04799], [2.70371, 45.04782], [2.70386, 45.04736], [2.70421, 45.04699], [2.70467, 45.0467], [2.70509, 45.04659], [2.70571, 45.04664], [2.70598, 45.04674], [2.70619, 45.04697], [2.70645, 45.04806], [2.70674, 45.04869], [2.70663, 45.04956], [2.70716, 45.05092], [2.70683, 45.05115], [2.7068, 45.05132], [2.70726, 45.05173], [2.70875, 45.05238], [2.70959, 45.05288], [2.71111, 45.05469], [2.71117, 45.05485], [2.71107, 45.05538], [2.71126, 45.05541], [2.71163, 45.05529], [2.71218, 45.05599], [2.71433, 45.06271], [2.71453, 45.06312], [2.7152, 45.06375], [2.71545, 45.06417], [2.71549, 45.06454], [2.71513, 45.06606], [2.71522, 45.06656], [2.71549, 45.06706], [2.71611, 45.06767], [2.71831, 45.06925], [2.7195, 45.07034], [2.71988, 45.07054], [2.72166, 45.07111], [2.72224, 45.07156], [2.72244, 45.07195], [2.72253, 45.07239], [2.72252, 45.07368], [2.7226, 45.0743], [2.72289, 45.07488], [2.72339, 45.07539], [2.72439, 45.07591], [2.7278, 45.07688], [2.72775, 45.07705], [2.72756, 45.07714], [2.72668, 45.07688], [2.72631, 45.07687], [2.72604, 45.07696], [2.72584, 45.07715], [2.72579, 45.07739], [2.72584, 45.07762], [2.72616, 45.07818], [2.72613, 45.07842], [2.72579, 45.07862], [2.72474, 45.07865], [2.7243, 45.07856], [2.72353, 45.07805], [2.72277, 45.0774], [2.72226, 45.07664], [2.72184, 45.07665], [2.72174, 45.07674], [2.72173, 45.07698], [2.723, 45.07917], [2.72352, 45.07991], [2.72394, 45.08017], [2.72506, 45.08058], [2.7258, 45.08095], [2.728, 45.08287], [2.72899, 45.08323], [2.72942, 45.08317], [2.72962, 45.08293], [2.7299, 45.08191], [2.72993, 45.08084], [2.72997, 45.08073], [2.73021, 45.0806], [2.7306, 45.08059], [2.73115, 45.08083], [2.73237, 45.08186], [2.7327, 45.08199], [2.7343, 45.08161], [2.73543, 45.0811], [2.73545, 45.08131], [2.73511, 45.0816], [2.73413, 45.08212], [2.73291, 45.08264], [2.73167, 45.08277], [2.73161, 45.0829], [2.73166, 45.08313], [2.73197, 45.08362], [2.73203, 45.08436], [2.73257, 45.08511], [2.73286, 45.08524], [2.73319, 45.08521], [2.73437, 45.0854], [2.73529, 45.08531], [2.73611, 45.0851], [2.73698, 45.08539], [2.73813, 45.08542], [2.73874, 45.08571], [2.73951, 45.08569], [2.73881, 45.08597], [2.73763, 45.08613], [2.73736, 45.08629], [2.73732, 45.0864], [2.73738, 45.08646], [2.73771, 45.08632], [2.74036, 45.08654], [2.74096, 45.08642], [2.74226, 45.08641], [2.74219, 45.08652], [2.74123, 45.08672], [2.73986, 45.08755], [2.73931, 45.08807], [2.73937, 45.08827], [2.73952, 45.08836], [2.74086, 45.08831], [2.74149, 45.08837], [2.74334, 45.08811], [2.74427, 45.08769], [2.74385, 45.08741], [2.74372, 45.08716], [2.74378, 45.08687], [2.74418, 45.08656], [2.74727, 45.08642], [2.74805, 45.08625], [2.74838, 45.08595], [2.74848, 45.08563], [2.74837, 45.08515], [2.74803, 45.08432]]}, "properties": {"stage": 10, "source": "aso-arcgis", "length_km": 166.6, "official_km": 166.6, "licence": "All rights reserved (Amaury Sport Organisation)"}}, {"type": "Feature", "geometry": {"type": "LineString", "coordinates": [[3.412656, 46.1580837], [3.4139, 46.15948], [3.41547, 46.16179], [3.41563, 46.16189], [3.41568, 46.16212], [3.41626, 46.16285], [3.41786, 46.1641], [3.41902, 46.16546], [3.42011, 46.16616], [3.42035, 46.1664], [3.4205, 46.1667], [3.42063, 46.16739], [3.42073, 46.16836], [3.4205, 46.16899], [3.42007, 46.16938], [3.41805, 46.17084], [3.41736, 46.17145], [3.41686, 46.17215], [3.41559, 46.17436], [3.41535, 46.17489], [3.41524, 46.17564], [3.41527, 46.17636], [3.41549, 46.17699], [3.41726, 46.17977], [3.41856, 46.18093], [3.41886, 46.18137], [3.41905, 46.18184], [3.41922, 46.1819], [3.41919, 46.18203], [3.41996, 46.18264], [3.42354, 46.18473], [3.42415, 46.18522], [3.42618, 46.18722], [3.42745, 46.18795], [3.42802, 46.18841], [3.42905, 46.19009], [3.4304, 46.19146], [3.4312, 46.19251], [3.43201, 46.19438], [3.43215, 46.19443], [3.43205, 46.19456], [3.43215, 46.19486], [3.43265, 46.19584], [3.43296, 46.19612], [3.43356, 46.19638], [3.43362, 46.19744], [3.43339, 46.19787], [3.43389, 46.19793], [3.43462, 46.19751], [3.43503, 46.19745], [3.43647, 46.19799], [3.4376, 46.19738], [3.43796, 46.19707], [3.43981, 46.19474], [3.44063, 46.19309], [3.44556, 46.18925], [3.44606, 46.18924], [3.44987, 46.18977], [3.45207, 46.18972], [3.45167, 46.19092], [3.4512, 46.19185], [3.44748, 46.19717], [3.44682, 46.19843], [3.44642, 46.1996], [3.44512, 46.20529], [3.44526, 46.20538], [3.44528, 46.20549], [3.44505, 46.20559], [3.44474, 46.2063], [3.44423, 46.20715], [3.44294, 46.20867], [3.44194, 46.20951], [3.43977, 46.2111], [3.43685, 46.21379], [3.43588, 46.21484], [3.43494, 46.21635], [3.43454, 46.21743], [3.43334, 46.22236], [3.43306, 46.22302], [3.4324, 46.22413], [3.4322, 46.2248], [3.43211, 46.22642], [3.43279, 46.22926], [3.43277, 46.23131], [3.43259, 46.2318], [3.4311, 46.23457], [3.43097, 46.23515], [3.43021, 46.23535], [3.42025, 46.23593], [3.39833, 46.2349], [3.39691, 46.23484], [3.39683, 46.23489], [3.39674, 46.23483], [3.39439, 46.23471], [3.39207, 46.23483], [3.38852, 46.23459], [3.38655, 46.23417], [3.38541, 46.23425], [3.38432, 46.23465], [3.3782, 46.23734], [3.36351, 46.24827], [3.36294, 46.24893], [3.3574, 46.2582], [3.357, 46.25894], [3.35598, 46.26152], [3.35483, 46.26309], [3.35355, 46.26444], [3.35305, 46.26552], [3.35274, 46.26587], [3.35029, 46.2678], [3.34963, 46.26818], [3.34727, 46.26897], [3.3457, 46.26968], [3.34465, 46.26999], [3.34463, 46.27005], [3.34313, 46.27037], [3.34086, 46.27105], [3.33923, 46.2714], [3.33865, 46.27163], [3.33816, 46.27208], [3.33761, 46.2731], [3.33603, 46.27488], [3.3353, 46.27594], [3.33485, 46.27622], [3.33369, 46.27666], [3.32961, 46.27862], [3.32615, 46.28291], [3.32575, 46.28323], [3.32443, 46.28399], [3.32223, 46.28498], [3.31774, 46.28622], [3.31516, 46.28746], [3.31472, 46.28787], [3.31343, 46.28972], [3.31284, 46.29083], [3.31222, 46.29142], [3.30753, 46.29396], [3.3067, 46.29493], [3.3046, 46.29673], [3.30219, 46.29819], [3.30159, 46.2987], [3.29847, 46.30202], [3.2984, 46.30226], [3.29845, 46.3036], [3.2984, 46.3038], [3.29813, 46.30418], [3.29825, 46.30505], [3.29818, 46.30521], [3.2973, 46.30557], [3.29736, 46.30568], [3.29726, 46.30576], [3.29706, 46.30571], [3.29605, 46.30602], [3.29313, 46.3071], [3.29304, 46.30735], [3.29324, 46.30784], [3.29303, 46.30807], [3.29022, 46.30891], [3.28795, 46.3102], [3.2877, 46.31044], [3.28754, 46.31091], [3.28487, 46.32856], [3.28452, 46.3313], [3.28684, 46.34118], [3.28697, 46.34191], [3.28694, 46.34226], [3.28652, 46.34341], [3.28375, 46.34982], [3.28361, 46.35063], [3.2875, 46.36846], [3.28783, 46.36924], [3.28955, 46.37151], [3.28985, 46.37201], [3.29022, 46.37308], [3.29093, 46.37624], [3.29131, 46.37711], [3.29192, 46.37803], [3.29266, 46.37879], [3.30525, 46.38955], [3.30636, 46.3907], [3.307, 46.3917], [3.30737, 46.39256], [3.31128, 46.40425], [3.31219, 46.40566], [3.31237, 46.40623], [3.31285, 46.41441], [3.31271, 46.41602], [3.3128, 46.41748], [3.31317, 46.41988], [3.31453, 46.4262], [3.31681, 46.43938], [3.31671, 46.44308], [3.31708, 46.45059], [3.31602, 46.47429], [3.31613, 46.47438], [3.31601, 46.47447], [3.31593, 46.47637], [3.31594, 46.47714], [3.31617, 46.47724], [3.31621, 46.47734], [3.31607, 46.47751], [3.31592, 46.47754], [3.31582, 46.47836], [3.31546, 46.48822], [3.31513, 46.4894], [3.31589, 46.49543], [3.3175, 46.51591], [3.31919, 46.53526], [3.32134, 46.55831], [3.32141, 46.5593], [3.32135, 46.55968], [3.32086, 46.56088], [3.32098, 46.56103], [3.32513, 46.5625], [3.32629, 46.56152], [3.32696, 46.56116], [3.33328, 46.56125], [3.33488, 46.56147], [3.33524, 46.56171], [3.33634, 46.56306], [3.33632, 46.56317], [3.33432, 46.56466], [3.33513, 46.56566], [3.3353, 46.56624], [3.33456, 46.56754], [3.33595, 46.56752], [3.33785, 46.56725], [3.33911, 46.56757], [3.34064, 46.56808], [3.34583, 46.56943], [3.3498, 46.57099], [3.35126, 46.57187], [3.35384, 46.57265], [3.35384, 46.57373], [3.35353, 46.57456], [3.35318, 46.57607], [3.35277, 46.57709], [3.35284, 46.57716], [3.35273, 46.57721], [3.35193, 46.57905], [3.35127, 46.58025], [3.3504, 46.58328], [3.35047, 46.58371], [3.35164, 46.58757], [3.35172, 46.58828], [3.35155, 46.58862], [3.35053, 46.58964], [3.35004, 46.59084], [3.34974, 46.59137], [3.34875, 46.59244], [3.35034, 46.59321], [3.35123, 46.59399], [3.38268, 46.63608], [3.39784, 46.64888], [3.40154, 46.65118], [3.40183, 46.65153], [3.40352, 46.65447], [3.40391, 46.6559], [3.40375, 46.65737], [3.40379, 46.65805], [3.40401, 46.65864], [3.40435, 46.65911], [3.41031, 46.66435], [3.41967, 46.67164], [3.41975, 46.67178], [3.41972, 46.67207], [3.41904, 46.67295], [3.41891, 46.67337], [3.41897, 46.67362], [3.41938, 46.67433], [3.41965, 46.67461], [3.42039, 46.67505], [3.42202, 46.67554], [3.42284, 46.67628], [3.42281, 46.67639], [3.42197, 46.67705], [3.42181, 46.67729], [3.42132, 46.67902], [3.4213, 46.67935], [3.42457, 46.68839], [3.43061, 46.69708], [3.43096, 46.69738], [3.43192, 46.69772], [3.43252, 46.69803], [3.43291, 46.6984], [3.43313, 46.69877], [3.43421, 46.70492], [3.43661, 46.71378], [3.4368, 46.71421], [3.43796, 46.71586], [3.43964, 46.71883], [3.4401, 46.71967], [3.44027, 46.72035], [3.44018, 46.72092], [3.43957, 46.7225], [3.43709, 46.72677], [3.43692, 46.72727], [3.43696, 46.72817], [3.43826, 46.73609], [3.43823, 46.73655], [3.43758, 46.73878], [3.43735, 46.74034], [3.43791, 46.74393], [3.43487, 46.75732], [3.43499, 46.75778], [3.43769, 46.76462], [3.43776, 46.76505], [3.43759, 46.76557], [3.43611, 46.76875], [3.43494, 46.77125], [3.43459, 46.77185], [3.43384, 46.77249], [3.432, 46.77333], [3.43152, 46.77382], [3.43136, 46.77416], [3.43093, 46.77697], [3.43093, 46.78344], [3.43103, 46.78422], [3.43124, 46.78464], [3.43179, 46.78526], [3.44324, 46.79688], [3.44405, 46.79788], [3.45064, 46.81805], [3.45095, 46.81918], [3.45334, 46.82623], [3.45386, 46.82664], [3.45498, 46.82711], [3.45684, 46.82768], [3.45864, 46.82811], [3.45875, 46.82828], [3.45852, 46.82903], [3.45864, 46.82949], [3.45903, 46.82991], [3.45961, 46.83016], [3.46083, 46.83034], [3.46171, 46.83033], [3.4628, 46.83004], [3.46285, 46.82996], [3.46301, 46.82997], [3.46357, 46.82968], [3.46407, 46.8292], [3.4667, 46.83041], [3.4659, 46.83111], [3.46574, 46.83135], [3.46528, 46.83284], [3.46531, 46.83317], [3.46549, 46.8336], [3.4665, 46.83479], [3.46666, 46.83513], [3.46666, 46.83563], [3.46635, 46.83653], [3.46615, 46.83658], [3.46612, 46.83671], [3.46397, 46.83706], [3.4617, 46.83691], [3.46021, 46.837], [3.4591, 46.83725], [3.45825, 46.83757], [3.4569, 46.8383], [3.45705, 46.83856], [3.45703, 46.83867], [3.45605, 46.83902], [3.45578, 46.83922], [3.45509, 46.84094], [3.45496, 46.8415], [3.45511, 46.84231], [3.45559, 46.84395], [3.45633, 46.84566], [3.45766, 46.84777], [3.45806, 46.84877], [3.45803, 46.84927], [3.45617, 46.85524], [3.45611, 46.85587], [3.45621, 46.85641], [3.45641, 46.85677], [3.45864, 46.85933], [3.45884, 46.85965], [3.45916, 46.86357], [3.45898, 46.86645], [3.4591, 46.86804], [3.45938, 46.86935], [3.4599, 46.87088], [3.46076, 46.87476], [3.46102, 46.87531], [3.46313, 46.87845], [3.46365, 46.87948], [3.46444, 46.88161], [3.46463, 46.88174], [3.46454, 46.88185], [3.46435, 46.88186], [3.4642124, 46.8824036], [3.46366, 46.88372], [3.46359, 46.88415], [3.46378, 46.88585], [3.46434, 46.88813], [3.46452, 46.8886], [3.46471, 46.88903], [3.46551, 46.88977], [3.46782, 46.89119], [3.46834, 46.89182], [3.46859, 46.89257], [3.46855, 46.89318], [3.46802, 46.89429], [3.46579, 46.89696], [3.46557, 46.89732], [3.46556, 46.89772], [3.46579, 46.89808], [3.46639, 46.89852], [3.46666, 46.89887], [3.46689, 46.90009], [3.46707, 46.90057], [3.46743, 46.9009], [3.46854, 46.90153], [3.4691, 46.90212], [3.46939, 46.90254], [3.46978, 46.90339], [3.47286, 46.90781], [3.47382, 46.90906], [3.47718, 46.9123], [3.47899, 46.9135], [3.48221, 46.91546], [3.48366, 46.91677], [3.4845, 46.91762], [3.48503, 46.91885], [3.48537, 46.91936], [3.48826, 46.92212], [3.48855, 46.92271], [3.48873, 46.92333], [3.48922, 46.92405], [3.49596, 46.93031], [3.49677, 46.93108], [3.49698, 46.93138], [3.49704, 46.93204], [3.49679, 46.93426], [3.49692, 46.93486], [3.49806, 46.93856], [3.49942, 46.94116], [3.49941, 46.94246], [3.50045, 46.94368], [3.50058, 46.94404], [3.50062, 46.9452], [3.50098, 46.94621], [3.50061, 46.94797], [3.50071, 46.94885], [3.50274, 46.95303], [3.50418, 46.95639], [3.50452, 46.95663], [3.50532, 46.95691], [3.50562, 46.9571], [3.50645, 46.95842], [3.50643, 46.95909], [3.50585, 46.96015], [3.50586, 46.96092], [3.50887, 46.96688], [3.50929, 46.96794], [3.51368, 46.98507], [3.51375, 46.98571], [3.51371, 46.98616], [3.51339, 46.98713], [3.50985, 46.9929], [3.50974, 46.99368], [3.51014, 46.99704], [3.51038, 46.99821], [3.51062, 46.99881], [3.51126, 46.99985], [3.51311, 47.00238], [3.51473, 47.00418], [3.52026, 47.0099], [3.52128, 47.01168], [3.52223, 47.01364], [3.5243, 47.01746], [3.5245, 47.01858], [3.52443, 47.02007], [3.52434, 47.02021], [3.52206, 47.01948], [3.51417, 47.01736], [3.48077, 47.00947], [3.47908, 47.00948], [3.45318, 47.01197], [3.45167, 47.0119], [3.4506, 47.01158], [3.44962, 47.01098], [3.44897, 47.01028], [3.44672, 47.00745], [3.44597, 47.00685], [3.44451, 47.0061], [3.44357, 47.0058], [3.44257, 47.00559], [3.43675, 47.00452], [3.43609, 47.00439], [3.43591, 47.00428], [3.43018, 47.0032], [3.42936, 47.00315], [3.42835, 47.0032], [3.42488, 47.00382], [3.42404, 47.00384], [3.41969, 47.0035], [3.4188, 47.0035], [3.41435, 47.00422], [3.40998, 47.00519], [3.40208, 47.00543], [3.40189, 47.0056], [3.40169, 47.00555], [3.40163, 47.00544], [3.39252, 47.00573], [3.39165, 47.00568], [3.38197, 47.00404], [3.36101, 47.00257], [3.35993, 47.00258], [3.35298, 47.00348], [3.35314, 47.00451], [3.35287, 47.00488], [3.348, 47.00838], [3.33827, 47.01393], [3.33486, 47.01471], [3.33465, 47.01491], [3.33437, 47.01547], [3.33384, 47.01593], [3.33339, 47.01611], [3.3323, 47.01628], [3.33204, 47.01643], [3.33167, 47.01697], [3.33128, 47.01737], [3.329, 47.01887], [3.32591, 47.02153], [3.32568, 47.02203], [3.32287, 47.03691], [3.32217, 47.04125], [3.32193, 47.04191], [3.32139, 47.04243], [3.31523, 47.0466], [3.31475, 47.04701], [3.30879, 47.05481], [3.30712, 47.05649], [3.30574, 47.05921], [3.30545, 47.0594], [3.29991, 47.06209], [3.29653, 47.0634], [3.28781, 47.06831], [3.2846, 47.06949], [3.284, 47.06988], [3.28142, 47.07213], [3.27844, 47.07394], [3.27826, 47.07396], [3.27667, 47.07349], [3.27607, 47.07341], [3.27251, 47.07414], [3.26844, 47.07557], [3.26704, 47.07651], [3.26581, 47.07708], [3.26248, 47.07776], [3.26094, 47.07788], [3.25888, 47.07819], [3.25798, 47.07817], [3.25717, 47.07805], [3.25376, 47.07743], [3.25151, 47.07669], [3.24542, 47.07489], [3.24427, 47.0748], [3.24294, 47.07493], [3.20362, 47.08664], [3.19992, 47.08729], [3.19732, 47.08752], [3.19487, 47.08905], [3.19464, 47.08907], [3.19442, 47.08899], [3.1943656, 47.0886019], [3.19412, 47.08805], [3.19382, 47.08743], [3.19366, 47.08738], [3.19372, 47.08726], [3.19286, 47.08549], [3.19246, 47.08203], [3.19252, 47.0816], [3.19548, 47.07767], [3.19611, 47.07632], [3.19679, 47.07343], [3.19711, 47.07279], [3.20433, 47.06734], [3.20496, 47.06666], [3.2053, 47.06575], [3.20536, 47.06505], [3.20516, 47.06405], [3.20451, 47.06266], [3.20444, 47.06232], [3.20464, 47.06078], [3.20454, 47.06071], [3.20464, 47.06064], [3.20484, 47.05917], [3.205, 47.05871], [3.20531, 47.05827], [3.21186, 47.05165], [3.21276, 47.0501], [3.21298, 47.04958], [3.21314, 47.04879], [3.21311, 47.0479], [3.21286, 47.04702], [3.21186, 47.04454], [3.21159, 47.04309], [3.21171, 47.0409], [3.21248, 47.03198], [3.21251, 47.02546], [3.21234, 47.02453], [3.21214, 47.02398], [3.21246, 47.02394], [3.21302, 47.02422], [3.21388, 47.02366], [3.21479, 47.02263], [3.21654, 47.02126], [3.22005, 47.01994], [3.22054, 47.01969], [3.22088, 47.0193], [3.22102, 47.01886], [3.2207, 47.01776], [3.22081, 47.01721], [3.2212, 47.01627], [3.22123, 47.01575], [3.22101, 47.015], [3.22042, 47.01397], [3.22048, 47.0134], [3.22076, 47.01269], [3.22074, 47.01234], [3.22062, 47.01215], [3.22028, 47.012], [3.2186, 47.01192], [3.21808, 47.01182], [3.21384, 47.00975], [3.21156, 47.00874], [3.2113, 47.0084], [3.21114, 47.00747], [3.21024, 47.00603], [3.20992, 47.00565], [3.19554, 46.99573], [3.19494, 46.99515], [3.19336, 46.99313], [3.19324, 46.99278], [3.19306, 46.99142], [3.19287, 46.99107], [3.19187, 46.99066], [3.19112, 46.99053], [3.18979, 46.99052], [3.18942, 46.99044], [3.1891, 46.99027], [3.18882, 46.98995], [3.18816, 46.98868], [3.18762, 46.98783], [3.18593, 46.98575], [3.18504, 46.98499], [3.1836, 46.98393], [3.18257, 46.98338], [3.1812666, 46.9828196]]}, "properties": {"stage": 11, "source": "aso-arcgis", "length_km": 161.3, "official_km": 161.3, "licence": "All rights reserved (Amaury Sport Organisation)"}}, {"type": "Feature", "geometry": {"type": "LineString", "coordinates": [[3.1616044, 46.8609893], [3.1625716, 46.8607751], [3.1626284, 46.8607151], [3.1622771, 46.8602029], [3.16235, 46.86004], [3.16228, 46.85988], [3.16568, 46.85719], [3.16613, 46.85709], [3.16819, 46.85713], [3.17143, 46.85634], [3.17311, 46.8554], [3.17362, 46.85478], [3.17363, 46.85438], [3.17317, 46.85418], [3.17106, 46.85421], [3.1703, 46.85413], [3.16617, 46.85308], [3.16425, 46.8529], [3.16138, 46.85221], [3.15881, 46.85197], [3.15687, 46.85161], [3.15563, 46.85124], [3.15343, 46.85104], [3.15286, 46.85112], [3.15211, 46.85141], [3.15047, 46.85221], [3.14886, 46.85313], [3.14833, 46.85325], [3.14631, 46.85344], [3.14517, 46.85374], [3.14457, 46.85414], [3.14405, 46.85491], [3.14352, 46.85534], [3.13981, 46.85671], [3.13901, 46.85586], [3.1379, 46.85374], [3.13515, 46.84796], [3.13455, 46.84707], [3.13444, 46.8467], [3.13421, 46.84662], [3.13417, 46.84652], [3.13423, 46.84639], [3.13443, 46.84633], [3.1347, 46.84647], [3.1349, 46.84641], [3.13567, 46.84593], [3.13605, 46.84554], [3.13609, 46.84516], [3.13589, 46.84487], [3.13568, 46.84473], [3.13458, 46.84442], [3.13405, 46.84416], [3.13258, 46.84254], [3.12789, 46.83298], [3.12529, 46.82311], [3.12497, 46.82026], [3.12505, 46.81983], [3.1255, 46.81899], [3.12556, 46.81866], [3.12542, 46.81863], [3.12536, 46.81853], [3.12398, 46.81867], [3.12359, 46.81864], [3.12331, 46.81853], [3.12306, 46.81821], [3.12341, 46.81669], [3.12338, 46.81616], [3.12195, 46.81103], [3.12, 46.80504], [3.11968, 46.80469], [3.11914, 46.80443], [3.11651, 46.80418], [3.1159, 46.80399], [3.11538, 46.80352], [3.11526, 46.80314], [3.1153, 46.80285], [3.11514, 46.80278], [3.1151, 46.80267], [3.1091, 46.80225], [3.10905, 46.80128], [3.1092, 46.8007], [3.11137, 46.79765], [3.11168, 46.79743], [3.11179, 46.79725], [3.11169, 46.79654], [3.11108, 46.7952], [3.11082, 46.79337], [3.11085, 46.79243], [3.11096, 46.79207], [3.11115, 46.79184], [3.11271, 46.79141], [3.11489, 46.79107], [3.1164, 46.79129], [3.11907, 46.79118], [3.12125, 46.79297], [3.12171, 46.79368], [3.12231, 46.79436], [3.12245, 46.79467], [3.12476, 46.7941], [3.12622, 46.7933], [3.12665, 46.79318], [3.12709, 46.79316], [3.12773, 46.79337], [3.1295, 46.79458], [3.12993, 46.79476], [3.13215, 46.79539], [3.13427, 46.79575], [3.13489, 46.79576], [3.141, 46.79435], [3.1436, 46.79351], [3.14513, 46.79284], [3.14884, 46.79207], [3.14942, 46.79178], [3.15026, 46.79096], [3.15096, 46.79045], [3.15165, 46.7901], [3.15218, 46.79], [3.15984, 46.7896], [3.16288, 46.78857], [3.16558, 46.78728], [3.17361, 46.78635], [3.17506, 46.78608], [3.17656, 46.78545], [3.17883, 46.78403], [3.18161, 46.7826], [3.1831, 46.78216], [3.18472, 46.78194], [3.18666, 46.78208], [3.18862, 46.78262], [3.19695, 46.78631], [3.19781, 46.78657], [3.20189, 46.7867], [3.21024, 46.78644], [3.21127, 46.78636], [3.21517, 46.78568], [3.21647, 46.78556], [3.21892, 46.78571], [3.22383, 46.78687], [3.22506, 46.78692], [3.2266, 46.78662], [3.24493, 46.7815], [3.27006, 46.77776], [3.31401, 46.77081], [3.31546, 46.77065], [3.31645, 46.77068], [3.33627, 46.77267], [3.33927, 46.77288], [3.34163, 46.77295], [3.35987, 46.77288], [3.36356, 46.77293], [3.36491, 46.77315], [3.37974, 46.77652], [3.39167, 46.77623], [3.3928, 46.77631], [3.3931971, 46.7764128], [3.39484, 46.77712], [3.40358, 46.78112], [3.4044, 46.78141], [3.40504, 46.78147], [3.40819, 46.78132], [3.41084, 46.78136], [3.43179, 46.78526], [3.44246, 46.79608], [3.44395, 46.79771], [3.44434, 46.79866], [3.4472823, 46.8079071], [3.45327, 46.82612], [3.45366, 46.82653], [3.45498, 46.82711], [3.45684, 46.82768], [3.45864, 46.82811], [3.45875, 46.82828], [3.45852, 46.82903], [3.45864, 46.82949], [3.45903, 46.82991], [3.45961, 46.83016], [3.46083, 46.83034], [3.46171, 46.83033], [3.4628, 46.83004], [3.46285, 46.82996], [3.46301, 46.82997], [3.46357, 46.82968], [3.46407, 46.8292], [3.46686, 46.83049], [3.46763, 46.83066], [3.47499, 46.82902], [3.48382, 46.8278], [3.4885, 46.82827], [3.48857, 46.82846], [3.48873, 46.82853], [3.48905, 46.8285], [3.48919, 46.82834], [3.48959, 46.82838], [3.49615, 46.82909], [3.51217, 46.83103], [3.52862, 46.83055], [3.5302, 46.83067], [3.54097, 46.83324], [3.55931, 46.83597], [3.57401, 46.83827], [3.57549, 46.83882], [3.5789, 46.84089], [3.57971, 46.84129], [3.59115, 46.84416], [3.59286, 46.84474], [3.59792, 46.8467], [3.60202, 46.84768], [3.6033, 46.84776], [3.61377, 46.84716], [3.61518, 46.84717], [3.62671, 46.84881], [3.6269, 46.84904], [3.63003, 46.85055], [3.63238, 46.85234], [3.63338, 46.85287], [3.6349, 46.8533], [3.63822, 46.85373], [3.63905, 46.85392], [3.64486, 46.85611], [3.64833, 46.85775], [3.64853, 46.8577], [3.6502, 46.8567], [3.65152, 46.85564], [3.65196, 46.85509], [3.65203, 46.85443], [3.65127, 46.85269], [3.65079, 46.84991], [3.65077, 46.84943], [3.65119, 46.84785], [3.6512, 46.84612], [3.65133, 46.84581], [3.65192, 46.84515], [3.65773, 46.84449], [3.65877, 46.84428], [3.6891, 46.83456], [3.69007, 46.83409], [3.69071, 46.83363], [3.69853, 46.82613], [3.69913, 46.82572], [3.70327, 46.82347], [3.70392, 46.8232], [3.70675, 46.82264], [3.71029, 46.82066], [3.71092, 46.82038], [3.72572, 46.81583], [3.72626, 46.81581], [3.72678, 46.81593], [3.73477, 46.81903], [3.73576, 46.81923], [3.73694, 46.81918], [3.74306, 46.81731], [3.74431, 46.81686], [3.75711, 46.81114], [3.75829, 46.81089], [3.76217, 46.81047], [3.76306, 46.8103], [3.76454, 46.80984], [3.76591, 46.80919], [3.76849, 46.8074], [3.76909, 46.80707], [3.76969, 46.80687], [3.77044, 46.80673], [3.77663, 46.80634], [3.78263, 46.80715], [3.78356, 46.80718], [3.78458, 46.80698], [3.78862, 46.80555], [3.79341, 46.80412], [3.80065, 46.80286], [3.80145, 46.80288], [3.80215, 46.80304], [3.80281, 46.80336], [3.80388, 46.80436], [3.80429, 46.80462], [3.80521, 46.80495], [3.80832, 46.80578], [3.80928, 46.8058], [3.81078, 46.80546], [3.8114, 46.80542], [3.81628, 46.80607], [3.81719, 46.806], [3.81899, 46.80563], [3.81988, 46.80554], [3.82367, 46.80567], [3.82464, 46.80583], [3.82567, 46.80622], [3.8275, 46.80722], [3.82809, 46.80775], [3.82893, 46.80868], [3.8293, 46.80891], [3.82968, 46.80903], [3.83217, 46.80904], [3.83327, 46.80882], [3.83659, 46.80794], [3.83743, 46.80782], [3.83858, 46.8078], [3.83991, 46.80801], [3.84984, 46.81049], [3.85145, 46.81061], [3.85543, 46.81025], [3.86301, 46.80829], [3.8636, 46.80819], [3.86444, 46.80817], [3.86563, 46.8084], [3.86783, 46.80961], [3.86846, 46.80986], [3.869, 46.80993], [3.87029, 46.80992], [3.87089, 46.81002], [3.87146, 46.81028], [3.87277, 46.81134], [3.87353, 46.81157], [3.87417, 46.81158], [3.87701, 46.81072], [3.88027, 46.80992], [3.88714, 46.80694], [3.88806, 46.80662], [3.889, 46.80649], [3.89115, 46.80663], [3.89182, 46.80658], [3.89255, 46.80629], [3.89342, 46.80563], [3.89415, 46.80531], [3.8951, 46.80523], [3.89678, 46.80526], [3.89759, 46.80515], [3.89814, 46.80498], [3.89892, 46.80454], [3.90149, 46.80236], [3.90193, 46.80211], [3.90227, 46.80198], [3.90292, 46.80191], [3.90478, 46.80205], [3.90518, 46.80199], [3.90569, 46.80179], [3.90619, 46.80134], [3.90685, 46.80008], [3.90748, 46.79966], [3.90864, 46.79941], [3.91433, 46.79862], [3.91782, 46.79777], [3.91878, 46.79768], [3.92124, 46.79781], [3.92202, 46.79771], [3.92589, 46.79595], [3.9265, 46.7958], [3.92817, 46.79564], [3.92868, 46.79545], [3.93061, 46.79444], [3.93105, 46.79432], [3.93258, 46.79415], [3.93307, 46.79393], [3.93366, 46.79348], [3.93664, 46.79079], [3.93724, 46.79035], [3.94036, 46.78898], [3.94106, 46.78878], [3.94212, 46.78875], [3.94251, 46.78882], [3.94355, 46.7892], [3.9449, 46.78926], [3.94532, 46.78935], [3.94566, 46.78957], [3.94602, 46.7903], [3.94695, 46.79078], [3.94759, 46.79147], [3.94964, 46.79254], [3.95129, 46.79282], [3.95257, 46.79277], [3.95564, 46.79217], [3.95652, 46.79193], [3.96558, 46.78736], [3.96646, 46.78741], [3.9682, 46.78796], [3.96855, 46.78914], [3.96847, 46.78963], [3.96877, 46.7901], [3.97034, 46.79053], [3.97205, 46.79084], [3.9736, 46.79088], [3.97301, 46.79017], [3.97282, 46.78975], [3.97288, 46.78965], [3.97468, 46.78946], [3.97592, 46.78912], [3.97647, 46.78887], [3.99834, 46.77647], [4.00073, 46.77376], [4.00093, 46.77329], [4.00105, 46.77208], [4.00139, 46.77174], [4.0021, 46.77152], [4.00404, 46.77141], [4.00532, 46.77083], [4.0059, 46.77041], [4.00729, 46.76873], [4.00898, 46.76772], [4.01861, 46.76496], [4.01909, 46.76475], [4.01943, 46.76432], [4.01979, 46.76343], [4.02004, 46.76302], [4.02254, 46.76009], [4.0245, 46.75669], [4.02647, 46.75467], [4.02671, 46.75423], [4.02698, 46.75321], [4.02711, 46.753], [4.02735, 46.75283], [4.02809, 46.75281], [4.0349, 46.75369], [4.0355, 46.75365], [4.03574, 46.75343], [4.03569, 46.75314], [4.03547, 46.75298], [4.03453, 46.75274], [4.03427, 46.75254], [4.03422, 46.75233], [4.03437, 46.75208], [4.03557, 46.75078], [4.03596, 46.75045], [4.03664, 46.75016], [4.03738, 46.75011], [4.03958, 46.75019], [4.04036, 46.75013], [4.04065, 46.75002], [4.04084, 46.74972], [4.04089, 46.74892], [4.04103, 46.74828], [4.04129, 46.74812], [4.04231, 46.74802], [4.04288, 46.74772], [4.043, 46.74758], [4.04317, 46.74704], [4.04362, 46.74647], [4.04381, 46.74552], [4.04395, 46.74535], [4.04421, 46.74524], [4.04473, 46.74524], [4.04608, 46.74563], [4.048, 46.74575], [4.04977, 46.74676], [4.05127, 46.74744], [4.05171, 46.74753], [4.05224, 46.74743], [4.05248, 46.74717], [4.0525, 46.74691], [4.05211, 46.74635], [4.05206, 46.74616], [4.05214, 46.74601], [4.05238, 46.74589], [4.05331, 46.74575], [4.05412, 46.74547], [4.05546, 46.74578], [4.0562, 46.74587], [4.05762, 46.74584], [4.05851, 46.74567], [4.05863, 46.74556], [4.05862, 46.74541], [4.05815, 46.74517], [4.05809, 46.74497], [4.05823, 46.74477], [4.05885, 46.74438], [4.05912, 46.74412], [4.05914, 46.74389], [4.05903, 46.74361], [4.05908, 46.74343], [4.05934, 46.74327], [4.06002, 46.74306], [4.06068, 46.74249], [4.06096, 46.74189], [4.06088, 46.74141], [4.06093, 46.74121], [4.06107, 46.74108], [4.06195, 46.74072], [4.06303, 46.73898], [4.06345, 46.73878], [4.06447, 46.73855], [4.06529, 46.73792], [4.06556, 46.73757], [4.06602, 46.73636], [4.06626, 46.73506], [4.06684, 46.73409], [4.06807, 46.73317], [4.06909, 46.73203], [4.07006, 46.73151], [4.07235, 46.72862], [4.07273, 46.72828], [4.07336, 46.72806], [4.07578, 46.72766], [4.07771, 46.72681], [4.08211, 46.7254], [4.08249, 46.72513], [4.0833, 46.72415], [4.08378, 46.72376], [4.087855, 46.7213645], [4.11438, 46.70608], [4.1207, 46.70257], [4.13315, 46.69592], [4.13518, 46.69496], [4.13662, 46.69398], [4.13696, 46.69366], [4.13823, 46.69354], [4.13883, 46.69369], [4.14164, 46.69292], [4.15019, 46.69172], [4.15166, 46.69137], [4.15227, 46.6911], [4.15258, 46.69076], [4.15269, 46.69041], [4.15281, 46.68919], [4.15303, 46.68871], [4.15365, 46.68835], [4.15472, 46.68806], [4.16025, 46.68663], [4.16312, 46.68618], [4.1652, 46.68576], [4.16875, 46.6856], [4.17075, 46.68573], [4.17435, 46.68579], [4.17752, 46.68609], [4.17878, 46.68633], [4.18031, 46.68694], [4.18292, 46.68842], [4.18353, 46.68894], [4.18403, 46.68952], [4.18591, 46.6928], [4.18658, 46.69355], [4.19873, 46.70246], [4.2, 46.70329], [4.20067, 46.70359], [4.20178, 46.70392], [4.20313, 46.70408], [4.2326, 46.70638], [4.2341, 46.70666], [4.23653, 46.70729], [4.26036, 46.71488], [4.26084, 46.71509], [4.26147, 46.71551], [4.2656962, 46.7189793], [4.2663149, 46.7191366], [4.26684, 46.719], [4.2678, 46.71816], [4.26924, 46.71763], [4.27043, 46.71697], [4.27144, 46.71653], [4.27389, 46.71577], [4.27707, 46.71491], [4.27973, 46.71432], [4.28031, 46.71411], [4.28087, 46.71368], [4.28169, 46.71282], [4.28327, 46.71055], [4.285, 46.70891], [4.28676, 46.70796], [4.28832, 46.70658], [4.28865, 46.70647], [4.29083, 46.70627], [4.2911, 46.7061], [4.29141, 46.7057], [4.29174, 46.70545], [4.29332, 46.70467], [4.29387, 46.70461], [4.29544, 46.70497], [4.296, 46.70496], [4.29649, 46.70482], [4.29976, 46.70323], [4.30037, 46.70302], [4.301, 46.70305], [4.30334, 46.70352], [4.30488, 46.70337], [4.3069, 46.70343], [4.30731, 46.70326], [4.30782, 46.70276], [4.30811, 46.70259], [4.30842, 46.70252], [4.3099, 46.70259], [4.31066, 46.70237], [4.31107, 46.70212], [4.31187, 46.70116], [4.31263, 46.7006], [4.31391, 46.69984], [4.31518, 46.6994], [4.31993, 46.69908], [4.32458, 46.69933], [4.32662, 46.69849], [4.33254, 46.69668], [4.3349, 46.69651], [4.33538, 46.69654], [4.33641, 46.6968], [4.33704, 46.69679], [4.34102, 46.69466], [4.34378, 46.69279], [4.34442, 46.69244], [4.34497, 46.69233], [4.35075, 46.69203], [4.35277, 46.6914], [4.35596, 46.69062], [4.35604, 46.69047], [4.35633, 46.69041], [4.36162, 46.68285], [4.3653838, 46.6791841], [4.3653735, 46.6789646], [4.3645877, 46.6784043], [4.36092, 46.6744], [4.35987, 46.67314], [4.35945, 46.67253], [4.35985, 46.67241], [4.36023, 46.67294], [4.36095, 46.67303], [4.36125, 46.67321], [4.36437, 46.67674], [4.36859, 46.67496], [4.37004, 46.67482], [4.37393, 46.67377], [4.3755, 46.67514], [4.3765, 46.67553], [4.37676, 46.67633], [4.37764, 46.6771], [4.37894, 46.67798], [4.3827, 46.68152], [4.38722, 46.68419], [4.38808, 46.68457], [4.38912, 46.68491], [4.39041, 46.68512], [4.39082, 46.68865], [4.39098, 46.68876], [4.39085, 46.68888], [4.39155, 46.69492], [4.39153, 46.6954], [4.39132, 46.69589], [4.39221, 46.696], [4.39393, 46.69591], [4.39482, 46.69605], [4.3953, 46.69621], [4.39565, 46.69657], [4.39638, 46.69789], [4.39666, 46.69826], [4.39765, 46.69896], [4.39821, 46.6992], [4.39879, 46.69925], [4.39963, 46.69908], [4.40189, 46.69731], [4.40244, 46.69708], [4.40293, 46.69707], [4.4035, 46.69721], [4.40488, 46.69787], [4.40701, 46.69927], [4.40865, 46.69984], [4.41047, 46.70007], [4.41201, 46.70002], [4.41295, 46.70033], [4.41366, 46.70077], [4.4144, 46.70172], [4.41527, 46.70228], [4.41633, 46.70268], [4.41998, 46.70369], [4.4203, 46.70385], [4.42134, 46.70464], [4.42308, 46.70548], [4.42591, 46.70709], [4.42681, 46.70743], [4.42789, 46.70751], [4.42849, 46.70778], [4.42904, 46.70824], [4.42924, 46.70904], [4.4295, 46.70945], [4.42996, 46.70987], [4.43049, 46.71018], [4.43208, 46.71073], [4.43375, 46.71099], [4.43591, 46.7118], [4.43852, 46.71231], [4.439, 46.71251], [4.44029, 46.71334], [4.4404535, 46.7135303], [4.44049, 46.71379], [4.43991, 46.7152], [4.43979, 46.71579], [4.43985, 46.71614], [4.44035, 46.71741], [4.4407, 46.7177], [4.44202, 46.718], [4.44277, 46.71838], [4.44306, 46.71867], [4.44346, 46.71929], [4.44379, 46.72015], [4.4452, 46.72117], [4.44594, 46.7214], [4.44744, 46.7213], [4.44851, 46.72149], [4.44923, 46.72183], [4.45073, 46.72322], [4.45115, 46.72347], [4.45828, 46.72604], [4.46183, 46.72762], [4.46243, 46.72766], [4.46284, 46.72746], [4.47166, 46.72676], [4.48974, 46.72512], [4.49037, 46.72488], [4.49286, 46.72331], [4.49326, 46.72313], [4.49395, 46.723], [4.50957, 46.72308], [4.5159, 46.72469], [4.52118, 46.72719], [4.5222, 46.7278], [4.53067, 46.73437], [4.53136, 46.73472], [4.5336, 46.73558], [4.53581, 46.73598], [4.543065, 46.7369], [4.5492, 46.73798], [4.55258, 46.73798], [4.5578, 46.73708], [4.56256, 46.73675], [4.56729, 46.73123], [4.56776, 46.7308], [4.56955, 46.73022], [4.56978, 46.73003], [4.57022, 46.72915], [4.5704, 46.72898], [4.57082, 46.72895], [4.57182, 46.72927], [4.57221, 46.72918], [4.57233, 46.72893], [4.57204, 46.72812], [4.57213, 46.72781], [4.57238, 46.72767], [4.57307, 46.7276], [4.57335, 46.72747], [4.57444, 46.72613], [4.58, 46.72431], [4.58051, 46.72423], [4.58107, 46.72428], [4.58264, 46.72479], [4.5848, 46.72524], [4.5855, 46.72532], [4.58605, 46.72529], [4.58789, 46.72509], [4.59141, 46.72446], [4.59278, 46.72412], [4.5936, 46.72425], [4.59396, 46.72423], [4.60004, 46.72232], [4.60059, 46.72232], [4.60213, 46.72269], [4.60278, 46.72265], [4.60506, 46.72097], [4.60628, 46.71982], [4.6071, 46.71916], [4.61083, 46.71711], [4.6135, 46.71609], [4.61657, 46.71478], [4.62082, 46.71348], [4.62189, 46.71303], [4.6223, 46.71268], [4.62316, 46.71125], [4.62329, 46.71089], [4.62333, 46.71003], [4.62348, 46.70975], [4.62384, 46.70956], [4.62546, 46.7092], [4.62669, 46.70912], [4.62893, 46.7092], [4.6309, 46.7089], [4.6311, 46.70903], [4.63249, 46.71056], [4.63385, 46.71113], [4.63425, 46.71122], [4.63898, 46.71086], [4.64769, 46.71153], [4.65426, 46.7116], [4.65639, 46.71215], [4.65838, 46.71319], [4.65913, 46.71348], [4.66117, 46.71405], [4.66271, 46.71431], [4.66516, 46.71523], [4.66579, 46.71531], [4.66936, 46.71529], [4.66993, 46.71518], [4.67026, 46.71491], [4.67067, 46.71388], [4.671497, 46.7129149], [4.67197, 46.71182], [4.67259, 46.71084], [4.67351, 46.71007], [4.67359, 46.7099], [4.67539, 46.70873], [4.67612, 46.70798], [4.67657, 46.70772], [4.67721, 46.70753], [4.67899, 46.70736], [4.67984, 46.70719], [4.68293, 46.7058], [4.68338, 46.70569], [4.68409, 46.70575], [4.68462, 46.70593], [4.68675, 46.70731], [4.68888, 46.70838], [4.68913, 46.70872], [4.68921, 46.70905], [4.689, 46.71003], [4.68914, 46.71049], [4.68973, 46.71122], [4.69094, 46.71212], [4.69142, 46.7123], [4.69202, 46.71234], [4.69342, 46.71205], [4.69406, 46.7126], [4.69618, 46.713], [4.69762, 46.71309], [4.70215, 46.71314], [4.70275, 46.71321], [4.70291, 46.71311], [4.70311, 46.71317], [4.70365, 46.71305], [4.70754, 46.71395], [4.71227, 46.71377], [4.71836, 46.71273], [4.72576, 46.71107], [4.72774, 46.71089], [4.73149, 46.71093], [4.73815, 46.71194], [4.74081, 46.71262], [4.74526, 46.7146], [4.7491, 46.71617], [4.75062, 46.71717], [4.7519, 46.71885], [4.75225, 46.71919], [4.75425, 46.7203], [4.75549, 46.72071], [4.75663, 46.72093], [4.75898, 46.72112], [4.76292, 46.72281], [4.76928, 46.72461], [4.77127, 46.72574], [4.77543, 46.72717], [4.7804, 46.7291], [4.78167, 46.72965], [4.7837, 46.73075], [4.78664, 46.73186], [4.79245, 46.73538], [4.79503, 46.7376], [4.7967, 46.73877], [4.79734, 46.73896], [4.80007, 46.73932], [4.80282, 46.73952], [4.80573, 46.73918], [4.80802, 46.73929], [4.8095649, 46.739666], [4.81058, 46.74006], [4.81144, 46.74051], [4.81216, 46.74104], [4.81412, 46.74382], [4.81649, 46.74643], [4.81824, 46.74924], [4.81881, 46.75059], [4.82032, 46.75181], [4.82097, 46.75253], [4.82171, 46.75391], [4.82232, 46.75455], [4.82255, 46.755], [4.82266, 46.75601], [4.82285, 46.75611], [4.82282, 46.75625], [4.82266, 46.75629], [4.82266, 46.75653], [4.82285, 46.75685], [4.82341, 46.75697], [4.82464, 46.757], [4.82554, 46.75722], [4.82646, 46.75779], [4.82769, 46.75839], [4.83505, 46.76141], [4.83652, 46.76179], [4.83726, 46.76247], [4.83952, 46.76331], [4.8402, 46.76247], [4.84061, 46.761], [4.842205, 46.759825], [4.8425, 46.75981], [4.84261, 46.76265], [4.84233, 46.76419], [4.84236, 46.76544], [4.84264, 46.7662], [4.84345, 46.76773], [4.84352, 46.76813], [4.84345, 46.76959], [4.84365, 46.77064], [4.84398, 46.77173], [4.8445, 46.77304], [4.84499, 46.77397], [4.84546, 46.77463], [4.84622, 46.77543], [4.84781, 46.77643], [4.8508178, 46.7780237]]}, "properties": {"stage": 12, "source": "aso-arcgis", "length_km": 179.1, "official_km": 179.1, "licence": "All rights reserved (Amaury Sport Organisation)"}}, {"type": "Feature", "geometry": {"type": "LineString", "coordinates": [[5.5434724, 47.0957371], [5.54348, 47.09682], [5.54647, 47.09774], [5.55158, 47.09876], [5.55238, 47.09902], [5.55326, 47.09941], [5.55527, 47.10049], [5.55581, 47.10095], [5.5568, 47.10207], [5.55742, 47.10248], [5.55799, 47.10273], [5.55854, 47.1028], [5.55961, 47.10266], [5.56158, 47.10277], [5.56233, 47.1027], [5.56307, 47.10252], [5.56347, 47.10265], [5.56389, 47.10268], [5.5659, 47.10196], [5.56612, 47.10193], [5.56628, 47.102], [5.566, 47.1025], [5.56543, 47.10306], [5.56508, 47.10368], [5.56448, 47.10418], [5.56441, 47.10495], [5.56403, 47.10563], [5.56551, 47.108], [5.56741, 47.10985], [5.56808, 47.11032], [5.57195, 47.11257], [5.57294, 47.11325], [5.57422, 47.11555], [5.57417, 47.11579], [5.57389, 47.11601], [5.57106, 47.11742], [5.56903, 47.11828], [5.5667, 47.12058], [5.5666, 47.12081], [5.56677, 47.12105], [5.56799, 47.12156], [5.56843, 47.12186], [5.56875, 47.12249], [5.56877, 47.12304], [5.57777, 47.12497], [5.58238, 47.12581], [5.58387, 47.12588], [5.58524, 47.12557], [5.58612, 47.12548], [5.58844, 47.12576], [5.58936, 47.12614], [5.59045, 47.12692], [5.59125, 47.12716], [5.59722, 47.12722], [5.60029, 47.12682], [5.60305, 47.12714], [5.60325, 47.12721], [5.603181, 47.1276976], [5.603377, 47.1280342], [5.60457, 47.1289], [5.60804, 47.13046], [5.61294, 47.13285], [5.61511, 47.13366], [5.61742, 47.13422], [5.61895, 47.13505], [5.61966, 47.13533], [5.62173, 47.13582], [5.62245, 47.13592], [5.62551, 47.13622], [5.62902, 47.13635], [5.63236, 47.13604], [5.63387, 47.13576], [5.63542, 47.13536], [5.6367, 47.1352], [5.63749, 47.13523], [5.63843, 47.13557], [5.63925, 47.13556], [5.64078, 47.1352], [5.64223, 47.13455], [5.64285, 47.13415], [5.64375, 47.13335], [5.64416, 47.13318], [5.64491, 47.13304], [5.64523, 47.13287], [5.6457, 47.13234], [5.64602, 47.13211], [5.64639, 47.13205], [5.64862, 47.13205], [5.65, 47.13224], [5.65043, 47.13241], [5.65086, 47.13289], [5.65082, 47.13312], [5.65042, 47.13354], [5.65032, 47.13377], [5.65024, 47.13538], [5.65036, 47.1359], [5.65111, 47.13767], [5.65166, 47.13833], [5.65465, 47.14064], [5.655, 47.14088], [5.65526, 47.14095], [5.65562, 47.14238], [5.65625, 47.14625], [5.65646, 47.14643], [5.65686, 47.14655], [5.65863, 47.14663], [5.65893, 47.14673], [5.65905, 47.14712], [5.65884, 47.14829], [5.66002, 47.14814], [5.66566, 47.1457], [5.66752, 47.14504], [5.67416, 47.14356], [5.67594, 47.143], [5.67759, 47.14232], [5.67858, 47.14214], [5.67939, 47.14211], [5.68059, 47.14229], [5.68152, 47.14265], [5.68576, 47.14578], [5.68731, 47.1465], [5.68893, 47.14699], [5.69584, 47.14832], [5.69845, 47.14913], [5.70183, 47.15031], [5.70269, 47.15053], [5.70618, 47.15075], [5.70969, 47.15126], [5.71181, 47.15118], [5.71818, 47.15118], [5.71826, 47.15102], [5.71847, 47.15096], [5.71864, 47.151], [5.71876, 47.15118], [5.72947, 47.15097], [5.73033, 47.15098], [5.73121, 47.15112], [5.7385, 47.15358], [5.74055, 47.15419], [5.7419, 47.15483], [5.74311, 47.15499], [5.74458, 47.1555], [5.7555, 47.16002], [5.75787, 47.1614], [5.76166, 47.16242], [5.76288, 47.16283], [5.7745, 47.16877], [5.78134, 47.17267], [5.78523, 47.17468], [5.80305, 47.17982], [5.80338, 47.18003], [5.80353, 47.18025], [5.8036, 47.18052], [5.80336, 47.18117], [5.80336, 47.18147], [5.80349, 47.18169], [5.80384, 47.18192], [5.80513, 47.18238], [5.80846, 47.18335], [5.80885, 47.18334], [5.81004, 47.18294], [5.81148, 47.18261], [5.81225, 47.18257], [5.81323, 47.18271], [5.81326, 47.18277], [5.81255, 47.18314], [5.81219, 47.1836], [5.81121, 47.18655], [5.81001, 47.18833], [5.80933, 47.19034], [5.80784, 47.19216], [5.80764, 47.19306], [5.80777, 47.19431], [5.80744, 47.19577], [5.80738, 47.19722], [5.80679, 47.19903], [5.80584, 47.20072], [5.80459, 47.20197], [5.80431, 47.2028], [5.80403, 47.20303], [5.80328, 47.20335], [5.80302, 47.20359], [5.80277, 47.20443], [5.80278, 47.20512], [5.80312, 47.20581], [5.80221, 47.20649], [5.8021, 47.20674], [5.80293, 47.2089], [5.80401, 47.21057], [5.80463, 47.21199], [5.80499, 47.21246], [5.80583, 47.21324], [5.80621, 47.21378], [5.8067, 47.21561], [5.80701, 47.21754], [5.80755, 47.21929], [5.80786, 47.22006], [5.80861, 47.22124], [5.809, 47.22222], [5.80921, 47.22367], [5.80957, 47.22434], [5.80963, 47.22476], [5.80944, 47.22514], [5.80862, 47.22562], [5.80853, 47.22588], [5.80863, 47.22604], [5.80884, 47.22615], [5.81012, 47.22653], [5.80986, 47.22685], [5.80849, 47.22735], [5.80843, 47.2276], [5.80918, 47.22827], [5.81203, 47.23031], [5.81262, 47.23104], [5.81279, 47.23143], [5.81287, 47.23198], [5.81259, 47.23326], [5.81256, 47.23374], [5.81271, 47.23426], [5.81355, 47.23576], [5.81367, 47.23694], [5.81442, 47.23843], [5.81638, 47.24298], [5.81651, 47.24319], [5.81728, 47.24382], [5.81749, 47.24415], [5.81744, 47.24577], [5.8181, 47.2466], [5.81811, 47.24692], [5.81797, 47.24716], [5.81715, 47.24748], [5.81678, 47.24775], [5.81612, 47.24919], [5.81601, 47.24966], [5.8161, 47.25001], [5.81714, 47.25193], [5.81813, 47.25675], [5.8181, 47.25842], [5.81839, 47.26004], [5.81817, 47.26031], [5.81746, 47.26073], [5.81723, 47.26171], [5.82081, 47.2707], [5.82108, 47.27104], [5.82186, 47.27171], [5.82151, 47.27191], [5.81871, 47.27434], [5.81469, 47.2764], [5.81054, 47.27823], [5.80092, 47.28141], [5.77635, 47.28976], [5.77599, 47.28984], [5.77286, 47.28999], [5.77329, 47.29043], [5.77453, 47.29129], [5.77489, 47.29208], [5.77508, 47.29226], [5.77672, 47.29232], [5.77771, 47.29267], [5.77897, 47.29295], [5.7805, 47.29311], [5.78153, 47.29311], [5.78201, 47.29331], [5.78289, 47.29329], [5.78506, 47.29381], [5.78559, 47.29382], [5.78694, 47.29355], [5.78816, 47.29359], [5.79144, 47.29427], [5.79411, 47.29439], [5.79568, 47.29464], [5.79728, 47.29501], [5.80243, 47.29573], [5.80697, 47.29785], [5.8093, 47.29834], [5.80967, 47.29926], [5.81074, 47.30106], [5.81182, 47.30214], [5.81214, 47.30231], [5.81247, 47.30234], [5.81294, 47.30226], [5.81432, 47.30182], [5.81743, 47.30113], [5.81795, 47.30115], [5.81944, 47.30154], [5.82288, 47.30251], [5.82568, 47.30347], [5.82846, 47.30415], [5.83015, 47.30467], [5.83089, 47.305], [5.83228, 47.30622], [5.83272, 47.30649], [5.83313, 47.30663], [5.83919, 47.30746], [5.84086, 47.30791], [5.8459, 47.31016], [5.8484, 47.31171], [5.8514, 47.31246], [5.85549, 47.31535], [5.856, 47.31562], [5.86597, 47.31759], [5.8707, 47.31832], [5.87902, 47.3208], [5.88348, 47.32299], [5.88534, 47.32379], [5.89024, 47.32645], [5.89608, 47.3305], [5.8965, 47.331], [5.8978828, 47.3332048], [5.89928, 47.3345], [5.89983, 47.33483], [5.9009, 47.33531], [5.90168, 47.33555], [5.90618, 47.33618], [5.90755, 47.33658], [5.9089, 47.33679], [5.90931, 47.33709], [5.91043, 47.33853], [5.91142, 47.33922], [5.9146, 47.34071], [5.91697, 47.34137], [5.9188, 47.34168], [5.91932, 47.34186], [5.92363, 47.34437], [5.924765, 47.344945], [5.92857, 47.34593], [5.93515, 47.34664], [5.93661, 47.34709], [5.93723, 47.34742], [5.93835, 47.34854], [5.93952, 47.34947], [5.93975, 47.34962], [5.94, 47.34966], [5.94002, 47.34991], [5.94065, 47.3501], [5.94105, 47.35073], [5.94136, 47.35102], [5.94278, 47.35171], [5.94333, 47.35182], [5.94379, 47.35181], [5.94466, 47.35158], [5.9455, 47.35125], [5.94615, 47.35079], [5.94778, 47.34923], [5.94846, 47.34876], [5.95366, 47.34674], [5.95371, 47.34663], [5.95724, 47.34681], [5.95753, 47.34678], [5.95799, 47.34653], [5.95849, 47.34665], [5.96021, 47.34755], [5.96057, 47.34782], [5.96104, 47.34841], [5.96121, 47.34882], [5.96119, 47.34924], [5.96093, 47.34966], [5.96117, 47.35009], [5.96429, 47.35194], [5.96667, 47.35409], [5.96722, 47.35473], [5.96788, 47.35601], [5.96929, 47.35694], [5.9708, 47.35917], [5.97272, 47.36124], [5.97572, 47.36351], [5.97916, 47.36788], [5.97963, 47.36836], [5.984, 47.37044], [5.98492, 47.37117], [5.98707, 47.37258], [5.98781, 47.37328], [5.98837, 47.37424], [5.98911, 47.37478], [5.99101, 47.37554], [5.99301, 47.37585], [5.99368, 47.37615], [5.99692, 47.37861], [5.99826, 47.37983], [5.99916, 47.38028], [6.00081, 47.38161], [6.00199, 47.382], [6.00492, 47.38358], [6.00662, 47.38488], [6.00879, 47.38637], [6.01004, 47.38692], [6.01127, 47.38719], [6.01298, 47.38733], [6.01494, 47.38735], [6.01775, 47.38753], [6.01885, 47.3877], [6.02056, 47.38819], [6.02541, 47.38863], [6.02629, 47.38857], [6.02761, 47.38814], [6.02817, 47.38805], [6.029, 47.38815], [6.03098, 47.38861], [6.03146, 47.38857], [6.03306, 47.38809], [6.03411, 47.38812], [6.03494, 47.38835], [6.03561, 47.38865], [6.03935, 47.39125], [6.04019, 47.39173], [6.04104, 47.39199], [6.04333, 47.3924], [6.04415, 47.3927], [6.04535, 47.39373], [6.04582, 47.39434], [6.04859, 47.39727], [6.05065, 47.4006], [6.05143, 47.40287], [6.05178, 47.40338], [6.0528, 47.40441], [6.05867, 47.4091], [6.06362, 47.41252], [6.06653, 47.41559], [6.06725, 47.41603], [6.06751, 47.41598], [6.0676, 47.41609], [6.06751, 47.4162], [6.06821, 47.41669], [6.06841, 47.41675], [6.06865, 47.4167], [6.06878, 47.4168], [6.06962, 47.41694], [6.07208, 47.41798], [6.07188, 47.41841], [6.07191, 47.41869], [6.07175, 47.42003], [6.0711, 47.42229], [6.07156, 47.4225], [6.0729, 47.42358], [6.07441, 47.42424], [6.07683, 47.42514], [6.07824, 47.42545], [6.0784, 47.42539], [6.0785, 47.42552], [6.08622, 47.42719], [6.08732, 47.42776], [6.08943, 47.42919], [6.09035, 47.4296], [6.09311, 47.43048], [6.09574, 47.43145], [6.10036, 47.4325], [6.10093, 47.4326], [6.10149, 47.43258], [6.10653, 47.43093], [6.10714, 47.43086], [6.10771, 47.43096], [6.10831, 47.43132], [6.10949, 47.43278], [6.11134, 47.43466], [6.11185, 47.43501], [6.1122, 47.43561], [6.11293, 47.43619], [6.11401, 47.43736], [6.11457, 47.43763], [6.11522, 47.43771], [6.11571, 47.43765], [6.11923, 47.43636], [6.12009, 47.43617], [6.12092, 47.43618], [6.12188, 47.43634], [6.12353, 47.43683], [6.12446, 47.43687], [6.12564, 47.43663], [6.12614, 47.43642], [6.12659, 47.43609], [6.12962, 47.43311], [6.13166, 47.43183], [6.13208, 47.43169], [6.13263, 47.43166], [6.13308, 47.43176], [6.13581, 47.43279], [6.13793, 47.43405], [6.13921, 47.435], [6.14115, 47.43682], [6.14285, 47.43823], [6.14355, 47.43858], [6.14407, 47.43865], [6.14735, 47.43862], [6.15228, 47.43983], [6.15418, 47.43998], [6.15661, 47.44046], [6.15945, 47.44109], [6.16304, 47.44231], [6.17545, 47.44551], [6.17602, 47.44555], [6.17663, 47.44544], [6.17853, 47.44457], [6.17913, 47.44437], [6.18209, 47.44391], [6.18333, 47.44403], [6.18545, 47.44468], [6.18699, 47.4449], [6.18833, 47.44489], [6.18975, 47.44476], [6.19205, 47.44509], [6.19701, 47.44501], [6.20323, 47.4453], [6.20356, 47.44548], [6.20447, 47.4463], [6.20476, 47.44677], [6.20476, 47.44747], [6.20558, 47.44748], [6.20699, 47.4478], [6.21194, 47.44974], [6.21403, 47.45039], [6.21628, 47.45089], [6.2199, 47.4513], [6.22235, 47.45194], [6.22396, 47.4526], [6.22637, 47.45386], [6.22912, 47.45507], [6.23178, 47.45697], [6.23271, 47.45745], [6.23346, 47.45768], [6.23587, 47.45816], [6.2409, 47.46], [6.24427, 47.46089], [6.25114, 47.46297], [6.25371, 47.46385], [6.25453, 47.46421], [6.25679, 47.4657], [6.25802, 47.46603], [6.25912, 47.46661], [6.25944, 47.46701], [6.25965, 47.46712], [6.25993, 47.4672], [6.26032, 47.46714], [6.26273, 47.46713], [6.26349, 47.46727], [6.26386, 47.4676], [6.26391, 47.4679], [6.26313, 47.46939], [6.26311, 47.46963], [6.26322, 47.46989], [6.26538, 47.47193], [6.26776, 47.47349], [6.26863, 47.47396], [6.26951, 47.47415], [6.27126, 47.47406], [6.27185, 47.47411], [6.27632, 47.47501], [6.27699, 47.47528], [6.27794, 47.47614], [6.27867, 47.47639], [6.27926, 47.47642], [6.28278, 47.47597], [6.28333, 47.47599], [6.28378, 47.4761], [6.28431, 47.47646], [6.28793, 47.48017], [6.28899, 47.48114], [6.29068, 47.48224], [6.29119, 47.48269], [6.29154, 47.48306], [6.2926, 47.48459], [6.2929, 47.48486], [6.29396, 47.4855], [6.29593, 47.48637], [6.29834, 47.48697], [6.29926, 47.48706], [6.30164, 47.487], [6.30232, 47.48723], [6.30274, 47.48704], [6.30538, 47.48696], [6.30719, 47.48673], [6.30862, 47.48642], [6.30996, 47.48569], [6.31121, 47.4847], [6.31322, 47.48373], [6.31531, 47.48178], [6.31885, 47.48053], [6.32183, 47.4798], [6.32366, 47.47963], [6.32585, 47.47969], [6.32683, 47.47955], [6.33339, 47.47907], [6.33441, 47.47892], [6.33698, 47.47824], [6.33823, 47.47849], [6.33934, 47.47914], [6.34019, 47.47943], [6.34726, 47.48054], [6.34796, 47.48039], [6.35014, 47.47943], [6.35153, 47.47854], [6.35233, 47.47795], [6.35257, 47.47766], [6.35324, 47.47779], [6.35365, 47.47813], [6.35388, 47.47846], [6.35453, 47.4799], [6.35482, 47.48008], [6.35516, 47.48015], [6.35564, 47.48018], [6.35694, 47.48004], [6.35765, 47.47954], [6.35905, 47.47996], [6.35964, 47.48005], [6.36536, 47.47982], [6.36749, 47.47941], [6.36918, 47.47885], [6.36976, 47.47881], [6.37077, 47.47903], [6.37624, 47.48118], [6.37697, 47.4814], [6.38076, 47.48137], [6.38209, 47.48163], [6.38244, 47.4814], [6.38264, 47.48138], [6.38293, 47.48172], [6.38319, 47.48187], [6.38453, 47.48242], [6.39293, 47.48438], [6.39424, 47.48476], [6.39837, 47.48629], [6.40029, 47.48734], [6.40129, 47.48811], [6.4046885, 47.4916781], [6.40499, 47.49216], [6.40572, 47.49406], [6.40629, 47.4948], [6.40748, 47.49573], [6.41045, 47.4974], [6.41255, 47.49934], [6.41397, 47.50079], [6.41588, 47.50195], [6.41649, 47.50248], [6.41721, 47.50367], [6.41924, 47.50849], [6.4193, 47.50896], [6.41921, 47.50963], [6.41831, 47.51317], [6.41817, 47.51407], [6.41829, 47.51843], [6.41851, 47.52193], [6.41871, 47.52737], [6.41884, 47.53211], [6.41876, 47.53315], [6.41842, 47.53417], [6.41308, 47.54757], [6.41287, 47.54844], [6.4128, 47.54933], [6.41292, 47.55036], [6.4131, 47.55103], [6.41347, 47.55188], [6.41392, 47.55266], [6.4148, 47.55365], [6.41574, 47.5545], [6.41716, 47.55544], [6.42192, 47.5578], [6.42231, 47.55796], [6.42262, 47.55787], [6.42298, 47.55801], [6.42298, 47.55829], [6.42278, 47.55841], [6.42406, 47.56], [6.42938, 47.5644], [6.42995, 47.56497], [6.43372, 47.56928], [6.43417, 47.56992], [6.43442, 47.57048], [6.43499, 47.57256], [6.43489, 47.5736], [6.4312126, 47.5827327], [6.430678, 47.5833494], [6.42917, 47.58433], [6.42884, 47.58478], [6.42875, 47.58513], [6.42882, 47.58557], [6.4293, 47.58679], [6.4294, 47.58734], [6.42874, 47.58997], [6.42902, 47.5921], [6.4283, 47.59399], [6.4281, 47.59505], [6.4281, 47.59591], [6.42823, 47.59705], [6.42936, 47.59983], [6.42951, 47.60037], [6.42941, 47.60111], [6.42871, 47.6022], [6.42855, 47.6027], [6.42898, 47.60503], [6.4288, 47.60618], [6.42883, 47.6069], [6.42901, 47.60784], [6.42925, 47.60848], [6.43126, 47.61151], [6.43295, 47.61429], [6.4346, 47.61647], [6.43608, 47.61907], [6.43868, 47.62211], [6.43918, 47.62299], [6.43941, 47.62369], [6.44074, 47.63249], [6.44125, 47.63489], [6.44229, 47.64126], [6.4428, 47.64346], [6.4431, 47.644], [6.44433, 47.64528], [6.44523, 47.64602], [6.44565, 47.64633], [6.44731, 47.64725], [6.46099, 47.6536], [6.46221, 47.654], [6.46344, 47.65419], [6.46443, 47.65422], [6.46717, 47.65408], [6.46816, 47.65413], [6.4695, 47.65438], [6.47059, 47.65477], [6.48058, 47.6595], [6.48109, 47.6596], [6.48137, 47.65988], [6.48418, 47.66124], [6.49379, 47.6668], [6.49867, 47.6719], [6.5022, 47.67481], [6.49935, 47.67981], [6.49914, 47.68038], [6.49915, 47.68065], [6.49926, 47.68086], [6.49949, 47.68093], [6.4995, 47.68101], [6.49935, 47.68103], [6.49691, 47.68315], [6.49635, 47.68343], [6.49636, 47.6835], [6.49625, 47.68355], [6.49564, 47.68467], [6.49438, 47.68735], [6.49419, 47.68818], [6.4954, 47.68895], [6.49565, 47.6892], [6.49601, 47.69077], [6.49646, 47.69159], [6.49709, 47.69199], [6.50209, 47.69442], [6.50249, 47.69442], [6.50302, 47.69426], [6.50306, 47.69415], [6.50322, 47.69409], [6.504, 47.69429], [6.50422, 47.69444], [6.50486, 47.69544], [6.50515, 47.6955], [6.50535, 47.69584], [6.50711, 47.69683], [6.50738, 47.69679], [6.50742, 47.69696], [6.51082, 47.69867], [6.5118, 47.69933], [6.51282, 47.70018], [6.51944, 47.70647], [6.52035, 47.70753], [6.52318, 47.71316], [6.52347, 47.71456], [6.52374, 47.71525], [6.52747, 47.72059], [6.52791, 47.7209], [6.52831, 47.72107], [6.53014, 47.72139], [6.53097, 47.72208], [6.53209, 47.72251], [6.53683, 47.72621], [6.53709, 47.72639], [6.53743, 47.72648], [6.53758, 47.72679], [6.53777, 47.72696], [6.54662, 47.73388], [6.55206, 47.73898], [6.55847, 47.74556], [6.55873, 47.74559], [6.55878, 47.7457], [6.55869, 47.7458], [6.56143, 47.74861], [6.56192, 47.7489], [6.56297, 47.74924], [6.57756, 47.7531], [6.57999, 47.75369], [6.58136, 47.75383], [6.58221, 47.75435], [6.58676, 47.75465], [6.58903, 47.75491], [6.5912, 47.75489], [6.59513, 47.75507], [6.59952, 47.75629], [6.6019, 47.75652], [6.60414, 47.75739], [6.60632, 47.75856], [6.60702, 47.75917], [6.60827, 47.76065], [6.60863, 47.76136], [6.6088, 47.76189], [6.60874, 47.76227], [6.60864, 47.76243], [6.60753, 47.76378], [6.60746, 47.7646], [6.60728, 47.7652], [6.6074, 47.76548], [6.60854, 47.76656], [6.60988, 47.76812], [6.61089, 47.76888], [6.6116, 47.7693], [6.61394, 47.77034], [6.61482, 47.77082], [6.61939, 47.77357], [6.61996, 47.77402], [6.62404, 47.77796], [6.62427, 47.77856], [6.62436, 47.78004], [6.62452, 47.78055], [6.62588, 47.78256], [6.62627, 47.78299], [6.62778, 47.7836], [6.62884, 47.78446], [6.63136, 47.78499], [6.63242, 47.78545], [6.63284, 47.78574], [6.63366, 47.78691], [6.6363, 47.78753], [6.63683, 47.78786], [6.63807, 47.7889], [6.63907, 47.78959], [6.63966, 47.78989], [6.6408, 47.79023], [6.64193, 47.79072], [6.64419, 47.79194], [6.64471, 47.79233], [6.64606, 47.79371], [6.6467, 47.79459], [6.64736, 47.7957], [6.64778, 47.79609], [6.64825, 47.79635], [6.649, 47.79662], [6.64948, 47.79669], [6.65134, 47.79647], [6.65208, 47.79649], [6.65366, 47.79695], [6.65557, 47.79715], [6.65661, 47.79753], [6.65695, 47.7978], [6.65776, 47.79878], [6.65856, 47.79916], [6.65932, 47.79924], [6.66108, 47.7991], [6.66233, 47.79923], [6.66564, 47.8001], [6.66632, 47.80042], [6.66717, 47.80117], [6.66778, 47.80154], [6.66921, 47.80218], [6.67136, 47.80282], [6.67382, 47.80381], [6.67477, 47.80456], [6.67669, 47.80533], [6.67773, 47.80615], [6.67975, 47.80714], [6.68007, 47.80746], [6.68018, 47.80774], [6.68008, 47.80843], [6.68013, 47.80872], [6.68106, 47.80959], [6.68127, 47.81], [6.68123, 47.81033], [6.68087, 47.81097], [6.6808, 47.81131], [6.6809, 47.81261], [6.68113, 47.813], [6.68171, 47.81362], [6.68244, 47.81462], [6.68298, 47.81586], [6.68402, 47.81676], [6.68482, 47.81814], [6.68731, 47.8199], [6.68805, 47.82031], [6.69511, 47.82199], [6.69603, 47.82231], [6.69974, 47.82439], [6.70139, 47.82563], [6.70304, 47.82632], [6.70373, 47.8267], [6.70496, 47.82813], [6.7064, 47.82944], [6.70702, 47.8302], [6.70833, 47.83094], [6.70873, 47.83139], [6.7101, 47.8324], [6.71092, 47.83329], [6.71148, 47.83412], [6.71234, 47.83483], [6.71421, 47.83695], [6.71516, 47.83788], [6.71597, 47.83831], [6.71677, 47.83893], [6.71785, 47.84061], [6.71831, 47.84212], [6.71973, 47.84335], [6.72053, 47.84426], [6.72171, 47.84624], [6.72319, 47.84754], [6.72399, 47.84856], [6.72452, 47.84902], [6.72496, 47.84917], [6.72587, 47.84894], [6.72635, 47.84892], [6.72706, 47.84903], [6.72776, 47.84933], [6.72878, 47.8509], [6.729, 47.85152], [6.72904, 47.85243], [6.72928, 47.85278], [6.73029, 47.85344], [6.73189, 47.85379], [6.73307, 47.85432], [6.73386, 47.85478], [6.73465, 47.85575], [6.73484, 47.85669], [6.73507, 47.85709], [6.73615, 47.85832], [6.73643, 47.85842], [6.7368, 47.85841], [6.73723, 47.85816], [6.73733, 47.85792], [6.73734, 47.85681], [6.73769, 47.85637], [6.73812, 47.8562], [6.73964, 47.85612], [6.74256, 47.8564], [6.74491, 47.85729], [6.74556, 47.85765], [6.74574, 47.8578], [6.74688, 47.85935], [6.74709, 47.85975], [6.74707, 47.86019], [6.74691, 47.8607], [6.74652, 47.8611], [6.74536, 47.8616], [6.74325, 47.86196], [6.74319, 47.86202], [6.74324, 47.86211], [6.74586, 47.86199], [6.74632, 47.86191], [6.74733, 47.86159], [6.74831, 47.86098], [6.74872, 47.86089], [6.74933, 47.86099], [6.75028, 47.86142], [6.75179, 47.8614], [6.75292, 47.86185], [6.75418, 47.86303], [6.75417, 47.86377], [6.75438, 47.86449], [6.75462, 47.86486], [6.75502, 47.86503], [6.75572, 47.86498], [6.75635, 47.86525], [6.75679, 47.86556], [6.75722, 47.86631], [6.75709, 47.86656], [6.75663, 47.86673], [6.75528, 47.86667], [6.75492, 47.86676], [6.75464, 47.867], [6.75447, 47.86743], [6.75447, 47.8677], [6.7546, 47.86794], [6.75505, 47.86851], [6.75549, 47.86883], [6.75601, 47.86912], [6.75716, 47.86947], [6.75739, 47.86965], [6.75749, 47.86988], [6.75732, 47.87104], [6.75745, 47.87156], [6.75817, 47.87254], [6.759, 47.87338], [6.76044, 47.87436], [6.76196, 47.8748], [6.76297, 47.87494], [6.76454, 47.87567], [6.76463, 47.87589], [6.76452, 47.87629], [6.76454, 47.8765], [6.76531, 47.87764], [6.76552, 47.87886], [6.76664, 47.87849], [6.76811, 47.87783], [6.77039, 47.87697], [6.77111, 47.87694], [6.77404, 47.87742], [6.77622, 47.87728], [6.77737, 47.87709], [6.78304, 47.87564], [6.78533, 47.87483], [6.78739, 47.87383], [6.78885, 47.87333], [6.78936, 47.87308], [6.78982, 47.8727], [6.7913, 47.87202], [6.79224, 47.87137], [6.7951, 47.86893], [6.79551, 47.8687], [6.79674, 47.86824], [6.79899, 47.86779], [6.79992, 47.8677], [6.80152, 47.86781], [6.80222, 47.8677], [6.80284, 47.86743], [6.8054, 47.86579], [6.80826, 47.86453], [6.8091, 47.86396], [6.80951, 47.86333], [6.80959, 47.86286], [6.80941, 47.86203], [6.80874, 47.85988], [6.80877, 47.85934], [6.80901, 47.85877], [6.81068, 47.85649], [6.81136, 47.85581], [6.81195, 47.85545], [6.81519, 47.85408], [6.81602, 47.85391], [6.81659, 47.85388], [6.81763, 47.85407], [6.81835, 47.85441], [6.81956, 47.85534], [6.82075, 47.85526], [6.82184, 47.85539], [6.82257, 47.85535], [6.82398, 47.85666], [6.82483, 47.85687], [6.82519, 47.85683], [6.82521, 47.85669], [6.8247, 47.85642], [6.82452, 47.85622], [6.82418, 47.85564], [6.82409, 47.85539], [6.82413, 47.85526], [6.82434, 47.85523], [6.82474, 47.8555], [6.82571, 47.85575], [6.8258, 47.85563], [6.82492, 47.85517], [6.82487, 47.85501], [6.82502, 47.85495], [6.82636, 47.85508], [6.82708, 47.85492], [6.8278, 47.85461], [6.82924, 47.85351], [6.83014, 47.85299], [6.8302, 47.85286], [6.83006, 47.85279], [6.82917, 47.85276], [6.82782, 47.85232], [6.82775, 47.85219], [6.82777, 47.85196], [6.82807, 47.85112], [6.82843, 47.85063], [6.82854, 47.85026], [6.8287, 47.85007], [6.83065, 47.8493], [6.83175, 47.84857], [6.832, 47.84822], [6.83227, 47.84761], [6.8326, 47.84592], [6.8331, 47.8451], [6.834, 47.84408], [6.83443, 47.84318], [6.83559, 47.84227], [6.83614, 47.84168], [6.83609, 47.84157], [6.83582, 47.8415], [6.8337, 47.84182], [6.83324, 47.84184], [6.83295, 47.84175], [6.83252, 47.84114], [6.8318, 47.84045], [6.83055, 47.83976], [6.82898, 47.83908], [6.82666, 47.8376], [6.82623, 47.837], [6.82622, 47.83667], [6.82634, 47.8363], [6.82646, 47.83616], [6.82665, 47.83611], [6.8267, 47.83653], [6.82708, 47.83685], [6.8282, 47.83733], [6.82972, 47.83784], [6.83334, 47.83845], [6.83485, 47.83855], [6.83501, 47.8385], [6.835, 47.83837], [6.83374, 47.83792], [6.83297, 47.83745], [6.83164, 47.83708], [6.83126, 47.83673], [6.83127, 47.83636], [6.83144, 47.83608], [6.83167, 47.83589], [6.83186, 47.83596], [6.8319, 47.8363], [6.83217, 47.8365], [6.83434, 47.83665], [6.83459, 47.83656], [6.83453, 47.83647], [6.83351, 47.83616], [6.83322, 47.83592], [6.83288, 47.83503], [6.83271, 47.83411], [6.83219, 47.83323], [6.83212, 47.83299], [6.83218, 47.83265], [6.83243, 47.83223], [6.83261, 47.83165], [6.83282, 47.83146], [6.83301, 47.83156], [6.83307, 47.83224], [6.83345, 47.833], [6.8339774, 47.8336774], [6.83463, 47.83418], [6.83577, 47.83443], [6.83732, 47.83455], [6.84054, 47.83472], [6.84072, 47.83461], [6.84057, 47.83448], [6.83986, 47.83433], [6.83923, 47.83408], [6.83879, 47.83386], [6.83861, 47.83367], [6.83864, 47.83354], [6.8388, 47.83345], [6.83972, 47.83337], [6.84008, 47.83322], [6.84025, 47.83293], [6.84023, 47.83261], [6.83966, 47.83164], [6.83913, 47.83052], [6.8377, 47.82896], [6.83686, 47.82766], [6.83557, 47.82632], [6.83507, 47.82564], [6.83486, 47.82507], [6.8348, 47.82383], [6.83426, 47.82136], [6.83461, 47.82068], [6.83492, 47.82038], [6.83633, 47.82077], [6.83717, 47.82088], [6.8385, 47.82076], [6.83942, 47.8205], [6.83998, 47.82017], [6.8405, 47.81963], [6.84132, 47.81861], [6.84198, 47.81744], [6.84226, 47.81651], [6.84236, 47.81475], [6.84214, 47.81434], [6.84012, 47.81228], [6.83949, 47.81143], [6.83938, 47.81118], [6.83931, 47.81058], [6.83974, 47.80974], [6.84013, 47.80953], [6.84095, 47.8095], [6.84165, 47.80973], [6.84214, 47.81024], [6.84442, 47.81032], [6.84603, 47.81019], [6.84656, 47.81001], [6.84692, 47.80965], [6.84711, 47.80894], [6.84744, 47.80833], [6.84755, 47.80761], [6.84748, 47.80718], [6.84662, 47.80528], [6.84648, 47.80527], [6.84642, 47.80539], [6.8467, 47.80635], [6.84669, 47.80713], [6.84653, 47.80762], [6.84509, 47.80889], [6.84486, 47.80902], [6.84463, 47.80898], [6.84468, 47.80884], [6.84523, 47.80853], [6.84587, 47.80775], [6.84596, 47.80759], [6.84597, 47.80725], [6.84553, 47.80614], [6.84422, 47.80433], [6.84396, 47.80286], [6.84353, 47.80191], [6.84359, 47.80169], [6.8437, 47.80159], [6.84509, 47.801], [6.84541, 47.80073], [6.84557, 47.80037], [6.84566, 47.79973], [6.84526, 47.79921], [6.84383, 47.79801], [6.84274, 47.79653], [6.84258, 47.79644], [6.84233, 47.79647], [6.8423, 47.79658], [6.84281, 47.79706], [6.84336, 47.79852], [6.84416, 47.79947], [6.84426, 47.79966], [6.84431, 47.80017], [6.84413, 47.80037], [6.84265, 47.80059], [6.84204, 47.80091], [6.84131, 47.80162], [6.84123, 47.80193], [6.84152, 47.80295], [6.84157, 47.80406], [6.84193, 47.80535], [6.84176, 47.80543], [6.84155, 47.80514], [6.84068, 47.80282], [6.84021, 47.80219], [6.84004, 47.80115], [6.84008, 47.80077], [6.84041, 47.80034], [6.84049, 47.8], [6.84067, 47.79985], [6.8411, 47.79971], [6.84114, 47.7996], [6.84046, 47.79919], [6.84017, 47.79892], [6.83991, 47.79815], [6.83934, 47.79785], [6.83931, 47.79728], [6.83923, 47.79717], [6.83905, 47.79718], [6.83898, 47.79732], [6.83919, 47.79806], [6.83939, 47.79846], [6.8394, 47.79893], [6.83956, 47.79936], [6.83874, 47.80022], [6.83839, 47.80154], [6.83826, 47.80174], [6.83813, 47.80179], [6.83775, 47.8018], [6.83689, 47.80156], [6.83492, 47.80123], [6.83409, 47.80139], [6.83392, 47.80135], [6.83486, 47.80056], [6.83527, 47.80046], [6.83632, 47.8005], [6.83653, 47.80045], [6.83677, 47.80027], [6.83711, 47.79949], [6.83713, 47.79916], [6.83712, 47.79899], [6.83682, 47.79843], [6.83679, 47.79746], [6.83667, 47.7973], [6.83647, 47.79739], [6.8363, 47.79802], [6.83595, 47.79872], [6.83576, 47.79893], [6.83482, 47.79901], [6.83398, 47.79925], [6.83355, 47.79954], [6.83307, 47.80002], [6.83281, 47.80013], [6.83225, 47.80001], [6.83196, 47.79982], [6.83178, 47.79959], [6.83173, 47.79926], [6.8323, 47.79882], [6.83237, 47.79856], [6.83224, 47.79801], [6.83198, 47.79744], [6.83183, 47.79675], [6.83111, 47.79572], [6.83123, 47.79467], [6.83063, 47.79382], [6.83058, 47.79337], [6.83041, 47.79305], [6.82911, 47.79224], [6.8289, 47.79196], [6.82969, 47.79081], [6.82969, 47.79061], [6.82949, 47.79014], [6.82949, 47.78983], [6.82969, 47.7892], [6.83002, 47.78866], [6.83139, 47.78698], [6.83214, 47.7862], [6.83397, 47.78486], [6.83406, 47.78456], [6.83417, 47.78323], [6.83399, 47.78285], [6.83323, 47.7819], [6.83316, 47.78164], [6.8338, 47.78029], [6.83392, 47.7794], [6.83422, 47.77874], [6.83476, 47.77844], [6.83557, 47.77832], [6.83574, 47.77822], [6.83577, 47.77808], [6.83528, 47.77718], [6.83301, 47.77536], [6.83248, 47.77504], [6.83012, 47.77407], [6.82939, 47.77357], [6.8291, 47.7731], [6.82899, 47.77191], [6.82855, 47.77112], [6.82804, 47.76963], [6.82781, 47.76919], [6.8266, 47.76807], [6.82593, 47.76713], [6.82528, 47.76663], [6.82481, 47.76563], [6.82454, 47.76523], [6.82402, 47.76491], [6.82314, 47.76455], [6.82277, 47.7642], [6.82236, 47.76354], [6.8219, 47.7624], [6.82148, 47.76186], [6.82032, 47.76], [6.81983, 47.75895], [6.81938, 47.75842], [6.81897, 47.7569], [6.81905, 47.75609], [6.81938, 47.75492], [6.81927, 47.75463], [6.81887, 47.75407], [6.81885, 47.75368], [6.81892, 47.75326], [6.81968, 47.7518], [6.81968, 47.75148], [6.81944, 47.75073], [6.81947, 47.75037], [6.81963, 47.75008], [6.82088, 47.74859], [6.82287, 47.74691], [6.82376, 47.74627], [6.82418, 47.74578], [6.82475, 47.74445], [6.82512, 47.74254], [6.8253, 47.74205], [6.82682, 47.74138], [6.82749, 47.74001], [6.82768, 47.73933], [6.82868, 47.73791], [6.82905, 47.7372], [6.82991, 47.73392], [6.83007, 47.73193], [6.83058, 47.73121], [6.83072, 47.73081], [6.83075, 47.72974], [6.83147, 47.72684], [6.83181, 47.72504], [6.83223, 47.72202], [6.83259, 47.72031], [6.83268, 47.71817], [6.83298, 47.71766], [6.83518, 47.71535], [6.83528, 47.71507], [6.83535, 47.71438], [6.83598, 47.7133], [6.83612, 47.71292], [6.83616, 47.71275], [6.83567, 47.71108], [6.8358, 47.71035], [6.83574, 47.70931], [6.83583, 47.70898], [6.83668, 47.70756], [6.83681, 47.70705], [6.83685, 47.70625], [6.83707, 47.70549], [6.83693, 47.70487], [6.83535, 47.70144], [6.83491, 47.69933], [6.83518, 47.69611], [6.83493, 47.69399], [6.83508, 47.69339], [6.83581, 47.6921], [6.836, 47.69156], [6.83574, 47.69037], [6.83569, 47.68884], [6.8356, 47.68873], [6.83577, 47.68869], [6.83611, 47.68835], [6.83675, 47.68795], [6.83762, 47.68751], [6.83813, 47.68735], [6.83821, 47.68717], [6.83843, 47.68717], [6.83853, 47.68729], [6.84077, 47.68715], [6.84327, 47.68675], [6.84408, 47.68653], [6.84409, 47.68639], [6.8443, 47.68631], [6.84341, 47.68359], [6.84324, 47.68245], [6.84319, 47.67776], [6.84334, 47.67719], [6.84357, 47.67678], [6.84549, 47.67491], [6.8454, 47.6748], [6.84549, 47.67469], [6.8459, 47.67474], [6.84719, 47.67444], [6.84784, 47.67411], [6.84823, 47.67377], [6.84853, 47.67326], [6.84888, 47.67156], [6.84923, 47.67101], [6.84954, 47.6707], [6.85027, 47.67021], [6.85306, 47.66896], [6.8537, 47.66848], [6.85404, 47.66808], [6.85435, 47.66745], [6.8544, 47.6668], [6.85372, 47.66435], [6.85368, 47.66375], [6.85399, 47.66309], [6.85497, 47.66204], [6.85512, 47.66162], [6.85518, 47.66112], [6.85534, 47.66105], [6.85531, 47.6609], [6.85587, 47.66069], [6.85773, 47.66088], [6.85852, 47.66066], [6.85899, 47.6603], [6.86071, 47.65864], [6.86226, 47.65772], [6.86369, 47.65667], [6.86264, 47.65596], [6.86249, 47.65554], [6.86256, 47.65344], [6.86243, 47.65209], [6.86225, 47.65135], [6.8623, 47.6512], [6.86286, 47.65063], [6.86294, 47.65041], [6.86271, 47.64926], [6.86202, 47.64857], [6.86196, 47.64839], [6.86286, 47.64509], [6.8628, 47.64379], [6.86252, 47.64318], [6.86095, 47.64211], [6.8603, 47.64132], [6.85955, 47.6407], [6.85848, 47.64126], [6.85788, 47.64143], [6.8539854, 47.6413067]]}, "properties": {"stage": 13, "source": "aso-arcgis", "length_km": 205.8, "official_km": 205.8, "licence": "All rights reserved (Amaury Sport Organisation)"}}, {"type": "Feature", "geometry": {"type": "LineString", "coordinates": [[5.9238161, 46.7175946], [5.92843, 46.712], [5.93071, 46.70861], [5.93156, 46.70632], [5.93192, 46.70506], [5.93202, 46.70382], [5.93083, 46.69806], [5.93108, 46.69665], [5.93104, 46.6958], [5.92996, 46.6892], [5.93003, 46.68848], [5.93039, 46.68686], [5.93053, 46.68311], [5.93075, 46.68232], [5.9325, 46.67854], [5.93308, 46.67762], [5.93568, 46.67436], [5.9362, 46.67382], [5.93787, 46.67259], [5.93821, 46.67218], [5.93862, 46.67137], [5.93931, 46.66956], [5.94035, 46.6677], [5.94089, 46.66741], [5.94126, 46.6669], [5.94219, 46.66664], [5.94297, 46.6667], [5.94386, 46.66709], [5.94437, 46.66721], [5.94479, 46.66718], [5.94541, 46.66688], [5.94566, 46.66666], [5.94562, 46.66598], [5.94637, 46.665], [5.94685, 46.66376], [5.94686, 46.66336], [5.94607, 46.66178], [5.94586, 46.66082], [5.94532, 46.65913], [5.9452, 46.65853], [5.94518, 46.65772], [5.94508, 46.65752], [5.94405, 46.65689], [5.94288, 46.65592], [5.94144, 46.6553], [5.94096, 46.65492], [5.94095, 46.65452], [5.9416, 46.6528], [5.94223, 46.65077], [5.94216, 46.64903], [5.94207, 46.64869], [5.94125, 46.64764], [5.94078, 46.64674], [5.93998, 46.64278], [5.94006, 46.64208], [5.94033, 46.64161], [5.94301, 46.63793], [5.94416, 46.63662], [5.94467, 46.63628], [5.94587, 46.63598], [5.94632, 46.63579], [5.94676, 46.6355], [5.94708, 46.63514], [5.94726, 46.63477], [5.94732, 46.63441], [5.94724, 46.63395], [5.9468, 46.63307], [5.94685, 46.6327], [5.9471, 46.63232], [5.94798, 46.63177], [5.94825, 46.63152], [5.94842, 46.63126], [5.94862, 46.63051], [5.9489, 46.63018], [5.94937, 46.62993], [5.9505, 46.62973], [5.95121, 46.62928], [5.95146, 46.62886], [5.95155, 46.6285], [5.95152, 46.62821], [5.95121, 46.62767], [5.95123, 46.62744], [5.95139, 46.62721], [5.95167, 46.62702], [5.952, 46.62693], [5.95294, 46.62697], [5.95328, 46.62689], [5.95838, 46.62404], [5.96001, 46.62288], [5.96011, 46.62276], [5.96031, 46.62204], [5.96034, 46.62168], [5.95981, 46.61879], [5.95926, 46.61776], [5.95912, 46.61735], [5.9592, 46.61486], [5.95975, 46.61233], [5.96002, 46.61163], [5.96228, 46.60769], [5.96237, 46.60718], [5.96228, 46.60473], [5.96157, 46.60218], [5.96069, 46.59999], [5.95924, 46.59682], [5.95885, 46.59629], [5.95773, 46.59517], [5.95692, 46.59419], [5.95654, 46.5936], [5.95585, 46.59221], [5.95573, 46.59183], [5.95565, 46.59], [5.95576, 46.58909], [5.95564, 46.58871], [5.95499, 46.58799], [5.95368, 46.58708], [5.95338, 46.58673], [5.95324, 46.58642], [5.95321, 46.58523], [5.953, 46.58353], [5.9528, 46.58348], [5.95271, 46.58335], [5.95278, 46.58321], [5.95305, 46.58314], [5.95379, 46.58107], [5.95375, 46.58064], [5.95326, 46.57927], [5.95311, 46.57859], [5.95316, 46.57809], [5.95354, 46.57647], [5.95431, 46.57592], [5.95901, 46.57669], [5.962, 46.57676], [5.96509, 46.57754], [5.96621, 46.57775], [5.96779, 46.57774], [5.96923, 46.57745], [5.97275, 46.57615], [5.97328, 46.57585], [5.97384, 46.57515], [5.97421, 46.57488], [5.97617, 46.57416], [5.97682, 46.57414], [5.97823, 46.57437], [5.97963, 46.57435], [5.9802, 46.57442], [5.98074, 46.57461], [5.98213, 46.5754], [5.98314, 46.57564], [5.98435, 46.57562], [5.985, 46.57546], [5.98561, 46.5752], [5.986, 46.57494], [5.98728, 46.57392], [5.99222, 46.56907], [5.99377, 46.56787], [5.9968, 46.56663], [6.00062, 46.56472], [6.00138, 46.56445], [6.00455, 46.56366], [6.00596, 46.56295], [6.00671, 46.56232], [6.0071, 46.5618], [6.00782, 46.55998], [6.00855, 46.55876], [6.0089, 46.55833], [6.00977, 46.55774], [6.01186, 46.55693], [6.01286, 46.55622], [6.01319, 46.5559], [6.01363, 46.55529], [6.014, 46.55459], [6.01437, 46.55186], [6.01475, 46.55063], [6.01525, 46.54996], [6.01625, 46.54921], [6.01677, 46.54867], [6.01744, 46.54726], [6.01758, 46.54669], [6.01749, 46.54533], [6.01782, 46.54406], [6.01761, 46.54361], [6.01737, 46.54364], [6.01721, 46.54352], [6.01729, 46.54325], [6.01706, 46.54267], [6.01713, 46.5419], [6.01708, 46.54155], [6.01612, 46.5404], [6.01607, 46.54024], [6.01612, 46.53976], [6.01635, 46.53918], [6.01587, 46.53828], [6.01611, 46.53742], [6.01591, 46.53617], [6.01587, 46.53518], [6.0159, 46.53466], [6.01604, 46.53433], [6.01631, 46.53406], [6.0183, 46.53296], [6.01891, 46.53276], [6.01965, 46.53273], [6.02045, 46.53283], [6.02092, 46.53297], [6.02394, 46.53471], [6.02575, 46.53543], [6.02674, 46.53572], [6.02717, 46.53577], [6.02753, 46.53568], [6.02771, 46.53549], [6.02771, 46.53535], [6.02755, 46.53512], [6.0258, 46.53426], [6.0249, 46.53351], [6.0245, 46.5333], [6.02401, 46.53273], [6.02205, 46.53105], [6.02167, 46.53081], [6.02091, 46.53051], [6.02078, 46.53037], [6.02075, 46.53018], [6.02102, 46.52932], [6.02169, 46.52769], [6.02183, 46.52712], [6.02144, 46.52426], [6.02166, 46.52302], [6.02378, 46.51973], [6.02397, 46.51842], [6.02412, 46.51812], [6.02444, 46.51691], [6.02554, 46.51491], [6.02657, 46.51223], [6.02685, 46.51195], [6.02934, 46.51095], [6.0293964, 46.5107768], [6.0293014, 46.5105505], [6.029579, 46.5104684], [6.02993, 46.50942], [6.02969, 46.50781], [6.02977, 46.50672], [6.02961, 46.50602], [6.02961, 46.5051], [6.02968, 46.50422], [6.02996, 46.50324], [6.02979, 46.50248], [6.03015, 46.50135], [6.02959, 46.50036], [6.02982, 46.49931], [6.02952, 46.49779], [6.02962, 46.49593], [6.02951, 46.49545], [6.02932, 46.49488], [6.02902, 46.4945], [6.02843, 46.49398], [6.02784, 46.49282], [6.02815, 46.49101], [6.02868, 46.49027], [6.0297, 46.4897], [6.03007, 46.4897], [6.03249, 46.49104], [6.03437, 46.49164], [6.03466, 46.49181], [6.03504, 46.49218], [6.03547, 46.49375], [6.03565, 46.49403], [6.03608, 46.49436], [6.03648, 46.49447], [6.03706, 46.49448], [6.03853, 46.49432], [6.04109, 46.49443], [6.0425, 46.49416], [6.04433, 46.49395], [6.04456, 46.49377], [6.04461, 46.49364], [6.04439, 46.493], [6.04448, 46.49242], [6.04439, 46.49218], [6.04412, 46.49213], [6.04366, 46.49249], [6.04327, 46.49262], [6.04267, 46.49254], [6.04207, 46.49198], [6.0402, 46.4912], [6.04, 46.49092], [6.03993, 46.49055], [6.03999, 46.4902], [6.0402667, 46.4898126], [6.04122, 46.48915], [6.0423, 46.48889], [6.04257, 46.48866], [6.04274, 46.4883], [6.04272, 46.48795], [6.04262, 46.4878], [6.04199, 46.48738], [6.04175, 46.48713], [6.0414, 46.48614], [6.04132, 46.4857], [6.04139, 46.48531], [6.04172, 46.48497], [6.04294, 46.48437], [6.04418, 46.48322], [6.04495, 46.48237], [6.04531, 46.48212], [6.04555, 46.48206], [6.0462, 46.48215], [6.04648, 46.48238], [6.04729, 46.48335], [6.04763, 46.48361], [6.04796, 46.48373], [6.04855, 46.48376], [6.04997, 46.48362], [6.05074, 46.48366], [6.05128, 46.48381], [6.05271, 46.48453], [6.05539, 46.48538], [6.05781, 46.48586], [6.05828, 46.48582], [6.0587, 46.48561], [6.05983, 46.48425], [6.062, 46.48203], [6.06467, 46.47809], [6.06488, 46.47739], [6.06504, 46.47621], [6.06492, 46.47567], [6.06451, 46.47483], [6.06445, 46.47429], [6.06438, 46.47246], [6.06472, 46.47149], [6.06512, 46.47093], [6.06631, 46.46979], [6.06667, 46.46884], [6.06684, 46.46859], [6.06945, 46.46698], [6.07014, 46.46638], [6.07208, 46.46324], [6.07214, 46.46303], [6.07206, 46.46289], [6.07228, 46.4628], [6.07229, 46.46244], [6.07209, 46.46196], [6.07141, 46.46118], [6.07134, 46.46044], [6.07146, 46.45999], [6.07175, 46.45975], [6.07255, 46.45936], [6.0731, 46.45879], [6.07352, 46.4586], [6.07494, 46.45826], [6.07527, 46.45796], [6.0753, 46.45768], [6.07515, 46.45745], [6.07379, 46.45663], [6.07318, 46.456], [6.07162, 46.45486], [6.0707, 46.45299], [6.07066, 46.45276], [6.07074, 46.45229], [6.07096, 46.45201], [6.07156, 46.45153], [6.07398, 46.45021], [6.07526, 46.44929], [6.07649, 46.44888], [6.07746, 46.44864], [6.0784, 46.44854], [6.079, 46.44833], [6.08039, 46.4471], [6.08045, 46.44681], [6.08013, 46.4463], [6.08008, 46.44595], [6.08042, 46.44541], [6.0808, 46.445], [6.08144, 46.44465], [6.08275, 46.44417], [6.08369, 46.44406], [6.08414, 46.44392], [6.08485, 46.44344], [6.08505, 46.44314], [6.08506, 46.4429], [6.08475, 46.4425], [6.08399, 46.44194], [6.0833, 46.4413], [6.08211, 46.44053], [6.08126, 46.44008], [6.08035, 46.43916], [6.07934, 46.43843], [6.07872, 46.43752], [6.07824, 46.43639], [6.07808, 46.4362], [6.07737, 46.43579], [6.07624, 46.43471], [6.07448, 46.43365], [6.07408, 46.4327], [6.0732, 46.43202], [6.07306, 46.4318], [6.07275, 46.43053], [6.07277, 46.43004], [6.07261, 46.42992], [6.07257, 46.42939], [6.07229, 46.42902], [6.07118, 46.42816], [6.07044, 46.42777], [6.06952, 46.4275], [6.06697, 46.42565], [6.06529, 46.42413], [6.06381, 46.42297], [6.06292, 46.42192], [6.06251, 46.42157], [6.06226, 46.42101], [6.06191, 46.42061], [6.06063, 46.4196], [6.05979, 46.41882], [6.05837, 46.4181], [6.0577, 46.41758], [6.0564, 46.41683], [6.05446, 46.41616], [6.05356, 46.41601], [6.05322, 46.41581], [6.05301, 46.41538], [6.05281, 46.41464], [6.05236, 46.41407], [6.05241, 46.41334], [6.05217, 46.41266], [6.05096, 46.41171], [6.05086, 46.41156], [6.05073, 46.41006], [6.05054, 46.4096], [6.05023, 46.40923], [6.04953, 46.40884], [6.04884, 46.40794], [6.04743, 46.40656], [6.04661, 46.40592], [6.04624, 46.40547], [6.04485, 46.40495], [6.0435, 46.40419], [6.04236, 46.40313], [6.04022, 46.40178], [6.03817, 46.40005], [6.03743, 46.39959], [6.03703, 46.39916], [6.03633, 46.39866], [6.0357, 46.39836], [6.03436, 46.39804], [6.03325, 46.39751], [6.03259, 46.3969], [6.03235, 46.39655], [6.03229, 46.39614], [6.03249, 46.39483], [6.03238, 46.39458], [6.03201, 46.39419], [6.03127, 46.39377], [6.03088, 46.3934], [6.03045, 46.39314], [6.02863, 46.39236], [6.02703, 46.39183], [6.02667, 46.3916], [6.02643, 46.39122], [6.02643, 46.39056], [6.02635, 46.39025], [6.02518, 46.38898], [6.02492, 46.38879], [6.02406, 46.38844], [6.0225, 46.38679], [6.02164, 46.38648], [6.02122, 46.38617], [6.02016, 46.38362], [6.01972, 46.38333], [6.01812, 46.38265], [6.01683, 46.38175], [6.01648, 46.38134], [6.01611, 46.38052], [6.01613, 46.3803], [6.01767, 46.37959], [6.01866, 46.37881], [6.01893, 46.37835], [6.01904, 46.37751], [6.01895, 46.37726], [6.01662, 46.37615], [6.01539, 46.37528], [6.01429, 46.37503], [6.01288, 46.3742], [6.01217, 46.37397], [6.01124, 46.37381], [6.01023, 46.37335], [6.00922, 46.37259], [6.00739, 46.37191], [6.00705, 46.37169], [6.00638, 46.37101], [6.00445, 46.37014], [6.00368, 46.36964], [6.00172, 46.36908], [5.99988, 46.36877], [5.99877, 46.36844], [5.99788, 46.36755], [5.99724, 46.36703], [5.9971, 46.36682], [5.99631, 46.36626], [5.99221, 46.36453], [5.99056, 46.36332], [5.98933, 46.36275], [5.98561, 46.35987], [5.98452, 46.35928], [5.98377, 46.35856], [5.98258, 46.35768], [5.98194, 46.35653], [5.98015, 46.35401], [5.97983, 46.3534], [5.97897, 46.35276], [5.97782, 46.35159], [5.97687, 46.35077], [5.97606, 46.34968], [5.97501, 46.34855], [5.97378, 46.34691], [5.97053, 46.34349], [5.96835, 46.34198], [5.96808, 46.34158], [5.96744, 46.33989], [5.96653, 46.33852], [5.96561, 46.33773], [5.96501, 46.33694], [5.96416, 46.33638], [5.96377, 46.33593], [5.96306, 46.33537], [5.96124, 46.33341], [5.96091, 46.33289], [5.96013, 46.33129], [5.95994, 46.33105], [5.95882, 46.33041], [5.95864, 46.33023], [5.95858, 46.32996], [5.95893, 46.32948], [5.95895, 46.32917], [5.95847, 46.32861], [5.95837, 46.32783], [5.9574, 46.32706], [5.95718, 46.32617], [5.95613, 46.3246], [5.9561, 46.32441], [5.95625, 46.32365], [5.95621, 46.32343], [5.95545, 46.32263], [5.95479, 46.3216], [5.95395, 46.32088], [5.95246, 46.31927], [5.95141, 46.3184], [5.95108, 46.31797], [5.95011, 46.31614], [5.9477, 46.31282], [5.9472, 46.31185], [5.94691, 46.31085], [5.94618, 46.30948], [5.94534, 46.30713], [5.94357, 46.30457], [5.94225, 46.30339], [5.94084, 46.30254], [5.94019, 46.30202], [5.93916, 46.3007], [5.93875, 46.29953], [5.93841, 46.29907], [5.93771, 46.29843], [5.93674, 46.29784], [5.93516, 46.29593], [5.9344, 46.29558], [5.93369, 46.29498], [5.93261, 46.29437], [5.93233, 46.29404], [5.93212, 46.29311], [5.9318, 46.29262], [5.93148, 46.29236], [5.93073, 46.29206], [5.93037, 46.29175], [5.92972, 46.29028], [5.92896, 46.28943], [5.92886, 46.28906], [5.92882, 46.28832], [5.92812, 46.28751], [5.92781, 46.2862], [5.92713, 46.28439], [5.92679, 46.28387], [5.92635, 46.28342], [5.9257, 46.28226], [5.92563, 46.28136], [5.92548, 46.28089], [5.92546, 46.28053], [5.92571, 46.27964], [5.92572, 46.27904], [5.92561, 46.27848], [5.92528, 46.27797], [5.92459, 46.27733], [5.92401, 46.27652], [5.92363, 46.27622], [5.92313, 46.27606], [5.92198, 46.27589], [5.92135, 46.27565], [5.92015, 46.27462], [5.91929, 46.27416], [5.9187, 46.27356], [5.91796, 46.27342], [5.91764, 46.27328], [5.91612, 46.27155], [5.91492, 46.27051], [5.91437, 46.26993], [5.91417, 46.26955], [5.91401, 46.26944], [5.91284, 46.2692], [5.91188, 46.26925], [5.91027, 46.26886], [5.90866, 46.268], [5.90762, 46.26708], [5.90582, 46.26594], [5.90538, 46.26548], [5.90518, 46.26472], [5.90465, 46.26383], [5.9041, 46.26344], [5.90388, 46.26319], [5.90352, 46.26228], [5.90256, 46.26064], [5.90239, 46.26047], [5.90162, 46.26011], [5.90083, 46.2596], [5.9003, 46.25874], [5.8999, 46.25852], [5.89847, 46.25745], [5.89777, 46.25664], [5.89665, 46.25589], [5.89531, 46.25456], [5.89472, 46.25345], [5.89406, 46.25264], [5.89381, 46.25169], [5.89374, 46.25092], [5.89328, 46.24994], [5.89287, 46.24814], [5.89289, 46.24794], [5.89321, 46.24748], [5.89481, 46.24599], [5.89523, 46.2459], [5.89609, 46.24624], [5.89638, 46.24627], [5.89674, 46.24617], [5.89697, 46.24595], [5.89704, 46.24501], [5.89735, 46.24392], [5.89726, 46.24365], [5.89656, 46.2426], [5.89644, 46.24215], [5.89642, 46.24138], [5.8963, 46.24118], [5.89569, 46.24073], [5.89401, 46.23886], [5.89337, 46.23802], [5.89183, 46.23724], [5.89111, 46.23701], [5.89088, 46.23685], [5.89069, 46.23631], [5.89019, 46.23563], [5.89004, 46.23509], [5.88843, 46.23328], [5.8874, 46.23281], [5.88715, 46.2324], [5.88691, 46.23217], [5.88602, 46.23161], [5.88558, 46.23147], [5.88427, 46.2313], [5.88371, 46.23106], [5.88269, 46.23011], [5.88174, 46.22961], [5.88133, 46.22931], [5.88093, 46.22828], [5.88057, 46.22788], [5.87935, 46.22732], [5.87857, 46.22675], [5.87792, 46.22646], [5.87728, 46.22625], [5.87575, 46.22599], [5.87511, 46.22578], [5.87493, 46.22565], [5.87467, 46.22521], [5.87442, 46.22507], [5.87366, 46.22489], [5.87212, 46.22471], [5.87148, 46.22426], [5.87104, 46.2241], [5.86989, 46.2239], [5.86965, 46.22398], [5.86957, 46.22382], [5.86869, 46.22349], [5.86751, 46.2227], [5.866, 46.22185], [5.86648, 46.22055], [5.86647, 46.22001], [5.86586, 46.21938], [5.86495, 46.21892], [5.86467, 46.21868], [5.86445, 46.21824], [5.86421, 46.21729], [5.86363, 46.21343], [5.86368, 46.21297], [5.86418, 46.21157], [5.86416, 46.2114], [5.86338, 46.20949], [5.86335, 46.20899], [5.86248, 46.20662], [5.86184, 46.20566], [5.86091, 46.20486], [5.86076, 46.20441], [5.86054, 46.2041], [5.85945, 46.2035], [5.85766, 46.20293], [5.85621, 46.20289], [5.85529, 46.20235], [5.85439, 46.20123], [5.85365, 46.20003], [5.85338, 46.19892], [5.8531, 46.19824], [5.85265, 46.19772], [5.85171, 46.19694], [5.85092, 46.19648], [5.85061, 46.19643], [5.8501, 46.19653], [5.84981, 46.1965], [5.84874, 46.19602], [5.84799, 46.19552], [5.84745, 46.19545], [5.8468, 46.19567], [5.84645, 46.19566], [5.845, 46.19503], [5.844, 46.19437], [5.84368, 46.19378], [5.84344, 46.19352], [5.84128, 46.19205], [5.83972, 46.19154], [5.8389, 46.191], [5.83765, 46.19051], [5.83694, 46.18993], [5.83662, 46.18994], [5.83619, 46.19024], [5.83556, 46.19044], [5.83315, 46.19024], [5.8322, 46.18998], [5.83211, 46.18976], [5.83273, 46.18906], [5.83276, 46.18872], [5.83241, 46.18796], [5.83159, 46.18782], [5.83135, 46.18764], [5.83113, 46.18733], [5.83103, 46.18605], [5.83076, 46.18565], [5.83021, 46.18429], [5.8293, 46.18361], [5.82916, 46.18337], [5.82908, 46.18293], [5.82891, 46.18273], [5.82557, 46.18117], [5.82484, 46.18073], [5.82438, 46.18033], [5.82421, 46.17996], [5.82413, 46.17882], [5.82358, 46.17742], [5.82404, 46.17697], [5.82396, 46.1766], [5.82349, 46.17615], [5.82251, 46.17575], [5.82137, 46.17499], [5.82051, 46.1738], [5.8202, 46.17313], [5.81929, 46.1723], [5.81879, 46.17147], [5.81862, 46.1699], [5.81914, 46.16909], [5.81899, 46.16854], [5.8193, 46.16789], [5.81899, 46.16734], [5.81894, 46.16699], [5.81937, 46.16569], [5.8192, 46.16553], [5.81843, 46.16532], [5.81815, 46.16509], [5.81744, 46.16382], [5.81744, 46.1632], [5.81731, 46.16287], [5.81675, 46.16195], [5.81599, 46.16045], [5.81538, 46.15955], [5.8154, 46.15932], [5.81578, 46.15845], [5.81585, 46.15798], [5.81635, 46.15745], [5.81645, 46.15719], [5.81649, 46.15628], [5.8162, 46.15478], [5.81619, 46.15417], [5.81635, 46.15379], [5.81658, 46.15351], [5.81793, 46.15241], [5.81927, 46.15221], [5.82039, 46.15143], [5.82211, 46.15139], [5.82246, 46.15128], [5.82271, 46.15109], [5.82272, 46.15059], [5.82252, 46.14999], [5.82308, 46.14847], [5.82372, 46.1477], [5.82422, 46.1469], [5.82515, 46.14594], [5.82588, 46.14468], [5.82583, 46.1446], [5.8261, 46.14391], [5.8274, 46.14166], [5.82781, 46.1406], [5.82808, 46.13941], [5.82773, 46.13696], [5.82775, 46.13664], [5.8279, 46.13636], [5.82918, 46.13531], [5.82953, 46.1349], [5.83002, 46.13364], [5.82983, 46.13305], [5.82969, 46.13217], [5.82925, 46.13134], [5.82917, 46.13101], [5.82908, 46.13044], [5.82929, 46.12947], [5.82927, 46.12836], [5.82914, 46.12783], [5.82867, 46.12671], [5.82869, 46.12631], [5.82863, 46.12621], [5.82847, 46.12621], [5.8284, 46.12612], [5.82851, 46.12574], [5.82868, 46.12553], [5.82923, 46.12536], [5.83013, 46.1255], [5.83105, 46.12527], [5.83256, 46.12536], [5.83341, 46.12495], [5.834, 46.12481], [5.83467, 46.12479], [5.834908, 46.1246758], [5.83482, 46.12436], [5.8345, 46.1241], [5.83327, 46.12397], [5.83117, 46.12336], [5.82968, 46.12323], [5.82906, 46.12302], [5.82859, 46.12268], [5.82838, 46.12184], [5.82838, 46.12099], [5.82812, 46.11953], [5.82826, 46.11895], [5.82905, 46.11852], [5.8291, 46.11833], [5.82905, 46.11811], [5.82888, 46.11797], [5.82848, 46.11783], [5.82742, 46.11785], [5.82697, 46.11777], [5.82628, 46.11748], [5.82581, 46.11716], [5.82556, 46.11682], [5.82544, 46.11647], [5.8258201, 46.1154707], [5.82468, 46.11439], [5.82446, 46.11396], [5.82495, 46.11363], [5.82571, 46.11286], [5.82649, 46.11242], [5.82723, 46.11178], [5.8272, 46.1117], [5.82736, 46.1117], [5.82756, 46.11156], [5.82788, 46.11122], [5.82829, 46.11071], [5.82833, 46.11047], [5.82816, 46.11003], [5.82784, 46.10993], [5.82783, 46.10986], [5.82802, 46.10979], [5.82821, 46.10945], [5.8292, 46.10851], [5.8312, 46.10812], [5.83211, 46.10754], [5.83333, 46.10699], [5.83389, 46.1065], [5.83465, 46.10617], [5.83549, 46.10558], [5.83617, 46.10523], [5.83858, 46.10469], [5.83967, 46.10419], [5.84072, 46.10428], [5.84149, 46.10423], [5.84165, 46.10406], [5.84165, 46.10341], [5.84173, 46.10311], [5.84231, 46.10249], [5.84298, 46.1013], [5.84321, 46.1011], [5.84394, 46.10088], [5.8443, 46.10055], [5.84479, 46.09982], [5.84475, 46.0993], [5.84492, 46.09885], [5.8462, 46.09735], [5.84682, 46.09691], [5.84773, 46.09663], [5.84931, 46.0965], [5.8507, 46.096], [5.85239, 46.09607], [5.85436, 46.09536], [5.85476, 46.09506], [5.85499, 46.09474], [5.85525, 46.09342], [5.85574, 46.09283], [5.85637, 46.09245], [5.85751, 46.09195], [5.8588, 46.09144], [5.85982, 46.09114], [5.86061, 46.09118], [5.86161, 46.09162], [5.86242, 46.09182], [5.86405, 46.09207], [5.86496, 46.09209], [5.86599, 46.09236], [5.86675, 46.09229], [5.86817, 46.09173], [5.86854, 46.09167], [5.87098, 46.09186], [5.87138, 46.09195], [5.87187, 46.09221], [5.87318, 46.09352], [5.87385, 46.09396], [5.87956, 46.09676], [5.88005, 46.09731], [5.88072, 46.09854], [5.88077, 46.09901], [5.88054, 46.09965], [5.87932, 46.10122], [5.8789, 46.10158], [5.87837, 46.10183], [5.87793, 46.10193], [5.87635, 46.10206], [5.87543, 46.10224], [5.87449, 46.10263], [5.87417, 46.10296], [5.87429, 46.10336], [5.87455, 46.10354], [5.87687, 46.10443], [5.87725, 46.10466], [5.87754, 46.10504], [5.87761, 46.10535], [5.87753, 46.1057], [5.87737, 46.10597], [5.87622, 46.10716], [5.87482, 46.10839], [5.87471, 46.10876], [5.87474, 46.10896], [5.87501, 46.10936], [5.87549, 46.10961], [5.87653, 46.10998], [5.87786, 46.11013], [5.87843, 46.11045], [5.87856, 46.11062], [5.87883, 46.11137], [5.87943, 46.11214], [5.87984, 46.11295], [5.88015, 46.11318], [5.88115, 46.11346], [5.88159, 46.11366], [5.88217, 46.11419], [5.88273, 46.11497], [5.88514, 46.11742], [5.88536, 46.11777], [5.88545, 46.11859], [5.88573, 46.11895], [5.88606, 46.11909], [5.88657, 46.11917], [5.88836, 46.11903], [5.88891, 46.1191], [5.88943, 46.11938], [5.88985, 46.12002], [5.89022, 46.12026], [5.89474, 46.12167], [5.89548, 46.12182], [5.89671, 46.12226], [5.8973614, 46.1223446], [5.90033, 46.12212], [5.9015, 46.12311], [5.90264, 46.12444], [5.9050905, 46.1256903], [5.90634, 46.12682], [5.90726, 46.12748], [5.90848, 46.12807], [5.90993, 46.12821], [5.91066, 46.12839], [5.91102, 46.12827], [5.91113, 46.1281], [5.91115, 46.12798], [5.911, 46.12776], [5.90982, 46.12746], [5.90937, 46.12723], [5.90882, 46.12683], [5.90748, 46.1252], [5.90561, 46.12425], [5.90479, 46.12357], [5.90355, 46.12214], [5.90326, 46.12128], [5.90323, 46.12112], [5.90331, 46.1209], [5.90361, 46.12066], [5.90393, 46.12054], [5.90501, 46.12019], [5.90543, 46.12013], [5.90769, 46.12057], [5.90905, 46.12105], [5.90964, 46.12117], [5.91177, 46.12116], [5.91349, 46.1213], [5.91419, 46.12122], [5.91463, 46.12134], [5.91528, 46.12169], [5.91648, 46.12194], [5.91794, 46.12192], [5.91855, 46.12175], [5.91885, 46.1215], [5.919, 46.1212], [5.91898, 46.11995], [5.91848, 46.11794], [5.91839, 46.11728], [5.91879, 46.11482], [5.9191, 46.11389], [5.9205, 46.11223], [5.9248, 46.10752], [5.928, 46.10533], [5.93039, 46.10278], [5.93073, 46.10252], [5.93123, 46.1023], [5.93134, 46.10214], [5.93154, 46.1022], [5.93675, 46.10174], [5.93821, 46.10187], [5.9409, 46.10233], [5.94648, 46.10202], [5.94805, 46.10223], [5.95056, 46.1028], [5.95209, 46.10281], [5.95308, 46.1029], [5.9652, 46.10656], [5.96593, 46.10695], [5.96938, 46.10845], [5.97114, 46.10899], [6.01825, 46.11477], [6.0214, 46.11522], [6.03466, 46.11746], [6.03836, 46.11818], [6.03934, 46.11764], [6.03984, 46.11712], [6.0399, 46.11694], [6.03979, 46.11676], [6.03955, 46.11666], [6.03873, 46.1167], [6.03813, 46.11629], [6.03989, 46.11518], [6.04036, 46.11497], [6.04152, 46.11425], [6.042, 46.11405], [6.04542, 46.11395], [6.04755, 46.11376], [6.04971, 46.11258], [6.05124, 46.1121], [6.05209, 46.11149], [6.05259, 46.11102], [6.05369, 46.10968], [6.05509, 46.10756], [6.05632, 46.10619], [6.05708, 46.10549], [6.0646, 46.10228], [6.06519, 46.10192], [6.06589, 46.10174], [6.06799, 46.10086], [6.06839, 46.10079], [6.07022, 46.10084], [6.07102, 46.10099], [6.07979, 46.10175], [6.08061, 46.10168], [6.08163, 46.10096], [6.0855, 46.09774], [6.08759, 46.09479], [6.08796, 46.09381], [6.08825, 46.09358], [6.08863, 46.09347], [6.09039, 46.09329], [6.10343, 46.09387], [6.10393, 46.09384], [6.104, 46.09483], [6.1038, 46.09921], [6.10397, 46.09928], [6.10403, 46.09941], [6.10398, 46.09954], [6.10378, 46.09964], [6.10417, 46.10047], [6.10492, 46.10361], [6.10533, 46.10483], [6.10572, 46.10546], [6.10707, 46.1069], [6.10767, 46.10799], [6.10783, 46.10891], [6.10812, 46.11515], [6.10823, 46.11566], [6.1084, 46.11602], [6.10893, 46.11683], [6.11129, 46.11979], [6.11385, 46.12363], [6.11489, 46.12446], [6.11658, 46.12536], [6.11805, 46.12671], [6.11999, 46.12795], [6.12047, 46.12847], [6.12116, 46.12995], [6.12172, 46.13073], [6.12393, 46.13275], [6.12438, 46.13344], [6.12472, 46.13348], [6.12472, 46.1337], [6.12549, 46.13414], [6.12655, 46.13511], [6.12707, 46.13599], [6.12799, 46.13794], [6.12935, 46.13807], [6.13177, 46.13726], [6.13375, 46.13645], [6.13383, 46.13628], [6.13374, 46.136], [6.1333, 46.13541], [6.13339, 46.13503], [6.13368, 46.13478], [6.13589, 46.13456], [6.13637, 46.13445], [6.14041, 46.13228], [6.14079, 46.13226], [6.1421, 46.13248], [6.1431, 46.13207], [6.14344, 46.13175], [6.14341, 46.13059], [6.14355, 46.13025], [6.14386, 46.13009], [6.14486, 46.12995], [6.14532, 46.12976], [6.14738, 46.12716], [6.14919, 46.1278], [6.14979, 46.12828], [6.15027, 46.1284], [6.15077, 46.12893], [6.1517, 46.12959], [6.15246, 46.12991], [6.15263, 46.13009], [6.15293, 46.13085], [6.15352, 46.13152], [6.154, 46.13189], [6.15554, 46.13225], [6.15623, 46.13214], [6.1568, 46.13223], [6.15742, 46.13205], [6.15777, 46.13168], [6.15782, 46.13094], [6.15773, 46.13063], [6.15742, 46.13029], [6.15731, 46.12997], [6.15752, 46.12993], [6.15812, 46.13015], [6.15822, 46.13014], [6.15826, 46.13003], [6.15785, 46.12951], [6.15767, 46.12912], [6.15716, 46.12856], [6.157, 46.12788], [6.15629, 46.12633], [6.15643, 46.12624], [6.157, 46.1265], [6.15734, 46.12652], [6.1575, 46.12574], [6.15761, 46.1257], [6.15791, 46.12581], [6.15807, 46.12572], [6.15799, 46.12552], [6.15778, 46.12534], [6.15781, 46.12521], [6.15824, 46.12529], [6.15862, 46.12578], [6.15911, 46.12667], [6.1605, 46.12765], [6.16063, 46.12766], [6.16066, 46.12757], [6.16049, 46.12738], [6.16038, 46.12703], [6.16016, 46.12671], [6.1602, 46.1265], [6.16042, 46.12625], [6.16086, 46.12648], [6.16135, 46.1273], [6.1617, 46.12755], [6.16181, 46.12755], [6.16183, 46.12746], [6.16161, 46.1271], [6.16165, 46.12659], [6.16159, 46.12632], [6.16112, 46.12557], [6.16122, 46.12514], [6.16123, 46.12437], [6.16144, 46.1242], [6.16214, 46.12436], [6.16261, 46.12415], [6.16267, 46.12401], [6.16247, 46.12357], [6.16288, 46.12332], [6.1631, 46.12301], [6.16315, 46.12308], [6.16304, 46.12357], [6.16312, 46.12379], [6.1638, 46.12442], [6.16334, 46.12448], [6.16333, 46.12459], [6.16407, 46.1248], [6.16442, 46.12486], [6.16461, 46.12481], [6.16446, 46.12421], [6.16456, 46.1239], [6.16444, 46.12353], [6.16454, 46.12349], [6.16499, 46.12417], [6.16543, 46.1245], [6.16575, 46.12497], [6.16623, 46.12528], [6.16621, 46.12573], [6.16506, 46.12625], [6.16501, 46.12638], [6.16679, 46.12631], [6.16697, 46.12619], [6.16728, 46.1257], [6.16764, 46.12541], [6.1677, 46.12523], [6.16765, 46.12438], [6.16728, 46.12312], [6.16732, 46.12264], [6.16829, 46.12152], [6.16879, 46.12108], [6.16915, 46.12058], [6.17073, 46.12007], [6.17163, 46.11951], [6.17182, 46.11966], [6.17273, 46.1196], [6.17462, 46.11986], [6.17506, 46.12004], [6.17522, 46.12038], [6.1754, 46.12038], [6.17546, 46.12024], [6.17503, 46.11946], [6.17443, 46.11873], [6.17404, 46.11846], [6.17402, 46.11837], [6.1741, 46.11832], [6.17627, 46.1189], [6.17728, 46.1194], [6.17761, 46.11971], [6.17839, 46.12022], [6.1789, 46.12041], [6.17918, 46.12042], [6.17929, 46.12034], [6.17929, 46.12022], [6.17861, 46.11975], [6.17813, 46.1188], [6.17822, 46.11838], [6.17877, 46.1179], [6.17886, 46.11739], [6.17908, 46.11746], [6.17921, 46.11773], [6.17904, 46.11831], [6.17911, 46.11865], [6.17954, 46.11888], [6.1809, 46.11914], [6.18139, 46.11936], [6.18171, 46.11971], [6.18224, 46.12064], [6.1823, 46.12124], [6.1825, 46.12127], [6.18262, 46.12107], [6.18282, 46.11958], [6.18355, 46.11752], [6.18337, 46.11695], [6.18294, 46.11647], [6.18296, 46.11578], [6.18303, 46.11563], [6.18322, 46.11559], [6.18338, 46.11566], [6.18357, 46.11609], [6.18387, 46.11627], [6.18527, 46.11623], [6.18572, 46.11636], [6.18673, 46.11684], [6.18802, 46.11679], [6.18851, 46.11658], [6.1901, 46.11543], [6.19097, 46.11461], [6.19161, 46.11343], [6.19173, 46.11329], [6.19198, 46.11319], [6.19233, 46.11327], [6.19248, 46.11345], [6.19246, 46.11359], [6.19215, 46.11396], [6.19205, 46.11427], [6.1923, 46.1157], [6.19251, 46.11583], [6.19273, 46.11575], [6.19277, 46.11512], [6.19322, 46.11462], [6.19348, 46.11414], [6.1936, 46.11409], [6.19378, 46.11414], [6.19382, 46.11425], [6.19358, 46.11479], [6.19391, 46.11559], [6.19421, 46.11603], [6.19541, 46.11697], [6.19608, 46.11854], [6.19596, 46.11889], [6.19485, 46.11961], [6.19467, 46.11987], [6.1947, 46.12012], [6.19498, 46.12054], [6.19516, 46.121], [6.19512, 46.12127], [6.1949, 46.12137], [6.19345, 46.12149], [6.19335, 46.12162], [6.19328, 46.12204], [6.19219, 46.12292], [6.1921, 46.12309], [6.19215, 46.12328], [6.19233, 46.12342], [6.19281, 46.12352], [6.19318, 46.12387], [6.19433, 46.12445], [6.19453, 46.12445], [6.19466, 46.1243], [6.19432, 46.12394], [6.19432, 46.12382], [6.19448, 46.12371], [6.19472, 46.12374], [6.19545, 46.12469], [6.19668, 46.12518], [6.19717, 46.12554], [6.19768, 46.12614], [6.19785, 46.12624], [6.19816, 46.12627], [6.19938, 46.12607], [6.19954, 46.12596], [6.19952, 46.12567], [6.19958, 46.12559], [6.20047, 46.12542], [6.20076, 46.12549], [6.20153, 46.12591], [6.20197, 46.12644], [6.2023, 46.12644], [6.20263, 46.12595], [6.20267, 46.12576], [6.20258, 46.12552], [6.20169, 46.12481], [6.20077, 46.12443], [6.2006, 46.12424], [6.20057, 46.12406], [6.20073, 46.12392], [6.2012, 46.12378], [6.20175, 46.12404], [6.20252, 46.12402], [6.20411, 46.12326], [6.2053, 46.1231], [6.2059, 46.12316], [6.20603, 46.12278], [6.20595, 46.12233], [6.20666, 46.11996], [6.20655, 46.11906], [6.20607, 46.11825], [6.20624, 46.11811], [6.20718, 46.11828], [6.20758, 46.11814], [6.20765, 46.11783], [6.20761, 46.11757], [6.2071, 46.11668], [6.20727, 46.11646], [6.20768, 46.11635], [6.20806, 46.11648], [6.20861, 46.11684], [6.20963, 46.11798], [6.20981, 46.11794], [6.20963, 46.11726], [6.20928, 46.11465], [6.20936, 46.11363], [6.20928, 46.11295], [6.20956, 46.11279], [6.20985, 46.11285], [6.20998, 46.11296], [6.21014, 46.11331], [6.21043, 46.11359], [6.21117, 46.11411], [6.21138, 46.11406], [6.21193, 46.11239], [6.21183, 46.11012], [6.21291, 46.10912], [6.2135, 46.10793], [6.2139, 46.10548], [6.21484, 46.1041], [6.21483, 46.10154], [6.21544, 46.10032], [6.21559, 46.09941], [6.21571, 46.09923], [6.21678, 46.09851], [6.21758, 46.09779], [6.21851, 46.09671], [6.21934, 46.0959], [6.21957, 46.09554], [6.21957, 46.09511], [6.21917, 46.09452], [6.21917, 46.09436], [6.21893, 46.09398], [6.21833, 46.0935], [6.21824, 46.09329], [6.21819, 46.09274], [6.21837, 46.09256], [6.21908, 46.09218], [6.21913, 46.09206], [6.21908, 46.09192], [6.21869, 46.09163], [6.21891, 46.09113], [6.218, 46.08993], [6.21771, 46.08842], [6.21746, 46.08803], [6.21695, 46.08756], [6.21691, 46.08733], [6.21789, 46.08668], [6.21845, 46.08601], [6.21884, 46.08576], [6.22017, 46.08546], [6.22133, 46.08504], [6.22241, 46.08511], [6.22385, 46.08486], [6.22434, 46.08463], [6.22527, 46.08388], [6.2255, 46.08378], [6.22639, 46.08395], [6.22686, 46.08395], [6.22864, 46.08335], [6.22906, 46.08341], [6.22952, 46.08373], [6.22952, 46.08401], [6.22934, 46.08467], [6.22869, 46.08544], [6.22858, 46.0857], [6.22875, 46.08649], [6.22872, 46.0872], [6.22885, 46.08751], [6.22957, 46.08851], [6.2304, 46.08912], [6.23044, 46.0894], [6.2302, 46.09019], [6.23031, 46.09063], [6.23062, 46.09096], [6.2321, 46.09202], [6.23269, 46.09288], [6.23423, 46.0945], [6.23609, 46.09584], [6.23621, 46.09617], [6.23619, 46.09719], [6.23634, 46.09767], [6.23718, 46.09872], [6.23814, 46.09965], [6.23863, 46.10052], [6.23945, 46.10137], [6.24061, 46.10299], [6.24091, 46.10358], [6.24118, 46.10449], [6.24165, 46.10538], [6.24213, 46.10699], [6.24243, 46.10739], [6.24295, 46.10776], [6.24335, 46.10794], [6.24448, 46.1082], [6.24635, 46.10818], [6.24811, 46.108], [6.24979, 46.10822], [6.25144, 46.10824], [6.25273, 46.10854], [6.2532, 46.10857], [6.25594, 46.10818], [6.25798, 46.10753], [6.25935, 46.10731], [6.26002, 46.10707], [6.2614, 46.10606], [6.26245, 46.10568], [6.26341, 46.10473], [6.26436, 46.10418], [6.26496, 46.10343], [6.26542, 46.10324], [6.2657, 46.10323], [6.26723, 46.10217], [6.26889, 46.10053], [6.26893, 46.10025], [6.26871, 46.0997], [6.26892, 46.09938], [6.26917, 46.09929], [6.26997, 46.09922], [6.27113, 46.09887], [6.27209, 46.098], [6.27239, 46.09784], [6.27432, 46.09766], [6.27489, 46.0975], [6.27553, 46.09714], [6.27709, 46.09573], [6.27757, 46.09454], [6.27851, 46.09318], [6.27953, 46.093], [6.27996, 46.09284], [6.2822, 46.09133], [6.28321, 46.09133], [6.28352, 46.0912], [6.28427, 46.09067], [6.28498, 46.09085], [6.28599, 46.09043], [6.28655, 46.09028], [6.2869, 46.09028], [6.28753, 46.08998], [6.28899, 46.08898], [6.29033, 46.08785], [6.29073, 46.08731], [6.29213, 46.08446], [6.29242, 46.08321], [6.29269, 46.08253], [6.29494, 46.07902], [6.29546, 46.07856], [6.29665, 46.07801], [6.29751, 46.07683], [6.29764, 46.07641], [6.29736, 46.07546], [6.29746, 46.07488], [6.29842, 46.0734], [6.30043, 46.07095], [6.30031, 46.0709], [6.30032, 46.07077], [6.30047, 46.07073], [6.3006, 46.07086], [6.30088, 46.07084], [6.30135, 46.07062], [6.30232, 46.07042], [6.30229, 46.07036], [6.30238, 46.07031], [6.30321, 46.0686], [6.30384, 46.06856], [6.30562, 46.06794], [6.3062, 46.06781], [6.3071, 46.06786], [6.30836, 46.06812], [6.30896, 46.06812], [6.3096, 46.06801], [6.31182, 46.06737], [6.31214, 46.06721], [6.31245, 46.06726], [6.3126, 46.06716], [6.31269, 46.06729], [6.31304, 46.06742], [6.31394, 46.06755], [6.31525, 46.06809], [6.32089, 46.06984], [6.32118, 46.07025], [6.32219, 46.07028], [6.32445, 46.07084], [6.32583, 46.07103], [6.32743, 46.07115], [6.32765, 46.07108], [6.32783, 46.07123], [6.33051, 46.07143], [6.33164, 46.07138], [6.33293, 46.07104], [6.33356, 46.07076], [6.33532, 46.06962], [6.33576, 46.06952], [6.33644, 46.0695], [6.34643, 46.07015], [6.34649, 46.07004], [6.34669, 46.07], [6.34683, 46.07005], [6.34689, 46.07018], [6.36154, 46.0711], [6.36452, 46.07125], [6.36508, 46.07117], [6.36528, 46.07134], [6.37617, 46.07201], [6.37679, 46.072], [6.37701, 46.07189], [6.37723, 46.07197], [6.37728, 46.0721], [6.37957, 46.07218], [6.38122, 46.07193], [6.38212, 46.07191], [6.38303, 46.07206], [6.3845, 46.07258], [6.38539, 46.07271], [6.38726, 46.07269], [6.39447, 46.07313], [6.39515, 46.07295], [6.3952, 46.07282], [6.39571, 46.07262], [6.39589, 46.0727], [6.39798, 46.0727], [6.39886, 46.0728], [6.40027, 46.0731], [6.40281, 46.07406], [6.40299, 46.07399], [6.40322, 46.07406], [6.40521, 46.07315], [6.40609, 46.07285], [6.40707, 46.07292], [6.40759, 46.07309], [6.40866, 46.07363], [6.40927, 46.07366], [6.4101, 46.07354], [6.4112, 46.07319], [6.41262, 46.07294], [6.42515, 46.07142], [6.42565, 46.07135], [6.4257, 46.07118], [6.42584, 46.07111], [6.42615, 46.07115], [6.42624, 46.07127], [6.42875, 46.07092], [6.43277, 46.06995], [6.43369, 46.0699], [6.43498, 46.07006], [6.43576, 46.07006], [6.44161, 46.06937], [6.44162, 46.06924], [6.44186, 46.06916], [6.44187, 46.0686], [6.44197, 46.06818], [6.44192, 46.0667], [6.44175, 46.06571], [6.44174, 46.06508], [6.44186, 46.06454], [6.44214, 46.06391], [6.44166, 46.06287], [6.44213, 46.0625], [6.44233, 46.06192], [6.44225, 46.06159], [6.44179, 46.06067], [6.44159, 46.06047], [6.44137, 46.06041], [6.43946, 46.06053], [6.4377, 46.0601], [6.43674, 46.06011], [6.43617, 46.0604], [6.43608, 46.06034], [6.43611, 46.06016], [6.43645, 46.05993], [6.43879, 46.05897], [6.43935, 46.05864], [6.43988, 46.05814], [6.44031, 46.05799], [6.44196, 46.05796], [6.44376, 46.05841], [6.44486, 46.05849], [6.44593, 46.05839], [6.4470521, 46.0587844], [6.4471537, 46.058777], [6.4471733, 46.0586965], [6.44614, 46.05814], [6.44505, 46.05804], [6.44456, 46.05791], [6.44312, 46.05697], [6.44165, 46.05657], [6.44058, 46.05655], [6.43902, 46.05666], [6.43816, 46.05643], [6.43758, 46.05658], [6.43572, 46.0566], [6.43497, 46.05702], [6.43472, 46.05708], [6.43434, 46.05705], [6.43385, 46.05716], [6.43365, 46.05703], [6.43369, 46.05692], [6.43482, 46.05652], [6.43497, 46.05641], [6.43516, 46.05605], [6.43623, 46.05606], [6.43741, 46.05558], [6.43779, 46.05528], [6.43817, 46.05514], [6.43976, 46.0556], [6.44202, 46.05564], [6.44292, 46.05579], [6.44595, 46.05596], [6.44641, 46.05606], [6.44712, 46.05603], [6.44776, 46.05586], [6.44827, 46.05557], [6.45008, 46.05542], [6.45149, 46.0549], [6.45163, 46.05472], [6.45157, 46.05441], [6.45183, 46.05393], [6.45181, 46.05363], [6.45165, 46.05348], [6.45109, 46.05331], [6.4507, 46.05309], [6.44965, 46.05216], [6.44874, 46.05189], [6.44819, 46.05138], [6.44722, 46.05085], [6.44683, 46.05047], [6.44614, 46.05018], [6.44566, 46.04932], [6.44569, 46.04898], [6.44559, 46.0487], [6.44537, 46.04874], [6.44474, 46.04921], [6.44459, 46.04922], [6.44444, 46.04854], [6.44474, 46.04798], [6.44498, 46.04774], [6.44478, 46.04737], [6.44478, 46.04715], [6.4445, 46.04677], [6.4443, 46.04683], [6.44423, 46.04693], [6.44375, 46.04786], [6.44336, 46.04843], [6.44306, 46.04862], [6.44293, 46.04896], [6.44262, 46.04918], [6.44254, 46.04975], [6.44205, 46.0504], [6.44209, 46.05057], [6.44267, 46.05109], [6.44272, 46.05137], [6.4426, 46.05179], [6.44268, 46.05189], [6.44393, 46.05244], [6.44394, 46.05264], [6.44373, 46.05271], [6.4429, 46.05267], [6.44214, 46.0524], [6.44164, 46.05232], [6.44139, 46.05217], [6.44114, 46.0519], [6.44038, 46.05059], [6.43969, 46.04977], [6.43962, 46.04935], [6.43982, 46.049], [6.43933, 46.04837], [6.43918, 46.04806], [6.4392, 46.0474], [6.43954, 46.04706], [6.43957, 46.04685], [6.43899, 46.04539], [6.43887, 46.04469], [6.4382, 46.04403], [6.43798, 46.04364], [6.43762, 46.04325], [6.43692, 46.04212], [6.43674, 46.04169], [6.43676, 46.04147], [6.43756, 46.04109], [6.43762, 46.04097], [6.43753, 46.04094], [6.43679, 46.04126], [6.43626, 46.04132], [6.43613, 46.04142], [6.43599, 46.04173], [6.43583, 46.04167], [6.4358, 46.04114], [6.43599, 46.04101], [6.43715, 46.04063], [6.43844, 46.04032], [6.43989, 46.04036], [6.44249, 46.04017], [6.44331, 46.03963], [6.44339, 46.03947], [6.44255, 46.03876], [6.44212, 46.0381], [6.44045, 46.03679], [6.43906, 46.03589], [6.43882, 46.03564], [6.43811, 46.03548], [6.43782, 46.03534], [6.43745, 46.03489], [6.43696, 46.03452], [6.43652, 46.03375], [6.43627, 46.0338], [6.43612, 46.03448], [6.43657, 46.0352], [6.4368, 46.03575], [6.43671, 46.03586], [6.43652, 46.03582], [6.43635, 46.03555], [6.43559, 46.03502], [6.43498, 46.03491], [6.43464, 46.03442], [6.43381, 46.03367], [6.43135, 46.03212], [6.43029, 46.0316], [6.4294, 46.03151], [6.42865, 46.03131], [6.4284, 46.03108], [6.4272, 46.03066], [6.4269, 46.03041], [6.42669, 46.0301], [6.42628, 46.03], [6.42619, 46.03014], [6.42653, 46.0306], [6.42659, 46.03104], [6.42652, 46.03134], [6.42661, 46.0318], [6.4272011, 46.032825]]}, "properties": {"stage": 15, "source": "aso-arcgis", "length_km": 183.9, "official_km": 183.9, "licence": "All rights reserved (Amaury Sport Organisation)"}}, {"type": "Feature", "geometry": {"type": "LineString", "coordinates": [[6.5948648, 46.4004893], [6.59994, 46.39946], [6.60236, 46.39934], [6.6037, 46.39943], [6.60428, 46.39929], [6.60519, 46.39937], [6.60772, 46.39937], [6.60871, 46.3989], [6.61035, 46.39881], [6.61037, 46.39873], [6.61065, 46.39861], [6.61077, 46.39795], [6.61101, 46.3978], [6.61126, 46.39778], [6.61227, 46.39809], [6.6143, 46.39809], [6.61466, 46.39796], [6.61534, 46.39726], [6.61601, 46.39695], [6.61623, 46.39674], [6.61592, 46.39644], [6.61423, 46.39631], [6.61335, 46.39604], [6.61075, 46.39446], [6.61032, 46.39448], [6.6095, 46.39475], [6.60844, 46.39471], [6.605, 46.39377], [6.60347, 46.39329], [6.60218, 46.39267], [6.59907, 46.39161], [6.5918, 46.38958], [6.5913, 46.38938], [6.58916, 46.38822], [6.58743, 46.3878], [6.58331, 46.38659], [6.58149, 46.38619], [6.57986, 46.38595], [6.57984, 46.38567], [6.57993, 46.38548], [6.57848, 46.38531], [6.5768, 46.38488], [6.57539, 46.38486], [6.56968, 46.38331], [6.56767, 46.38263], [6.56381, 46.38165], [6.56124, 46.3808], [6.55938, 46.38007], [6.55695, 46.37932], [6.55658, 46.37913], [6.55639, 46.37893], [6.55627, 46.37862], [6.55628, 46.3781], [6.5564, 46.37754], [6.5563, 46.3772], [6.55551, 46.37608], [6.55419, 46.37517], [6.55356, 46.37437], [6.55343, 46.37325], [6.5528, 46.37222], [6.55302, 46.37191], [6.55348, 46.37157], [6.55418, 46.37127], [6.55679, 46.37115], [6.55832, 46.37083], [6.55936, 46.37108], [6.56059, 46.37157], [6.56086, 46.37155], [6.56102, 46.37145], [6.56183, 46.3704], [6.56264, 46.36967], [6.56315, 46.36903], [6.56364, 46.36862], [6.56399, 46.368], [6.56422, 46.36775], [6.5646, 46.36764], [6.56575, 46.36754], [6.56692, 46.36689], [6.56733, 46.36693], [6.56904, 46.36759], [6.56992, 46.36798], [6.57054, 46.36837], [6.57158, 46.36854], [6.57224, 46.36874], [6.57241, 46.36861], [6.57274, 46.36852], [6.573, 46.36801], [6.57299, 46.36785], [6.57256, 46.36761], [6.57245, 46.36744], [6.57268, 46.36642], [6.5727, 46.3656], [6.57256, 46.36448], [6.57239, 46.36391], [6.57199, 46.36305], [6.57184, 46.36169], [6.57132, 46.36089], [6.57115, 46.36018], [6.57082, 46.35977], [6.57082, 46.35954], [6.57105, 46.35907], [6.57107, 46.35882], [6.57026, 46.35708], [6.57016, 46.35661], [6.57021, 46.35619], [6.56989, 46.35609], [6.56728, 46.35459], [6.56643, 46.3542], [6.56422, 46.35351], [6.56155, 46.35289], [6.55876, 46.3527], [6.55678, 46.35281], [6.55637, 46.35296], [6.55577, 46.35343], [6.55544, 46.35358], [6.5533, 46.35404], [6.55172, 46.35463], [6.55119, 46.35475], [6.55012, 46.35465], [6.54874, 46.35434], [6.54589, 46.35408], [6.54542, 46.35408], [6.54403, 46.35428], [6.54241, 46.35392], [6.54009, 46.35397], [6.53859, 46.35431], [6.5382, 46.35457], [6.53729, 46.35485], [6.53662, 46.35531], [6.53579, 46.35547], [6.53552, 46.35569], [6.5354, 46.35618], [6.5353, 46.35631], [6.53424, 46.35669], [6.53381, 46.35659], [6.53227, 46.35554], [6.5319, 46.35542], [6.53163, 46.35562], [6.53119, 46.35635], [6.53216, 46.35732], [6.53219, 46.35752], [6.53206, 46.35771], [6.53141, 46.35822], [6.53093, 46.35832], [6.5298, 46.35825], [6.52901, 46.3581], [6.52859, 46.35812], [6.5276, 46.35878], [6.52708, 46.35893], [6.52585, 46.35898], [6.52542, 46.35937], [6.52469, 46.35955], [6.52403, 46.36004], [6.52348, 46.36013], [6.52327, 46.36027], [6.52332, 46.36052], [6.52387, 46.36088], [6.5249, 46.36104], [6.52574, 46.36139], [6.52637, 46.362], [6.5264, 46.36217], [6.52628, 46.36229], [6.526, 46.36233], [6.52485, 46.36212], [6.52352, 46.36224], [6.523, 46.36241], [6.52214, 46.36244], [6.52094, 46.36276], [6.52017, 46.3635], [6.51986, 46.36363], [6.51965, 46.36356], [6.5196, 46.36342], [6.51988, 46.36312], [6.51988, 46.36296], [6.51945, 46.36282], [6.51886, 46.36363], [6.5185, 46.36388], [6.51776, 46.36414], [6.5173, 46.36408], [6.51653, 46.36434], [6.51234, 46.36426], [6.50973, 46.3647], [6.50864, 46.36503], [6.50682, 46.36519], [6.50613, 46.36533], [6.50542, 46.36563], [6.50336, 46.36744], [6.5028, 46.3677], [6.5028, 46.36781], [6.50243, 46.36826], [6.50092, 46.3689], [6.49976, 46.36926], [6.49859, 46.36943], [6.49659, 46.36956], [6.49133, 46.37062], [6.49118, 46.37073], [6.49098, 46.37062], [6.48651, 46.37047], [6.48494, 46.37057], [6.48509, 46.3709], [6.48544, 46.37131], [6.48883, 46.37488], [6.49054, 46.37716], [6.49196, 46.37883], [6.49258, 46.37938], [6.49318, 46.37978], [6.49529, 46.38086], [6.49511, 46.38099], [6.49287, 46.38079], [6.49166, 46.38019], [6.4911, 46.37971], [6.49075, 46.37925], [6.49054, 46.37868], [6.49023, 46.37807], [6.49014, 46.37803], [6.49011, 46.37753], [6.48965, 46.37692], [6.48333, 46.37239], [6.48305, 46.3725], [6.48139, 46.3736], [6.48098, 46.37395], [6.47966, 46.37361], [6.47896, 46.3737], [6.47837, 46.37328], [6.47816, 46.37301], [6.47657, 46.37194], [6.4754, 46.37275], [6.47486, 46.37284], [6.47359, 46.37234], [6.47152, 46.37135], [6.47133, 46.3713], [6.47112, 46.37135], [6.47113, 46.37146], [6.47127, 46.37156], [6.47242, 46.37215], [6.47329, 46.37278], [6.47562, 46.3738], [6.4787, 46.37533], [6.47894, 46.37572], [6.47945, 46.37692], [6.47966, 46.37716], [6.48032, 46.37743], [6.48079, 46.37796], [6.48087, 46.37837], [6.48102, 46.37847], [6.48094, 46.37856], [6.4819, 46.38066], [6.48286, 46.38235], [6.48318, 46.38363], [6.48328, 46.38556], [6.48364, 46.38614], [6.4841, 46.38664], [6.4846, 46.38694], [6.48484, 46.387], [6.4854, 46.38706], [6.4876502, 46.3869254]]}, "properties": {"stage": 16, "source": "aso-arcgis", "length_km": 26.037, "official_km": 26.1, "licence": "All rights reserved (Amaury Sport Organisation)"}}, {"type": "Feature", "geometry": {"type": "LineString", "coordinates": [[5.9133678, 45.6329177], [5.91101, 45.64191], [5.91091, 45.64239], [5.91105, 45.64282], [5.91073, 45.64326], [5.90927, 45.64862], [5.90612, 45.64838], [5.90538, 45.64847], [5.90512, 45.64879], [5.90475, 45.64888], [5.90446, 45.64888], [5.90412, 45.64872], [5.9039, 45.64871], [5.9037804, 45.6488159], [5.9037804, 45.6489256], [5.9041506, 45.6494741], [5.9041787, 45.6497947], [5.9039413, 45.6500169], [5.9036194, 45.6500928], [5.903201, 45.6500113], [5.9029153, 45.6496906], [5.9030602, 45.6490409], [5.90294, 45.64849], [5.90272, 45.6482], [5.90221, 45.64792], [5.90088, 45.64745], [5.89969, 45.64656], [5.89939, 45.64642], [5.89809, 45.6464], [5.89702, 45.64656], [5.89473, 45.64796], [5.89432, 45.64798], [5.89312, 45.64756], [5.89284, 45.6476], [5.89275, 45.6477], [5.89275, 45.64788], [5.89306, 45.64818], [5.89313, 45.65078], [5.89298, 45.65108], [5.89319, 45.6514], [5.89335, 45.6535], [5.89351, 45.65445], [5.89377, 45.65504], [5.89433, 45.65559], [5.8946, 45.6561], [5.89465, 45.65659], [5.89444, 45.65769], [5.89461, 45.65935], [5.8949, 45.66043], [5.89595, 45.66278], [5.89609, 45.66399], [5.89601, 45.66507], [5.89583, 45.66566], [5.89513, 45.66699], [5.89504, 45.66731], [5.89471, 45.66765], [5.89469, 45.66783], [5.89481, 45.66794], [5.8948, 45.6682], [5.89447, 45.66903], [5.89364, 45.66994], [5.89347, 45.67069], [5.89347, 45.67166], [5.89403, 45.67783], [5.89403, 45.68024], [5.89469, 45.68353], [5.89463, 45.68363], [5.89476, 45.68371], [5.89488, 45.68425], [5.89523, 45.68618], [5.89513, 45.68627], [5.89528, 45.68637], [5.89562, 45.68861], [5.8957, 45.69079], [5.89605, 45.69318], [5.89586, 45.69327], [5.89582, 45.69344], [5.89602, 45.69357], [5.89631, 45.69351], [5.89691, 45.6936], [5.89779, 45.69399], [5.89868, 45.69417], [5.8999, 45.69433], [5.89999, 45.69422], [5.9002, 45.69416], [5.90038, 45.69422], [5.90045, 45.69433], [5.90096, 45.69443], [5.90632, 45.69511], [5.90684, 45.69511], [5.90727, 45.69497], [5.90758, 45.69507], [5.90763, 45.6952], [5.90742, 45.69599], [5.90749, 45.69647], [5.90776, 45.6968], [5.90756, 45.69698], [5.90854, 45.69973], [5.90874, 45.70004], [5.90922, 45.70136], [5.90947, 45.70173], [5.90937, 45.70185], [5.91185, 45.70878], [5.91245, 45.70954], [5.91633, 45.71319], [5.9173864, 45.7147125], [5.91783, 45.71501], [5.91869, 45.71503], [5.91891, 45.71494], [5.91986, 45.71556], [5.92177, 45.71799], [5.92201, 45.71819], [5.92222, 45.71825], [5.92218, 45.71852], [5.92262, 45.7193], [5.92311, 45.72061], [5.92306, 45.72137], [5.92309, 45.72175], [5.92319, 45.72189], [5.92317, 45.72232], [5.92346, 45.72259], [5.92389, 45.72276], [5.9264, 45.72329], [5.92811, 45.72394], [5.92922, 45.72404], [5.92982, 45.72419], [5.93139, 45.72483], [5.93314, 45.72498], [5.9337, 45.72523], [5.93449, 45.72585], [5.93572, 45.72597], [5.93762, 45.72667], [5.93819, 45.7267], [5.93946, 45.72647], [5.94195, 45.72709], [5.94245, 45.7271], [5.9436, 45.7269], [5.9445629, 45.7271213], [5.94589, 45.72713], [5.94662, 45.72785], [5.94778, 45.72836], [5.94851, 45.72919], [5.94897, 45.72938], [5.94996, 45.7296], [5.95023, 45.72981], [5.95049, 45.73033], [5.95153, 45.73083], [5.95305, 45.73119], [5.95359, 45.73149], [5.95397, 45.7316], [5.955, 45.73171], [5.95625, 45.73168], [5.95667, 45.73179], [5.95723, 45.73208], [5.95758, 45.73215], [5.95898, 45.73203], [5.95927, 45.73215], [5.95976, 45.73268], [5.9602, 45.7329], [5.96156, 45.73313], [5.9625, 45.73352], [5.96394, 45.73384], [5.96437, 45.73408], [5.96536, 45.73491], [5.96566, 45.73521], [5.96602, 45.7358], [5.9665, 45.73607], [5.96766, 45.73696], [5.96778, 45.73729], [5.96773, 45.73773], [5.96784, 45.73789], [5.96868, 45.7385], [5.96884, 45.73919], [5.96917, 45.73992], [5.9702, 45.74073], [5.97043, 45.74079], [5.97131, 45.74064], [5.97232, 45.74097], [5.97521, 45.7422], [5.97581, 45.7428], [5.97646, 45.74304], [5.97714, 45.74361], [5.97744, 45.74377], [5.97788, 45.7439], [5.97949, 45.74401], [5.97972, 45.74417], [5.97997, 45.74463], [5.98027, 45.74481], [5.98226, 45.74548], [5.98361, 45.7461], [5.98543, 45.74647], [5.98788, 45.74783], [5.98858, 45.74813], [5.99063, 45.74859], [5.99319, 45.75018], [5.99526, 45.75094], [5.997, 45.75114], [5.99772, 45.75131], [5.99817, 45.75156], [6.00031, 45.75319], [6.00408, 45.75666], [6.00493, 45.75714], [6.01106, 45.75915], [6.01533, 45.76032], [6.02216, 45.76195], [6.02288, 45.76205], [6.02469, 45.76201], [6.02545, 45.76216], [6.0268, 45.76274], [6.02754, 45.76316], [6.03012, 45.76505], [6.03092, 45.76486], [6.03156, 45.76482], [6.03517, 45.76495], [6.03632, 45.76513], [6.03951, 45.7653], [6.04188, 45.76486], [6.04342, 45.76437], [6.04462, 45.76409], [6.04536, 45.76398], [6.04736, 45.76396], [6.04899, 45.76352], [6.04981, 45.76322], [6.05089, 45.76298], [6.05258, 45.76227], [6.05354, 45.76128], [6.05535, 45.76053], [6.05558, 45.76032], [6.05559, 45.75972], [6.05579, 45.75944], [6.05793, 45.75881], [6.05807, 45.75862], [6.05824, 45.7576], [6.05834, 45.75738], [6.05849, 45.75719], [6.05984, 45.75614], [6.06007, 45.75574], [6.06035, 45.75488], [6.06052, 45.75464], [6.06121, 45.75409], [6.06139, 45.75385], [6.06158, 45.75304], [6.06177, 45.75277], [6.06287, 45.75245], [6.0634, 45.7522], [6.0651, 45.75088], [6.0667, 45.7503], [6.06788, 45.74953], [6.07015, 45.74898], [6.07202, 45.74813], [6.07376, 45.74817], [6.07486, 45.74777], [6.07647, 45.74742], [6.07747, 45.7471], [6.07931, 45.74706], [6.08011, 45.74685], [6.08105, 45.74684], [6.08225, 45.74652], [6.08325, 45.74654], [6.0843, 45.74643], [6.08519, 45.74618], [6.08625, 45.74622], [6.08732, 45.74644], [6.08816, 45.74643], [6.09145, 45.74568], [6.0922, 45.74541], [6.09344, 45.7447], [6.09461, 45.7447], [6.09556, 45.7443], [6.09637, 45.74377], [6.09748, 45.74276], [6.09812, 45.74193], [6.09843, 45.74097], [6.09838, 45.74056], [6.09803, 45.73953], [6.09808, 45.73502], [6.09779, 45.73414], [6.09689, 45.73303], [6.09625, 45.73092], [6.09521, 45.72948], [6.09521, 45.72894], [6.09566, 45.72823], [6.09571, 45.72784], [6.09539, 45.72611], [6.09503, 45.72558], [6.09498, 45.72535], [6.09503, 45.72517], [6.09534, 45.7248], [6.0963, 45.72399], [6.09843, 45.72277], [6.09888, 45.72233], [6.09933, 45.72211], [6.09979, 45.72205], [6.10042, 45.72209], [6.10075, 45.7222], [6.10125, 45.72257], [6.10209, 45.72272], [6.10285, 45.72201], [6.10321, 45.7218], [6.10372, 45.72186], [6.10457, 45.72231], [6.1047, 45.72226], [6.10432, 45.72182], [6.10336, 45.72119], [6.10344, 45.72112], [6.10364, 45.72115], [6.10447, 45.72155], [6.10487, 45.72147], [6.10511, 45.72129], [6.10612, 45.71967], [6.10684, 45.71833], [6.10707, 45.71774], [6.10737, 45.71623], [6.10722, 45.71599], [6.10663, 45.71561], [6.10645, 45.71538], [6.1062727, 45.714901], [6.10615, 45.71418], [6.10535, 45.71384], [6.10429, 45.71296], [6.10426, 45.71269], [6.10466, 45.71221], [6.10461, 45.712], [6.10434, 45.71202], [6.10403, 45.71226], [6.10386, 45.71263], [6.10382, 45.71295], [6.10367, 45.71297], [6.10359, 45.71289], [6.10375, 45.71192], [6.10425, 45.7111], [6.10423, 45.71091], [6.10393, 45.71044], [6.10395, 45.71019], [6.10444, 45.70971], [6.10483, 45.70888], [6.10555, 45.70837], [6.10591, 45.70784], [6.10592, 45.70705], [6.10607, 45.70669], [6.10549, 45.70516], [6.10542, 45.7048], [6.10627, 45.70267], [6.10631, 45.70229], [6.10617, 45.70134], [6.10643, 45.70098], [6.10976, 45.69945], [6.10994, 45.6992], [6.11011, 45.69782], [6.11027, 45.69761], [6.11104, 45.69755], [6.11191, 45.69728], [6.11328, 45.69737], [6.11375, 45.69731], [6.11418, 45.69715], [6.11442, 45.69682], [6.11432, 45.69582], [6.11381, 45.69418], [6.11296, 45.69283], [6.11249, 45.69182], [6.11208, 45.69133], [6.11151, 45.69038], [6.11123, 45.68954], [6.11106, 45.68926], [6.1106, 45.68865], [6.10989, 45.68808], [6.10836, 45.68651], [6.10463, 45.68109], [6.10368, 45.67985], [6.10277, 45.67887], [6.1013, 45.67678], [6.10022, 45.67569], [6.09798, 45.67388], [6.09743, 45.67325], [6.09522, 45.66986], [6.09493, 45.66866], [6.09425, 45.66768], [6.09366, 45.66705], [6.09257, 45.66559], [6.09186, 45.66481], [6.09176, 45.66414], [6.09166, 45.66393], [6.0908, 45.66335], [6.09068, 45.66308], [6.09069, 45.6625], [6.09061, 45.66226], [6.08977, 45.66125], [6.08956, 45.66065], [6.08964, 45.65993], [6.08959, 45.65974], [6.0889, 45.65894], [6.08845, 45.65816], [6.08756, 45.65606], [6.08751, 45.65539], [6.08723, 45.65461], [6.0872, 45.65389], [6.08694, 45.65292], [6.08695, 45.65163], [6.08615, 45.65028], [6.08583, 45.64919], [6.08542, 45.64842], [6.0851, 45.64671], [6.08516, 45.64549], [6.08474, 45.64315], [6.08477, 45.64191], [6.08438, 45.64067], [6.08357, 45.63964], [6.08321, 45.63787], [6.08329, 45.63754], [6.08374, 45.63696], [6.08379, 45.63674], [6.08334, 45.63597], [6.08324, 45.63566], [6.08309, 45.63492], [6.08308, 45.63423], [6.08286, 45.63355], [6.08286, 45.6327], [6.08216, 45.63112], [6.08174, 45.62816], [6.08131, 45.62704], [6.08126, 45.62622], [6.08093, 45.62517], [6.08095, 45.62473], [6.0812, 45.62417], [6.08137, 45.62343], [6.08134, 45.6229], [6.08116, 45.62233], [6.08023, 45.62112], [6.08002, 45.62069], [6.08012, 45.6198], [6.08008, 45.61898], [6.07996, 45.61837], [6.08, 45.61739], [6.0799, 45.61705], [6.07867, 45.6158], [6.07807, 45.61504], [6.07779, 45.61482], [6.07738, 45.61472], [6.07569, 45.61466], [6.07422, 45.61421], [6.07228, 45.61319], [6.07185, 45.61275], [6.0717, 45.61275], [6.07163, 45.61284], [6.07169, 45.61351], [6.072, 45.6141], [6.07265, 45.61482], [6.0724, 45.61485], [6.07136, 45.61412], [6.06979, 45.61259], [6.06896, 45.61145], [6.06739, 45.60971], [6.06653, 45.60856], [6.06567, 45.60696], [6.0655, 45.6057], [6.06535, 45.60533], [6.06497, 45.60501], [6.0634, 45.6041], [6.06294, 45.60374], [6.06266, 45.60342], [6.06214, 45.60243], [6.06189, 45.6017], [6.06142, 45.60076], [6.06118, 45.60001], [6.06065, 45.5991], [6.05999, 45.59558], [6.05916, 45.59275], [6.05901, 45.59169], [6.05901, 45.59101], [6.05927, 45.5902], [6.05956, 45.58977], [6.06028, 45.58914], [6.06059, 45.58872], [6.06083, 45.58802], [6.061, 45.58682], [6.0612, 45.58617], [6.06162, 45.58551], [6.06154, 45.58508], [6.06167, 45.5845], [6.06161, 45.58382], [6.06172, 45.58353], [6.06217, 45.58292], [6.06194, 45.58251], [6.0621, 45.58215], [6.06215, 45.58165], [6.06183, 45.58053], [6.06102, 45.58024], [6.06049, 45.57959], [6.06006, 45.57926], [6.05907, 45.57892], [6.05812, 45.5789], [6.05592, 45.57947], [6.05437, 45.57975], [6.05159, 45.58067], [6.05147, 45.58064], [6.05147, 45.58056], [6.05242, 45.58003], [6.05319, 45.57971], [6.05399, 45.57916], [6.05448, 45.57894], [6.05443, 45.57887], [6.05422, 45.57888], [6.05275, 45.57936], [6.05146, 45.57956], [6.0503, 45.58019], [6.04975, 45.58084], [6.04869, 45.58088], [6.048, 45.58118], [6.04716, 45.58127], [6.04662, 45.58161], [6.04609, 45.58182], [6.04564, 45.58216], [6.045, 45.58244], [6.04468, 45.58267], [6.0441, 45.58338], [6.04384, 45.58404], [6.04361, 45.58414], [6.04296, 45.58421], [6.04287, 45.5843], [6.04288, 45.58465], [6.04275, 45.58475], [6.04194, 45.58454], [6.04126, 45.58419], [6.04098, 45.58417], [6.04083, 45.5843], [6.04071, 45.58491], [6.0406, 45.58508], [6.04038, 45.58515], [6.03992, 45.58499], [6.03966, 45.58502], [6.03925, 45.58542], [6.03905, 45.58591], [6.0382, 45.58607], [6.03766, 45.58644], [6.03744, 45.58632], [6.03759, 45.58608], [6.03855, 45.5857], [6.0389, 45.58431], [6.0395, 45.58391], [6.03968, 45.58317], [6.03946, 45.58313], [6.03917, 45.5836], [6.03841, 45.58396], [6.03779, 45.5847], [6.03684, 45.58483], [6.03622, 45.58502], [6.03565, 45.58529], [6.03524, 45.58564], [6.03502, 45.58567], [6.03498, 45.58552], [6.03558, 45.58488], [6.03621, 45.58402], [6.03632, 45.58375], [6.03634, 45.58309], [6.03652, 45.58224], [6.0362, 45.58202], [6.03589, 45.582], [6.03567, 45.58217], [6.03477, 45.58332], [6.03417, 45.58375], [6.03276, 45.58444], [6.03124, 45.58539], [6.0298, 45.58663], [6.02899, 45.58778], [6.02875, 45.58898], [6.02818, 45.58969], [6.02711, 45.59145], [6.02609, 45.59219], [6.02573, 45.59224], [6.02456, 45.59169], [6.02435, 45.59111], [6.02405, 45.59072], [6.02369, 45.59032], [6.02318, 45.58994], [6.02317, 45.58979], [6.02332, 45.58946], [6.02331, 45.58918], [6.02316, 45.58894], [6.02275, 45.58858], [6.02275, 45.58819], [6.0225, 45.58805], [6.02217, 45.58816], [6.02202, 45.58839], [6.02205, 45.58861], [6.02234, 45.58897], [6.02238, 45.58913], [6.02195, 45.58941], [6.02184, 45.58958], [6.02183, 45.58985], [6.02206, 45.5905], [6.02196, 45.59148], [6.02182, 45.59163], [6.02113, 45.59166], [6.02084, 45.59152], [6.02026, 45.59064], [6.01976, 45.59019], [6.01933, 45.58945], [6.01898, 45.58903], [6.0184, 45.58864], [6.01812, 45.58818], [6.01795, 45.5882], [6.01791, 45.58832], [6.01843, 45.58931], [6.01851, 45.5898], [6.01841, 45.59017], [6.01863, 45.59048], [6.01853, 45.59058], [6.01812, 45.59026], [6.0178, 45.59013], [6.01616, 45.58968], [6.01448, 45.58937], [6.01367, 45.5891], [6.01081, 45.58751], [6.00925, 45.58675], [6.00558, 45.58612], [6.00431, 45.58597], [6.00258, 45.58607], [6.00124, 45.58595], [5.99971, 45.58599], [5.99873, 45.58592], [5.99698, 45.58597], [5.99671, 45.58607], [5.99649, 45.58601], [5.9948, 45.58606], [5.99288, 45.586], [5.99185, 45.58587], [5.9897, 45.5861], [5.98868, 45.58608], [5.9875, 45.58595], [5.98703, 45.58576], [5.98668, 45.58552], [5.98628, 45.58541], [5.98564, 45.58546], [5.98422, 45.58577], [5.98312, 45.58578], [5.9828, 45.58561], [5.98283, 45.58534], [5.9831, 45.58518], [5.98413, 45.58487], [5.98418, 45.58478], [5.98399, 45.58473], [5.98347, 45.58492], [5.98317, 45.58492], [5.98176, 45.58436], [5.98085, 45.58413], [5.98037, 45.58422], [5.98016, 45.58437], [5.97986, 45.58496], [5.97947, 45.58519], [5.97922, 45.58545], [5.97912, 45.58533], [5.97954, 45.58484], [5.97936, 45.58409], [5.97949, 45.58357], [5.97944, 45.58324], [5.97954, 45.58301], [5.97946, 45.58292], [5.97932, 45.58297], [5.97926, 45.58352], [5.97883, 45.58411], [5.97875, 45.58446], [5.97853, 45.58461], [5.97788, 45.58478], [5.97768, 45.58499], [5.97747, 45.58563], [5.97714, 45.58571], [5.97697, 45.5855], [5.97683, 45.58457], [5.97618, 45.58374], [5.976, 45.58317], [5.9756, 45.58245], [5.9755, 45.58209], [5.97463, 45.58156], [5.97376, 45.5807], [5.97361, 45.58007], [5.97332, 45.57952], [5.97308, 45.57948], [5.97266, 45.57983], [5.97107, 45.58028], [5.97097, 45.58025], [5.97095, 45.58015], [5.97161, 45.57988], [5.9718, 45.57964], [5.97164, 45.57959], [5.97115, 45.57975], [5.96944, 45.58002], [5.96891, 45.58003], [5.96846, 45.57992], [5.96826, 45.57976], [5.96792, 45.57921], [5.96711, 45.57881], [5.96631, 45.57797], [5.96561, 45.57755], [5.96527, 45.57748], [5.96516, 45.57732], [5.96443, 45.57682], [5.96414, 45.57653], [5.96388, 45.57599], [5.96389, 45.57527], [5.96383, 45.57513], [5.96405, 45.57489], [5.96415, 45.57456], [5.96388, 45.57416], [5.96323, 45.57367], [5.96307, 45.57312], [5.95998, 45.5723583], [5.9593122, 45.5721061], [5.9590989, 45.5718681], [5.9589458, 45.5718226], [5.9574, 45.57171], [5.94883, 45.57054], [5.94766, 45.57032], [5.94265, 45.56884], [5.94079, 45.56817], [5.93817, 45.56766], [5.93753, 45.5673], [5.9348, 45.56649], [5.93431, 45.56627], [5.93419, 45.56631], [5.93405, 45.56622], [5.93349, 45.5662], [5.92962, 45.56636], [5.92938, 45.56496], [5.92919, 45.56489], [5.92818, 45.56492], [5.92828, 45.56348], [5.92813, 45.56339], [5.9282, 45.56331], [5.92725, 45.56252], [5.92693, 45.56238], [5.92574, 45.56254], [5.92467, 45.56279], [5.92376, 45.56288], [5.92267, 45.56318], [5.92225, 45.56337], [5.921, 45.56332], [5.92065, 45.56338], [5.91987, 45.56361], [5.91953, 45.56384], [5.91895, 45.56367], [5.91504, 45.56396], [5.91491, 45.56406], [5.91481, 45.56401], [5.91482, 45.56393], [5.9131, 45.56281], [5.91255, 45.5625], [5.91233, 45.56256], [5.91225, 45.5624], [5.90347, 45.56362], [5.9035, 45.56373], [5.90337, 45.56381], [5.9032, 45.56378], [5.90321, 45.5636], [5.90271, 45.56341], [5.89957, 45.56244], [5.89925, 45.56222], [5.89727, 45.56017], [5.8964, 45.55947], [5.89615, 45.55949], [5.89598, 45.5594], [5.89593, 45.55926], [5.89603, 45.55911], [5.89556, 45.55845], [5.89352, 45.55634], [5.89339, 45.55632], [5.89342, 45.55624], [5.89195, 45.5547], [5.8917, 45.55417], [5.89151, 45.55408], [5.89163, 45.55393], [5.8913, 45.55337], [5.89044, 45.55113], [5.89024, 45.55086], [5.89016, 45.55042], [5.8896, 45.54906], [5.88905, 45.54819], [5.88866, 45.54777], [5.88798, 45.54731], [5.8834, 45.54515], [5.87949, 45.54352], [5.87916, 45.54329], [5.87817, 45.54217], [5.87752, 45.54173], [5.87545, 45.5408], [5.87418, 45.54068], [5.87362, 45.5405], [5.87148, 45.53949], [5.86834, 45.53764], [5.8677, 45.5371], [5.86618, 45.53545], [5.86578, 45.53495], [5.86549, 45.53431], [5.86469, 45.53364], [5.86446, 45.53325], [5.86345, 45.53277], [5.86286, 45.53233], [5.8624, 45.53169], [5.86179, 45.52997], [5.86115, 45.52924], [5.86019, 45.52837], [5.85923, 45.52766], [5.85804, 45.52708], [5.85732, 45.52613], [5.85536, 45.52471], [5.85523, 45.52447], [5.85505, 45.52344], [5.85503, 45.52321], [5.85527, 45.52242], [5.85504, 45.52155], [5.85489, 45.52117], [5.85457, 45.52079], [5.85408, 45.51998], [5.85131, 45.51331], [5.85039, 45.51096], [5.84975, 45.50855], [5.8484, 45.50574], [5.84762, 45.50433], [5.84671, 45.50353], [5.84415, 45.50158], [5.84256, 45.49988], [5.84217, 45.49964], [5.84079, 45.49933], [5.84038, 45.49908], [5.83961, 45.49831], [5.83891, 45.49677], [5.83805, 45.49603], [5.83727, 45.49494], [5.8355, 45.49185], [5.83537, 45.49101], [5.83543, 45.48756], [5.83522, 45.48685], [5.83036, 45.47951], [5.82983, 45.47881], [5.82937, 45.47842], [5.82832, 45.47793], [5.82797, 45.47768], [5.82684, 45.47628], [5.82636, 45.47583], [5.8173, 45.46949], [5.81644, 45.46879], [5.81595, 45.46826], [5.81554, 45.46765], [5.81389, 45.46444], [5.81172, 45.46162], [5.81097, 45.4605], [5.81047, 45.45997], [5.80859, 45.45888], [5.80811, 45.45871], [5.8076, 45.45872], [5.8066, 45.4589], [5.8059, 45.45874], [5.80443, 45.45801], [5.80245, 45.45678], [5.80229, 45.4566], [5.80212, 45.45614], [5.80224, 45.45461], [5.80211, 45.45417], [5.80183, 45.45376], [5.80143, 45.45343], [5.80041, 45.45302], [5.79943, 45.45296], [5.7987, 45.45309], [5.79803, 45.45339], [5.797, 45.45407], [5.79593, 45.45434], [5.79503, 45.45424], [5.79376, 45.45373], [5.79275, 45.45358], [5.7917, 45.45354], [5.78812, 45.4537], [5.78792, 45.45392], [5.7878, 45.45461], [5.78712, 45.4559], [5.78697, 45.45634], [5.78662, 45.45669], [5.78607, 45.45688], [5.78547, 45.45683], [5.78401, 45.45632], [5.77992, 45.4554], [5.7779, 45.45531], [5.77677, 45.45501], [5.77631, 45.45496], [5.77451, 45.45537], [5.77388, 45.45538], [5.77159, 45.45458], [5.77075, 45.45412], [5.76709, 45.45061], [5.7646, 45.44737], [5.76401, 45.4465], [5.76383, 45.44604], [5.76366, 45.44601], [5.76364, 45.44585], [5.76334, 45.44563], [5.76138, 45.44299], [5.75734, 45.43897], [5.75694, 45.43845], [5.75653, 45.43767], [5.75567, 45.4367], [5.75481, 45.43625], [5.75406, 45.43621], [5.75405, 45.43658], [5.75382, 45.43704], [5.75369, 45.43715], [5.75241, 45.43752], [5.75172, 45.43814], [5.75065, 45.43886], [5.73914, 45.44585], [5.73861, 45.44623], [5.73836, 45.44655], [5.73546, 45.45448], [5.73532, 45.45519], [5.73551, 45.45574], [5.73714, 45.45828], [5.73743, 45.45898], [5.73747, 45.45934], [5.73744, 45.46061], [5.73623, 45.4681], [5.73626, 45.46912], [5.73663, 45.47008], [5.73754, 45.47125], [5.73876, 45.47195], [5.73889, 45.47227], [5.73875, 45.47253], [5.73848, 45.4727], [5.73798, 45.47278], [5.73717, 45.47264], [5.73645, 45.47292], [5.73552, 45.47308], [5.7353, 45.47326], [5.73512, 45.47387], [5.73471, 45.47447], [5.73453, 45.47517], [5.73435, 45.47541], [5.73356, 45.47575], [5.73328, 45.47577], [5.73287, 45.47564], [5.73256, 45.4757], [5.73213, 45.4762], [5.73178, 45.47644], [5.7308, 45.47671], [5.72939, 45.47757], [5.72814, 45.47798], [5.72611, 45.47895], [5.72499, 45.47968], [5.72433, 45.48025], [5.72423, 45.48051], [5.72422, 45.48091], [5.72382, 45.48131], [5.72365, 45.48197], [5.72321, 45.48229], [5.72274, 45.48286], [5.72229, 45.48311], [5.72168, 45.48316], [5.72133, 45.48328], [5.72047, 45.48389], [5.72045, 45.48414], [5.72053, 45.48432], [5.72112, 45.48504], [5.72128, 45.48537], [5.72121, 45.48736], [5.72139, 45.48822], [5.72176, 45.48893], [5.72173, 45.48909], [5.72137, 45.48959], [5.72149, 45.48993], [5.72186, 45.49024], [5.72355, 45.49122], [5.72526, 45.49242], [5.72785, 45.49466], [5.72989, 45.49757], [5.72994, 45.49784], [5.72975, 45.49825], [5.72528, 45.50139], [5.70805, 45.51313], [5.70746, 45.51391], [5.7041, 45.52056], [5.70379, 45.52109], [5.70344, 45.52142], [5.70079, 45.52263], [5.69574, 45.52432], [5.6925, 45.52773], [5.69206, 45.5281], [5.69148, 45.52829], [5.6894, 45.52868], [5.6893, 45.52881], [5.68903, 45.52873], [5.68835, 45.52883], [5.68501, 45.52946], [5.68425, 45.52973], [5.68186, 45.53108], [5.68146, 45.53125], [5.68129, 45.53121], [5.68114, 45.53094], [5.68044, 45.52824], [5.68009, 45.52724], [5.68013, 45.52697], [5.68034, 45.52657], [5.68016, 45.52641], [5.68028, 45.52626], [5.68055, 45.5263], [5.68101, 45.52599], [5.68194, 45.52487], [5.68218, 45.52447], [5.68212, 45.52393], [5.68259, 45.52357], [5.68305, 45.52298], [5.6831, 45.52278], [5.68297, 45.52226], [5.6831, 45.52194], [5.68334, 45.5217], [5.68624, 45.51985], [5.68798, 45.51842], [5.68883, 45.51758], [5.69157, 45.51447], [5.7020529, 45.5066904], [5.7036, 45.50545], [5.70398, 45.50476], [5.70475, 45.5024], [5.7062, 45.50086], [5.7074, 45.49983], [5.70813, 45.49895], [5.70887, 45.49721], [5.7089, 45.49674], [5.7077, 45.49425], [5.70618, 45.49268], [5.70039, 45.48709], [5.69774, 45.48509], [5.6958, 45.48389], [5.69336, 45.48192], [5.692, 45.48122], [5.69048, 45.48017], [5.68974, 45.4798], [5.68896, 45.47951], [5.68681, 45.47896], [5.68614, 45.47871], [5.68469, 45.47755], [5.68262, 45.47628], [5.68135, 45.47582], [5.67889, 45.47594], [5.67725, 45.47566], [5.67429, 45.47504], [5.67301, 45.47456], [5.67105, 45.47406], [5.67031, 45.47373], [5.66931, 45.47304], [5.66752, 45.47265], [5.66634, 45.47194], [5.66525, 45.47113], [5.66463, 45.47037], [5.66353, 45.46972], [5.66283, 45.46869], [5.66247, 45.4683], [5.66211, 45.46799], [5.66131, 45.46755], [5.66066, 45.46731], [5.65943, 45.46703], [5.65484, 45.46656], [5.65227, 45.46596], [5.65132, 45.46561], [5.64543, 45.46296], [5.64315, 45.46148], [5.64249, 45.46088], [5.64027, 45.45762], [5.63994, 45.45656], [5.63919, 45.45529], [5.63694, 45.45267], [5.63629, 45.45202], [5.6334, 45.45064], [5.63067, 45.4484], [5.6297, 45.44783], [5.62589, 45.44618], [5.62458, 45.44573], [5.62325, 45.4451], [5.62166, 45.44457], [5.6202, 45.44387], [5.61933, 45.44314], [5.61835, 45.44258], [5.61727, 45.44221], [5.6165, 45.44183], [5.61548, 45.4415], [5.61394, 45.44047], [5.61325, 45.44026], [5.6118, 45.44008], [5.60988, 45.43958], [5.60907, 45.4396], [5.60733, 45.44006], [5.60644, 45.44012], [5.60284, 45.43975], [5.59792, 45.43909], [5.59189, 45.43902], [5.59073, 45.43894], [5.58982, 45.43867], [5.58864, 45.43793], [5.58773, 45.43753], [5.58636, 45.43731], [5.58283, 45.43715], [5.58116, 45.43673], [5.57891, 45.43585], [5.57394, 45.4336], [5.57204, 45.43297], [5.56889, 45.43167], [5.56823, 45.43137], [5.56772, 45.43066], [5.56713, 45.43018], [5.56669, 45.43003], [5.56575, 45.42991], [5.56529, 45.42969], [5.56395, 45.42843], [5.56373, 45.42849], [5.55861, 45.4235], [5.5526, 45.41889], [5.55232, 45.41862], [5.55196, 45.41801], [5.55153, 45.41714], [5.55156, 45.41694], [5.55247, 45.41651], [5.55296, 45.41615], [5.55569, 45.41468], [5.55769, 45.41255], [5.55754, 45.41249], [5.55754, 45.41237], [5.55722, 45.41187], [5.55715, 45.41066], [5.55701, 45.41054], [5.55708, 45.41048], [5.55705, 45.41031], [5.5558, 45.40922], [5.55542, 45.4085], [5.55503, 45.40798], [5.55499, 45.40767], [5.55508, 45.40694], [5.55493, 45.40653], [5.55422, 45.40596], [5.55378, 45.40548], [5.55221, 45.40438], [5.55154, 45.40422], [5.55022, 45.40409], [5.54859, 45.40371], [5.54828, 45.4035], [5.54773, 45.40293], [5.54674, 45.40224], [5.54346, 45.40047], [5.54289, 45.40033], [5.54184, 45.40023], [5.54054, 45.40032], [5.5395, 45.39993], [5.53887, 45.39952], [5.53818, 45.3984], [5.53766, 45.39807], [5.53668, 45.39798], [5.53501, 45.39826], [5.5348, 45.39912], [5.53434, 45.4002], [5.53425, 45.40073], [5.53497, 45.40367], [5.53495, 45.40416], [5.53432, 45.40545], [5.53392, 45.40596], [5.53328, 45.40658], [5.53304, 45.40694], [5.53299, 45.40737], [5.53314, 45.40833], [5.53308, 45.4087], [5.5329, 45.409], [5.53213, 45.40966], [5.53188, 45.41002], [5.53178, 45.41064], [5.53192, 45.41126], [5.53189, 45.41179], [5.53138, 45.41256], [5.53098, 45.4134], [5.52952, 45.41488], [5.52746, 45.41608], [5.52532, 45.41714], [5.52309, 45.41765], [5.52166, 45.41785], [5.52109, 45.41803], [5.5204, 45.41844], [5.51985, 45.4189], [5.51893, 45.42008], [5.51764, 45.42054], [5.51725, 45.42079], [5.51662, 45.42157], [5.51606, 45.42345], [5.51612, 45.42374], [5.5166, 45.42465], [5.51684, 45.42588], [5.51681, 45.42636], [5.51444, 45.42845], [5.51317, 45.42923], [5.51274, 45.42973], [5.51267, 45.43023], [5.51436, 45.43795], [5.51561, 45.44038], [5.51575, 45.44086], [5.51571, 45.44109], [5.51549, 45.44141], [5.51378, 45.44278], [5.51333, 45.44339], [5.51324, 45.44378], [5.51335, 45.4442], [5.51435, 45.44611], [5.51442, 45.44647], [5.5144, 45.4471], [5.51426, 45.44742], [5.51396, 45.44775], [5.51271, 45.44882], [5.51244, 45.44888], [5.51191, 45.44859], [5.51049, 45.44811], [5.50864, 45.44782], [5.50807, 45.44766], [5.50768, 45.44745], [5.50668, 45.44659], [5.50626, 45.44636], [5.50415, 45.44541], [5.50233, 45.44477], [5.5009, 45.44358], [5.50051, 45.44339], [5.49968, 45.4432], [5.49926, 45.44319], [5.49509, 45.44337], [5.49423, 45.44308], [5.49396, 45.44288], [5.49373, 45.44236], [5.49415, 45.44047], [5.49411, 45.44009], [5.49375, 45.43945], [5.49248, 45.43838], [5.49116, 45.43766], [5.4909, 45.43744], [5.48871, 45.43498], [5.48637, 45.43247], [5.48573, 45.43188], [5.48223, 45.42964], [5.47801, 45.42745], [5.47698, 45.42706], [5.47606, 45.42688], [5.47178, 45.4265], [5.46727, 45.42592], [5.4663, 45.42565], [5.46515, 45.42512], [5.46401, 45.42418], [5.46353, 45.42353], [5.4614, 45.41923], [5.46134, 45.41878], [5.46144, 45.41821], [5.46133, 45.41796], [5.46042, 45.41651], [5.45999, 45.41617], [5.45952, 45.41594], [5.46159, 45.4142], [5.46365, 45.41163], [5.46443, 45.40961], [5.46464, 45.40886], [5.46486, 45.40703], [5.46465, 45.40538], [5.46472, 45.40487], [5.46642, 45.40128], [5.46677, 45.40083], [5.46735, 45.40048], [5.46746, 45.40024], [5.46716, 45.40008], [5.4657, 45.40051], [5.46496, 45.40049], [5.4627, 45.40019], [5.46155, 45.39977], [5.4609, 45.39964], [5.45761, 45.39936], [5.45581, 45.39908], [5.45386, 45.39889], [5.45166, 45.39822], [5.44968, 45.39772], [5.448, 45.39763], [5.44253, 45.39708], [5.44145, 45.39705], [5.43667, 45.39739], [5.43288, 45.39742], [5.43151, 45.39756], [5.42847, 45.39808], [5.4262, 45.3981], [5.4263, 45.39719], [5.42588, 45.39637], [5.42588, 45.39603], [5.42619, 45.3945], [5.4262, 45.39423], [5.42612, 45.39412], [5.42572, 45.39396], [5.4211, 45.39326], [5.41976, 45.39278], [5.4202, 45.39158], [5.43406, 45.36153], [5.43414, 45.36092], [5.4338, 45.36041], [5.44011, 45.35826], [5.4666, 45.34886], [5.4682, 45.34826], [5.46837, 45.34815], [5.46841, 45.34795], [5.46856, 45.34783], [5.46879, 45.34779], [5.46908, 45.34786], [5.4698, 45.34774], [5.47185, 45.347], [5.47293, 45.34671], [5.47629, 45.34638], [5.47747, 45.34617], [5.47904, 45.34559], [5.48167, 45.34418], [5.48321, 45.34381], [5.48344, 45.3439], [5.48493, 45.34398], [5.48599, 45.34429], [5.48896, 45.34602], [5.4902, 45.34644], [5.49122, 45.34662], [5.49304, 45.34667], [5.49534, 45.34648], [5.49629, 45.34627], [5.49803, 45.34568], [5.4987, 45.34553], [5.49947, 45.34538], [5.50065, 45.3453], [5.50332, 45.34539], [5.50489, 45.34553], [5.51117, 45.34713], [5.51281, 45.34722], [5.51443, 45.34701], [5.51561, 45.34659], [5.51805, 45.34545], [5.51849, 45.34511], [5.51907, 45.34498], [5.52344, 45.34293], [5.52611, 45.34202], [5.52723, 45.34175], [5.52905, 45.34147], [5.5362, 45.34099], [5.53729, 45.34081], [5.5383, 45.34054], [5.54005, 45.33982], [5.54323, 45.33781], [5.54511, 45.33708], [5.54625, 45.33684], [5.56102, 45.33498], [5.56266, 45.3346], [5.56449, 45.3338], [5.56571, 45.33297], [5.56633, 45.33242], [5.56931, 45.32921], [5.57045, 45.32829], [5.57177, 45.32758], [5.57306, 45.32713], [5.57403, 45.32692], [5.58558, 45.32586], [5.58582, 45.32633], [5.58582, 45.3268], [5.59082, 45.32829], [5.59284, 45.32843], [5.5932, 45.32859], [5.594, 45.32916], [5.59445, 45.32935], [5.60014, 45.331], [5.60221, 45.33149], [5.60378, 45.33179], [5.60578, 45.33198], [5.61089, 45.33146], [5.61239, 45.33145], [5.61288, 45.33263], [5.61325, 45.33314], [5.61393, 45.33365], [5.61626, 45.33492], [5.61677, 45.33528], [5.61715, 45.33568], [5.61807, 45.33707], [5.61854, 45.33763], [5.61851, 45.33782], [5.6181, 45.33812], [5.61621, 45.33923], [5.61532, 45.33969], [5.6126159, 45.3407916], [5.61129, 45.34189], [5.60952, 45.34256], [5.6082, 45.34345], [5.60739, 45.34388], [5.6016, 45.34549], [5.59914, 45.3459], [5.59729, 45.34611], [5.5952, 45.34706], [5.59488, 45.3473], [5.59469, 45.34757], [5.59462, 45.34783], [5.59474, 45.34828], [5.59877, 45.35542], [5.59962, 45.35685], [5.59993, 45.35716], [5.60104, 45.35792], [5.60123, 45.35817], [5.60126, 45.35844], [5.60101, 45.35885], [5.59904, 45.36124], [5.59888, 45.36125], [5.59879, 45.36134], [5.59615, 45.36029], [5.59496, 45.36008], [5.59482, 45.36016], [5.59466, 45.361], [5.5945, 45.36336], [5.5908623, 45.3634504], [5.5911077, 45.3665684]]}, "properties": {"stage": 17, "source": "aso-arcgis", "length_km": 174.7, "official_km": 174.7, "licence": "All rights reserved (Amaury Sport Organisation)"}}, {"type": "Feature", "geometry": {"type": "LineString", "coordinates": [[5.5183009, 45.3174368], [5.50953, 45.3127], [5.49897, 45.30946], [5.49658, 45.30922], [5.49611, 45.30908], [5.49581, 45.30889], [5.4953, 45.30828], [5.49454, 45.30758], [5.49139, 45.30576], [5.48999, 45.30444], [5.48987, 45.30424], [5.48974, 45.30369], [5.48945, 45.30317], [5.4894, 45.30275], [5.4895, 45.30236], [5.48985, 45.30191], [5.49028, 45.3016], [5.49178, 45.30106], [5.49182, 45.30091], [5.49155, 45.3005], [5.49175, 45.30026], [5.49536, 45.29939], [5.49674, 45.2989], [5.50745, 45.29434], [5.50761, 45.29421], [5.5081, 45.29406], [5.52075, 45.28867], [5.52128, 45.28838], [5.52144, 45.28817], [5.52175, 45.28815], [5.52202, 45.28824], [5.52232, 45.28819], [5.5229, 45.28774], [5.52395, 45.28727], [5.52586, 45.28661], [5.5323, 45.28403], [5.53366, 45.28331], [5.53892, 45.27989], [5.54712, 45.28318], [5.54847, 45.28364], [5.55353, 45.28499], [5.57944, 45.29258], [5.58122, 45.29297], [5.58656, 45.29347], [5.58928, 45.29428], [5.59045, 45.29481], [5.59311, 45.29652], [5.59522, 45.29739], [5.59579, 45.29778], [5.5972, 45.29912], [5.60041, 45.30096], [5.60107, 45.3012], [5.60209, 45.3013], [5.60348, 45.30125], [5.60467, 45.30094], [5.61281, 45.29578], [5.61367, 45.295], [5.61415, 45.2943], [5.61491, 45.29272], [5.61553, 45.29082], [5.61772, 45.28055], [5.61792, 45.27736], [5.61921, 45.27144], [5.61948, 45.27079], [5.62071, 45.26927], [5.62089, 45.26888], [5.62083, 45.26865], [5.62037, 45.26822], [5.62114, 45.26784], [5.62175, 45.26724], [5.6238, 45.2636], [5.62372, 45.26346], [5.6239, 45.2634], [5.62482, 45.26185], [5.62563, 45.26037], [5.6258, 45.25984], [5.62624, 45.25914], [5.62644, 45.25898], [5.63295, 45.24746], [5.633, 45.24686], [5.63214, 45.24306], [5.63199, 45.2418], [5.6320445, 45.2414498], [5.63271, 45.24017], [5.63306, 45.23978], [5.63408, 45.23897], [5.64394, 45.23285], [5.64689, 45.23113], [5.64699, 45.23096], [5.6476, 45.23071], [5.64826, 45.23018], [5.65792, 45.22418], [5.65897, 45.22341], [5.6596, 45.22255], [5.65984, 45.22189], [5.66028, 45.21976], [5.66134, 45.21419], [5.66135, 45.2136], [5.66127, 45.21344], [5.66105, 45.21333], [5.66102, 45.21319], [5.6607, 45.21293], [5.6581, 45.21259], [5.65675, 45.21218], [5.65641, 45.21216], [5.65594, 45.21236], [5.65569, 45.21223], [5.65555, 45.21224], [5.65523, 45.2124], [5.65496, 45.21276], [5.65493, 45.21305], [5.6552, 45.21443], [5.65512, 45.2155], [5.65523, 45.21583], [5.65567, 45.21657], [5.65564, 45.217], [5.65478, 45.21833], [5.65442, 45.21876], [5.65293, 45.21991], [5.65264, 45.22026], [5.65224, 45.22117], [5.65238, 45.22234], [5.65179, 45.22335], [5.65119, 45.2241], [5.65115, 45.22434], [5.65123, 45.22469], [5.65114, 45.22479], [5.6508, 45.22475], [5.65071, 45.2245], [5.65083, 45.22412], [5.65132, 45.22332], [5.65141, 45.22307], [5.65143, 45.22257], [5.65062, 45.22068], [5.65036, 45.2203], [5.64962, 45.21954], [5.64934, 45.21898], [5.64898, 45.21863], [5.647, 45.21714], [5.64599, 45.21685], [5.64563, 45.21658], [5.64566, 45.21618], [5.64643, 45.21464], [5.64646, 45.21434], [5.64628, 45.21414], [5.64535, 45.21381], [5.64503, 45.21354], [5.64419, 45.21187], [5.64419, 45.2113], [5.64408, 45.21118], [5.64385, 45.21118], [5.64373, 45.21132], [5.64367, 45.21191], [5.64313, 45.21341], [5.64322, 45.21501], [5.64313, 45.21531], [5.64227, 45.2164], [5.64147, 45.21726], [5.64129, 45.21768], [5.64106, 45.21864], [5.64109, 45.21968], [5.64085, 45.2198], [5.64061, 45.21969], [5.64063, 45.21912], [5.64008, 45.2173], [5.64017, 45.21608], [5.63962, 45.21433], [5.63905, 45.2132], [5.639, 45.21279], [5.63907, 45.21215], [5.63896, 45.21119], [5.6391, 45.21086], [5.6406, 45.20963], [5.64123, 45.20897], [5.64152, 45.20855], [5.64159, 45.20821], [5.64126, 45.20754], [5.64114, 45.2069], [5.64095, 45.20647], [5.63956, 45.20576], [5.63833, 45.20539], [5.63753, 45.20503], [5.63736, 45.20486], [5.63698, 45.20418], [5.63653, 45.20381], [5.63448, 45.20289], [5.63341, 45.20262], [5.63319, 45.20249], [5.63258, 45.20142], [5.63191, 45.19931], [5.63177, 45.19913], [5.63152, 45.19912], [5.63143, 45.19929], [5.63183, 45.19986], [5.6319, 45.20012], [5.63179, 45.20079], [5.63192, 45.20138], [5.63182, 45.20181], [5.63189, 45.20207], [5.63221, 45.20245], [5.63243, 45.20288], [5.63299, 45.2031], [5.63334, 45.20337], [5.63344, 45.20364], [5.63335, 45.20423], [5.63345, 45.20442], [5.63445, 45.20492], [5.63471, 45.20519], [5.63499, 45.20571], [5.63537, 45.20593], [5.63543, 45.20607], [5.63529, 45.20614], [5.63508, 45.2061], [5.63446, 45.20539], [5.63414, 45.20514], [5.63305, 45.20487], [5.63257, 45.20466], [5.63235, 45.20436], [5.63221, 45.20385], [5.63202, 45.20365], [5.63085, 45.20305], [5.62998, 45.20238], [5.62977, 45.20196], [5.62933, 45.2004], [5.62864, 45.19963], [5.62832, 45.19877], [5.62764, 45.1979], [5.62695, 45.19639], [5.62679, 45.19564], [5.62628, 45.19485], [5.62595, 45.19366], [5.6254, 45.19299], [5.6256, 45.19236], [5.62553, 45.19178], [5.62505, 45.19117], [5.62498, 45.19096], [5.62524, 45.19024], [5.62518, 45.18988], [5.62246, 45.18709], [5.62181, 45.1867], [5.62169, 45.18653], [5.62186, 45.18532], [5.62155, 45.18497], [5.62141, 45.18424], [5.62098, 45.18365], [5.62104, 45.18348], [5.62142, 45.18319], [5.62149, 45.18293], [5.62139, 45.18277], [5.62086, 45.18236], [5.62042, 45.18219], [5.62026, 45.18205], [5.6204, 45.18131], [5.61961, 45.18038], [5.6197, 45.17956], [5.61939, 45.17908], [5.61888, 45.17796], [5.6189, 45.17711], [5.61872, 45.17689], [5.61806, 45.17641], [5.61816, 45.17566], [5.61781, 45.17516], [5.61655, 45.17444], [5.6154, 45.17403], [5.61498, 45.17364], [5.6146, 45.17265], [5.6138, 45.17156], [5.61373, 45.17129], [5.61375, 45.17074], [5.61358, 45.17026], [5.61199, 45.16737], [5.61106, 45.1663], [5.6109, 45.16516], [5.60976, 45.16384], [5.60946, 45.16239], [5.60939, 45.1612], [5.60928, 45.16069], [5.60891, 45.15994], [5.60835, 45.1592], [5.60763, 45.15776], [5.60715, 45.15718], [5.60659, 45.15628], [5.60581, 45.15433], [5.60558, 45.15411], [5.60448, 45.15366], [5.60255, 45.15192], [5.60194, 45.15152], [5.60089, 45.15103], [5.60035, 45.15058], [5.60007, 45.15011], [5.59998, 45.14975], [5.60006, 45.14883], [5.60026, 45.1479], [5.60021, 45.14727], [5.59993, 45.1469], [5.59926, 45.14643], [5.59874, 45.1462], [5.598, 45.14603], [5.59748, 45.1457], [5.59739, 45.14525], [5.59753, 45.14453], [5.59736, 45.14406], [5.59712, 45.14374], [5.59315, 45.14211], [5.59274, 45.14177], [5.59236, 45.1412], [5.59206, 45.14092], [5.59162, 45.14081], [5.59036, 45.14095], [5.58984, 45.14085], [5.58862, 45.14021], [5.58766, 45.13947], [5.58726, 45.13898], [5.5861, 45.1371], [5.58514, 45.13615], [5.58419, 45.13496], [5.58252, 45.13352], [5.58213, 45.13306], [5.58177, 45.13248], [5.58157, 45.13154], [5.58161, 45.13125], [5.58207, 45.13078], [5.58223, 45.13032], [5.58254, 45.13008], [5.58792, 45.12844], [5.5919, 45.1276], [5.59442, 45.12689], [5.59574, 45.12641], [5.59773, 45.12626], [5.59808, 45.1263], [5.59848, 45.12647], [5.5988, 45.12683], [5.59941, 45.12791], [5.59943, 45.12814], [5.59918, 45.12876], [5.59914, 45.12908], [5.59926, 45.12952], [5.59954, 45.12993], [5.59994, 45.13021], [5.60058, 45.13035], [5.60097, 45.13057], [5.60106, 45.13078], [5.60098, 45.13117], [5.60106, 45.13134], [5.60162, 45.13172], [5.60202, 45.13229], [5.60317, 45.13293], [5.60379, 45.13338], [5.60441, 45.13353], [5.60467, 45.13367], [5.60556, 45.13514], [5.60558, 45.1353], [5.60537, 45.13587], [5.6054, 45.13638], [5.60454, 45.13713], [5.60434, 45.13748], [5.60434, 45.1377], [5.6045, 45.13797], [5.60597, 45.13912], [5.60599, 45.13938], [5.60566, 45.13991], [5.60564, 45.14014], [5.60572, 45.14046], [5.60606, 45.14111], [5.6063, 45.14132], [5.60716, 45.14161], [5.60737, 45.14186], [5.60716, 45.14358], [5.60772, 45.14498], [5.60792, 45.14507], [5.60824, 45.145], [5.60885, 45.14435], [5.60931, 45.14366], [5.6097, 45.14341], [5.61, 45.14337], [5.61031, 45.14344], [5.61059, 45.1437], [5.61098, 45.14439], [5.61125, 45.14452], [5.61157, 45.14455], [5.61185, 45.14447], [5.61276, 45.14384], [5.61374, 45.14331], [5.61595, 45.14247], [5.61643, 45.1424], [5.61695, 45.14251], [5.61766, 45.14305], [5.61801, 45.14322], [5.62007, 45.14373], [5.62071, 45.14425], [5.62131, 45.14504], [5.6219, 45.14752], [5.62163, 45.14833], [5.62152, 45.14941], [5.62072, 45.15098], [5.62032, 45.15241], [5.62045, 45.15347], [5.62045, 45.15414], [5.6206, 45.15474], [5.62042, 45.15504], [5.61935, 45.15568], [5.61918, 45.15596], [5.61926, 45.1567], [5.61951, 45.15742], [5.6198, 45.15789], [5.6198, 45.1581], [5.6196, 45.15828], [5.6187, 45.15862], [5.61836, 45.15885], [5.61786, 45.16032], [5.61798, 45.16055], [5.61825, 45.16066], [5.61861, 45.16061], [5.61917, 45.16032], [5.61972, 45.16033], [5.6208, 45.16087], [5.62175, 45.16103], [5.62257, 45.16151], [5.62376, 45.16184], [5.62537, 45.16263], [5.62588, 45.16353], [5.62681, 45.16435], [5.62694, 45.16473], [5.62662, 45.16514], [5.62578, 45.16576], [5.62476, 45.16604], [5.6244, 45.1663], [5.62433, 45.1665], [5.62438, 45.16667], [5.625, 45.16716], [5.62505, 45.16737], [5.62492, 45.16804], [5.62453, 45.16865], [5.62454, 45.16888], [5.62463, 45.169], [5.62513, 45.16924], [5.62611, 45.16918], [5.62649, 45.16924], [5.62676, 45.16945], [5.62729, 45.17027], [5.62763, 45.17049], [5.62992, 45.17064], [5.63078, 45.17116], [5.63067, 45.17129], [5.63052, 45.17202], [5.6306, 45.17219], [5.63086, 45.17236], [5.63192, 45.17248], [5.63349, 45.17236], [5.63456, 45.17247], [5.63592, 45.17214], [5.63635, 45.1719], [5.63656, 45.17166], [5.63692, 45.1708], [5.63798, 45.17015], [5.63843, 45.16978], [5.63902, 45.16904], [5.6391, 45.16847], [5.63937, 45.16839], [5.63955, 45.16845], [5.63959, 45.16871], [5.63896, 45.17007], [5.63882, 45.17155], [5.6389, 45.17198], [5.63954, 45.1727], [5.63942, 45.17372], [5.63945, 45.1741], [5.63966, 45.17437], [5.6401, 45.17456], [5.64285, 45.17443], [5.64313, 45.17448], [5.6434, 45.17464], [5.64349, 45.17482], [5.64346, 45.17533], [5.64356, 45.17569], [5.64429, 45.17705], [5.64464, 45.17743], [5.64562, 45.17802], [5.64653, 45.17924], [5.64764, 45.18146], [5.64791, 45.18232], [5.64793, 45.18296], [5.64802, 45.18306], [5.64824, 45.183], [5.64817, 45.18257], [5.64827, 45.18138], [5.64802, 45.17985], [5.64814, 45.17631], [5.64783, 45.17533], [5.64809, 45.17453], [5.64853, 45.17264], [5.64855, 45.17165], [5.64871, 45.17148], [5.64944, 45.17133], [5.64951, 45.17121], [5.64951, 45.17075], [5.64973, 45.17031], [5.64997, 45.17014], [5.65054, 45.16996], [5.65085, 45.16996], [5.651, 45.1701], [5.65084, 45.17027], [5.65018, 45.17042], [5.64993, 45.17075], [5.64996, 45.171], [5.65054, 45.17162], [5.65065, 45.17197], [5.65056, 45.17218], [5.65003, 45.17249], [5.64987, 45.17268], [5.64979, 45.17397], [5.64989, 45.17417], [5.65047, 45.17476], [5.65054, 45.17552], [5.65144, 45.17717], [5.65242, 45.17802], [5.65279, 45.17885], [5.65277, 45.17944], [5.65293, 45.17953], [5.65316, 45.17953], [5.65337, 45.17934], [5.65338, 45.17872], [5.65386, 45.17702], [5.65391, 45.17655], [5.6538, 45.17613], [5.65392, 45.17584], [5.65427, 45.17579], [5.65483, 45.17606], [5.65513, 45.17611], [5.65563, 45.17602], [5.65812, 45.17508], [5.66028, 45.1739], [5.6608, 45.17377], [5.66173, 45.17375], [5.66234, 45.17343], [5.66361, 45.17311], [5.66397, 45.17288], [5.66467, 45.17208], [5.66496, 45.17186], [5.66554, 45.1716], [5.66583, 45.17154], [5.66682, 45.17162], [5.66707, 45.17154], [5.66709, 45.1713], [5.66676, 45.17069], [5.66689, 45.17004], [5.66704, 45.16972], [5.66762, 45.16915], [5.66779, 45.16887], [5.66758, 45.16812], [5.66766, 45.1674], [5.66762, 45.16662], [5.66774, 45.16637], [5.66833, 45.16584], [5.66875, 45.16476], [5.66856, 45.16222], [5.66778, 45.16097], [5.66775, 45.16081], [5.66786, 45.16072], [5.6681, 45.16075], [5.6684, 45.16107], [5.66901, 45.16149], [5.66944, 45.16212], [5.67024, 45.16244], [5.67049, 45.16265], [5.67054, 45.16291], [5.67031, 45.16379], [5.6704, 45.16455], [5.67058, 45.16482], [5.67089, 45.16494], [5.67133, 45.16489], [5.67162, 45.16466], [5.67166, 45.16444], [5.67157, 45.16402], [5.67165, 45.1639], [5.67151, 45.16367], [5.67159, 45.16342], [5.67186, 45.16328], [5.67277, 45.16316], [5.67317, 45.16302], [5.67349, 45.16266], [5.67369, 45.1622], [5.67366, 45.16188], [5.67344, 45.16151], [5.67239, 45.16162], [5.67208, 45.16151], [5.67177, 45.16126], [5.67118, 45.15966], [5.67043, 45.15844], [5.67044, 45.15787], [5.6706, 45.15721], [5.67111, 45.15628], [5.67172, 45.1554], [5.67197, 45.15531], [5.67219, 45.15538], [5.67238, 45.15583], [5.67269, 45.15606], [5.67364, 45.15616], [5.67391, 45.15628], [5.67401, 45.1565], [5.67407, 45.15708], [5.67471, 45.15926], [5.67512, 45.15952], [5.67626, 45.15972], [5.67686, 45.15957], [5.67785, 45.15852], [5.67836, 45.15751], [5.67993, 45.1555], [5.68018, 45.1554], [5.68046, 45.15543], [5.68099, 45.15596], [5.68125, 45.15599], [5.68114, 45.15551], [5.68045, 45.15463], [5.67971, 45.15341], [5.67961, 45.15311], [5.67957, 45.15243], [5.67974, 45.15224], [5.68028, 45.15194], [5.68039, 45.15166], [5.68039, 45.15127], [5.68029, 45.15119], [5.67925, 45.15119], [5.6789, 45.15086], [5.67853, 45.15021], [5.67838, 45.15014], [5.67848, 45.15004], [5.6785, 45.14987], [5.67843, 45.14942], [5.67709, 45.14584], [5.67639, 45.14448], [5.6757, 45.14357], [5.67464, 45.14147], [5.67443, 45.14124], [5.67357, 45.14067], [5.67329, 45.14034], [5.67279, 45.13873], [5.67259, 45.13684], [5.67192, 45.13357], [5.67179, 45.13308], [5.67139, 45.13217], [5.67134, 45.13176], [5.67142, 45.13085], [5.67126, 45.12998], [5.67123, 45.12765], [5.67131, 45.12663], [5.67126, 45.12629], [5.67113, 45.1262], [5.67126, 45.12611], [5.6716, 45.1236], [5.672, 45.12288], [5.67223, 45.12192], [5.67195, 45.12021], [5.67202, 45.12016], [5.67221, 45.12023], [5.67521, 45.12041], [5.67633, 45.12111], [5.67675, 45.12122], [5.67756, 45.12125], [5.67812, 45.12163], [5.67851, 45.1217], [5.68115, 45.12151], [5.68171, 45.12143], [5.6818, 45.12133], [5.68193, 45.1214], [5.68761, 45.11963], [5.68846, 45.11971], [5.68995, 45.12042], [5.69065, 45.12045], [5.6931, 45.11978], [5.69333, 45.11952], [5.69357, 45.1188], [5.69183, 45.1176], [5.69116, 45.11688], [5.6909, 45.11645], [5.68712, 45.10633], [5.68681, 45.1061], [5.6862, 45.10588], [5.68603, 45.10569], [5.68636, 45.10487], [5.68636, 45.10403], [5.68496, 45.10069], [5.68372, 45.09721], [5.68375, 45.094], [5.68358, 45.09355], [5.68377, 45.0934], [5.68368, 45.09261], [5.68359, 45.08889], [5.68348, 45.08802], [5.68318, 45.08681], [5.6794, 45.08015], [5.67908, 45.07937], [5.67795, 45.0752], [5.67709, 45.07356], [5.67694, 45.07347], [5.6769, 45.07329], [5.67661, 45.07297], [5.67319, 45.0675], [5.67254, 45.06695], [5.67194, 45.06677], [5.6719, 45.06667], [5.67204, 45.06649], [5.67178, 45.06588], [5.67, 45.0641], [5.66954, 45.0635], [5.66853, 45.06038], [5.66739, 45.05624], [5.66752, 45.05613], [5.66943, 45.0558], [5.67251, 45.05491], [5.67706, 45.05282], [5.67697, 45.05266], [5.67732, 45.05239], [5.67785, 45.05241], [5.68219, 45.05038], [5.68361, 45.04979], [5.68564, 45.04832], [5.6876, 45.04724], [5.68974, 45.04629], [5.69114, 45.04528], [5.69267, 45.0449], [5.6938, 45.04502], [5.69389, 45.04486], [5.69385, 45.0443], [5.69393, 45.04418], [5.69416, 45.04408], [5.69634, 45.04369], [5.69894, 45.04336], [5.69978, 45.04338], [5.70132, 45.04359], [5.70157, 45.0435], [5.70206, 45.04315], [5.70314, 45.04276], [5.70402, 45.04282], [5.70422, 45.04294], [5.70448, 45.04348], [5.70476, 45.04372], [5.7068, 45.04458], [5.70708, 45.04446], [5.70617, 45.04322], [5.70536, 45.04151], [5.70537, 45.04125], [5.70559, 45.04073], [5.70526, 45.03933], [5.70592, 45.0383], [5.70591, 45.03815], [5.70573, 45.03809], [5.70423, 45.03826], [5.70408, 45.03821], [5.70364, 45.03745], [5.7027, 45.03673], [5.70253, 45.03639], [5.70259, 45.03617], [5.70272, 45.0361], [5.70329, 45.03616], [5.70357, 45.03606], [5.70388, 45.03549], [5.70492, 45.0348], [5.70513, 45.0345], [5.70516, 45.03417], [5.70489, 45.0336], [5.70486, 45.03338], [5.7051, 45.03243], [5.70504, 45.03223], [5.70455, 45.03156], [5.70454, 45.03142], [5.70463, 45.03128], [5.70544, 45.03087], [5.7057, 45.03057], [5.70583, 45.03004], [5.70575, 45.02922], [5.70603, 45.02808], [5.70583, 45.02736], [5.70592, 45.02722], [5.70658, 45.02682], [5.70683, 45.02627], [5.70686, 45.02598], [5.70655, 45.02486], [5.70652, 45.02422], [5.70639, 45.02365], [5.70547, 45.02119], [5.70559, 45.02058], [5.70541, 45.01906], [5.70524, 45.01879], [5.7045, 45.0181], [5.70408, 45.01749], [5.70389, 45.01706], [5.70387, 45.01651], [5.70438, 45.01539], [5.70438, 45.0151], [5.70307, 45.0139], [5.7021, 45.0138], [5.70185, 45.01367], [5.7018, 45.01345], [5.70218, 45.01252], [5.70218, 45.01221], [5.70153, 45.01143], [5.70052, 45.01063], [5.70022, 45.01005], [5.70043, 45.00742], [5.70071, 45.00674], [5.70079, 45.0063], [5.70076, 45.0054], [5.70086, 45.00511], [5.70141, 45.00433], [5.70147, 45.00379], [5.70127, 45.00347], [5.70049, 45.00325], [5.69967, 45.00283], [5.69946, 45.00259], [5.69929, 45.00222], [5.69921, 45.00181], [5.69928, 45.00114], [5.69912, 45.00031], [5.69917, 45.00005], [5.69946, 44.99949], [5.69953, 44.99873], [5.69936, 44.99832], [5.6985, 44.99731], [5.69808, 44.99654], [5.69768, 44.99524], [5.69758, 44.99342], [5.69744, 44.99265], [5.69749, 44.99189], [5.69758, 44.9917], [5.69833, 44.99115], [5.69906, 44.99078], [5.69961, 44.99024], [5.69965, 44.99006], [5.69957, 44.98989], [5.69883, 44.98968], [5.69857, 44.98951], [5.69849, 44.98923], [5.69862, 44.98861], [5.69892, 44.98809], [5.6998, 44.98763], [5.69987, 44.98742], [5.69977, 44.98703], [5.69987, 44.98688], [5.70063, 44.98647], [5.70122, 44.98598], [5.70207, 44.98412], [5.70255, 44.9837], [5.70278, 44.98337], [5.70296, 44.98284], [5.70287, 44.98232], [5.70349, 44.98081], [5.70347, 44.98009], [5.70377, 44.97908], [5.70371, 44.97848], [5.70395, 44.97579], [5.70379, 44.96973], [5.70345, 44.96916], [5.7007, 44.96606], [5.7005, 44.96549], [5.70057, 44.96521], [5.70088, 44.96501], [5.70284, 44.96441], [5.70353, 44.96398], [5.70389, 44.96354], [5.70415, 44.96296], [5.7043, 44.96229], [5.70436, 44.96152], [5.70446, 44.96135], [5.70476, 44.96122], [5.70607, 44.96127], [5.70768, 44.96146], [5.70937, 44.96194], [5.71039, 44.96205], [5.71238, 44.96207], [5.71446, 44.96186], [5.71507, 44.96189], [5.71555, 44.96209], [5.71759, 44.96402], [5.71808, 44.96433], [5.71872, 44.96459], [5.71917, 44.96466], [5.71977, 44.96459], [5.72078, 44.96425], [5.72126, 44.9638], [5.72153, 44.96375], [5.72172, 44.96381], [5.72288, 44.96484], [5.72309, 44.96514], [5.72314, 44.9654], [5.72302, 44.96591], [5.72305, 44.96613], [5.72326, 44.96649], [5.72363, 44.96667], [5.7248, 44.96677], [5.72519, 44.96691], [5.72619, 44.96778], [5.72637, 44.96825], [5.72653, 44.96844], [5.72749, 44.96882], [5.72831, 44.96981], [5.7287, 44.96995], [5.7291, 44.96998], [5.72934, 44.96992], [5.72957, 44.96969], [5.72959, 44.96875], [5.72977, 44.96783], [5.72966, 44.96704], [5.73004, 44.96635], [5.72998, 44.96608], [5.72957, 44.96535], [5.72956, 44.96493], [5.73081, 44.96344], [5.73138, 44.9629], [5.73162, 44.96224], [5.73179, 44.96205], [5.73317, 44.96189], [5.73402, 44.96195], [5.73554, 44.9617], [5.73644, 44.96178], [5.73744, 44.9615], [5.73782, 44.96155], [5.73829, 44.96181], [5.73862, 44.96187], [5.73911, 44.9618], [5.74013, 44.96136], [5.74053, 44.96132], [5.74096, 44.96152], [5.74136, 44.96229], [5.74177, 44.96244], [5.74211, 44.96237], [5.74267, 44.96205], [5.74458, 44.962], [5.74505, 44.96191], [5.74541, 44.96174], [5.74623, 44.96092], [5.74631, 44.96035], [5.74683, 44.95907], [5.748, 44.95841], [5.75017, 44.95607], [5.75362, 44.95395], [5.75603, 44.95272], [5.75652, 44.95239], [5.75741, 44.95155], [5.75815, 44.95061], [5.75814, 44.95018], [5.75778, 44.94943], [5.75775, 44.94899], [5.75847, 44.94768], [5.75907, 44.94612], [5.75954, 44.94577], [5.76052, 44.94539], [5.76211, 44.94419], [5.76264, 44.94353], [5.76286, 44.94272], [5.7631, 44.94235], [5.76304, 44.94227], [5.7631, 44.94215], [5.76336, 44.94215], [5.76992, 44.93695], [5.77078, 44.93537], [5.77066, 44.93528], [5.77067, 44.93517], [5.77091, 44.9351], [5.77098, 44.93498], [5.77242, 44.93217], [5.7758, 44.92846], [5.77574, 44.9283], [5.77598, 44.92826], [5.77859, 44.92539], [5.77884, 44.92484], [5.78134, 44.91619], [5.78376, 44.9127], [5.78395, 44.91227], [5.78421, 44.91207], [5.78408, 44.9105], [5.78393, 44.91018], [5.78369, 44.91013], [5.78366, 44.91001], [5.78395, 44.9099], [5.78402, 44.90975], [5.7839, 44.90811], [5.78445, 44.90683], [5.78483, 44.90669], [5.78588, 44.90689], [5.7864, 44.90691], [5.78745, 44.90663], [5.78775, 44.90648], [5.78781, 44.90636], [5.78744, 44.90553], [5.79655, 44.90526], [5.79715, 44.90515], [5.79743, 44.90496], [5.79771, 44.90457], [5.79808, 44.9032], [5.79874, 44.90204], [5.79854, 44.90196], [5.79855, 44.90178], [5.79871, 44.90172], [5.7989, 44.90176], [5.7995, 44.90146], [5.80038, 44.90079], [5.8011, 44.89971], [5.80235, 44.8991433], [5.80302, 44.89895], [5.80448, 44.89889], [5.8057, 44.89864], [5.80657, 44.89826], [5.80788, 44.89733], [5.8081, 44.89737], [5.80802, 44.89792], [5.80786, 44.89845], [5.80747, 44.89904], [5.8074, 44.89928], [5.8075, 44.89952], [5.80783, 44.89991], [5.80836, 44.90034], [5.80929, 44.90064], [5.81059, 44.90019], [5.81126, 44.90022], [5.81209, 44.89996], [5.81248, 44.89998], [5.81283, 44.90013], [5.81287, 44.90004], [5.8127, 44.89987], [5.81235, 44.89976], [5.81183, 44.89975], [5.81133, 44.89989], [5.8102, 44.89958], [5.81007, 44.89948], [5.81028, 44.89928], [5.81111, 44.89895], [5.81167, 44.89857], [5.81222, 44.89842], [5.81234, 44.89827], [5.81238, 44.898], [5.81248, 44.89795], [5.81257, 44.89801], [5.81257, 44.89812], [5.81245, 44.89842], [5.81216, 44.89877], [5.8122, 44.89902], [5.81252, 44.89916], [5.81345, 44.89922], [5.81387, 44.89943], [5.81431, 44.89985], [5.81436, 44.90004], [5.8143, 44.90032], [5.81446, 44.9006], [5.81532, 44.90121], [5.81625, 44.9021], [5.81647, 44.90218], [5.81673, 44.90213], [5.81777, 44.90137], [5.81789, 44.90116], [5.81778, 44.901], [5.81656, 44.90043], [5.81647, 44.90019], [5.8165, 44.89958], [5.81633, 44.89864], [5.81648, 44.89812], [5.81702, 44.89751], [5.817, 44.89737], [5.81654, 44.89694], [5.81652, 44.89666], [5.81699, 44.89603], [5.8174, 44.89563], [5.81746, 44.89541], [5.81689, 44.89465], [5.81605, 44.89389], [5.81579, 44.89343], [5.81471, 44.89221], [5.81444, 44.89172], [5.81469, 44.89164], [5.81568, 44.89229], [5.81774, 44.89309], [5.81842, 44.89373], [5.81904, 44.89388], [5.81962, 44.8939], [5.82129, 44.89361], [5.82278, 44.89311], [5.82342, 44.89241], [5.82477, 44.89135], [5.82502, 44.89102], [5.82504, 44.89055], [5.82437, 44.8895], [5.82434, 44.88902], [5.82452, 44.88862], [5.82566, 44.88704], [5.82579, 44.88672], [5.82575, 44.88583], [5.82513, 44.88459], [5.82505, 44.88386], [5.82555, 44.88187], [5.8258, 44.88049], [5.82633, 44.87959], [5.82698, 44.87898], [5.82815, 44.8783], [5.82981, 44.87757], [5.83335, 44.87581], [5.83382, 44.87573], [5.83431, 44.87577], [5.8355, 44.87634], [5.83592, 44.87641], [5.83638, 44.87637], [5.8368, 44.87621], [5.83835, 44.87483], [5.83863, 44.87449], [5.8387, 44.87418], [5.83861, 44.87352], [5.83867, 44.87282], [5.83967, 44.87059], [5.83991, 44.8703], [5.84025, 44.87015], [5.84116, 44.87004], [5.8416, 44.86991], [5.84197, 44.86965], [5.84241, 44.86918], [5.84275, 44.869], [5.84402, 44.86885], [5.8444, 44.86872], [5.84632, 44.86769], [5.85081, 44.86553], [5.85285, 44.86444], [5.85534, 44.86379], [5.85714, 44.8636], [5.8596, 44.86384], [5.86317, 44.86455], [5.86382, 44.86453], [5.8643, 44.8643], [5.86452, 44.86398], [5.86452, 44.86359], [5.86328, 44.86157], [5.86221, 44.86025], [5.86166, 44.85982], [5.86078, 44.8593], [5.85948, 44.85886], [5.85839, 44.85816], [5.85727, 44.85771], [5.85707, 44.85737], [5.85708, 44.85656], [5.85685, 44.85585], [5.85686, 44.85566], [5.85704, 44.85531], [5.85817, 44.8545], [5.85843, 44.85409], [5.85846, 44.85377], [5.85839, 44.85354], [5.85799, 44.85278], [5.85783, 44.85221], [5.85789, 44.85169], [5.85842, 44.85034], [5.85989, 44.84753], [5.86012, 44.8473], [5.86098, 44.84675], [5.86144, 44.84601], [5.86188, 44.84563], [5.86269, 44.84521], [5.8643, 44.8448], [5.86752, 44.84443], [5.86891, 44.84411], [5.86989, 44.84355], [5.87121, 44.84237], [5.87359, 44.84063], [5.87407, 44.84051], [5.87548, 44.84064], [5.87597, 44.84051], [5.87643, 44.84025], [5.87705, 44.83965], [5.87806, 44.83783], [5.87885, 44.83686], [5.87951, 44.83666], [5.88118, 44.83677], [5.88245, 44.83662], [5.88463, 44.83662], [5.88535, 44.83649], [5.88643, 44.83597], [5.88733, 44.83487], [5.88804, 44.8342], [5.89009, 44.83262], [5.89058, 44.83241], [5.89111, 44.83239], [5.89235, 44.8326], [5.89274, 44.83276], [5.89341, 44.83323], [5.89405, 44.83335], [5.89543, 44.8328], [5.8969, 44.83191], [5.89759, 44.83183], [5.89816, 44.83196], [5.90118, 44.83302], [5.90182, 44.83309], [5.90417, 44.83308], [5.9048, 44.83317], [5.90627, 44.8337], [5.90744, 44.83425], [5.90993, 44.83443], [5.9113, 44.83432], [5.91241, 44.8345], [5.91407, 44.83498], [5.91441, 44.83487], [5.91457, 44.8347], [5.91459, 44.83452], [5.91446, 44.83431], [5.91391, 44.83391], [5.91309, 44.83354], [5.91208, 44.83253], [5.9117, 44.83239], [5.91092, 44.83236], [5.91082, 44.83231], [5.91083, 44.83217], [5.9113, 44.83203], [5.91711, 44.83185], [5.91783, 44.83177], [5.91841, 44.83153], [5.91968, 44.83081], [5.92016, 44.83027], [5.92064, 44.82989], [5.92404, 44.82884], [5.9263, 44.82847], [5.92743, 44.82788], [5.92892, 44.82759], [5.93138, 44.82682], [5.93182, 44.82654], [5.93221, 44.82598], [5.93249, 44.82573], [5.93425, 44.82515], [5.93667, 44.8248], [5.94206, 44.82449], [5.94365, 44.82418], [5.94511, 44.82348], [5.94675, 44.8231], [5.94896, 44.82294], [5.95106, 44.82298], [5.95223, 44.82314], [5.95247, 44.82308], [5.95261, 44.82291], [5.9526, 44.82279], [5.95243, 44.82261], [5.95128, 44.82227], [5.95025, 44.82184], [5.94879, 44.82097], [5.9464, 44.82021], [5.94623, 44.82008], [5.9463, 44.81978], [5.94717, 44.81967], [5.9477, 44.81931], [5.94774, 44.81919], [5.9474, 44.81826], [5.94739, 44.818], [5.9478, 44.81778], [5.94855, 44.81761], [5.94864, 44.81753], [5.94865, 44.81744], [5.9485, 44.8173], [5.9476, 44.81703], [5.9474, 44.81676], [5.94719, 44.81541], [5.94718, 44.81469], [5.94738, 44.81436], [5.9478, 44.81392], [5.9482, 44.81317], [5.9493, 44.81237], [5.94952, 44.81213], [5.94954, 44.81185], [5.94937, 44.81129], [5.94941, 44.81101], [5.94961, 44.8108], [5.95049, 44.81028], [5.95067, 44.81007], [5.95067, 44.80978], [5.95048, 44.80916], [5.9506, 44.80861], [5.95159, 44.80792], [5.9526, 44.80707], [5.95423, 44.80667], [5.95439, 44.80643], [5.95448, 44.8058], [5.95472, 44.80551], [5.9552, 44.8054], [5.95594, 44.80556], [5.95633, 44.8054], [5.95648, 44.80515], [5.95673, 44.8042], [5.95693, 44.80395], [5.95727, 44.80374], [5.95887, 44.80323], [5.96032, 44.80318], [5.96156, 44.80295], [5.96251, 44.80244], [5.9635, 44.80178], [5.96526, 44.80163], [5.96822, 44.80064], [5.96892, 44.80027], [5.96982, 44.79956], [5.97052, 44.79927], [5.97099, 44.79922], [5.97149, 44.79929], [5.97258, 44.79974], [5.97317, 44.79989], [5.97369, 44.79992], [5.97426, 44.79984], [5.97458, 44.79969], [5.9749, 44.79919], [5.97482, 44.79883], [5.97452, 44.79835], [5.97459, 44.79807], [5.975, 44.79797], [5.97631, 44.79813], [5.97676, 44.79805], [5.97725, 44.79779], [5.97791, 44.79698], [5.978, 44.79675], [5.97792, 44.79649], [5.97755, 44.79605], [5.97742, 44.79514], [5.97702, 44.79459], [5.97707, 44.79424], [5.97727, 44.794], [5.97801, 44.79366], [5.97933, 44.79266], [5.97955, 44.7924], [5.97966, 44.79183], [5.9798, 44.79159], [5.9807, 44.79073], [5.98138, 44.78993], [5.98204, 44.7879], [5.98279, 44.78637], [5.98323, 44.78486], [5.98334, 44.78372], [5.98404, 44.7819], [5.98431, 44.78079], [5.98531, 44.77865], [5.98579, 44.77796], [5.98628, 44.77775], [5.99085, 44.77666], [5.99152, 44.77673], [5.99388, 44.77769], [5.99681, 44.77816], [5.99945, 44.77841], [6.00307, 44.77838], [6.00777, 44.77737], [6.01107, 44.77715], [6.01679, 44.7756], [6.01739, 44.77529], [6.0185246, 44.7735273], [6.01899, 44.77314], [6.02145, 44.77264], [6.02355, 44.77247], [6.02393, 44.77238], [6.02431, 44.77217], [6.0246, 44.77168], [6.02449, 44.77123], [6.02381, 44.77044], [6.02295, 44.76998], [6.02221, 44.76985], [6.02139, 44.76988], [6.02077, 44.77004], [6.01957, 44.77056], [6.01869, 44.77062], [6.01804, 44.77043], [6.01739, 44.77013], [6.01402, 44.76853], [6.01338, 44.76812], [6.01316, 44.76784], [6.01302, 44.76738], [6.01336, 44.76588], [6.01332, 44.76549], [6.01313, 44.76508], [6.01221, 44.76377], [6.01034, 44.76186], [6.0068, 44.75727], [6.00674, 44.75686], [6.00705, 44.75631], [6.00747, 44.756], [6.00877, 44.75551], [6.009, 44.75531], [6.00907, 44.75512], [6.00765, 44.74471], [6.00744, 44.74414], [6.00686, 44.74338], [6.00669, 44.74304], [6.00661, 44.74067], [6.00643, 44.73971], [6.00611, 44.73866], [6.00526, 44.73721], [6.00516, 44.73677], [6.00511, 44.73582], [6.00476, 44.73551], [6.00396, 44.73521], [6.0037, 44.73499], [6.00418, 44.73327], [6.0046, 44.73235], [6.00489, 44.73187], [6.00518, 44.73156], [6.00651, 44.73045], [6.01385, 44.72357], [6.01462, 44.72313], [6.01624, 44.72244], [6.01902, 44.72027], [6.0226, 44.71797], [6.03181, 44.71271], [6.03449, 44.71137], [6.04245, 44.70584], [6.04462, 44.70466], [6.0449885, 44.7042773], [6.04555, 44.70327], [6.04599, 44.70288], [6.04812, 44.70183], [6.05194, 44.70034], [6.05286, 44.70019], [6.05471, 44.70033], [6.05547, 44.70023], [6.056, 44.69996], [6.05737, 44.69877], [6.05879, 44.69711], [6.059, 44.69668], [6.0593925, 44.6954379], [6.0597, 44.69493], [6.06195, 44.6925], [6.0626, 44.69156], [6.0646, 44.6874], [6.0662, 44.68449], [6.06821, 44.67995], [6.06848, 44.67948], [6.07235, 44.67505], [6.07231, 44.67487], [6.07278, 44.67458], [6.0773, 44.66964], [6.07899, 44.66805], [6.08171, 44.66574], [6.08202, 44.66534], [6.08382, 44.66155], [6.08477, 44.65853], [6.08487, 44.65796], [6.08476, 44.65659], [6.0848324, 44.6547168], [6.0854949, 44.6546491], [6.0857195, 44.6544936], [6.0857988, 44.6540297], [6.0859381, 44.6537409], [6.08806, 44.65205], [6.08829, 44.65164], [6.08835, 44.65125], [6.0885, 44.6511], [6.08877, 44.65099], [6.09029, 44.65099], [6.09119, 44.65085], [6.09378, 44.64982], [6.09815, 44.64779], [6.09918, 44.6478], [6.10008, 44.6474], [6.10064, 44.64725], [6.10418, 44.64785], [6.10472, 44.64787], [6.10878, 44.64733], [6.1134067, 44.6471467], [6.12042, 44.6465], [6.1229, 44.64601], [6.12469, 44.64576], [6.1265, 44.6457], [6.12857, 44.64581], [6.12912, 44.64577], [6.13061, 44.64527], [6.13146, 44.64526], [6.13234, 44.6451], [6.13275, 44.64492], [6.13358, 44.64401], [6.13439, 44.64332], [6.13479, 44.64313], [6.13636, 44.64267], [6.13814, 44.64173], [6.14038, 44.64002], [6.14038, 44.6399], [6.1406, 44.63986], [6.14272, 44.6383407], [6.14537, 44.64001], [6.14609, 44.64036], [6.1489, 44.64122], [6.15273, 44.64188], [6.15862, 44.64218], [6.16166, 44.64204], [6.16785, 44.64287], [6.17035, 44.64311], [6.17034, 44.64283], [6.1701, 44.64244], [6.16976, 44.64216], [6.16884, 44.64172], [6.16875, 44.6416], [6.16881, 44.64144], [6.17093, 44.64079], [6.1716, 44.64066], [6.17243, 44.64064], [6.17447, 44.64084], [6.17603, 44.64069], [6.17665, 44.64079], [6.17994, 44.64174], [6.18037, 44.64173], [6.18107, 44.64138], [6.18136, 44.64135], [6.18234, 44.64199], [6.18407, 44.64274], [6.18688, 44.64295], [6.1889, 44.6436], [6.19158, 44.64404], [6.19499, 44.64429], [6.19727, 44.64395], [6.19814, 44.6441], [6.19956, 44.64457], [6.2002, 44.64448], [6.20025, 44.64454], [6.19995, 44.64484], [6.19985, 44.64508], [6.1999, 44.64538], [6.20004, 44.64554], [6.20029, 44.64567], [6.20068, 44.64573], [6.20215, 44.64568], [6.20252, 44.64577], [6.2031, 44.64649], [6.20438, 44.64733], [6.2049, 44.64783], [6.20583, 44.6482], [6.20666, 44.64885], [6.20741, 44.64965], [6.21083, 44.65128], [6.21144, 44.65223], [6.21268, 44.65269], [6.21326, 44.65306], [6.21484, 44.65559], [6.21533, 44.65611], [6.21617, 44.65642], [6.21622, 44.65693], [6.21631, 44.65708], [6.21787, 44.65779], [6.22051, 44.65932], [6.2222, 44.6605], [6.22316, 44.66181], [6.2249, 44.66265], [6.22511, 44.66295], [6.2253, 44.6635], [6.22548, 44.66423], [6.22559, 44.6652], [6.22583, 44.66546], [6.22661, 44.66601], [6.22672, 44.66635], [6.22791, 44.66659], [6.23067, 44.66789], [6.23605, 44.66965], [6.2389, 44.67023], [6.2412, 44.67118], [6.24349, 44.67247], [6.24554, 44.67304], [6.24867, 44.67436], [6.24956, 44.67484], [6.25408, 44.67824], [6.25638, 44.68023], [6.25844, 44.6823], [6.26003, 44.68352], [6.26107, 44.68463], [6.26251, 44.68678], [6.26294, 44.68753], [6.26349, 44.68876], [6.26377, 44.68901], [6.26425, 44.68926], [6.26466, 44.68938], [6.265, 44.68938], [6.269, 44.68877], [6.27172, 44.68765], [6.27254, 44.68722], [6.27337, 44.68661], [6.2738, 44.68642], [6.27448, 44.68635], [6.27643, 44.68643], [6.27828, 44.68615], [6.2788, 44.68591], [6.27983, 44.68496], [6.2811, 44.68444], [6.28188, 44.68425], [6.28371, 44.68435], [6.28433, 44.68427], [6.28594, 44.68349], [6.28807, 44.68274], [6.2892, 44.68246], [6.29004, 44.68251], [6.29074, 44.6827], [6.29114, 44.68291], [6.29207, 44.6836], [6.29268, 44.68384], [6.29316, 44.68389], [6.29493, 44.68374], [6.29615, 44.68352], [6.29663, 44.68361], [6.29731, 44.68398], [6.29789, 44.68408], [6.29978, 44.68401], [6.30324, 44.68403], [6.30406, 44.68394], [6.30569, 44.68397], [6.30812, 44.68372], [6.30931, 44.68347], [6.31066, 44.68338], [6.31232, 44.68281], [6.31423, 44.68281], [6.31531, 44.68257], [6.31637, 44.68249], [6.31713, 44.68258], [6.31815, 44.68296], [6.32004, 44.68317], [6.32174, 44.68302], [6.32385, 44.68314], [6.32445, 44.6831], [6.3262, 44.68361], [6.32634, 44.68375], [6.32632, 44.68392], [6.32579, 44.68413], [6.32467, 44.6843], [6.32405, 44.68468], [6.32346, 44.68487], [6.32337, 44.68502], [6.32359, 44.68514], [6.32523, 44.68517], [6.32533, 44.68523], [6.32527, 44.68532], [6.32396, 44.68557], [6.32279, 44.68568], [6.32214, 44.6855], [6.32101, 44.68476], [6.32091, 44.68475], [6.32084, 44.68484], [6.32185, 44.68574], [6.32272, 44.68606], [6.3234, 44.68641], [6.32441, 44.6865], [6.32458, 44.68657], [6.32457, 44.68668], [6.32342, 44.68665], [6.3224, 44.68649], [6.32132, 44.68644], [6.32066, 44.68624], [6.3197, 44.68572], [6.31957, 44.6857], [6.3195, 44.6858], [6.32072, 44.6869], [6.322, 44.68713], [6.32297, 44.68788], [6.3241, 44.68825], [6.32472, 44.68836], [6.32481, 44.68851], [6.32461, 44.68856], [6.32237, 44.68845], [6.32156, 44.68828], [6.32073, 44.68795], [6.32063, 44.68806], [6.32069, 44.68814], [6.32132, 44.68848], [6.3215, 44.68871], [6.3216, 44.68922], [6.32147, 44.68939], [6.32061, 44.68945], [6.31931, 44.68934], [6.31877, 44.68956], [6.31859, 44.68979], [6.31866, 44.68994], [6.31902, 44.69016], [6.31958, 44.69029], [6.32006, 44.69053], [6.32093, 44.69073], [6.32266, 44.6915], [6.32347, 44.69171], [6.32406, 44.69247], [6.32411, 44.69269], [6.32392, 44.69268], [6.32371, 44.69238], [6.32353, 44.69228], [6.32264, 44.69205], [6.31906, 44.692], [6.31769, 44.69158], [6.31641, 44.69136], [6.31571, 44.69105], [6.31527, 44.69095], [6.31481, 44.69093], [6.31315, 44.69119], [6.31164, 44.691], [6.31142, 44.69108], [6.31152, 44.69117], [6.31225, 44.69135], [6.31342, 44.69189], [6.31407, 44.69234], [6.31495, 44.69264], [6.31568, 44.69302], [6.31665, 44.69317], [6.31727, 44.69339], [6.31941, 44.69361], [6.3205, 44.69391], [6.32072, 44.69406], [6.32068, 44.69422], [6.32084, 44.69469], [6.3209, 44.69563], [6.3220935, 44.6966748]]}, "properties": {"stage": 18, "source": "aso-arcgis", "length_km": 185.2, "official_km": 185.2, "licence": "All rights reserved (Amaury Sport Organisation)"}}, {"type": "Feature", "geometry": {"type": "LineString", "coordinates": [[6.0822395, 44.5787431], [6.08193, 44.58117], [6.08165, 44.58131], [6.08077, 44.58126], [6.08063, 44.58131], [6.08059, 44.58143], [6.08073, 44.58154], [6.08109, 44.58159], [6.08146, 44.58175], [6.08231, 44.58241], [6.08241, 44.58261], [6.0823, 44.5827], [6.08208, 44.58271], [6.08079, 44.58232], [6.08065, 44.58236], [6.08059, 44.58247], [6.08143, 44.58289], [6.0832, 44.58423], [6.08316, 44.58431], [6.08298, 44.58434], [6.08252, 44.58404], [6.08199, 44.58385], [6.08177, 44.58389], [6.08162, 44.58405], [6.08158, 44.58513], [6.08116, 44.58892], [6.08099, 44.58915], [6.08043, 44.58938], [6.08031, 44.58954], [6.08045, 44.58969], [6.08188, 44.59031], [6.08198, 44.59049], [6.08188, 44.5906], [6.08165, 44.59066], [6.08027, 44.59085], [6.08012, 44.59099], [6.08029, 44.59119], [6.08176, 44.59195], [6.08189, 44.5921], [6.08178, 44.59226], [6.08111, 44.59229], [6.08078, 44.59252], [6.08076, 44.59379], [6.08064, 44.59493], [6.08069, 44.59519], [6.08175, 44.59638], [6.0837, 44.59821], [6.08385, 44.59851], [6.08388, 44.59879], [6.08362, 44.59941], [6.08245, 44.60034], [6.08141, 44.60069], [6.07953, 44.60089], [6.07939, 44.60098], [6.07936, 44.60111], [6.08091, 44.60309], [6.0811, 44.60353], [6.08116, 44.60497], [6.08049, 44.60917], [6.0805, 44.60975], [6.08262, 44.62328], [6.08291, 44.6243], [6.08348, 44.62572], [6.08364, 44.6265], [6.08528, 44.63833], [6.08531, 44.63912], [6.08468, 44.64069], [6.08461, 44.64232], [6.08483, 44.64315], [6.08568, 44.64457], [6.08584, 44.64499], [6.08677, 44.64986], [6.08678, 44.65028], [6.08667, 44.65061], [6.08591, 44.65165], [6.08592, 44.65198], [6.08608, 44.65253], [6.08603, 44.65283], [6.08517, 44.65363], [6.08488, 44.65415], [6.08476, 44.65621], [6.08487, 44.65796], [6.08477, 44.65853], [6.08382, 44.66155], [6.08202, 44.66534], [6.08171, 44.66574], [6.07899, 44.66805], [6.0773, 44.66964], [6.07278, 44.67458], [6.07262, 44.67501], [6.07235, 44.67505], [6.06909, 44.67876], [6.06827, 44.67982], [6.06676, 44.68326], [6.06647, 44.68341], [6.06592, 44.68416], [6.06411, 44.68524], [6.06356, 44.68592], [6.0623, 44.6867], [6.06115, 44.68727], [6.06031, 44.6874], [6.05941, 44.68785], [6.0589, 44.68845], [6.05769, 44.68934], [6.05685, 44.68962], [6.05547, 44.68989], [6.05491, 44.6902], [6.05393, 44.69099], [6.05332, 44.69107], [6.05267, 44.69143], [6.05213, 44.69157], [6.05067, 44.69153], [6.04639, 44.69188], [6.04482, 44.69181], [6.04367, 44.69215], [6.04253, 44.69302], [6.04127, 44.6936], [6.04094, 44.69386], [6.04071, 44.69432], [6.03947, 44.69355], [6.03895, 44.69336], [6.03866, 44.69336], [6.03762, 44.69386], [6.0363, 44.6943], [6.03472, 44.69505], [6.03342, 44.69543], [6.03219, 44.69558], [6.0304, 44.69651], [6.02874, 44.69677], [6.02837, 44.69675], [6.02783, 44.69646], [6.02735, 44.69631], [6.02346, 44.69628], [6.02182, 44.69591], [6.02085, 44.69553], [6.02053, 44.69477], [6.02041, 44.69468], [6.02025, 44.69479], [6.02028, 44.69522], [6.02021, 44.69549], [6.01975, 44.69579], [6.01963, 44.69597], [6.01955, 44.69693], [6.0196, 44.6974], [6.01953, 44.69753], [6.01938, 44.69751], [6.01879, 44.69681], [6.01839, 44.69666], [6.01723, 44.69646], [6.01528, 44.69661], [6.01497, 44.69611], [6.01479, 44.69492], [6.01456, 44.69444], [6.0143, 44.6946], [6.01336, 44.69479], [6.01227, 44.69576], [6.01085, 44.69534], [6.01083, 44.69521], [6.01099, 44.69493], [6.01102, 44.69471], [6.01078, 44.69421], [6.01078, 44.69397], [6.01104, 44.69359], [6.01205, 44.6929], [6.01205, 44.69261], [6.01182, 44.69227], [6.01117, 44.69193], [6.01072, 44.69184], [6.00981, 44.69187], [6.00927, 44.69175], [6.00903, 44.69178], [6.0086, 44.69214], [6.00792, 44.69252], [6.00733, 44.69334], [6.00626, 44.69397], [6.00582, 44.69447], [6.0051, 44.69479], [6.00488, 44.69497], [6.00488, 44.69508], [6.00527, 44.6957], [6.0059, 44.69632], [6.00593, 44.69647], [6.0057, 44.69677], [6.00441, 44.69764], [6.00408, 44.69799], [6.00334, 44.6982], [6.00315, 44.69837], [6.00312, 44.69863], [6.00329, 44.69949], [6.00363, 44.69985], [6.00311, 44.7002], [6.00282, 44.70073], [6.00291, 44.7009], [6.00333, 44.70114], [6.0034, 44.70129], [6.0026, 44.70236], [6.00235, 44.703], [6.00196, 44.70337], [6.00194, 44.70326], [6.00213, 44.7029], [6.0021, 44.70149], [6.00196, 44.70133], [6.00139, 44.70109], [6.00087, 44.70053], [6.00051, 44.69923], [6.00048, 44.69766], [6.00032, 44.69737], [5.99949, 44.69666], [5.99951, 44.69593], [5.99934, 44.6956], [5.99911, 44.69536], [5.99844, 44.69503], [5.99766, 44.69489], [5.99589, 44.69416], [5.99576, 44.6942], [5.99715, 44.6952], [5.99729, 44.6955], [5.99768, 44.69584], [5.99784, 44.69707], [5.99807, 44.69761], [5.99816, 44.69806], [5.99813, 44.69831], [5.99789, 44.69867], [5.99804, 44.69901], [5.99795, 44.69909], [5.9977, 44.69874], [5.99769, 44.69829], [5.99758, 44.69804], [5.99699, 44.69755], [5.99647, 44.69684], [5.99554, 44.69593], [5.99494, 44.69563], [5.99367, 44.69532], [5.99318, 44.69509], [5.99245, 44.69453], [5.99172, 44.6938], [5.99147, 44.69341], [5.99138, 44.69308], [5.99075, 44.69294], [5.99018, 44.69296], [5.98859, 44.69261], [5.98705, 44.6917], [5.98673, 44.69129], [5.98666, 44.69142], [5.9869, 44.6918], [5.98792, 44.69267], [5.98726, 44.69231], [5.98647, 44.6917], [5.98606, 44.69164], [5.9856, 44.69174], [5.9836, 44.69301], [5.9816, 44.69384], [5.98018, 44.69454], [5.97863, 44.69548], [5.97723, 44.69592], [5.97531, 44.69678], [5.97366, 44.69685], [5.97368, 44.69697], [5.9745, 44.69743], [5.97447, 44.69753], [5.97285, 44.69758], [5.97235, 44.69748], [5.97191, 44.69723], [5.97157, 44.69716], [5.97101, 44.69714], [5.97017, 44.69727], [5.96829, 44.69696], [5.96687, 44.6969], [5.95502, 44.69777], [5.95458, 44.69777], [5.95413, 44.69761], [5.95225, 44.69586], [5.95226, 44.6951], [5.9524, 44.69428], [5.95238, 44.6925], [5.9525, 44.69222], [5.95301, 44.69155], [5.95337, 44.69062], [5.95471, 44.68894], [5.9549, 44.68858], [5.95617, 44.68498], [5.95615, 44.68481], [5.9558, 44.68445], [5.95581, 44.6842], [5.95607, 44.6836], [5.95696, 44.68283], [5.95685, 44.6822], [5.95707, 44.68137], [5.95691, 44.68127], [5.95672, 44.68133], [5.95649, 44.68173], [5.95526, 44.68311], [5.95507, 44.68319], [5.95492, 44.68311], [5.95499, 44.6829], [5.95553, 44.68218], [5.95562, 44.68161], [5.95593, 44.68098], [5.95588, 44.68018], [5.95634, 44.67919], [5.95596, 44.67757], [5.9561, 44.67688], [5.9559, 44.6766], [5.95442, 44.67558], [5.95407, 44.67549], [5.95385, 44.67569], [5.95375, 44.67634], [5.95342, 44.67688], [5.95181, 44.67848], [5.95131, 44.67935], [5.95056, 44.68012], [5.94976, 44.68151], [5.94948, 44.68215], [5.9491, 44.68268], [5.94882, 44.68329], [5.94859, 44.68411], [5.94797, 44.68513], [5.94664, 44.68661], [5.94618, 44.68702], [5.94529, 44.68824], [5.94413, 44.68899], [5.94346, 44.68975], [5.9416, 44.69219], [5.94142, 44.69253], [5.94114, 44.69349], [5.94092, 44.69388], [5.9395, 44.69469], [5.93718, 44.69524], [5.93538, 44.69625], [5.93457, 44.69628], [5.93332, 44.69678], [5.93301, 44.69712], [5.93246, 44.69838], [5.93149, 44.6989], [5.93097, 44.69903], [5.93076, 44.69916], [5.93071, 44.69954], [5.93087, 44.70014], [5.93076, 44.70034], [5.93052, 44.70041], [5.92948, 44.70037], [5.92923, 44.70093], [5.92886, 44.70112], [5.92843, 44.70116], [5.92746, 44.70103], [5.92712, 44.70113], [5.92694, 44.70129], [5.92651, 44.70198], [5.9257, 44.70269], [5.92492, 44.70403], [5.92437, 44.70478], [5.9235, 44.70532], [5.92262, 44.70555], [5.92226, 44.70572], [5.92079, 44.70703], [5.91949, 44.70767], [5.91906, 44.70799], [5.91847, 44.7088], [5.91787, 44.71056], [5.91754, 44.71198], [5.91752, 44.71349], [5.91718, 44.71556], [5.91705, 44.71594], [5.9165, 44.71697], [5.91624, 44.71727], [5.91603, 44.7173], [5.91587, 44.71723], [5.91578, 44.71711], [5.91564, 44.71649], [5.91552, 44.71639], [5.9154, 44.71644], [5.91556, 44.71703], [5.91545, 44.71744], [5.91462, 44.71846], [5.91391, 44.71912], [5.91326, 44.72033], [5.91157, 44.72283], [5.91121, 44.72384], [5.91042, 44.72446], [5.90942, 44.72541], [5.90836, 44.72586], [5.90767, 44.72636], [5.90684, 44.72664], [5.9059, 44.72725], [5.90486, 44.72767], [5.90434, 44.72797], [5.90379, 44.72845], [5.90334, 44.72909], [5.90231, 44.73012], [5.90207, 44.73027], [5.90133, 44.73045], [5.90015, 44.73028], [5.89904, 44.73044], [5.89758, 44.73049], [5.89714, 44.7307], [5.89654, 44.73142], [5.89611, 44.73232], [5.89545, 44.73293], [5.89544, 44.73329], [5.89572, 44.73384], [5.89567, 44.73412], [5.89488, 44.73447], [5.89446, 44.73513], [5.89438, 44.73556], [5.89476, 44.73605], [5.89472, 44.73631], [5.89361, 44.73648], [5.89172, 44.73737], [5.89133, 44.73774], [5.89129, 44.73801], [5.89139, 44.73825], [5.89199, 44.73886], [5.89201, 44.73946], [5.89181, 44.73996], [5.8917, 44.74059], [5.8914, 44.74153], [5.89061, 44.74263], [5.8906, 44.74278], [5.89078, 44.74304], [5.89044, 44.74365], [5.8902, 44.7439], [5.88966, 44.74417], [5.88845, 44.74443], [5.8882, 44.74457], [5.888, 44.74497], [5.88795, 44.74557], [5.88774, 44.74584], [5.88705, 44.74631], [5.88671, 44.74681], [5.88594, 44.7472], [5.88542, 44.74757], [5.88525, 44.74813], [5.88531, 44.74876], [5.88492, 44.74964], [5.88509, 44.75009], [5.88495, 44.75085], [5.88476, 44.75095], [5.88373, 44.75111], [5.88354, 44.75122], [5.88345, 44.75143], [5.88376, 44.75279], [5.88373, 44.75342], [5.88386, 44.75484], [5.8841, 44.75516], [5.88504, 44.75554], [5.88549, 44.75642], [5.88537, 44.75707], [5.88481, 44.75752], [5.88455, 44.75801], [5.88447, 44.7584], [5.88452, 44.7587], [5.88506, 44.75982], [5.88532, 44.7608], [5.88628, 44.76118], [5.88722, 44.76202], [5.8888, 44.76245], [5.88961, 44.76357], [5.89064, 44.7641], [5.89144, 44.76492], [5.89268, 44.76583], [5.89318, 44.76657], [5.89399, 44.76737], [5.89403, 44.76795], [5.89421, 44.76861], [5.89401, 44.76904], [5.8941, 44.76916], [5.89447, 44.76927], [5.89555, 44.76938], [5.89621, 44.77007], [5.89711, 44.7704], [5.89762, 44.77045], [5.89844, 44.77023], [5.89868, 44.77029], [5.899, 44.77059], [5.89958, 44.77134], [5.89966, 44.77156], [5.89954, 44.77187], [5.89899, 44.77237], [5.89872, 44.77279], [5.89862, 44.77325], [5.89879, 44.77388], [5.89873, 44.77421], [5.8985, 44.77441], [5.89799, 44.77459], [5.89787, 44.77471], [5.89799, 44.77503], [5.89793, 44.77563], [5.89836, 44.7761], [5.89863, 44.7762], [5.89883, 44.77614], [5.89902, 44.77592], [5.89902, 44.77555], [5.89911, 44.77542], [5.89968, 44.77523], [5.9002, 44.77491], [5.90208, 44.77449], [5.90392, 44.77394], [5.90422, 44.77394], [5.90575, 44.77427], [5.90664, 44.77434], [5.90681, 44.7744], [5.90694, 44.77457], [5.90679, 44.77499], [5.90702, 44.77562], [5.90948, 44.78876], [5.90999, 44.79184], [5.91175, 44.80599], [5.91175, 44.80636], [5.91147, 44.80751], [5.91131, 44.80934], [5.91204, 44.81075], [5.91342, 44.81197], [5.91363, 44.81221], [5.91371, 44.81247], [5.91318, 44.81346], [5.91241, 44.81387], [5.91168, 44.81458], [5.91111, 44.81454], [5.91089, 44.81462], [5.9107, 44.81495], [5.91055, 44.81562], [5.91022, 44.81595], [5.90948, 44.81608], [5.9072, 44.81615], [5.90722, 44.81628], [5.9079, 44.81661], [5.90806, 44.8168], [5.90747, 44.81761], [5.90748, 44.81784], [5.90837, 44.81832], [5.91001, 44.81816], [5.91105, 44.81837], [5.91181, 44.81817], [5.91294, 44.81809], [5.91412, 44.81849], [5.91463, 44.8191], [5.91523, 44.81938], [5.91564, 44.81925], [5.91587, 44.81832], [5.91648, 44.81776], [5.91699, 44.81712], [5.91724, 44.81698], [5.91738, 44.81699], [5.91761, 44.81716], [5.91823, 44.81787], [5.9193, 44.81815], [5.92115, 44.81832], [5.9229, 44.81818], [5.92376, 44.81824], [5.92593, 44.81818], [5.9262, 44.81825], [5.92663, 44.81852], [5.92695, 44.81857], [5.92778, 44.81846], [5.92907, 44.81856], [5.93042, 44.81848], [5.93153, 44.8186], [5.93246, 44.81847], [5.933, 44.81859], [5.93312, 44.81867], [5.9332, 44.81888], [5.933, 44.81916], [5.93222, 44.81938], [5.93218, 44.81953], [5.93452, 44.81975], [5.93508, 44.81969], [5.93596, 44.81925], [5.93707, 44.81891], [5.93845, 44.81901], [5.93944, 44.81895], [5.94129, 44.81922], [5.94251, 44.81896], [5.94559, 44.81904], [5.94584, 44.81918], [5.9463, 44.81978], [5.94623, 44.81997], [5.94627, 44.82015], [5.94879, 44.82097], [5.95025, 44.82184], [5.95128, 44.82227], [5.95243, 44.82261], [5.9526, 44.82279], [5.95256, 44.823], [5.95223, 44.82314], [5.95106, 44.82298], [5.94953, 44.82294], [5.94675, 44.8231], [5.94511, 44.82348], [5.94365, 44.82418], [5.94206, 44.82449], [5.93667, 44.8248], [5.93425, 44.82515], [5.93249, 44.82573], [5.93221, 44.82598], [5.93182, 44.82654], [5.93138, 44.82682], [5.92892, 44.82759], [5.92743, 44.82788], [5.9263, 44.82847], [5.92404, 44.82884], [5.92064, 44.82989], [5.92016, 44.83027], [5.91968, 44.83081], [5.91841, 44.83153], [5.91783, 44.83177], [5.91711, 44.83185], [5.9113, 44.83203], [5.91083, 44.83217], [5.91082, 44.83231], [5.91092, 44.83236], [5.9117, 44.83239], [5.91208, 44.83253], [5.91309, 44.83354], [5.91426, 44.83414], [5.91454, 44.83441], [5.9146, 44.83461], [5.91451, 44.83479], [5.9142, 44.83496], [5.91388, 44.83496], [5.91241, 44.8345], [5.9113, 44.83432], [5.90993, 44.83443], [5.90744, 44.83425], [5.90627, 44.8337], [5.9048, 44.83317], [5.90417, 44.83308], [5.90182, 44.83309], [5.90118, 44.83302], [5.89816, 44.83196], [5.89738, 44.83182], [5.8969, 44.83191], [5.89543, 44.8328], [5.89405, 44.83335], [5.89341, 44.83323], [5.89274, 44.83276], [5.89235, 44.8326], [5.89111, 44.83239], [5.89035, 44.83248], [5.8889, 44.83351], [5.88767, 44.83452], [5.88643, 44.83597], [5.88511, 44.83656], [5.88245, 44.83662], [5.88118, 44.83677], [5.87951, 44.83666], [5.87885, 44.83686], [5.87806, 44.83783], [5.87705, 44.83965], [5.87664, 44.84009], [5.87619, 44.8404], [5.87548, 44.84064], [5.87407, 44.84051], [5.87359, 44.84063], [5.87121, 44.84237], [5.86989, 44.84355], [5.86891, 44.84411], [5.86752, 44.84443], [5.8647, 44.84472], [5.8625, 44.84528], [5.86162, 44.84582], [5.86098, 44.84675], [5.86012, 44.8473], [5.85981, 44.84765], [5.8593189, 44.8487122], [5.85842, 44.85034], [5.85789, 44.85169], [5.85783, 44.85195], [5.85788, 44.85248], [5.85839, 44.85354], [5.85846, 44.85377], [5.85843, 44.85409], [5.85817, 44.8545], [5.85726, 44.8551], [5.85693, 44.85547], [5.85685, 44.85585], [5.85708, 44.85656], [5.85707, 44.85737], [5.85717, 44.8576], [5.8574, 44.85779], [5.85839, 44.85816], [5.85948, 44.85886], [5.86078, 44.8593], [5.86166, 44.85982], [5.86221, 44.86025], [5.86328, 44.86157], [5.86452, 44.86359], [5.86452, 44.86398], [5.8643, 44.8643], [5.86382, 44.86453], [5.86317, 44.86455], [5.8596, 44.86384], [5.85714, 44.8636], [5.85534, 44.86379], [5.85285, 44.86444], [5.85081, 44.86553], [5.84632, 44.86769], [5.8444, 44.86872], [5.84402, 44.86885], [5.84275, 44.869], [5.84241, 44.86918], [5.84197, 44.86965], [5.8416, 44.86991], [5.84116, 44.87004], [5.84025, 44.87015], [5.83991, 44.8703], [5.83967, 44.87059], [5.83867, 44.87282], [5.83861, 44.87352], [5.8387, 44.87418], [5.83863, 44.87449], [5.83835, 44.87483], [5.8368, 44.87621], [5.83638, 44.87637], [5.83592, 44.87641], [5.8355, 44.87634], [5.83431, 44.87577], [5.83382, 44.87573], [5.83335, 44.87581], [5.82784, 44.87855], [5.82804, 44.87926], [5.82836, 44.87957], [5.82946, 44.8803], [5.82976, 44.88089], [5.83005, 44.88127], [5.83337, 44.8834], [5.83546, 44.88438], [5.8372, 44.88558], [5.83764, 44.88601], [5.83792, 44.88722], [5.83743, 44.88876], [5.83723, 44.88917], [5.837, 44.88938], [5.83618, 44.8898], [5.836, 44.89022], [5.836, 44.89061], [5.83609, 44.8908], [5.8365413, 44.8911841], [5.83712, 44.89133], [5.83768, 44.89127], [5.83817, 44.89105], [5.83909, 44.89045], [5.84044, 44.88992], [5.84239, 44.88874], [5.84386, 44.88773], [5.84511, 44.88716], [5.84574, 44.88639], [5.84604, 44.88621], [5.84643, 44.88611], [5.84693, 44.88612], [5.84853, 44.88673], [5.85037, 44.88696], [5.85144, 44.88736], [5.85186, 44.88767], [5.85251, 44.88891], [5.85303, 44.88951], [5.8533, 44.89027], [5.85349, 44.89047], [5.85367, 44.8906], [5.85487, 44.89104], [5.85527, 44.89172], [5.85552, 44.89199], [5.8561, 44.89245], [5.8569, 44.89278], [5.85759, 44.89367], [5.85885, 44.89446], [5.85899, 44.89467], [5.85915, 44.89558], [5.85962, 44.8963], [5.86001, 44.8965], [5.86099, 44.89667], [5.86194, 44.89716], [5.86316, 44.89817], [5.86335, 44.8982], [5.86368, 44.89811], [5.86422, 44.89753], [5.86519, 44.89716], [5.86626, 44.89637], [5.86711, 44.89595], [5.8673, 44.89574], [5.86753, 44.89526], [5.86838, 44.89449], [5.86872, 44.89447], [5.86913, 44.8947], [5.8701, 44.89414], [5.87101, 44.89329], [5.87332, 44.89254], [5.87459, 44.89158], [5.87528, 44.89141], [5.87698, 44.89154], [5.87841, 44.89184], [5.87999, 44.89188], [5.88155, 44.89177], [5.88221, 44.89183], [5.88366, 44.89268], [5.88533, 44.89314], [5.89243, 44.89609], [5.89481, 44.89676], [5.89646, 44.89789], [5.8978, 44.89842], [5.90062, 44.89938], [5.90248, 44.89943], [5.90441, 44.90002], [5.90569, 44.90026], [5.90969, 44.90025], [5.9101, 44.90018], [5.91072, 44.89984], [5.91264, 44.89822], [5.91303, 44.89798], [5.91366, 44.89776], [5.91467, 44.89771], [5.91494, 44.89763], [5.91511, 44.89747], [5.91531, 44.89684], [5.91555, 44.89669], [5.91631, 44.8968], [5.91663, 44.89717], [5.91685, 44.8973], [5.91784, 44.89722], [5.91937, 44.8978], [5.92036, 44.89827], [5.92112, 44.89839], [5.92176, 44.89836], [5.92253, 44.8981], [5.92434, 44.89778], [5.92511, 44.89731], [5.9263, 44.89641], [5.92671, 44.89627], [5.92715, 44.89645], [5.92915, 44.89787], [5.93258, 44.89982], [5.93509, 44.90013], [5.93586, 44.90003], [5.93722, 44.89966], [5.93988, 44.89923], [5.9405, 44.8992], [5.9424, 44.8998], [5.94312, 44.90015], [5.9436, 44.90028], [5.94434, 44.90031], [5.94531, 44.90007], [5.94574, 44.90007], [5.94604, 44.90028], [5.94613, 44.90072], [5.94665, 44.90103], [5.94801, 44.90149], [5.94882, 44.90142], [5.94897, 44.90148], [5.94824, 44.90306], [5.9477, 44.90499], [5.94763, 44.90581], [5.94784, 44.90632], [5.94866, 44.90722], [5.94908, 44.90889], [5.94932, 44.90924], [5.94981, 44.90968], [5.95036, 44.91057], [5.95076, 44.9121], [5.95092, 44.91375], [5.95108, 44.91404], [5.95259, 44.91509], [5.95414, 44.9158], [5.95681, 44.91671], [5.95806, 44.91697], [5.95897, 44.91695], [5.95933, 44.91703], [5.96048, 44.91782], [5.96153, 44.9181], [5.96169, 44.91821], [5.96216, 44.91937], [5.96386, 44.92141], [5.96453, 44.92208], [5.96575, 44.92424], [5.96641, 44.92492], [5.96709, 44.92695], [5.96791, 44.92762], [5.96907, 44.92884], [5.96961, 44.92959], [5.97039, 44.93023], [5.97056, 44.93047], [5.97109, 44.93154], [5.97113, 44.9321], [5.97104, 44.93332], [5.97145, 44.93403], [5.97269, 44.93529], [5.97416, 44.9366], [5.97316, 44.93786], [5.9719, 44.94206], [5.97038, 44.94489], [5.96989, 44.9455], [5.96834, 44.94682], [5.96719, 44.94822], [5.9667, 44.94938], [5.9666, 44.95028], [5.96638, 44.95106], [5.96642, 44.95188], [5.96606, 44.95294], [5.96486, 44.95419], [5.96226, 44.9559], [5.96149, 44.9569], [5.96147, 44.95707], [5.96168, 44.95738], [5.96171, 44.9576], [5.96147, 44.95857], [5.96107, 44.95914], [5.96101, 44.95938], [5.96124, 44.96044], [5.96157, 44.96127], [5.96141, 44.96223], [5.96157, 44.96307], [5.9613, 44.96363], [5.96141, 44.96439], [5.96087, 44.9649], [5.96079, 44.96525], [5.96091, 44.96576], [5.96095, 44.96681], [5.96135, 44.9684], [5.96122, 44.96905], [5.96077, 44.96992], [5.95946, 44.9706], [5.95936, 44.97089], [5.96204, 44.97908], [5.9623, 44.97932], [5.96388, 44.98023], [5.96409, 44.9805], [5.96404, 44.98088], [5.96329, 44.98197], [5.96335, 44.98239], [5.96378, 44.98269], [5.96507, 44.98304], [5.96537, 44.98319], [5.96868, 44.98573], [5.96924, 44.98596], [5.97028, 44.98605], [5.97057, 44.98624], [5.97046, 44.98647], [5.96598, 44.99025], [5.96599, 44.99037], [5.96616, 44.99047], [5.96865, 44.99102], [5.96883, 44.99112], [5.96885, 44.99124], [5.967208, 44.9930212], [5.96612, 44.99446], [5.96556, 44.99501], [5.96554, 44.99514], [5.96581, 44.99528], [5.9709, 44.99612], [5.97277, 44.99623], [5.97299, 44.99634], [5.97083, 44.99889], [5.96949, 45.00015], [5.96914, 45.00062], [5.96705, 45.0047], [5.96693, 45.00549], [5.96823, 45.01248], [5.96914, 45.01542], [5.96949, 45.01601], [5.97168, 45.01871], [5.97195, 45.01893], [5.97278, 45.01935], [5.97305, 45.01967], [5.97322, 45.02026], [5.97357, 45.02308], [5.97431, 45.02482], [5.9747302, 45.0263109], [5.97477, 45.02769], [5.97577, 45.02974], [5.97607, 45.03012], [5.97601, 45.03019], [5.97588, 45.03015], [5.97428, 45.02847], [5.97311, 45.02749], [5.97294, 45.02749], [5.97357, 45.02861], [5.97396, 45.02913], [5.97421, 45.02972], [5.97482, 45.03062], [5.97494, 45.03092], [5.97509, 45.03207], [5.97492, 45.03271], [5.9742, 45.03348], [5.97411, 45.03414], [5.97417, 45.03448], [5.97451, 45.03494], [5.9753, 45.03506], [5.97587, 45.03547], [5.97747, 45.03757], [5.97776, 45.03757], [5.97825, 45.03708], [5.97842, 45.0371], [5.97789, 45.03783], [5.97759, 45.03799], [5.97738, 45.03796], [5.97682, 45.03759], [5.9765, 45.03748], [5.97529, 45.03742], [5.97473, 45.03723], [5.97459, 45.03732], [5.97661, 45.03822], [5.97751, 45.03892], [5.97776, 45.03926], [5.97815, 45.03946], [5.97836, 45.03992], [5.97883, 45.04041], [5.97979, 45.04079], [5.98055, 45.04081], [5.98092, 45.04093], [5.9822, 45.04207], [5.98305, 45.04301], [5.98336, 45.04399], [5.98387, 45.04428], [5.9844, 45.04474], [5.98457, 45.04513], [5.98462, 45.0472], [5.98495, 45.04814], [5.98486, 45.04859], [5.98535, 45.04911], [5.98533, 45.04965], [5.98546, 45.0499], [5.98564, 45.05006], [5.98648, 45.05013], [5.98693, 45.0503], [5.98718, 45.05067], [5.98717, 45.05118], [5.98724, 45.05134], [5.98758, 45.05144], [5.98823, 45.05143], [5.98889, 45.05161], [5.98919, 45.0518], [5.98984, 45.05246], [5.98981, 45.05346], [5.98945, 45.05391], [5.98903, 45.0547], [5.98904, 45.05491], [5.98937, 45.05566], [5.98969, 45.05585], [5.99026, 45.05588], [5.99181, 45.05558], [5.99235, 45.05539], [5.99255, 45.05541], [5.99394, 45.05708], [5.99425, 45.05778], [5.99428, 45.0583], [5.99469, 45.05851], [5.99554, 45.05929], [5.99552, 45.05983], [5.99607, 45.06052], [5.99623, 45.06103], [5.99611, 45.06173], [5.99637, 45.06214], [5.99706, 45.06283], [5.99739, 45.0634], [5.99753, 45.06381], [5.99741, 45.06418], [5.99744, 45.0643], [5.99802, 45.06489], [5.99834, 45.06541], [5.99916, 45.06616], [5.9994, 45.06673], [5.99933, 45.06726], [5.99973, 45.06802], [6.0002, 45.06837], [6.0004, 45.06866], [6.00037, 45.06889], [5.99986, 45.06924], [5.99985, 45.06979], [5.99996, 45.06993], [6.00018, 45.06995], [6.00078, 45.06967], [6.00182, 45.06964], [6.00215, 45.06985], [6.00237, 45.07056], [6.00362, 45.07135], [6.00463, 45.07138], [6.00535, 45.07165], [6.00631, 45.07188], [6.00667, 45.07186], [6.00714, 45.07163], [6.00738, 45.0716], [6.0091, 45.07198], [6.01019, 45.07205], [6.01431, 45.07349], [6.01494, 45.07383], [6.0153, 45.07389], [6.01556, 45.07381], [6.01576, 45.07367], [6.01627, 45.07296], [6.0172, 45.07212], [6.01753, 45.07207], [6.01796, 45.07215], [6.01947, 45.07022], [6.02429, 45.0639], [6.02441, 45.06348], [6.02467, 45.0634], [6.02902, 45.05767], [6.02946, 45.05688], [6.02983, 45.05514], [6.03001, 45.05503], [6.03075, 45.0549], [6.03178, 45.05476], [6.03214, 45.05478], [6.03289, 45.05521], [6.03627, 45.05817], [6.03763, 45.05907], [6.03782, 45.05903], [6.03808, 45.05918], [6.038, 45.05938], [6.03779, 45.05944], [6.03775, 45.06006], [6.03742, 45.06147], [6.03702, 45.06227], [6.03699, 45.06263], [6.03726, 45.06303], [6.03999, 45.06498], [6.04012, 45.06523], [6.0396, 45.06663], [6.03942, 45.06778], [6.03925, 45.06819], [6.03925, 45.06896], [6.03872, 45.07017], [6.03871, 45.07054], [6.03904, 45.07182], [6.03919, 45.07184], [6.03927, 45.07174], [6.03914, 45.07103], [6.03934, 45.0705], [6.03964, 45.07015], [6.04083, 45.06925], [6.04118, 45.06799], [6.04205, 45.06648], [6.04218, 45.06642], [6.04227, 45.06651], [6.04175, 45.06761], [6.04185, 45.06792], [6.04197, 45.06801], [6.0421, 45.06792], [6.04194, 45.06767], [6.04196, 45.06746], [6.04259, 45.06688], [6.04309, 45.06601], [6.04327, 45.06596], [6.04333, 45.06606], [6.0431, 45.06679], [6.04285, 45.06713], [6.04283, 45.0676], [6.04263, 45.06813], [6.0427, 45.06887], [6.0429, 45.06884], [6.04281, 45.06839], [6.04292, 45.06814], [6.04367, 45.06725], [6.04398, 45.06722], [6.04454, 45.06778], [6.0449, 45.06881], [6.04551, 45.06934], [6.04589, 45.07003], [6.0469, 45.07064], [6.04815, 45.0719], [6.04807, 45.07198], [6.04792, 45.07196], [6.04752, 45.07155], [6.04667, 45.07108], [6.04506, 45.0711], [6.04441, 45.07089], [6.04427, 45.07094], [6.0443, 45.07103], [6.04493, 45.07132], [6.04606, 45.07152], [6.04657, 45.07174], [6.04698, 45.07208], [6.04752, 45.07276], [6.0478, 45.07345], [6.04821, 45.07362], [6.04859, 45.07369], [6.04886, 45.07364], [6.0492, 45.0734], [6.04979, 45.07324], [6.05106, 45.07247], [6.05127, 45.07252], [6.05085, 45.0728], [6.05017, 45.07362], [6.04968, 45.07399], [6.04956, 45.07456], [6.04935, 45.07479], [6.04862, 45.07502], [6.04778, 45.07478], [6.04765, 45.07482], [6.04767, 45.0749], [6.04873, 45.07524], [6.04976, 45.0752], [6.05004, 45.075], [6.05035, 45.07444], [6.05091, 45.07414], [6.05202, 45.07322], [6.05217, 45.07326], [6.05096, 45.07454], [6.05064, 45.0754], [6.05024, 45.07587], [6.04894, 45.07636], [6.04796, 45.0763], [6.0473, 45.07659], [6.04744, 45.07667], [6.04806, 45.0765], [6.04872, 45.07671], [6.04924, 45.07673], [6.05075, 45.07646], [6.05155, 45.07598], [6.05209, 45.07523], [6.05226, 45.07483], [6.05243, 45.07479], [6.05248, 45.07491], [6.05217, 45.0754], [6.05179, 45.07657], [6.05164, 45.07681], [6.04947, 45.07805], [6.04838, 45.07793], [6.04797, 45.07781], [6.04784, 45.07783], [6.04781, 45.07792], [6.04927, 45.07843], [6.04995, 45.07842], [6.05237, 45.07766], [6.05279, 45.07743], [6.05316, 45.07711], [6.05339, 45.07708], [6.05353, 45.07721], [6.05371, 45.07774], [6.05412, 45.07825], [6.05467, 45.07919], [6.05463, 45.07979], [6.05485, 45.08057], [6.05502, 45.08075], [6.05544, 45.08081], [6.05558, 45.0807], [6.05577, 45.0803], [6.05597, 45.08017], [6.05666, 45.08006], [6.05696, 45.0801], [6.05859, 45.08076], [6.05967, 45.08138], [6.06174, 45.08198], [6.0623, 45.08223], [6.06215, 45.08235], [6.06175, 45.08214], [6.06134, 45.08209], [6.05824, 45.08224], [6.05797, 45.08229], [6.05772, 45.08244], [6.05762, 45.08266], [6.05749, 45.08354], [6.05759, 45.08368], [6.05822, 45.0832], [6.05863, 45.08306], [6.05917, 45.08301], [6.05999, 45.08306], [6.06185, 45.08344], [6.06257, 45.08351], [6.06263, 45.0836], [6.06253, 45.08367], [6.06149, 45.08362], [6.0605, 45.08403], [6.06026, 45.08435], [6.06008, 45.08494], [6.05977, 45.08553], [6.05879, 45.08648], [6.05833, 45.08722], [6.05801, 45.08756], [6.05672, 45.08833], [6.05642, 45.08835], [6.05595, 45.08813], [6.05583, 45.08815], [6.05636, 45.08891], [6.05692, 45.08911], [6.05817, 45.08916], [6.05976, 45.08888], [6.06036, 45.08869], [6.06047, 45.08877], [6.05938, 45.08982], [6.05779, 45.09086], [6.05681, 45.09132], [6.0562, 45.09142], [6.05548, 45.09137], [6.05536, 45.09143], [6.05539, 45.09154], [6.05726, 45.09184], [6.05884, 45.09174], [6.0613, 45.09125], [6.06263, 45.09086], [6.0637, 45.09072], [6.06512, 45.09039], [6.06547, 45.0906], [6.0655, 45.09079], [6.0654, 45.09094], [6.06468, 45.09101], [6.06403, 45.09118], [6.06187, 45.09255], [6.06126, 45.09272], [6.06123, 45.09281], [6.06374, 45.09261], [6.06677, 45.09299], [6.06757, 45.09336], [6.0683, 45.09306], [6.06837, 45.09292], [6.0686, 45.09297], [6.06987, 45.09248], [6.07184, 45.09255], [6.07184, 45.09265], [6.07195, 45.09271], [6.07161, 45.0932], [6.0712364, 45.0939955]]}, "properties": {"stage": 19, "source": "aso-arcgis", "length_km": 127.9, "official_km": 127.9, "licence": "All rights reserved (Amaury Sport Organisation)"}}, {"type": "Feature", "geometry": {"type": "LineString", "coordinates": [[6.0095864, 45.0982318], [6.00607, 45.11319], [6.00584, 45.1139], [6.00556, 45.11423], [6.00641, 45.11441], [6.01186, 45.11495], [6.01258, 45.11516], [6.01288, 45.11533], [6.01451, 45.11683], [6.01744, 45.11923], [6.01869, 45.11991], [6.02093, 45.12083], [6.02196, 45.12105], [6.02224, 45.12118], [6.02254, 45.12141], [6.02278, 45.12198], [6.02308, 45.12226], [6.02433, 45.12262], [6.03729, 45.12786], [6.03831, 45.1279], [6.04143, 45.12923], [6.04186, 45.12918], [6.04343, 45.12841], [6.04387, 45.128], [6.04411, 45.12805], [6.04412, 45.12819], [6.04401, 45.12829], [6.0415, 45.13027], [6.04074, 45.13055], [6.04074, 45.13067], [6.04082, 45.13071], [6.04102, 45.13075], [6.04125, 45.13064], [6.04545, 45.12805], [6.04605, 45.12839], [6.04755, 45.12934], [6.04782, 45.12965], [6.04902, 45.1337], [6.04953, 45.1362], [6.04945, 45.13641], [6.04859, 45.13751], [6.04845, 45.13785], [6.04842, 45.13817], [6.04852, 45.13851], [6.0489, 45.1392], [6.04897, 45.1396], [6.04893, 45.14025], [6.04909, 45.14102], [6.04924, 45.14134], [6.05028, 45.14303], [6.05053, 45.14336], [6.05105, 45.14382], [6.05154, 45.14452], [6.05201, 45.1446], [6.0529, 45.14439], [6.05376, 45.14449], [6.05423, 45.14467], [6.05448, 45.14497], [6.0545, 45.14518], [6.05439, 45.14537], [6.05394, 45.14567], [6.05167, 45.1461], [6.05096, 45.14666], [6.05074, 45.14723], [6.05052, 45.14747], [6.04977, 45.14799], [6.04897, 45.14819], [6.04871, 45.14834], [6.04841, 45.14888], [6.04823, 45.14986], [6.04712, 45.15158], [6.04648, 45.15218], [6.04621, 45.15278], [6.04558, 45.15346], [6.0454, 45.15456], [6.04513, 45.15533], [6.04454, 45.15585], [6.04423, 45.15638], [6.04353, 45.15723], [6.04326, 45.15813], [6.04298, 45.15856], [6.04285, 45.15922], [6.04217, 45.16037], [6.04205, 45.1607], [6.04201, 45.16127], [6.04222, 45.16243], [6.04216, 45.16404], [6.04166, 45.1672], [6.04112, 45.16835], [6.04072, 45.16866], [6.04012, 45.16895], [6.03983, 45.16925], [6.03968, 45.16977], [6.03816, 45.17208], [6.03785, 45.17299], [6.03768, 45.17398], [6.03715, 45.17471], [6.03688, 45.17585], [6.03691, 45.17638], [6.03628, 45.17717], [6.03676, 45.1778], [6.03655, 45.17833], [6.03662, 45.17889], [6.0364, 45.17934], [6.03584, 45.17995], [6.03508, 45.18169], [6.03495, 45.18219], [6.03493, 45.18296], [6.0345, 45.18551], [6.03379, 45.18699], [6.03389, 45.1873], [6.03496, 45.18871], [6.03569, 45.19018], [6.03616, 45.19169], [6.03647, 45.19218], [6.03661, 45.19284], [6.03743, 45.1937], [6.03787, 45.1945], [6.03803, 45.1952], [6.03872, 45.19612], [6.03898, 45.19761], [6.03937, 45.19874], [6.03908, 45.19966], [6.03914, 45.20012], [6.03949, 45.20099], [6.03955, 45.20161], [6.04033, 45.20243], [6.04024, 45.20309], [6.04176, 45.20449], [6.04315, 45.20508], [6.04341, 45.20526], [6.04386, 45.20623], [6.0446, 45.20702], [6.04476, 45.20737], [6.04486, 45.2081], [6.04549, 45.20857], [6.04547, 45.20882], [6.04522, 45.2092], [6.04525, 45.20937], [6.04545, 45.20947], [6.04625, 45.20942], [6.04646, 45.2095], [6.0466, 45.20995], [6.04701, 45.21034], [6.04741, 45.21109], [6.04764, 45.21127], [6.04791, 45.21125], [6.04846, 45.21087], [6.04942, 45.21076], [6.05041, 45.21119], [6.05077, 45.2111], [6.05115, 45.21081], [6.0514, 45.21078], [6.05273, 45.21094], [6.05488, 45.21083], [6.0556, 45.21091], [6.05687, 45.21085], [6.05692, 45.21078], [6.05685, 45.21072], [6.05547, 45.2105], [6.05659, 45.21022], [6.05722, 45.21018], [6.0573, 45.21012], [6.05726, 45.21004], [6.05607, 45.20976], [6.05571, 45.20973], [6.05518, 45.20981], [6.05511, 45.20972], [6.05574, 45.20949], [6.0573, 45.20927], [6.05753, 45.20913], [6.05774, 45.20885], [6.05811, 45.20871], [6.06217, 45.20803], [6.06391, 45.20787], [6.06451, 45.20769], [6.06556, 45.20723], [6.06813, 45.20588], [6.069, 45.20567], [6.07127, 45.20482], [6.07198, 45.20468], [6.0727, 45.20431], [6.07356, 45.20438], [6.07441, 45.20387], [6.07507, 45.20373], [6.07608, 45.20278], [6.07666, 45.2024], [6.07674, 45.20223], [6.07665, 45.20196], [6.0767, 45.20188], [6.07687, 45.20193], [6.0770865, 45.2023512], [6.07667, 45.20315], [6.0763, 45.20366], [6.07639, 45.20375], [6.07651, 45.20372], [6.07884, 45.20153], [6.07997, 45.20141], [6.08115, 45.20118], [6.08289, 45.20131], [6.08331, 45.20126], [6.08392, 45.20105], [6.08454, 45.20105], [6.08535, 45.20131], [6.08613, 45.20173], [6.08779, 45.20315], [6.0883, 45.20345], [6.08963, 45.20385], [6.09027, 45.20374], [6.09072, 45.20377], [6.09126, 45.20401], [6.09211, 45.20415], [6.09389, 45.20464], [6.09463, 45.20471], [6.09657, 45.20454], [6.09729, 45.20459], [6.09858, 45.20435], [6.10191, 45.20458], [6.10363, 45.20524], [6.10512, 45.20562], [6.10729, 45.20649], [6.10893, 45.20683], [6.1089, 45.20692], [6.10875, 45.20695], [6.10815, 45.2068], [6.10558, 45.20647], [6.10495, 45.20622], [6.10422, 45.20608], [6.10341, 45.2057], [6.10316, 45.20574], [6.1032, 45.20583], [6.10362, 45.20591], [6.10466, 45.20633], [6.10554, 45.20685], [6.10734, 45.20745], [6.10811, 45.20754], [6.10937, 45.20789], [6.11186, 45.20775], [6.11287, 45.20793], [6.11369, 45.20788], [6.1154, 45.20833], [6.11622, 45.20845], [6.11733, 45.20851], [6.11827, 45.20844], [6.11911, 45.20863], [6.12045, 45.20863], [6.12172, 45.20893], [6.12428, 45.20994], [6.12583, 45.21034], [6.12723, 45.21102], [6.12753, 45.21127], [6.1278, 45.21175], [6.12876, 45.21228], [6.13108, 45.21443], [6.13184, 45.21573], [6.1334, 45.21758], [6.13433, 45.21882], [6.13552, 45.22009], [6.13677, 45.22201], [6.13714, 45.22232], [6.13863, 45.22297], [6.1388, 45.22318], [6.13883, 45.22337], [6.13857, 45.22395], [6.1386, 45.22412], [6.1388, 45.22429], [6.13979, 45.22474], [6.14171, 45.22522], [6.14509, 45.22644], [6.1474, 45.2267], [6.14895, 45.22669], [6.14938, 45.22687], [6.14995, 45.2273], [6.15115, 45.2275], [6.15169, 45.22789], [6.15244, 45.22804], [6.15355, 45.22844], [6.15421, 45.22858], [6.15492, 45.22845], [6.1553, 45.22847], [6.1564, 45.22901], [6.15733, 45.2296], [6.15914, 45.23014], [6.15961, 45.2306], [6.16105, 45.23132], [6.16151, 45.23169], [6.16222, 45.23194], [6.16372, 45.23219], [6.16642, 45.233], [6.16735, 45.23318], [6.16813, 45.23347], [6.16891, 45.23364], [6.16987, 45.23411], [6.17091, 45.23438], [6.17206, 45.2349], [6.17256, 45.23562], [6.17329, 45.23596], [6.17365, 45.23639], [6.17435, 45.2366], [6.17463, 45.23678], [6.17512, 45.23752], [6.17543, 45.23817], [6.17561, 45.23836], [6.17588, 45.23849], [6.17637, 45.2385], [6.17723, 45.23871], [6.17775, 45.2387], [6.17928, 45.23897], [6.18081, 45.23909], [6.18148, 45.23908], [6.18238, 45.23892], [6.18346, 45.23895], [6.18442, 45.23887], [6.18528, 45.23926], [6.18563, 45.23914], [6.18585, 45.23867], [6.18615, 45.23843], [6.18798, 45.23765], [6.19088, 45.23685], [6.19278, 45.23554], [6.19318, 45.23476], [6.19322, 45.23429], [6.19335, 45.23412], [6.19519, 45.23338], [6.19615, 45.23322], [6.19655, 45.23308], [6.19724, 45.2327], [6.19846, 45.23171], [6.20006, 45.23097], [6.20102, 45.2304], [6.20215, 45.22953], [6.20234, 45.22869], [6.20262, 45.22794], [6.2028, 45.22767], [6.2031, 45.22752], [6.20372, 45.22746], [6.20432, 45.22756], [6.20454, 45.22776], [6.20466, 45.22828], [6.20484, 45.22846], [6.20883, 45.23045], [6.20951, 45.23066], [6.21053, 45.23072], [6.21064, 45.23065], [6.21055, 45.23058], [6.20998, 45.23057], [6.2096, 45.2304], [6.20877, 45.22909], [6.20881, 45.22898], [6.21039, 45.22897], [6.21111, 45.22886], [6.21235, 45.22893], [6.21321, 45.22858], [6.21348, 45.22856], [6.21405, 45.22909], [6.21489, 45.22926], [6.21504, 45.2295], [6.2152, 45.23004], [6.21545, 45.2304], [6.21576, 45.23065], [6.21666, 45.23107], [6.21667, 45.23096], [6.21631, 45.23076], [6.21611, 45.23054], [6.21593, 45.22932], [6.21542, 45.22878], [6.21495, 45.22791], [6.21462, 45.22767], [6.21345, 45.22723], [6.21319, 45.22696], [6.21284, 45.22632], [6.21249, 45.22594], [6.21253, 45.22583], [6.21267, 45.22585], [6.21371, 45.22672], [6.21496, 45.22734], [6.21662, 45.22795], [6.21679, 45.22792], [6.21583, 45.22753], [6.21513, 45.22706], [6.21441, 45.22635], [6.21359, 45.22511], [6.2131, 45.22456], [6.2122, 45.22391], [6.21193, 45.22363], [6.21167, 45.22303], [6.21167, 45.22256], [6.21187, 45.22192], [6.21235, 45.22127], [6.21248, 45.22134], [6.21237, 45.22177], [6.21256, 45.22231], [6.21288, 45.22273], [6.21357, 45.2234], [6.21439, 45.22396], [6.21541, 45.22416], [6.21715, 45.22525], [6.21724, 45.22513], [6.21689, 45.22485], [6.2163, 45.22397], [6.21612, 45.2236], [6.21606, 45.22323], [6.21586, 45.22293], [6.21594, 45.22264], [6.21645, 45.222], [6.2168, 45.22138], [6.2173, 45.22087], [6.21731, 45.22066], [6.21709, 45.22003], [6.21715, 45.21982], [6.21728, 45.21985], [6.21741, 45.22017], [6.21769, 45.22035], [6.21991, 45.22089], [6.22044, 45.22143], [6.22125, 45.22152], [6.22229, 45.22204], [6.22338, 45.22213], [6.22368, 45.22211], [6.2238, 45.222], [6.22295, 45.22185], [6.22277, 45.22159], [6.22292, 45.22121], [6.22329, 45.22067], [6.22335, 45.22036], [6.22344, 45.22033], [6.22372, 45.22049], [6.22409, 45.2211], [6.22431, 45.22118], [6.22514, 45.22106], [6.22615, 45.22105], [6.22646, 45.22109], [6.22689, 45.22135], [6.22721, 45.22139], [6.23155, 45.22141], [6.23264, 45.22156], [6.23454, 45.2211], [6.23567, 45.22102], [6.23707, 45.22076], [6.23784, 45.22022], [6.23798, 45.22027], [6.23967, 45.22007], [6.24111, 45.21946], [6.24175, 45.21902], [6.24328, 45.21842], [6.24445, 45.2177], [6.24576, 45.21762], [6.24613, 45.21749], [6.24786, 45.21657], [6.24819, 45.21627], [6.24867, 45.21559], [6.24928, 45.21517], [6.24986, 45.21501], [6.25161, 45.21494], [6.25197, 45.21483], [6.25214, 45.21456], [6.25255, 45.21323], [6.25283, 45.21292], [6.25351, 45.21254], [6.25444, 45.21229], [6.25722, 45.21109], [6.25756, 45.21081], [6.25803, 45.21011], [6.25885, 45.2096], [6.26038, 45.20902], [6.26156, 45.20871], [6.2622, 45.2083], [6.26251, 45.208], [6.26317, 45.2067], [6.26394, 45.20612], [6.26451, 45.20589], [6.26558, 45.20472], [6.26589, 45.20396], [6.26629, 45.20355], [6.26725, 45.20321], [6.26781, 45.20291], [6.26828, 45.20244], [6.26941, 45.20168], [6.27096, 45.20129], [6.27214, 45.20111], [6.27294, 45.20076], [6.27323, 45.20079], [6.27383, 45.20115], [6.27419, 45.20118], [6.27453, 45.20106], [6.27565, 45.20037], [6.27596, 45.20004], [6.27652, 45.19968], [6.27692, 45.19931], [6.27767, 45.19899], [6.27836, 45.19834], [6.2793, 45.19797], [6.27964, 45.19771], [6.28007, 45.19717], [6.28123, 45.19681], [6.28188, 45.19646], [6.28195, 45.19632], [6.28171, 45.19609], [6.28175, 45.19595], [6.28383, 45.19466], [6.28458, 45.19354], [6.28581, 45.19251], [6.28609, 45.19249], [6.28649, 45.19268], [6.28695, 45.19274], [6.28733, 45.19264], [6.28774, 45.19237], [6.28812, 45.19223], [6.28935, 45.19222], [6.29016, 45.19278], [6.29058, 45.1929], [6.29173, 45.19245], [6.29272, 45.19235], [6.2935, 45.19283], [6.29476, 45.19326], [6.29634, 45.19354], [6.29736, 45.19392], [6.29788, 45.19443], [6.29871, 45.19587], [6.30028, 45.19619], [6.30115, 45.19691], [6.30114, 45.19765], [6.30129, 45.19794], [6.30179, 45.19809], [6.30276, 45.19798], [6.30321, 45.19806], [6.30331, 45.19823], [6.30305, 45.1991], [6.30242, 45.20015], [6.3024, 45.20044], [6.30254, 45.20095], [6.30304, 45.20147], [6.30429, 45.20217], [6.30473, 45.20228], [6.30602, 45.20225], [6.30631, 45.20234], [6.30659, 45.20297], [6.30678, 45.20382], [6.30729, 45.20458], [6.30768, 45.20496], [6.30834, 45.20628], [6.30867, 45.20758], [6.30915, 45.20814], [6.30913, 45.20844], [6.30892, 45.20896], [6.30786, 45.20946], [6.30671, 45.21046], [6.3064, 45.21088], [6.30644, 45.21116], [6.30685, 45.21163], [6.30599, 45.21612], [6.30553, 45.21803], [6.30588, 45.21864], [6.30589, 45.21913], [6.30569, 45.21988], [6.30532, 45.22039], [6.30505, 45.2206], [6.3043, 45.22095], [6.30363, 45.22161], [6.3036, 45.2218], [6.30407, 45.22235], [6.304, 45.22254], [6.30362, 45.22298], [6.3037, 45.22312], [6.30404, 45.22334], [6.30409, 45.22378], [6.3037, 45.22465], [6.3037, 45.2249], [6.30396, 45.22538], [6.30429, 45.22573], [6.30433, 45.22594], [6.30401, 45.2271], [6.30306, 45.22757], [6.30277, 45.22775], [6.30258, 45.22798], [6.30267, 45.22813], [6.30363, 45.22842], [6.3038, 45.22854], [6.30401, 45.22904], [6.3034, 45.22928], [6.30335, 45.22949], [6.30431, 45.22976], [6.30449, 45.22989], [6.30467, 45.23018], [6.30477, 45.23067], [6.30445, 45.23123], [6.30459, 45.23158], [6.30464, 45.23228], [6.30487, 45.2329], [6.30489, 45.23322], [6.30504, 45.23329], [6.30512, 45.23324], [6.30506, 45.23236], [6.30539, 45.23167], [6.3054, 45.23138], [6.30592, 45.231], [6.30615, 45.23057], [6.3061, 45.23035], [6.30561, 45.22997], [6.30555, 45.22979], [6.30568, 45.22969], [6.30632, 45.2296], [6.3065, 45.22941], [6.30619, 45.22875], [6.3062, 45.2286], [6.30646, 45.22852], [6.3072, 45.2288], [6.30743, 45.22878], [6.30832, 45.22777], [6.30836, 45.22757], [6.30826, 45.22723], [6.30833, 45.22704], [6.30886, 45.22667], [6.30966, 45.22592], [6.30965, 45.22577], [6.30926, 45.22516], [6.30867, 45.22464], [6.30825, 45.22403], [6.30821, 45.22326], [6.30831, 45.22321], [6.30841, 45.22328], [6.30849, 45.22394], [6.30875, 45.22425], [6.30932, 45.22464], [6.31005, 45.22491], [6.31082, 45.22581], [6.31048, 45.22645], [6.31005, 45.22686], [6.30973, 45.22735], [6.30994, 45.22797], [6.3105, 45.22849], [6.31029, 45.22909], [6.30981, 45.22947], [6.30986, 45.22963], [6.31033, 45.2301], [6.3105, 45.23057], [6.31044, 45.23086], [6.31009, 45.23128], [6.31017, 45.23139], [6.31092, 45.2317], [6.31124, 45.23256], [6.31162, 45.23286], [6.31161, 45.23385], [6.3122, 45.23491], [6.3124, 45.2359], [6.31238, 45.23672], [6.31267, 45.23733], [6.31326, 45.23796], [6.31322, 45.23808], [6.31274, 45.23829], [6.31126, 45.2383], [6.31044, 45.23847], [6.31008, 45.23872], [6.31002, 45.23924], [6.31016, 45.23943], [6.3104, 45.23951], [6.31186, 45.23944], [6.31321, 45.23966], [6.31511, 45.23968], [6.31545, 45.23977], [6.31564, 45.23991], [6.31602, 45.24055], [6.31608, 45.2408], [6.31597, 45.24122], [6.31617, 45.24159], [6.31572, 45.24199], [6.31568, 45.24262], [6.31611, 45.24355], [6.3162, 45.24399], [6.31656, 45.2444], [6.3168, 45.24492], [6.31676, 45.24507], [6.31641, 45.24544], [6.31637, 45.24571], [6.31664, 45.24596], [6.31735, 45.24609], [6.31748, 45.24624], [6.31721, 45.24658], [6.31592, 45.24734], [6.3155, 45.24792], [6.31552, 45.24838], [6.31543, 45.24875], [6.31625, 45.24972], [6.3162, 45.24998], [6.31585, 45.25048], [6.31586, 45.25062], [6.31606, 45.25074], [6.31664, 45.25074], [6.31693, 45.25082], [6.31715, 45.25099], [6.31723, 45.25116], [6.31723, 45.25155], [6.31714, 45.25179], [6.31645, 45.25229], [6.3168, 45.25309], [6.317, 45.25331], [6.31748, 45.25345], [6.31795, 45.25378], [6.31842, 45.25421], [6.31858, 45.2545], [6.31856, 45.2549], [6.31803, 45.25538], [6.31802, 45.25558], [6.31873, 45.2559], [6.32017, 45.25725], [6.32163, 45.25821], [6.32341, 45.2596], [6.32588, 45.26106], [6.32795, 45.26281], [6.32868, 45.26398], [6.33045, 45.26576], [6.33057, 45.2664], [6.33102, 45.26703], [6.33137, 45.26721], [6.33363, 45.26784], [6.33483, 45.2686], [6.33592, 45.26907], [6.33622, 45.26963], [6.33646, 45.2708], [6.33659, 45.271], [6.33745, 45.27105], [6.33848, 45.27064], [6.33869, 45.27041], [6.33858, 45.26998], [6.33869, 45.26983], [6.33883, 45.26991], [6.33915, 45.27058], [6.34001, 45.27196], [6.34049, 45.27233], [6.34115, 45.27242], [6.34362, 45.27221], [6.34364, 45.27211], [6.34375, 45.27207], [6.3449, 45.27282], [6.34515, 45.27284], [6.34624, 45.27231], [6.34711, 45.27162], [6.34879, 45.27163], [6.35075, 45.27212], [6.35156, 45.27158], [6.35276, 45.27099], [6.35552, 45.27052], [6.35747, 45.27053], [6.3608, 45.26995], [6.36708, 45.26834], [6.36754, 45.2684], [6.36766, 45.26832], [6.36825, 45.26826], [6.36888, 45.26809], [6.36908, 45.26795], [6.36933, 45.26796], [6.37157, 45.2673], [6.3744269, 45.26665], [6.3746732, 45.2663498], [6.3748594, 45.2662526], [6.3750216, 45.2663371], [6.3750036, 45.2664513], [6.3761689, 45.2669163], [6.3766135, 45.2670094], [6.3777248, 45.2664851], [6.3780912, 45.266447], [6.38124, 45.26641], [6.38133, 45.26649], [6.38327, 45.26637], [6.38383, 45.26626], [6.38423, 45.26606], [6.38453, 45.26578], [6.3861, 45.26308], [6.38637, 45.26227], [6.38665, 45.25989], [6.38722, 45.2588], [6.38957, 45.25642], [6.39047, 45.2556], [6.39111, 45.25516], [6.39205, 45.25479], [6.39427, 45.2543], [6.39429, 45.25413], [6.39443, 45.25406], [6.39472, 45.25416], [6.39914, 45.25294], [6.40019, 45.25273], [6.40241, 45.25256], [6.40767, 45.25251], [6.40945, 45.25227], [6.41097, 45.25178], [6.4169, 45.24896], [6.4184, 45.24835], [6.42857, 45.24538], [6.42979, 45.24492], [6.431, 45.24428], [6.43184, 45.2437], [6.43255, 45.24308], [6.43573, 45.2396], [6.43612, 45.23902], [6.43657, 45.23797], [6.43715, 45.23731], [6.43807, 45.23682], [6.44097, 45.23627], [6.44172, 45.23603], [6.44238, 45.2357], [6.44335, 45.2349], [6.44493, 45.2332], [6.4458733, 45.2323433], [6.44852, 45.23049], [6.44883, 45.2302], [6.44966, 45.22909], [6.45003, 45.22825], [6.45024, 45.22723], [6.45056, 45.22436], [6.45096, 45.22337], [6.45128, 45.22302], [6.45161, 45.22282], [6.45292, 45.22231], [6.45468, 45.22126], [6.45601, 45.22085], [6.4597, 45.22048], [6.46048, 45.22049], [6.46056, 45.2204], [6.46075, 45.22044], [6.46108, 45.2203], [6.46217, 45.22012], [6.46471, 45.21984], [6.46485, 45.21971], [6.46508, 45.21982], [6.46907, 45.21935], [6.47115, 45.21796], [6.47155, 45.21757], [6.47492, 45.21568], [6.47461, 45.21534], [6.47325, 45.21448], [6.47261, 45.2139], [6.4723, 45.21373], [6.47063, 45.21327], [6.4704, 45.21338], [6.47043, 45.21394], [6.47021, 45.21418], [6.4697, 45.21435], [6.46901, 45.21432], [6.46848, 45.21405], [6.46785, 45.21352], [6.46748, 45.21261], [6.46727, 45.21253], [6.46629, 45.2125], [6.46598, 45.21236], [6.46596, 45.21216], [6.46623, 45.21194], [6.46639, 45.21152], [6.46652, 45.21141], [6.46689, 45.21144], [6.46746, 45.21192], [6.46772, 45.2119], [6.46803, 45.21174], [6.46863, 45.21126], [6.46929, 45.21026], [6.46954, 45.21005], [6.46954, 45.20992], [6.4694, 45.20987], [6.46815, 45.21016], [6.46701, 45.21024], [6.46683, 45.21011], [6.46693, 45.21001], [6.46786, 45.20986], [6.46844, 45.20952], [6.46866, 45.20919], [6.46887, 45.20856], [6.46938, 45.20794], [6.46939, 45.2078], [6.46931, 45.20774], [6.46901, 45.20781], [6.46819, 45.20854], [6.46717, 45.20891], [6.4665, 45.20874], [6.46584, 45.20878], [6.4652, 45.20867], [6.46434, 45.20864], [6.46415, 45.2085], [6.46394, 45.20798], [6.46376, 45.20786], [6.46353, 45.20784], [6.46304, 45.20799], [6.46223, 45.20802], [6.46162, 45.20777], [6.4602, 45.20748], [6.45974, 45.20717], [6.45936, 45.20719], [6.45803, 45.20775], [6.45784, 45.20874], [6.45789, 45.20918], [6.45746, 45.20989], [6.45751, 45.21036], [6.45768, 45.21059], [6.45756, 45.21072], [6.4567, 45.21022], [6.45609, 45.21003], [6.45565, 45.21003], [6.45465, 45.21041], [6.4545, 45.21036], [6.45449, 45.21023], [6.45484, 45.21004], [6.4553, 45.20962], [6.45609, 45.20945], [6.45613, 45.20928], [6.45606, 45.20903], [6.45587, 45.20888], [6.45496, 45.20856], [6.45373, 45.20795], [6.45343, 45.20763], [6.45337, 45.20718], [6.45344, 45.20651], [6.45321, 45.20563], [6.45318, 45.20416], [6.45326, 45.20392], [6.45339, 45.20381], [6.4541754, 45.2036258], [6.45476, 45.20337], [6.45546, 45.20258], [6.45552, 45.20236], [6.45523, 45.20232], [6.45435, 45.20304], [6.45419, 45.2031], [6.45402, 45.20302], [6.45406, 45.20286], [6.45467, 45.2024], [6.45478, 45.2022], [6.4548, 45.20194], [6.45494, 45.20183], [6.4553, 45.20181], [6.45599, 45.20202], [6.45622, 45.20202], [6.4564, 45.20178], [6.45642, 45.20133], [6.45672, 45.20123], [6.45741, 45.2017], [6.45788, 45.20222], [6.45854, 45.20249], [6.45963, 45.20309], [6.46001, 45.20318], [6.46063, 45.20319], [6.46149, 45.20346], [6.46289, 45.20354], [6.46316, 45.20343], [6.46354, 45.20283], [6.46389, 45.20258], [6.4651, 45.20193], [6.4664, 45.20168], [6.46677, 45.20148], [6.46727, 45.20106], [6.46751, 45.20073], [6.46758, 45.20026], [6.46786, 45.1996], [6.46817, 45.19916], [6.46804, 45.19859], [6.4681, 45.19843], [6.46884, 45.198], [6.46946, 45.1979], [6.46957, 45.19781], [6.4694, 45.19767], [6.46892, 45.19779], [6.4685, 45.19791], [6.46757, 45.19836], [6.46736, 45.19863], [6.46717, 45.19945], [6.46705, 45.19952], [6.46689, 45.19947], [6.46701, 45.19891], [6.46699, 45.19854], [6.46709, 45.19829], [6.46745, 45.19792], [6.46828, 45.19729], [6.46838, 45.19665], [6.46874, 45.19603], [6.46866, 45.19592], [6.46843, 45.19595], [6.46832, 45.19629], [6.46781, 45.19676], [6.4671, 45.19724], [6.46689, 45.19718], [6.46693, 45.19706], [6.46752, 45.19658], [6.46796, 45.19586], [6.46842, 45.19544], [6.46898, 45.19475], [6.46893, 45.19458], [6.46829, 45.19397], [6.46821, 45.19372], [6.4683, 45.1934], [6.46824, 45.1933], [6.46802, 45.19337], [6.46798, 45.19436], [6.46754, 45.19523], [6.4669, 45.19556], [6.4666, 45.19613], [6.46629, 45.19649], [6.46592, 45.19669], [6.46484, 45.19684], [6.4646, 45.19696], [6.46446, 45.19712], [6.46427, 45.1976], [6.46424, 45.19821], [6.46266, 45.1988], [6.46215, 45.19907], [6.46189, 45.1993], [6.46166, 45.19937], [6.46033, 45.19895], [6.45982, 45.19851], [6.4592, 45.19776], [6.45899, 45.19658], [6.45872, 45.19613], [6.45829, 45.19579], [6.45817, 45.19478], [6.458, 45.19463], [6.45698, 45.19477], [6.45607, 45.19447], [6.45547, 45.19456], [6.45496, 45.19449], [6.45455, 45.19437], [6.454, 45.19403], [6.45335, 45.1938], [6.45302, 45.1936], [6.45256, 45.1935], [6.45154, 45.19372], [6.44926, 45.19491], [6.44872, 45.19502], [6.4478, 45.19505], [6.44732, 45.19532], [6.44689, 45.19587], [6.44621, 45.19629], [6.44582, 45.19689], [6.44578, 45.19772], [6.44556, 45.1986], [6.446, 45.19945], [6.44581, 45.19962], [6.44526, 45.19986], [6.44515, 45.20003], [6.44528, 45.20055], [6.44561, 45.20105], [6.44531, 45.20136], [6.4453, 45.20194], [6.4448, 45.20262], [6.44456, 45.20269], [6.44438, 45.2026], [6.44421, 45.2024], [6.44388, 45.20155], [6.44397, 45.20097], [6.4426, 45.19805], [6.44257, 45.1975], [6.44239, 45.19681], [6.4424, 45.19616], [6.44226, 45.19568], [6.4419, 45.195], [6.4418, 45.19386], [6.44146, 45.19315], [6.44091, 45.1926], [6.44072, 45.19229], [6.44044, 45.19096], [6.44057, 45.18988], [6.4405, 45.18949], [6.4399, 45.18865], [6.43941, 45.18715], [6.4393, 45.18642], [6.439, 45.18583], [6.43855, 45.18527], [6.43837, 45.18478], [6.43833, 45.18447], [6.43842, 45.18397], [6.43897, 45.18327], [6.4389, 45.18246], [6.43964, 45.18072], [6.43962, 45.18044], [6.4393, 45.18006], [6.43933, 45.17926], [6.43918, 45.17854], [6.43888, 45.1782], [6.4377, 45.17734], [6.43725, 45.1771], [6.43561, 45.17678], [6.4342, 45.17664], [6.43386, 45.17601], [6.43315, 45.1753], [6.43303, 45.17497], [6.43274, 45.17378], [6.43275, 45.17349], [6.433, 45.17302], [6.43374, 45.17242], [6.43391, 45.17152], [6.43409, 45.17105], [6.4341, 45.17042], [6.43475, 45.16958], [6.43473, 45.16937], [6.43435, 45.16862], [6.43441, 45.16811], [6.43429, 45.1677], [6.43376, 45.16707], [6.43295, 45.16664], [6.4322, 45.16547], [6.4319, 45.16521], [6.43174, 45.16515], [6.42997, 45.16551], [6.42999, 45.16424], [6.42628, 45.16403], [6.42498, 45.16403], [6.42453, 45.16412], [6.42404, 45.1638], [6.42337, 45.16397], [6.42298, 45.16395], [6.42272, 45.16377], [6.42201, 45.16207], [6.42169, 45.16032], [6.42142, 45.16013], [6.42152, 45.16004], [6.42149, 45.15958], [6.42071, 45.1561], [6.42066, 45.15557], [6.42081, 45.15421], [6.42067, 45.15331], [6.42076, 45.15267], [6.4202, 45.15144], [6.4205, 45.15074], [6.42044, 45.15011], [6.42054, 45.14943], [6.42049, 45.14888], [6.42057, 45.14854], [6.42029, 45.14779], [6.42024, 45.14665], [6.41981, 45.14474], [6.41975, 45.14205], [6.41992, 45.13884], [6.41943, 45.13728], [6.41983, 45.13686], [6.41984, 45.13659], [6.41967, 45.13562], [6.41871, 45.13237], [6.41831, 45.13029], [6.41839, 45.12835], [6.41864, 45.12658], [6.41867, 45.12512], [6.41857, 45.1249], [6.41803, 45.12445], [6.41761, 45.12386], [6.41764, 45.12377], [6.41777, 45.12373], [6.41878, 45.12405], [6.41893, 45.12398], [6.41805, 45.12259], [6.41784, 45.1221], [6.41799, 45.11903], [6.41817, 45.11879], [6.41964, 45.11788], [6.42091, 45.11671], [6.42143, 45.11592], [6.42165, 45.11572], [6.42209, 45.11547], [6.42299, 45.11513], [6.42352, 45.11471], [6.4236, 45.11448], [6.42372, 45.11313], [6.42385, 45.1129], [6.42422, 45.11259], [6.42432, 45.11238], [6.42432, 45.11154], [6.42441, 45.11115], [6.42511, 45.11006], [6.426, 45.10928], [6.42535, 45.10695], [6.42564, 45.10584], [6.42592, 45.10538], [6.42672, 45.10442], [6.42741, 45.10403], [6.42799, 45.10295], [6.42887, 45.10241], [6.42909, 45.10186], [6.42953, 45.10135], [6.42961, 45.10104], [6.42957, 45.10085], [6.4291, 45.10048], [6.42886, 45.10016], [6.42892, 45.09929], [6.42901, 45.09911], [6.42958, 45.09865], [6.43, 45.09737], [6.43047, 45.09676], [6.43055, 45.09487], [6.43109, 45.09427], [6.43181, 45.09322], [6.43234, 45.09281], [6.43258, 45.09233], [6.43289, 45.09198], [6.43385, 45.09147], [6.43474, 45.09123], [6.4351, 45.09096], [6.43535, 45.09034], [6.43529, 45.08944], [6.43557, 45.08821], [6.43598, 45.08752], [6.43702, 45.08656], [6.4374, 45.08608], [6.43736, 45.08595], [6.4371, 45.08575], [6.43681, 45.08569], [6.43545, 45.08621], [6.43431, 45.08697], [6.43335, 45.08799], [6.43245, 45.08829], [6.43179, 45.08904], [6.43125, 45.08994], [6.43108, 45.09], [6.43104, 45.08987], [6.43137, 45.08923], [6.43138, 45.08876], [6.43119, 45.08872], [6.43117, 45.08919], [6.43072, 45.08996], [6.43019, 45.09057], [6.43001, 45.09061], [6.42996, 45.09053], [6.43022, 45.09017], [6.43039, 45.08959], [6.43016, 45.08869], [6.43023, 45.0878], [6.43041, 45.08704], [6.43062, 45.08688], [6.43131, 45.08689], [6.43184, 45.0868], [6.43215, 45.08656], [6.4325, 45.08598], [6.43229, 45.08578], [6.43205, 45.08572], [6.43104, 45.08577], [6.43012, 45.08617], [6.42963, 45.08664], [6.42936, 45.08662], [6.4294, 45.08646], [6.42985, 45.08605], [6.42994, 45.08569], [6.42992, 45.08536], [6.42971, 45.08507], [6.4292, 45.0849], [6.42804, 45.08425], [6.4277, 45.08378], [6.42722, 45.08333], [6.42677, 45.08231], [6.42594, 45.08095], [6.42603, 45.08071], [6.42656, 45.08026], [6.42669, 45.07964], [6.42641, 45.07924], [6.42525, 45.078], [6.42504, 45.0779], [6.42473, 45.07794], [6.42453, 45.07824], [6.42391, 45.0787], [6.42265, 45.07902], [6.42185, 45.07969], [6.42202, 45.07989], [6.42247, 45.07996], [6.42293, 45.08022], [6.42324, 45.08026], [6.42375, 45.08016], [6.42389, 45.08023], [6.42386, 45.08035], [6.42264, 45.0806], [6.42176, 45.0809], [6.42079, 45.08107], [6.41933, 45.08084], [6.4177, 45.08077], [6.41717, 45.08066], [6.41673, 45.0804], [6.41612, 45.07958], [6.41548, 45.07926], [6.41471, 45.07909], [6.41405, 45.07866], [6.41319, 45.07764], [6.41231, 45.07679], [6.4119, 45.07617], [6.412, 45.07601], [6.41264, 45.07582], [6.41326, 45.07494], [6.41336, 45.07433], [6.41332, 45.07413], [6.41288, 45.07382], [6.41278, 45.0736], [6.413, 45.0722], [6.41271, 45.07207], [6.41199, 45.07213], [6.41175, 45.07205], [6.41161, 45.07181], [6.41147, 45.07101], [6.41092, 45.07017], [6.41083, 45.06968], [6.41066, 45.06933], [6.41043, 45.06918], [6.40992, 45.06926], [6.40978, 45.06917], [6.41016, 45.06836], [6.4104, 45.06823], [6.41085, 45.06818], [6.41093, 45.06804], [6.41074, 45.06796], [6.40948, 45.06807], [6.40933, 45.06818], [6.40924, 45.06847], [6.409, 45.06857], [6.40877, 45.0685], [6.40866, 45.06828], [6.40889, 45.06775], [6.40912, 45.06753], [6.41011, 45.06732], [6.41062, 45.06729], [6.41073, 45.06721], [6.41055, 45.06706], [6.40908, 45.06689], [6.40955, 45.06643], [6.4095, 45.0663], [6.40911, 45.0661], [6.40917, 45.06597], [6.40942, 45.06596], [6.41145, 45.06671], [6.41262, 45.0662], [6.41305, 45.06592], [6.41291, 45.06589], [6.41221, 45.06612], [6.41136, 45.06613], [6.41092, 45.0655], [6.40982, 45.06494], [6.40931, 45.06453], [6.40853, 45.06423], [6.408, 45.06419], [6.40789, 45.06412], [6.40803, 45.06399], [6.40886, 45.06376], [6.4093, 45.06344], [6.40997, 45.06323], [6.41047, 45.06292], [6.41158, 45.06268], [6.41165, 45.06254], [6.41115, 45.0626], [6.41092, 45.06254], [6.41153, 45.06237], [6.4116, 45.06229], [6.40976, 45.06226], [6.40914, 45.06251], [6.40847, 45.06292], [6.40744, 45.06295], [6.40692, 45.06278], [6.40644, 45.06223], [6.40594, 45.06198], [6.40575, 45.06174], [6.40593, 45.0615], [6.40637, 45.06153], [6.4068, 45.06185], [6.40721, 45.06241], [6.40743, 45.06251], [6.40769, 45.06249], [6.40792, 45.06237], [6.40833, 45.06175], [6.40856, 45.06158], [6.40968, 45.06144], [6.41065, 45.06087], [6.41161, 45.06054], [6.41161, 45.06039], [6.41134, 45.06031], [6.40982, 45.06093], [6.40783, 45.06103], [6.4074, 45.06095], [6.40707, 45.06064], [6.40688, 45.06001], [6.40696, 45.05951], [6.4079, 45.05731], [6.40849, 45.05691], [6.40859, 45.05676], [6.40854, 45.05574], [6.40834, 45.05553], [6.40693, 45.05504], [6.4055, 45.05432], [6.40428, 45.05387], [6.40381, 45.05382], [6.4028, 45.05392], [6.40256, 45.05375], [6.40255, 45.05326], [6.40223, 45.05311], [6.40171, 45.0531], [6.40045, 45.05288], [6.39851, 45.05327], [6.39718, 45.05334], [6.39592, 45.0533], [6.39445, 45.05294], [6.39399, 45.05249], [6.393, 45.05217], [6.39265, 45.05179], [6.39244, 45.05167], [6.39185, 45.05171], [6.39099, 45.05196], [6.3901, 45.05241], [6.38976, 45.05234], [6.3895, 45.05207], [6.3895, 45.05194], [6.38965, 45.05177], [6.39108, 45.05099], [6.39203, 45.05017], [6.39231, 45.05008], [6.39339, 45.05007], [6.39356, 45.04995], [6.3939, 45.04934], [6.39445, 45.04892], [6.39489, 45.04874], [6.39599, 45.0486], [6.39657, 45.04835], [6.39923, 45.04651], [6.4008, 45.04498], [6.401, 45.04436], [6.40166, 45.04397], [6.40185, 45.04375], [6.40184, 45.04359], [6.40166, 45.04341], [6.40041, 45.04282], [6.39928, 45.04206], [6.39867, 45.04121], [6.39751, 45.03992], [6.39674, 45.03939], [6.39507, 45.03844], [6.39383, 45.03828], [6.39303, 45.03831], [6.39288, 45.03823], [6.3929, 45.03808], [6.39315, 45.03801], [6.39383, 45.03806], [6.39463, 45.03798], [6.39586, 45.03751], [6.39659, 45.03735], [6.39792, 45.03732], [6.39817, 45.03743], [6.39833, 45.03762], [6.39837, 45.0382], [6.39851, 45.03844], [6.40086, 45.04027], [6.40125, 45.04082], [6.40155, 45.04086], [6.40167, 45.04068], [6.40098, 45.03981], [6.4007, 45.03922], [6.40072, 45.03894], [6.40087, 45.03875], [6.40112, 45.03861], [6.40279, 45.03812], [6.40287, 45.03796], [6.4028, 45.03759], [6.40289, 45.03738], [6.40414, 45.0367], [6.40489, 45.03569], [6.40522, 45.03546], [6.40502, 45.03476], [6.4053, 45.03412], [6.4053, 45.03383], [6.40514, 45.03359], [6.40482, 45.03339], [6.40435, 45.03332], [6.40393, 45.03336], [6.40197, 45.03373], [6.40069, 45.03381], [6.39924, 45.03361], [6.39703, 45.03303], [6.39518, 45.03284], [6.39309, 45.03296], [6.3906, 45.03252], [6.38812, 45.03282], [6.38587, 45.03338], [6.38526, 45.03345], [6.38452, 45.03333], [6.38392, 45.0331], [6.38337, 45.03228], [6.38291, 45.03203], [6.38245, 45.03199], [6.38123, 45.03212], [6.38041, 45.03227], [6.37862, 45.03279], [6.37607, 45.03369], [6.37441, 45.03448], [6.37326, 45.03452], [6.37247, 45.03469], [6.37187, 45.03502], [6.37033, 45.03627], [6.36898, 45.03684], [6.36832, 45.03721], [6.36686, 45.03774], [6.36578, 45.03842], [6.36549, 45.0385], [6.36531, 45.03843], [6.36527, 45.03826], [6.36533, 45.03818], [6.36611, 45.03785], [6.36712, 45.03693], [6.36767, 45.03661], [6.36813, 45.03621], [6.36827, 45.03598], [6.36823, 45.0359], [6.36789, 45.03584], [6.36715, 45.03644], [6.3643, 45.03751], [6.36407, 45.03776], [6.36355, 45.03868], [6.36331, 45.03892], [6.36296, 45.03895], [6.36206, 45.03859], [6.36114, 45.03864], [6.36058, 45.03891], [6.35984, 45.03964], [6.35798, 45.04012], [6.35722, 45.04079], [6.35647, 45.04122], [6.35598, 45.04203], [6.35542, 45.04241], [6.35496, 45.0424], [6.35428, 45.04185], [6.35354, 45.04152], [6.35155, 45.04112], [6.35038, 45.04128], [6.34834, 45.04118], [6.34697, 45.04151], [6.34657, 45.04144], [6.34585, 45.04113], [6.34533, 45.04105], [6.34327, 45.04145], [6.34135, 45.04131], [6.34008, 45.04189], [6.33955, 45.04246], [6.33872, 45.04278], [6.33749, 45.04395], [6.33663, 45.04425], [6.33536, 45.04429], [6.33463, 45.04448], [6.33385, 45.04514], [6.33369, 45.04581], [6.33358, 45.04588], [6.33346, 45.04586], [6.33337, 45.04571], [6.33343, 45.04437], [6.33335, 45.04404], [6.33238, 45.04328], [6.33207, 45.04323], [6.33147, 45.04347], [6.33124, 45.04378], [6.3313, 45.044], [6.33189, 45.04487], [6.33193, 45.04507], [6.33183, 45.04575], [6.33146, 45.0461], [6.33083, 45.04621], [6.32899, 45.04625], [6.32879, 45.04616], [6.32878, 45.04596], [6.32926, 45.0458], [6.32937, 45.04567], [6.32928, 45.04554], [6.32903, 45.04554], [6.32307, 45.04824], [6.32267, 45.04834], [6.32173, 45.04816], [6.32101, 45.04815], [6.3197, 45.04834], [6.31913, 45.04833], [6.31817, 45.04813], [6.31759, 45.04773], [6.31724, 45.04771], [6.31645, 45.04812], [6.3157, 45.04893], [6.31532, 45.04908], [6.31487, 45.04894], [6.31184, 45.0466], [6.31161, 45.04656], [6.31073, 45.04672], [6.3099, 45.04674], [6.30771, 45.04637], [6.30734, 45.04618], [6.30656, 45.04521], [6.30625, 45.04502], [6.30541, 45.0451], [6.30463, 45.04504], [6.30354, 45.04541], [6.30327, 45.04532], [6.30229, 45.04467], [6.30161, 45.04444], [6.30101, 45.04439], [6.29919, 45.04448], [6.298, 45.04463], [6.29692, 45.04459], [6.29432, 45.04395], [6.2927, 45.04341], [6.29118, 45.04328], [6.28696, 45.04356], [6.28487, 45.04418], [6.28447, 45.04422], [6.28393, 45.04416], [6.28242, 45.0436], [6.28022, 45.04316], [6.27919, 45.04307], [6.27838, 45.04325], [6.27781, 45.04325], [6.27676, 45.04294], [6.27502, 45.04282], [6.27295, 45.04243], [6.27078, 45.04248], [6.26864, 45.04281], [6.26769, 45.04282], [6.26566, 45.04249], [6.26125, 45.0415], [6.26039, 45.04107], [6.25971, 45.04027], [6.25937, 45.04005], [6.25697, 45.03936], [6.25523, 45.03944], [6.25221, 45.03906], [6.25134, 45.03908], [6.25104, 45.03902], [6.25047, 45.03873], [6.24989, 45.03862], [6.24862, 45.03878], [6.24603, 45.03877], [6.24459, 45.03885], [6.24416, 45.03876], [6.242, 45.0379], [6.23881, 45.03752], [6.23816, 45.03751], [6.2368, 45.03775], [6.23488, 45.03782], [6.23419, 45.03773], [6.23293, 45.03703], [6.23262, 45.03695], [6.23058, 45.03663], [6.22849, 45.03662], [6.22554, 45.03602], [6.22407, 45.03613], [6.22283, 45.03605], [6.22084, 45.03645], [6.22045, 45.03635], [6.21992, 45.03607], [6.21922, 45.0359], [6.21857, 45.0358], [6.21766, 45.03589], [6.21639, 45.03619], [6.21593, 45.03641], [6.21556, 45.03676], [6.21515, 45.03701], [6.21236, 45.03804], [6.20983, 45.03845], [6.20932, 45.03845], [6.20421, 45.03767], [6.20021, 45.03771], [6.19542, 45.03725], [6.19492, 45.03731], [6.19311, 45.03803], [6.19033, 45.03844], [6.1898, 45.03874], [6.1883, 45.03923], [6.1872, 45.03925], [6.18643, 45.03902], [6.18466, 45.03887], [6.18221, 45.03926], [6.18106, 45.03915], [6.1801, 45.03929], [6.17885, 45.03932], [6.17791, 45.03915], [6.17739, 45.03919], [6.17566, 45.03998], [6.17384, 45.04046], [6.17206, 45.04134], [6.17056, 45.04167], [6.16898, 45.04271], [6.16826, 45.04264], [6.16709, 45.0427], [6.16185, 45.04419], [6.1616, 45.04413], [6.16105, 45.0438], [6.16052, 45.04369], [6.15892, 45.04375], [6.15767, 45.04399], [6.1565, 45.04431], [6.1564, 45.04446], [6.15645, 45.04476], [6.15638, 45.04495], [6.15594, 45.04518], [6.1496, 45.04575], [6.1435, 45.04787], [6.14251, 45.04782], [6.14144, 45.04753], [6.1411, 45.04753], [6.14105, 45.04765], [6.13966, 45.04762], [6.13876, 45.04747], [6.13851, 45.04754], [6.13863, 45.04765], [6.13895, 45.04769], [6.14009, 45.04807], [6.14123, 45.04819], [6.14272, 45.04871], [6.14336, 45.0488], [6.14332, 45.04888], [6.14315, 45.04889], [6.14132, 45.04886], [6.14038, 45.04917], [6.14001, 45.04952], [6.14009, 45.04959], [6.14067, 45.04933], [6.14111, 45.04929], [6.14197, 45.0496], [6.14269, 45.04998], [6.14308, 45.05073], [6.14272, 45.05195], [6.14278, 45.05229], [6.14326, 45.0528], [6.14407, 45.05333], [6.14445, 45.05378], [6.14456, 45.05425], [6.14499, 45.05464], [6.14548, 45.0555], [6.14561, 45.05582], [6.14567, 45.05649], [6.1471, 45.05748], [6.14725, 45.05791], [6.14775, 45.05837], [6.14864, 45.05944], [6.14945, 45.05985], [6.14942, 45.05994], [6.1493, 45.05995], [6.14676, 45.05906], [6.14661, 45.05902], [6.14651, 45.05913], [6.14722, 45.05973], [6.14816, 45.06088], [6.14934, 45.06293], [6.14962, 45.06329], [6.15159, 45.06535], [6.15342, 45.0675], [6.15343, 45.06809], [6.15381, 45.06923], [6.15361, 45.06985], [6.15362, 45.07041], [6.15375, 45.07068], [6.15421, 45.0712], [6.15537, 45.07153], [6.1557, 45.0718], [6.15657, 45.0728], [6.15692, 45.07336], [6.15808, 45.07464], [6.15812, 45.07477], [6.15803, 45.07527], [6.15834, 45.07611], [6.15825, 45.0765], [6.15794, 45.07691], [6.15807, 45.07828], [6.15869, 45.07911], [6.15892, 45.07968], [6.16063, 45.08135], [6.16143, 45.08232], [6.16132, 45.08239], [6.16096, 45.08199], [6.16046, 45.08166], [6.15959, 45.08129], [6.15947, 45.0813], [6.15949, 45.08139], [6.15998, 45.08169], [6.16022, 45.08195], [6.16037, 45.08287], [6.16127, 45.08393], [6.16132, 45.08439], [6.16109, 45.08566], [6.16116, 45.086], [6.16136, 45.08627], [6.16117, 45.08698], [6.16136, 45.08769], [6.16149, 45.08793], [6.16263, 45.08889], [6.16321, 45.08953], [6.1634, 45.08994], [6.16362, 45.09007], [6.16371, 45.09022], [6.16328, 45.09071], [6.16377, 45.09152], [6.1641, 45.09187], [6.16415, 45.09223], [6.16373, 45.09236], [6.16308, 45.09234], [6.1629, 45.09244], [6.1633, 45.09291], [6.16351, 45.09383], [6.16312, 45.09447], [6.16327, 45.09575], [6.16367, 45.09635], [6.16404, 45.09664], [6.16376, 45.09717], [6.16378, 45.09726], [6.1643, 45.0976], [6.16421, 45.09763], [6.16328, 45.09733], [6.16253, 45.09693], [6.1624, 45.097], [6.16318, 45.09757], [6.16419, 45.09848], [6.16473, 45.09926], [6.1647, 45.10006], [6.16453, 45.10005], [6.16446, 45.09989], [6.16447, 45.09946], [6.16413, 45.09903], [6.16358, 45.09897], [6.16229, 45.09823], [6.16131, 45.098], [6.16116, 45.09804], [6.16112, 45.09812], [6.1612, 45.09821], [6.16169, 45.09828], [6.16195, 45.09843], [6.16213, 45.09866], [6.16219, 45.09885], [6.16189, 45.09946], [6.16189, 45.09975], [6.16174, 45.09977], [6.16158, 45.09948], [6.16086, 45.09893], [6.16072, 45.09862], [6.16055, 45.09851], [6.16048, 45.09862], [6.1606, 45.09883], [6.1604392, 45.0994379], [6.16064, 45.09992], [6.16049, 45.09989], [6.16011, 45.09944], [6.16004, 45.09924], [6.15986, 45.0992], [6.15981, 45.09934], [6.16016, 45.09999], [6.16008, 45.10009], [6.16, 45.10007], [6.15906, 45.09917], [6.15874, 45.09872], [6.15811, 45.09853], [6.15698, 45.09762], [6.15644, 45.09687], [6.15635, 45.09646], [6.15611, 45.09612], [6.15593, 45.09595], [6.15521, 45.09557], [6.15403, 45.09438], [6.15329, 45.09388], [6.15284, 45.09336], [6.15275, 45.093], [6.15262, 45.09299], [6.15279, 45.09393], [6.15384, 45.09625], [6.15449, 45.09726], [6.15434, 45.09726], [6.15325, 45.09611], [6.15263, 45.09573], [6.15186, 45.09508], [6.15182, 45.09489], [6.15152, 45.09455], [6.15138, 45.09415], [6.15104, 45.09382], [6.15114, 45.09357], [6.15085, 45.09338], [6.15087, 45.09311], [6.15055, 45.09277], [6.15059, 45.09245], [6.15038, 45.09198], [6.14956, 45.09163], [6.14893, 45.09098], [6.14917, 45.09028], [6.1495, 45.08999], [6.14932, 45.08994], [6.14867, 45.09039], [6.14868, 45.09028], [6.14926, 45.08948], [6.14915, 45.089], [6.14941, 45.08872], [6.14882, 45.08669], [6.14838, 45.08622], [6.14764, 45.08568], [6.14721, 45.08518], [6.14679, 45.08487], [6.14571, 45.08413], [6.14199, 45.08188], [6.14108, 45.0817], [6.1393, 45.08111], [6.13824, 45.08085], [6.13552, 45.08063], [6.13322, 45.07996], [6.13277, 45.07976], [6.13218, 45.07964], [6.1318, 45.07969], [6.13087, 45.08], [6.13094, 45.08009], [6.13138, 45.08015], [6.13206, 45.08053], [6.13216, 45.08085], [6.1321, 45.08102], [6.13166, 45.08153], [6.13149, 45.08158], [6.13075, 45.08138], [6.13044, 45.08143], [6.12957, 45.08182], [6.1284, 45.08179], [6.12658, 45.08134], [6.12465, 45.08026], [6.1237, 45.07964], [6.12079, 45.07917], [6.11913, 45.07878], [6.11741, 45.07901], [6.1165, 45.07937], [6.11552, 45.07962], [6.11419, 45.08009], [6.11293, 45.08037], [6.11113, 45.08031], [6.11056, 45.08019], [6.1098, 45.08016], [6.10906, 45.08098], [6.10898, 45.08177], [6.10876, 45.08204], [6.10772, 45.08297], [6.1074, 45.08338], [6.10719, 45.08382], [6.10682, 45.08405], [6.10633, 45.0842], [6.10613, 45.0844], [6.10591, 45.08499], [6.10569, 45.08519], [6.10442, 45.0847], [6.10389, 45.08478], [6.09985, 45.08473], [6.0991, 45.08462], [6.09811, 45.08471], [6.09614, 45.08528], [6.09497, 45.08533], [6.09176, 45.08597], [6.09079, 45.08608], [6.08995, 45.08597], [6.08976, 45.0861], [6.08975, 45.08619], [6.08988, 45.08628], [6.09048, 45.08642], [6.09132, 45.08684], [6.09227, 45.08703], [6.0923, 45.08725], [6.09169, 45.08727], [6.09069, 45.08747], [6.08983, 45.08786], [6.08771, 45.08903], [6.08593, 45.08927], [6.08468, 45.08988], [6.084, 45.08987], [6.08198, 45.08943], [6.08166, 45.08945], [6.08136, 45.08954], [6.08091, 45.08998], [6.07997, 45.09015], [6.07945, 45.09051], [6.07913, 45.09053], [6.07901, 45.09045], [6.07903, 45.09018], [6.07924, 45.08989], [6.07972, 45.08949], [6.08002, 45.08908], [6.07985, 45.0888], [6.07925, 45.08879], [6.07878, 45.08891], [6.07808, 45.08933], [6.07773, 45.08927], [6.07767, 45.08917], [6.07786, 45.08869], [6.07764, 45.08855], [6.0772, 45.08851], [6.07705, 45.0884], [6.07602, 45.08823], [6.07479, 45.08868], [6.07367, 45.08807], [6.07338, 45.08778], [6.07266, 45.08676], [6.07191, 45.08636], [6.07158, 45.0858], [6.07068, 45.08595], [6.06974, 45.08576], [6.06918, 45.08543], [6.06836, 45.08473], [6.06806, 45.0846], [6.06764, 45.08462], [6.06728, 45.08475], [6.06688, 45.08523], [6.06658, 45.08542], [6.06556, 45.08562], [6.06473, 45.08588], [6.06395, 45.08593], [6.06313, 45.08625], [6.06235, 45.08693], [6.06217, 45.08748], [6.06199, 45.08751], [6.06188, 45.08744], [6.06186, 45.08734], [6.06245, 45.08614], [6.06276, 45.0858], [6.06336, 45.08539], [6.06582, 45.08449], [6.06585, 45.08433], [6.0657, 45.08427], [6.06467, 45.08464], [6.06174, 45.08511], [6.0606, 45.08579], [6.05972, 45.08619], [6.05915, 45.0867], [6.05874, 45.08662], [6.05801, 45.08756], [6.05698, 45.08822], [6.0565, 45.08836], [6.05595, 45.08813], [6.05582, 45.08817], [6.05636, 45.08891], [6.05692, 45.08911], [6.05817, 45.08916], [6.05976, 45.08888], [6.06036, 45.08869], [6.06047, 45.08877], [6.05938, 45.08982], [6.05801, 45.09074], [6.05694, 45.09128], [6.0562, 45.09142], [6.05548, 45.09137], [6.05535, 45.09146], [6.05544, 45.09157], [6.05602, 45.0916], [6.05726, 45.09184], [6.05884, 45.09174], [6.0613, 45.09125], [6.06263, 45.09086], [6.0637, 45.09072], [6.06512, 45.09039], [6.06547, 45.0906], [6.0655, 45.09079], [6.0654, 45.09094], [6.06468, 45.09101], [6.06403, 45.09118], [6.06187, 45.09255], [6.06126, 45.09272], [6.06123, 45.09281], [6.06374, 45.09261], [6.06677, 45.09299], [6.06757, 45.09336], [6.0683, 45.09306], [6.06837, 45.09292], [6.0686, 45.09297], [6.06987, 45.09248], [6.07207, 45.09251], [6.07212, 45.09265], [6.07195, 45.09271], [6.07182, 45.09287], [6.0711993, 45.094079]]}, "properties": {"stage": 20, "source": "aso-arcgis", "length_km": 170.9, "official_km": 170.9, "licence": "All rights reserved (Amaury Sport Organisation)"}}], "licence_notice": ["Official route geometry \u00a9 Amaury Sport Organisation. Exported for local analysis only."]}