{"type": "FeatureCollection", "features": [{"type": "Feature", "geometry": {"type": "Point", "coordinates": [2.2201263, 41.4060995]}, "properties": {"stage": 1, "label": "BARCELONE-F\u00f2rum", "km_from_start": 0.0, "elevation_m": 8.0}}, {"type": "Feature", "geometry": {"type": "Point", "coordinates": [2.219257493, 41.406248329]}, "properties": {"stage": 1, "label": "Avinguda del Litoral", "km_from_start": 0.1, "elevation_m": 8.0}}, {"type": "Feature", "geometry": {"type": "Point", "coordinates": [2.199705962, 41.390801816]}, "properties": {"stage": 1, "label": "Port Olimpic", "km_from_start": 2.6, "elevation_m": 12.0}}, {"type": "Feature", "geometry": {"type": "Point", "coordinates": [2.199705962, 41.390801816]}, "properties": {"stage": 1, "label": "Carre de l'Arquitecte Sert", "km_from_start": 2.6, "elevation_m": 12.0}}, {"type": "Feature", "geometry": {"type": "Point", "coordinates": [2.20055688, 41.39143266]}, "properties": {"stage": 1, "label": "Carrer de Salvador Espriu", "km_from_start": 2.7, "elevation_m": 12.0}}, {"type": "Feature", "geometry": {"type": "Point", "coordinates": [2.202377781, 41.393361178]}, "properties": {"stage": 1, "label": "Carrer de Jaume Vicens I Vives", "km_from_start": 3.0, "elevation_m": 10.0}}, {"type": "Feature", "geometry": {"type": "Point", "coordinates": [2.202206144, 41.394001114]}, "properties": {"stage": 1, "label": "Carrer de Carmen Amaya", "km_from_start": 3.1, "elevation_m": 5.0}}, {"type": "Feature", "geometry": {"type": "Point", "coordinates": [2.205446757, 41.396557398]}, "properties": {"stage": 1, "label": "Passeig de Calvell", "km_from_start": 3.5, "elevation_m": 7.0}}, {"type": "Feature", "geometry": {"type": "Point", "coordinates": [2.209300071, 41.400161312]}, "properties": {"stage": 1, "label": "Passeig de Garcia F\u00e0ria", "km_from_start": 4.0, "elevation_m": 5.0}}, {"type": "Feature", "geometry": {"type": "Point", "coordinates": [2.210393395, 41.402706937]}, "properties": {"stage": 1, "label": "Carrer de Bac de Roda", "km_from_start": 4.4, "elevation_m": 14.0}}, {"type": "Feature", "geometry": {"type": "Point", "coordinates": [2.208589107, 41.405874331]}, "properties": {"stage": 1, "label": "Carrer de Llull", "km_from_start": 4.9, "elevation_m": 10.0}}, {"type": "Feature", "geometry": {"type": "Point", "coordinates": [2.21028288, 41.407146744]}, "properties": {"stage": 1, "label": "Point chrono n\u00b01 / Carrer de Llull", "km_from_start": 5.1, "elevation_m": 13.0}}, {"type": "Feature", "geometry": {"type": "Point", "coordinates": [2.213781979, 41.410388478]}, "properties": {"stage": 1, "label": "Carrer de Josep Pla", "km_from_start": 5.6, "elevation_m": 8.0}}, {"type": "Feature", "geometry": {"type": "Point", "coordinates": [2.213781979, 41.410388478]}, "properties": {"stage": 1, "label": "Passage \u00e0 niveau : tramway", "km_from_start": 5.6, "elevation_m": 8.0}}, {"type": "Feature", "geometry": {"type": "Point", "coordinates": [2.204490967, 41.417417898]}, "properties": {"stage": 1, "label": "Carrer de Cant\u00e0bria", "km_from_start": 6.7, "elevation_m": 10.0}}, {"type": "Feature", "geometry": {"type": "Point", "coordinates": [2.20025234, 41.418863992]}, "properties": {"stage": 1, "label": "Rambla de Guip\u00fascoa", "km_from_start": 7.2, "elevation_m": 13.0}}, {"type": "Feature", "geometry": {"type": "Point", "coordinates": [2.191775204, 41.412513903]}, "properties": {"stage": 1, "label": "Carrer d'Arag\u00f3", "km_from_start": 8.2, "elevation_m": 18.0}}, {"type": "Feature", "geometry": {"type": "Point", "coordinates": [2.178304496, 41.403155622]}, "properties": {"stage": 1, "label": "Carrer de Lepant", "km_from_start": 9.8, "elevation_m": 36.0}}, {"type": "Feature", "geometry": {"type": "Point", "coordinates": [2.175747426, 41.403738148]}, "properties": {"stage": 1, "label": "Carrer de Mallorca", "km_from_start": 10.1, "elevation_m": 33.0}}, {"type": "Feature", "geometry": {"type": "Point", "coordinates": [2.174051991, 41.402469297]}, "properties": {"stage": 1, "label": "Sagrada Familia", "km_from_start": 10.3, "elevation_m": 33.0}}, {"type": "Feature", "geometry": {"type": "Point", "coordinates": [2.172348467, 41.401209919]}, "properties": {"stage": 1, "label": "Point chrono n\u00b02 / Sagrada Familia", "km_from_start": 10.5, "elevation_m": 41.0}}, {"type": "Feature", "geometry": {"type": "Point", "coordinates": [2.168953375, 41.398675547]}, "properties": {"stage": 1, "label": "Pla\u00e7a de Moss\u00e8n Jacint Verdaguer", "km_from_start": 10.9, "elevation_m": 46.0}}, {"type": "Feature", "geometry": {"type": "Point", "coordinates": [2.163996253, 41.392883352]}, "properties": {"stage": 1, "label": "Passeig de Gr\u00e0cia", "km_from_start": 11.8, "elevation_m": 42.0}}, {"type": "Feature", "geometry": {"type": "Point", "coordinates": [2.164137951, 41.391600963]}, "properties": {"stage": 1, "label": "Carrer d'Arag\u00f3", "km_from_start": 12.0, "elevation_m": 41.0}}, {"type": "Feature", "geometry": {"type": "Point", "coordinates": [2.147285372, 41.37705634]}, "properties": {"stage": 1, "label": "Carrer de Tarragona", "km_from_start": 14.3, "elevation_m": 34.0}}, {"type": "Feature", "geometry": {"type": "Point", "coordinates": [2.148549142, 41.374801717]}, "properties": {"stage": 1, "label": "Pla\u00e7a d'Espanya", "km_from_start": 14.6, "elevation_m": 29.0}}, {"type": "Feature", "geometry": {"type": "Point", "coordinates": [2.150053224, 41.373663229]}, "properties": {"stage": 1, "label": "Avigunda de la Reina Maria Cristina", "km_from_start": 14.8, "elevation_m": 26.0}}, {"type": "Feature", "geometry": {"type": "Point", "coordinates": [2.153107818, 41.372306784]}, "properties": {"stage": 1, "label": "Avinguda de Rius i Taulet", "km_from_start": 15.2, "elevation_m": 40.0}}, {"type": "Feature", "geometry": {"type": "Point", "coordinates": [2.155602814, 41.372155176]}, "properties": {"stage": 1, "label": "Carrer de Lleida", "km_from_start": 15.5, "elevation_m": 39.0}}, {"type": "Feature", "geometry": {"type": "Point", "coordinates": [2.158375833, 41.369755415]}, "properties": {"stage": 1, "label": "Point chrono n\u00b03 / Passeig de Santa Madrona", "km_from_start": 15.9, "elevation_m": 51.0}}, {"type": "Feature", "geometry": {"type": "Point", "coordinates": [2.158375833, 41.369755415]}, "properties": {"stage": 1, "label": "Passeig de Santa Madrona", "km_from_start": 15.9, "elevation_m": 51.0}}, {"type": "Feature", "geometry": {"type": "Point", "coordinates": [2.157639669, 41.366693186]}, "properties": {"stage": 1, "label": "Avinguda de l'Estadi", "km_from_start": 16.8, "elevation_m": 90.0}}, {"type": "Feature", "geometry": {"type": "Point", "coordinates": [2.146344273, 41.36548]}, "properties": {"stage": 1, "label": "Carrer dels Jocs del 92", "km_from_start": 17.9, "elevation_m": 65.0}}, {"type": "Feature", "geometry": {"type": "Point", "coordinates": [2.151667677, 41.360405164]}, "properties": {"stage": 1, "label": "Carrer del Foc", "km_from_start": 18.8, "elevation_m": 62.0}}, {"type": "Feature", "geometry": {"type": "Point", "coordinates": [2.152421286, 41.361147029]}, "properties": {"stage": 1, "label": "Passeig Olimpic", "km_from_start": 18.9, "elevation_m": 82.0}}, {"type": "Feature", "geometry": {"type": "Point", "coordinates": [2.1576301, 41.3644925]}, "properties": {"stage": 1, "label": "C\u00f4te du Stade Olympique de Montju\u00efc", "km_from_start": 19.6, "elevation_m": 105.0}}, {"type": "Feature", "geometry": {"type": "Point", "coordinates": [1.28336, 41.12412]}, "properties": {"stage": 2, "label": "TARRAGONE (VC-N-340)", "km_from_start": 0.0, "elevation_m": 17.0}}, {"type": "Feature", "geometry": {"type": "Point", "coordinates": [1.28336, 41.12412]}, "properties": {"stage": 2, "label": "N-340 TARRAGONE", "km_from_start": 0.0, "elevation_m": 17.0}}, {"type": "Feature", "geometry": {"type": "Point", "coordinates": [1.289744318, 41.125683104]}, "properties": {"stage": 2, "label": "Cala Romana (pr\u00e8s)", "km_from_start": 0.6, "elevation_m": 18.0}}, {"type": "Feature", "geometry": {"type": "Point", "coordinates": [1.304042954, 41.130880705]}, "properties": {"stage": 2, "label": "Monnars (pr\u00e8s)", "km_from_start": 2.0, "elevation_m": 7.0}}, {"type": "Feature", "geometry": {"type": "Point", "coordinates": [1.343066566, 41.137541169]}, "properties": {"stage": 2, "label": "La Mora (pr\u00e8s) (TARRAGONA)", "km_from_start": 5.7, "elevation_m": 14.0}}, {"type": "Feature", "geometry": {"type": "Point", "coordinates": [1.412361326, 41.16169864]}, "properties": {"stage": 2, "label": "TORREDEMBARRA", "km_from_start": 12.7, "elevation_m": 40.0}}, {"type": "Feature", "geometry": {"type": "Point", "coordinates": [1.433557414, 41.158515665]}, "properties": {"stage": 2, "label": "CREIXELL", "km_from_start": 14.8, "elevation_m": 8.0}}, {"type": "Feature", "geometry": {"type": "Point", "coordinates": [1.453821488, 41.166557064]}, "properties": {"stage": 2, "label": "RODA DE BER\u00c0 (pr\u00e8s)", "km_from_start": 16.8, "elevation_m": 8.0}}, {"type": "Feature", "geometry": {"type": "Point", "coordinates": [1.489794104, 41.178078035]}, "properties": {"stage": 2, "label": "Franc\u00e0s (pr\u00e8s)", "km_from_start": 20.3, "elevation_m": 17.0}}, {"type": "Feature", "geometry": {"type": "Point", "coordinates": [1.533579529, 41.207077175]}, "properties": {"stage": 2, "label": "EL VENDRELL (N-340-VC-C-31)", "km_from_start": 25.4, "elevation_m": 35.0}}, {"type": "Feature", "geometry": {"type": "Point", "coordinates": [1.549148468, 41.210029301]}, "properties": {"stage": 2, "label": "C-31 La Franquesa (pr\u00e8s)", "km_from_start": 28.7, "elevation_m": 65.0}}, {"type": "Feature", "geometry": {"type": "Point", "coordinates": [1.566101345, 41.200771693]}, "properties": {"stage": 2, "label": "CALAFELL (C-31-C-246a-C-31)", "km_from_start": 30.7, "elevation_m": 50.0}}, {"type": "Feature", "geometry": {"type": "Point", "coordinates": [1.584971035, 41.191400483]}, "properties": {"stage": 2, "label": "Bellamar (pr\u00e8s)", "km_from_start": 32.8, "elevation_m": 18.0}}, {"type": "Feature", "geometry": {"type": "Point", "coordinates": [1.596998353, 41.192040135]}, "properties": {"stage": 2, "label": "Segur de Calafell", "km_from_start": 33.9, "elevation_m": 4.0}}, {"type": "Feature", "geometry": {"type": "Point", "coordinates": [1.615504363, 41.194509521]}, "properties": {"stage": 2, "label": "CUNIT", "km_from_start": 35.6, "elevation_m": 8.0}}, {"type": "Feature", "geometry": {"type": "Point", "coordinates": [1.642176817, 41.199672272]}, "properties": {"stage": 2, "label": "CUBELLES-La Gavina", "km_from_start": 38.1, "elevation_m": 10.0}}, {"type": "Feature", "geometry": {"type": "Point", "coordinates": [1.667696906, 41.206097981]}, "properties": {"stage": 2, "label": "C-31 CUBELLES", "km_from_start": 40.5, "elevation_m": 9.0}}, {"type": "Feature", "geometry": {"type": "Point", "coordinates": [1.677349162, 41.208483365]}, "properties": {"stage": 2, "label": "Carrefour C-31-C-246a", "km_from_start": 41.4, "elevation_m": 7.0}}, {"type": "Feature", "geometry": {"type": "Point", "coordinates": [1.698036462, 41.210617589]}, "properties": {"stage": 2, "label": "C-246a Rac\u00f3 de Santa Ll\u00facia (VILANOVA I LA GELTR\u00da)", "km_from_start": 43.3, "elevation_m": 16.0}}, {"type": "Feature", "geometry": {"type": "Point", "coordinates": [1.707218003, 41.214945649]}, "properties": {"stage": 2, "label": "VILANOVA I LA GELTR\u00da", "km_from_start": 44.4, "elevation_m": 22.0}}, {"type": "Feature", "geometry": {"type": "Point", "coordinates": [1.7390382, 41.23036456]}, "properties": {"stage": 2, "label": "SANT PERE DE RIBES", "km_from_start": 47.8, "elevation_m": 31.0}}, {"type": "Feature", "geometry": {"type": "Point", "coordinates": [1.781371414, 41.233911367]}, "properties": {"stage": 2, "label": "SITGES (C-246a-VC-C-246a-C-31)", "km_from_start": 52.0, "elevation_m": 13.0}}, {"type": "Feature", "geometry": {"type": "Point", "coordinates": [1.860480694, 41.237754448]}, "properties": {"stage": 2, "label": "C-31 Vallcarca (pr\u00e8s)", "km_from_start": 62.2, "elevation_m": 19.0}}, {"type": "Feature", "geometry": {"type": "Point", "coordinates": [1.896239719, 41.253276313]}, "properties": {"stage": 2, "label": "Garraf (pr\u00e8s)", "km_from_start": 67.0, "elevation_m": 38.0}}, {"type": "Feature", "geometry": {"type": "Point", "coordinates": [1.926918687, 41.261969854]}, "properties": {"stage": 2, "label": "Les Botigues (C-31-VC)", "km_from_start": 70.3, "elevation_m": 16.0}}, {"type": "Feature", "geometry": {"type": "Point", "coordinates": [1.938295149, 41.263850943]}, "properties": {"stage": 2, "label": "VC CASTELLDEFELS", "km_from_start": 71.5, "elevation_m": 7.0}}, {"type": "Feature", "geometry": {"type": "Point", "coordinates": [1.992848137, 41.265231977]}, "properties": {"stage": 2, "label": "GAV\u00c0-Mar", "km_from_start": 76.5, "elevation_m": 6.0}}, {"type": "Feature", "geometry": {"type": "Point", "coordinates": [2.017204922, 41.285465619]}, "properties": {"stage": 2, "label": "Carrefour VC-B-210", "km_from_start": 80.7, "elevation_m": 3.0}}, {"type": "Feature", "geometry": {"type": "Point", "coordinates": [2.027398521, 41.296598137]}, "properties": {"stage": 2, "label": "B-210 Carrefour B-210-B-204", "km_from_start": 82.5, "elevation_m": 4.0}}, {"type": "Feature", "geometry": {"type": "Point", "coordinates": [2.032739483, 41.302351043]}, "properties": {"stage": 2, "label": "B-204 VILADECANS (B-204-C-245) (entr\u00e9e)", "km_from_start": 83.6, "elevation_m": 4.0}}, {"type": "Feature", "geometry": {"type": "Point", "coordinates": [2.017911912, 41.312926877]}, "properties": {"stage": 2, "label": "C-245 VILADECANS", "km_from_start": 85.6, "elevation_m": 15.0}}, {"type": "Feature", "geometry": {"type": "Point", "coordinates": [2.014782458, 41.309805566]}, "properties": {"stage": 2, "label": "GAV\u00c0 (C-245-VC-BV-2041)", "km_from_start": 86.0, "elevation_m": 15.0}}, {"type": "Feature", "geometry": {"type": "Point", "coordinates": [1.971709327, 41.312110321]}, "properties": {"stage": 2, "label": "BV-2041 Bruguers (pr\u00e8s)", "km_from_start": 90.5, "elevation_m": 186.0}}, {"type": "Feature", "geometry": {"type": "Point", "coordinates": [1.949331507, 41.323317452]}, "properties": {"stage": 2, "label": "BEGUES (BV-2041-BV-2411)", "km_from_start": 94.2, "elevation_m": 399.0}}, {"type": "Feature", "geometry": {"type": "Point", "coordinates": [1.949331507, 41.323317452]}, "properties": {"stage": 2, "label": "C\u00f4te de Begues", "km_from_start": 94.2, "elevation_m": 399.0}}, {"type": "Feature", "geometry": {"type": "Point", "coordinates": [1.853564145, 41.346028829]}, "properties": {"stage": 2, "label": "BV-2411 OLESA DE BONESVALLS (BV-2411-BV-2410)", "km_from_start": 104.8, "elevation_m": 269.0}}, {"type": "Feature", "geometry": {"type": "Point", "coordinates": [1.877073782, 41.359492622]}, "properties": {"stage": 2, "label": "BV-2410 El Pla del P\u00e8lag", "km_from_start": 109.0, "elevation_m": 362.0}}, {"type": "Feature", "geometry": {"type": "Point", "coordinates": [1.887841766, 41.361250411]}, "properties": {"stage": 2, "label": "Les Bassioles de Vallirana", "km_from_start": 110.2, "elevation_m": 408.0}}, {"type": "Feature", "geometry": {"type": "Point", "coordinates": [1.908381181, 41.374948624]}, "properties": {"stage": 2, "label": "Les Casetes d'en Juli\u00e0 (BV-2410-N-340)", "km_from_start": 113.2, "elevation_m": 271.0}}, {"type": "Feature", "geometry": {"type": "Point", "coordinates": [1.920827819, 41.380957488]}, "properties": {"stage": 2, "label": "N-340 VALLIRANA", "km_from_start": 114.6, "elevation_m": 225.0}}, {"type": "Feature", "geometry": {"type": "Point", "coordinates": [1.943505424, 41.389088834]}, "properties": {"stage": 2, "label": "CERVELL\u00d3", "km_from_start": 117.1, "elevation_m": 153.0}}, {"type": "Feature", "geometry": {"type": "Point", "coordinates": [1.992691013, 41.402956602]}, "properties": {"stage": 2, "label": "SANT VICEN\u00c7 DELS HORTS", "km_from_start": 122.0, "elevation_m": 46.0}}, {"type": "Feature", "geometry": {"type": "Point", "coordinates": [2.007576824, 41.406903562]}, "properties": {"stage": 2, "label": "MOLINS DE REI", "km_from_start": 123.4, "elevation_m": 27.0}}, {"type": "Feature", "geometry": {"type": "Point", "coordinates": [2.028530515, 41.401925236]}, "properties": {"stage": 2, "label": "SANT FELIU DE LLOBREGAT", "km_from_start": 125.6, "elevation_m": 27.0}}, {"type": "Feature", "geometry": {"type": "Point", "coordinates": [2.078656369, 41.378431704]}, "properties": {"stage": 2, "label": "ESPLUGUES DE LLOBREGAT", "km_from_start": 131.2, "elevation_m": 106.0}}, {"type": "Feature", "geometry": {"type": "Point", "coordinates": [2.095964202, 41.376713685]}, "properties": {"stage": 2, "label": "L'HOSPITALET DE LLOBREGAT (N-340-VC-N-340)", "km_from_start": 132.8, "elevation_m": 87.0}}, {"type": "Feature", "geometry": {"type": "Point", "coordinates": [2.104778187, 41.376099986]}, "properties": {"stage": 2, "label": "Passage \u00e0 niveau : tramway.", "km_from_start": 133.6, "elevation_m": 65.0}}, {"type": "Feature", "geometry": {"type": "Point", "coordinates": [2.118939669, 41.376431285]}, "properties": {"stage": 2, "label": "BARCELONA (N-340-VC)", "km_from_start": 134.9, "elevation_m": 49.0}}, {"type": "Feature", "geometry": {"type": "Point", "coordinates": [2.145444107, 41.375207787]}, "properties": {"stage": 2, "label": "Fontaines de Montju\u00efc - Entr\u00e9e sur le circuit final", "km_from_start": 137.5, "elevation_m": 37.0}}, {"type": "Feature", "geometry": {"type": "Point", "coordinates": [2.169123101, 41.374893068]}, "properties": {"stage": 2, "label": "Passeig de Montju\u00efc (BARCELONA)", "km_from_start": 140.0, "elevation_m": 16.0}}, {"type": "Feature", "geometry": {"type": "Point", "coordinates": [2.167695135, 41.369968314]}, "properties": {"stage": 2, "label": "C\u00f4te du Ch\u00e2teau de Montju\u00efc", "km_from_start": 141.6, "elevation_m": 116.0}}, {"type": "Feature", "geometry": {"type": "Point", "coordinates": [2.152270385, 41.360345496]}, "properties": {"stage": 2, "label": "Stade Olympique - 1er passage sur la ligne d'arriv\u00e9e", "km_from_start": 144.1, "elevation_m": 88.0}}, {"type": "Feature", "geometry": {"type": "Point", "coordinates": [2.14781399, 41.35987926]}, "properties": {"stage": 2, "label": "Passeig de la Zona Franca", "km_from_start": 146.8, "elevation_m": 19.0}}, {"type": "Feature", "geometry": {"type": "Point", "coordinates": [2.14374342, 41.364087037]}, "properties": {"stage": 2, "label": "Polvori", "km_from_start": 149.0, "elevation_m": 59.0}}, {"type": "Feature", "geometry": {"type": "Point", "coordinates": [2.145579223, 41.368903592]}, "properties": {"stage": 2, "label": "Fontaines de Montju\u00efc (BARCELONA)", "km_from_start": 149.7, "elevation_m": 62.0}}, {"type": "Feature", "geometry": {"type": "Point", "coordinates": [2.168171829, 41.369865215]}, "properties": {"stage": 2, "label": "C\u00f4te du Ch\u00e2teau de Montju\u00efc", "km_from_start": 153.8, "elevation_m": 103.0}}, {"type": "Feature", "geometry": {"type": "Point", "coordinates": [2.152184027, 41.360899271]}, "properties": {"stage": 2, "label": "Stade Olympique - 2e passage sur la ligne d'arriv\u00e9e", "km_from_start": 156.3, "elevation_m": 79.0}}, {"type": "Feature", "geometry": {"type": "Point", "coordinates": [2.168915889, 41.369755925]}, "properties": {"stage": 2, "label": "C\u00f4te du Ch\u00e2teau de Montju\u00efc", "km_from_start": 166.0, "elevation_m": 91.0}}, {"type": "Feature", "geometry": {"type": "Point", "coordinates": [2.152766519, 41.361374075]}, "properties": {"stage": 2, "label": "BARCELONE - Stade Olympique", "km_from_start": 168.5, "elevation_m": 73.0}}, {"type": "Feature", "geometry": {"type": "Point", "coordinates": [2.2528827, 41.6249963]}, "properties": {"stage": 3, "label": "C-352 CANOVELLES (C-352-C-1415b)", "km_from_start": 0.0, "elevation_m": 186.0}}, {"type": "Feature", "geometry": {"type": "Point", "coordinates": [2.2528827, 41.6249963]}, "properties": {"stage": 3, "label": "Corr\u00f3 d'Avall (VC-C-352) (LES FRANQUESES DEL VALL\u00c8S)", "km_from_start": 0.0, "elevation_m": 186.0}}, {"type": "Feature", "geometry": {"type": "Point", "coordinates": [2.2528827, 41.6249963]}, "properties": {"stage": 3, "label": "VC GRANOLLERS", "km_from_start": 0.0, "elevation_m": 186.0}}, {"type": "Feature", "geometry": {"type": "Point", "coordinates": [2.2528827, 41.6249963]}, "properties": {"stage": 3, "label": "C-1415b GRANOLLERS", "km_from_start": 0.0, "elevation_m": 186.0}}, {"type": "Feature", "geometry": {"type": "Point", "coordinates": [2.241531193, 41.626157134]}, "properties": {"stage": 3, "label": "LLI\u00c7\u00c0 D'AMUNT", "km_from_start": 1.2, "elevation_m": 147.0}}, {"type": "Feature", "geometry": {"type": "Point", "coordinates": [2.225998587, 41.631755394]}, "properties": {"stage": 3, "label": "Can Farell (pr\u00e8s)", "km_from_start": 2.9, "elevation_m": 204.0}}, {"type": "Feature", "geometry": {"type": "Point", "coordinates": [2.20679032, 41.635271317]}, "properties": {"stage": 3, "label": "SANTA EUL\u00c0LIA DE RON\u00c7ANA", "km_from_start": 4.9, "elevation_m": 263.0}}, {"type": "Feature", "geometry": {"type": "Point", "coordinates": [2.182444838, 41.635906738]}, "properties": {"stage": 3, "label": "CALDES DE MONTBUI (pr\u00e8s) (C-1415b-C-59)", "km_from_start": 7.5, "elevation_m": 231.0}}, {"type": "Feature", "geometry": {"type": "Point", "coordinates": [2.163496038, 41.641899173]}, "properties": {"stage": 3, "label": "C-59 Els Saulons", "km_from_start": 9.8, "elevation_m": 289.0}}, {"type": "Feature", "geometry": {"type": "Point", "coordinates": [2.164835357, 41.676335595]}, "properties": {"stage": 3, "label": "SANT FELIU DE CODINES", "km_from_start": 13.4, "elevation_m": 447.0}}, {"type": "Feature", "geometry": {"type": "Point", "coordinates": [2.165724115, 41.701955785]}, "properties": {"stage": 3, "label": "C\u00f4te de Saint Feliu de Codines", "km_from_start": 17.2, "elevation_m": 620.0}}, {"type": "Feature", "geometry": {"type": "Point", "coordinates": [2.1579997, 41.705934012]}, "properties": {"stage": 3, "label": "Carrefour C-59-C-1413b", "km_from_start": 18.3, "elevation_m": 633.0}}, {"type": "Feature", "geometry": {"type": "Point", "coordinates": [2.17033879, 41.711334813]}, "properties": {"stage": 3, "label": "C-1413b Les Clotes (pr\u00e8s) (SANT QUIRZE SAFAJA)", "km_from_start": 20.5, "elevation_m": 641.0}}, {"type": "Feature", "geometry": {"type": "Point", "coordinates": [2.205466278, 41.764235787]}, "properties": {"stage": 3, "label": "Les Comes (pr\u00e8s) (SANT MART\u00cd DE CENTELLES)", "km_from_start": 30.9, "elevation_m": 718.0}}, {"type": "Feature", "geometry": {"type": "Point", "coordinates": [2.215640745, 41.788974285]}, "properties": {"stage": 3, "label": "CENTELLES", "km_from_start": 34.4, "elevation_m": 582.0}}, {"type": "Feature", "geometry": {"type": "Point", "coordinates": [2.232752776, 41.812055753]}, "properties": {"stage": 3, "label": "Els Hostalets de Baleny\u00e0 (C-1413b-N-152a-VC) (BALENY\u00c0)", "km_from_start": 37.7, "elevation_m": 535.0}}, {"type": "Feature", "geometry": {"type": "Point", "coordinates": [2.237990673, 41.844824832]}, "properties": {"stage": 3, "label": "VC TONA (VC-BV-5303)", "km_from_start": 41.7, "elevation_m": 596.0}}, {"type": "Feature", "geometry": {"type": "Point", "coordinates": [2.252836242, 41.845561473]}, "properties": {"stage": 3, "label": "BV-5303 Sant Miquel de Baleny\u00e0 (BV-5303-BV-5305) (SEVA)", "km_from_start": 43.2, "elevation_m": 586.0}}, {"type": "Feature", "geometry": {"type": "Point", "coordinates": [2.281817066, 41.866804131]}, "properties": {"stage": 3, "label": "TARADELL (BV-5305-VC-B-520)", "km_from_start": 46.9, "elevation_m": 612.0}}, {"type": "Feature", "geometry": {"type": "Point", "coordinates": [2.2824, 41.901795121]}, "properties": {"stage": 3, "label": "B-520 SANTA EUG\u00c8NIA DE BERGA", "km_from_start": 51.1, "elevation_m": 547.0}}, {"type": "Feature", "geometry": {"type": "Point", "coordinates": [2.259518397, 41.929230954]}, "properties": {"stage": 3, "label": "VIC (B-520-VC-B-522)", "km_from_start": 54.8, "elevation_m": 476.0}}, {"type": "Feature", "geometry": {"type": "Point", "coordinates": [2.278105048, 41.986133921]}, "properties": {"stage": 3, "label": "B-522 Granollers de la Plana (pr\u00e8s) (GURB)", "km_from_start": 62.1, "elevation_m": 467.0}}, {"type": "Feature", "geometry": {"type": "Point", "coordinates": [2.285332563, 42.002623387]}, "properties": {"stage": 3, "label": "MANLLEU (B-522-BV-5224)", "km_from_start": 64.1, "elevation_m": 456.0}}, {"type": "Feature", "geometry": {"type": "Point", "coordinates": [2.264670567, 42.048658239]}, "properties": {"stage": 3, "label": "BV-5224 TORELL\u00d3 (BV-5224-VC-BV-5226)", "km_from_start": 69.9, "elevation_m": 550.0}}, {"type": "Feature", "geometry": {"type": "Point", "coordinates": [2.241473162, 42.064418075]}, "properties": {"stage": 3, "label": "BV-5226 Vila-seca (SANT VICEN\u00c7 DE TORELL\u00d3)", "km_from_start": 73.5, "elevation_m": 524.0}}, {"type": "Feature", "geometry": {"type": "Point", "coordinates": [2.23953, 42.07445714]}, "properties": {"stage": 3, "label": "Borgony\u00e0 (BV-5226-VC) (SANT VICEN\u00c7 DE TORELL\u00d3)", "km_from_start": 74.9, "elevation_m": 523.0}}, {"type": "Feature", "geometry": {"type": "Point", "coordinates": [2.228847453, 42.082244108]}, "properties": {"stage": 3, "label": "VC La Mambla (pr\u00e8s) (OR\u00cdS)", "km_from_start": 76.5, "elevation_m": 535.0}}, {"type": "Feature", "geometry": {"type": "Point", "coordinates": [2.223263348, 42.095224359]}, "properties": {"stage": 3, "label": "Carrefour VC-C-17", "km_from_start": 78.0, "elevation_m": 542.0}}, {"type": "Feature", "geometry": {"type": "Point", "coordinates": [2.213243942, 42.103887086]}, "properties": {"stage": 3, "label": "C-17 Tunnel de Sant Quirze de Besora", "km_from_start": 79.3, "elevation_m": 579.0}}, {"type": "Feature", "geometry": {"type": "Point", "coordinates": [2.206435708, 42.112475246]}, "properties": {"stage": 3, "label": "SANT QUIRZE DE BESORA (C-17-C-17z)", "km_from_start": 80.4, "elevation_m": 563.0}}, {"type": "Feature", "geometry": {"type": "Point", "coordinates": [2.201117403, 42.119941605]}, "properties": {"stage": 3, "label": "C-17z MONTESQUIU (C-17z-C-17Z-C-17Z-C-17Z-C-17Z-C-17Z)", "km_from_start": 81.5, "elevation_m": 584.0}}, {"type": "Feature", "geometry": {"type": "Point", "coordinates": [2.203195567, 42.134052513]}, "properties": {"stage": 3, "label": "Carrefour C-17z-C-17", "km_from_start": 83.2, "elevation_m": 593.0}}, {"type": "Feature", "geometry": {"type": "Point", "coordinates": [2.206825064, 42.144165971]}, "properties": {"stage": 3, "label": "C-17 Tunnel de la Farga de Bebi\u00e9 (LES LLOSSES)", "km_from_start": 84.7, "elevation_m": 648.0}}, {"type": "Feature", "geometry": {"type": "Point", "coordinates": [2.19928266, 42.160443543]}, "properties": {"stage": 3, "label": "Tunnel de la C\u00fabia", "km_from_start": 86.5, "elevation_m": 646.0}}, {"type": "Feature", "geometry": {"type": "Point", "coordinates": [2.194212716, 42.171597486]}, "properties": {"stage": 3, "label": "Tunnel de Terradelles", "km_from_start": 88.0, "elevation_m": 675.0}}, {"type": "Feature", "geometry": {"type": "Point", "coordinates": [2.191128059, 42.20049454]}, "properties": {"stage": 3, "label": "RIPOLL (C-17-C-26-N-260)", "km_from_start": 91.7, "elevation_m": 683.0}}, {"type": "Feature", "geometry": {"type": "Point", "coordinates": [2.16461893, 42.241855352]}, "properties": {"stage": 3, "label": "N-260 CAMPDEV\u00c0NOL (entr\u00e9e)", "km_from_start": 97.3, "elevation_m": 724.0}}, {"type": "Feature", "geometry": {"type": "Point", "coordinates": [2.164410389, 42.251604715]}, "properties": {"stage": 3, "label": "CAMPDEV\u00c0NOL", "km_from_start": 98.4, "elevation_m": 743.0}}, {"type": "Feature", "geometry": {"type": "Point", "coordinates": [2.164957393, 42.255913219]}, "properties": {"stage": 3, "label": "Col\u00f2nia Molinou", "km_from_start": 98.9, "elevation_m": 753.0}}, {"type": "Feature", "geometry": {"type": "Point", "coordinates": [2.165460528, 42.259265447]}, "properties": {"stage": 3, "label": "Col\u00f2nia Pernau", "km_from_start": 99.3, "elevation_m": 757.0}}, {"type": "Feature", "geometry": {"type": "Point", "coordinates": [2.161528747, 42.265982745]}, "properties": {"stage": 3, "label": "Col\u00f2nia Herand", "km_from_start": 100.2, "elevation_m": 767.0}}, {"type": "Feature", "geometry": {"type": "Point", "coordinates": [2.144249433, 42.312610682]}, "properties": {"stage": 3, "label": "RIBES DE FRESER", "km_from_start": 107.0, "elevation_m": 904.0}}, {"type": "Feature", "geometry": {"type": "Point", "coordinates": [2.083607917, 42.32298]}, "properties": {"stage": 3, "label": "PLANOLES", "km_from_start": 114.4, "elevation_m": 1173.31}}, {"type": "Feature", "geometry": {"type": "Point", "coordinates": [2.074557762, 42.32274797]}, "properties": {"stage": 3, "label": "Plan\u00e8s (N-260-GIV-4016)", "km_from_start": 115.3, "elevation_m": 1203.69}}, {"type": "Feature", "geometry": {"type": "Point", "coordinates": [2.04835096, 42.323320448]}, "properties": {"stage": 3, "label": "GV-4016 Espinosa", "km_from_start": 118.1, "elevation_m": 1200.16}}, {"type": "Feature", "geometry": {"type": "Point", "coordinates": [2.028757215, 42.323498946]}, "properties": {"stage": 3, "label": "Fornells de la Muntanya", "km_from_start": 120.4, "elevation_m": 1305.57}}, {"type": "Feature", "geometry": {"type": "Point", "coordinates": [2.003804596, 42.325041437]}, "properties": {"stage": 3, "label": "TOSES (GIV-4016-VC)", "km_from_start": 123.4, "elevation_m": 1401.82}}, {"type": "Feature", "geometry": {"type": "Point", "coordinates": [1.968490403, 42.33030413]}, "properties": {"stage": 3, "label": "Col de Toses", "km_from_start": 127.7, "elevation_m": 1796.51}}, {"type": "Feature", "geometry": {"type": "Point", "coordinates": [1.941939946, 42.337737451]}, "properties": {"stage": 3, "label": "LA MOLINA (GI-400-VC-GIV-4082)", "km_from_start": 131.8, "elevation_m": 1759.04}}, {"type": "Feature", "geometry": {"type": "Point", "coordinates": [1.935565137, 42.339071781]}, "properties": {"stage": 3, "label": "GI-400 Tunnel de la Molina (GI-400-400-VC)", "km_from_start": 132.8, "elevation_m": 1619.27}}, {"type": "Feature", "geometry": {"type": "Point", "coordinates": [1.892986922, 42.381343592]}, "properties": {"stage": 3, "label": "GV-4082 ALP (pr\u00e8s) (GIV-4082-C-162)", "km_from_start": 144.2, "elevation_m": 1198.44}}, {"type": "Feature", "geometry": {"type": "Point", "coordinates": [1.897121142, 42.394329968]}, "properties": {"stage": 3, "label": "C-162 Escadarcs (pr\u00e8s) (FONTANALS DE CERDANYA)", "km_from_start": 145.6, "elevation_m": 1155.31}}, {"type": "Feature", "geometry": {"type": "Point", "coordinates": [1.917643648, 42.409974301]}, "properties": {"stage": 3, "label": "Queixans (pr\u00e8s) (C-162-N-260) (FONTANALS DE CERDANYA)", "km_from_start": 148.5, "elevation_m": 1112.51}}, {"type": "Feature", "geometry": {"type": "Point", "coordinates": [1.935942521, 42.432602521]}, "properties": {"stage": 3, "label": "N-260 PUIGCERD\u00c0 (N-260-N-152-N-154)", "km_from_start": 151.5, "elevation_m": 1148.68}}, {"type": "Feature", "geometry": {"type": "Point", "coordinates": [1.943663557, 42.468143557]}, "properties": {"stage": 3, "label": "N20 UR (N20-D618)", "km_from_start": 156.2, "elevation_m": 1193.0}}, {"type": "Feature", "geometry": {"type": "Point", "coordinates": [1.962474915, 42.484989139]}, "properties": {"stage": 3, "label": "D618 Villeneuve-des-Escaldes (ANGOUSTRINE-VILLENEUVE-DES-ESCALDES)", "km_from_start": 158.9, "elevation_m": 1283.91}}, {"type": "Feature", "geometry": {"type": "Point", "coordinates": [1.965842274, 42.480699047]}, "properties": {"stage": 3, "label": "Angoustrine (ANGOUSTRINE-VILLENEUVE-DES-ESCALDES)", "km_from_start": 159.8, "elevation_m": 1332.41}}, {"type": "Feature", "geometry": {"type": "Point", "coordinates": [2.004024094, 42.498653142]}, "properties": {"stage": 3, "label": "TARGASONNE", "km_from_start": 165.8, "elevation_m": 1591.5}}, {"type": "Feature", "geometry": {"type": "Point", "coordinates": [2.02125843, 42.500432558]}, "properties": {"stage": 3, "label": "Col de Fau (D618-D10 F)", "km_from_start": 167.8, "elevation_m": 1632.8}}, {"type": "Feature", "geometry": {"type": "Point", "coordinates": [2.026851222, 42.502267405]}, "properties": {"stage": 3, "label": "D10 F \u00c9GAT", "km_from_start": 168.4, "elevation_m": 1648.91}}, {"type": "Feature", "geometry": {"type": "Point", "coordinates": [2.037884554, 42.50436212]}, "properties": {"stage": 3, "label": "FONT-ROMEU-ODEILLO-VIA (D10 F-D618)", "km_from_start": 169.8, "elevation_m": 1720.93}}, {"type": "Feature", "geometry": {"type": "Point", "coordinates": [2.050290889, 42.513567555]}, "properties": {"stage": 3, "label": "D618 L'Ermitage", "km_from_start": 171.9, "elevation_m": 1807.5}}, {"type": "Feature", "geometry": {"type": "Point", "coordinates": [2.053233267, 42.51518]}, "properties": {"stage": 3, "label": "Col du Calvaire", "km_from_start": 172.3, "elevation_m": 1829.91}}, {"type": "Feature", "geometry": {"type": "Point", "coordinates": [2.0624479, 42.514168755]}, "properties": {"stage": 3, "label": "BOLQU\u00c8RE", "km_from_start": 173.2, "elevation_m": 1799.5}}, {"type": "Feature", "geometry": {"type": "Point", "coordinates": [2.112118595, 42.511796153]}, "properties": {"stage": 3, "label": "LA CABANASSE (D618-D118)", "km_from_start": 178.3, "elevation_m": 1614.47}}, {"type": "Feature", "geometry": {"type": "Point", "coordinates": [2.11946128, 42.521708044]}, "properties": {"stage": 3, "label": "D118 LA LLAGONNE", "km_from_start": 180.3, "elevation_m": 1631.91}}, {"type": "Feature", "geometry": {"type": "Point", "coordinates": [2.112919434, 42.550061322]}, "properties": {"stage": 3, "label": "Col de la Quillane", "km_from_start": 184.0, "elevation_m": 1711.46}}, {"type": "Feature", "geometry": {"type": "Point", "coordinates": [2.114552253, 42.576901877]}, "properties": {"stage": 3, "label": "Lac de Matemale", "km_from_start": 187.3, "elevation_m": 1550.43}}, {"type": "Feature", "geometry": {"type": "Point", "coordinates": [2.110087479, 42.586953391]}, "properties": {"stage": 3, "label": "MATEMALE (pr\u00e8s) (D118-D52)", "km_from_start": 188.9, "elevation_m": 1523.02}}, {"type": "Feature", "geometry": {"type": "Point", "coordinates": [2.086574549, 42.585618836]}, "properties": {"stage": 3, "label": "D52 Carrefour D52-D32", "km_from_start": 191.2, "elevation_m": 1592.07}}, {"type": "Feature", "geometry": {"type": "Point", "coordinates": [2.079420566, 42.581620378]}, "properties": {"stage": 3, "label": "D32 LES ANGLES (D32-VC) (entr\u00e9e)", "km_from_start": 192.0, "elevation_m": 1619.23}}, {"type": "Feature", "geometry": {"type": "Point", "coordinates": [2.066966705, 42.563332987]}, "properties": {"stage": 3, "label": "VC Pla del Mir", "km_from_start": 195.8, "elevation_m": 1792.1}}, {"type": "Feature", "geometry": {"type": "Point", "coordinates": [2.0659888, 42.5636864]}, "properties": {"stage": 3, "label": "LES ANGLES", "km_from_start": 195.9, "elevation_m": 1797.76}}, {"type": "Feature", "geometry": {"type": "Point", "coordinates": [2.4330737, 43.2016315]}, "properties": {"stage": 4, "label": "La Cit\u00e9", "km_from_start": 0.0, "elevation_m": 99.48}}, {"type": "Feature", "geometry": {"type": "Point", "coordinates": [2.4330737, 43.2016315]}, "properties": {"stage": 4, "label": "D3 CARCASSONNE", "km_from_start": 0.0, "elevation_m": 99.48}}, {"type": "Feature", "geometry": {"type": "Point", "coordinates": [2.4330737, 43.2016315]}, "properties": {"stage": 4, "label": "Carrefour VC-D6161", "km_from_start": 0.0, "elevation_m": 99.48}}, {"type": "Feature", "geometry": {"type": "Point", "coordinates": [2.4330737, 43.2016315]}, "properties": {"stage": 4, "label": "D6113 TR\u00c8BES (D6113-D3)", "km_from_start": 0.0, "elevation_m": 99.48}}, {"type": "Feature", "geometry": {"type": "Point", "coordinates": [2.4330737, 43.2016315]}, "properties": {"stage": 4, "label": "VC CARCASSONNE", "km_from_start": 0.0, "elevation_m": 99.48}}, {"type": "Feature", "geometry": {"type": "Point", "coordinates": [2.4330737, 43.2016315]}, "properties": {"stage": 4, "label": "D6161 Carrefour D6161-D6113", "km_from_start": 0.0, "elevation_m": 99.48}}, {"type": "Feature", "geometry": {"type": "Point", "coordinates": [2.448353641, 43.191606136]}, "properties": {"stage": 4, "label": "FONTI\u00c8S D'AUDE", "km_from_start": 1.7, "elevation_m": 109.26}}, {"type": "Feature", "geometry": {"type": "Point", "coordinates": [2.459896464, 43.167233232]}, "properties": {"stage": 4, "label": "Col de Bouc", "km_from_start": 4.6, "elevation_m": 146.47}}, {"type": "Feature", "geometry": {"type": "Point", "coordinates": [2.459735917, 43.157486035]}, "properties": {"stage": 4, "label": "MONZE", "km_from_start": 6.0, "elevation_m": 140.28}}, {"type": "Feature", "geometry": {"type": "Point", "coordinates": [2.482752056, 43.150344072]}, "properties": {"stage": 4, "label": "Carbonac", "km_from_start": 8.3, "elevation_m": 168.85}}, {"type": "Feature", "geometry": {"type": "Point", "coordinates": [2.508850002, 43.147131256]}, "properties": {"stage": 4, "label": "Pradelles-en-Val (VAL-DE-DAGNE)", "km_from_start": 10.7, "elevation_m": 196.57}}, {"type": "Feature", "geometry": {"type": "Point", "coordinates": [2.533417932, 43.098858057]}, "properties": {"stage": 4, "label": "La Bedosse (pr\u00e8s) (SERVI\u00c8S-EN-VAL)", "km_from_start": 17.4, "elevation_m": 191.66}}, {"type": "Feature", "geometry": {"type": "Point", "coordinates": [2.551880716, 43.091904009]}, "properties": {"stage": 4, "label": "Villemagne (LAGRASSE)", "km_from_start": 19.3, "elevation_m": 175.37}}, {"type": "Feature", "geometry": {"type": "Point", "coordinates": [2.606647607, 43.094837595]}, "properties": {"stage": 4, "label": "Moulin de Boysede (LAGRASSE)", "km_from_start": 26.3, "elevation_m": 118.29}}, {"type": "Feature", "geometry": {"type": "Point", "coordinates": [2.609183096, 43.069656687]}, "properties": {"stage": 4, "label": "Carrefour D3-D23", "km_from_start": 31.0, "elevation_m": 141.54}}, {"type": "Feature", "geometry": {"type": "Point", "coordinates": [2.624653283, 43.058992343]}, "properties": {"stage": 4, "label": "Forodonos (SAINT-PIERRE-DES-CHAMPS)", "km_from_start": 33.1, "elevation_m": 189.31}}, {"type": "Feature", "geometry": {"type": "Point", "coordinates": [2.640781838, 43.033923147]}, "properties": {"stage": 4, "label": "Carrefour D23-D613", "km_from_start": 36.6, "elevation_m": 290.95}}, {"type": "Feature", "geometry": {"type": "Point", "coordinates": [2.638588674, 43.021334372]}, "properties": {"stage": 4, "label": "D613 Bouttes (TALAIRAN)", "km_from_start": 38.6, "elevation_m": 348.17}}, {"type": "Feature", "geometry": {"type": "Point", "coordinates": [2.636372865, 43.009987135]}, "properties": {"stage": 4, "label": "Col de Villerouge", "km_from_start": 40.3, "elevation_m": 393.47}}, {"type": "Feature", "geometry": {"type": "Point", "coordinates": [2.625760791, 43.004455311]}, "properties": {"stage": 4, "label": "VILLEROUGE-TERMEN\u00c8S", "km_from_start": 41.5, "elevation_m": 351.88}}, {"type": "Feature", "geometry": {"type": "Point", "coordinates": [2.615704623, 42.990674873]}, "properties": {"stage": 4, "label": "Col de la Tranch\u00e9e", "km_from_start": 43.4, "elevation_m": 365.7}}, {"type": "Feature", "geometry": {"type": "Point", "coordinates": [2.609510907, 42.985629771]}, "properties": {"stage": 4, "label": "F\u00c9LINES TERMEN\u00c8S", "km_from_start": 44.2, "elevation_m": 341.26}}, {"type": "Feature", "geometry": {"type": "Point", "coordinates": [2.579534404, 42.965989205]}, "properties": {"stage": 4, "label": "Col de Bedos", "km_from_start": 48.2, "elevation_m": 479.46}}, {"type": "Feature", "geometry": {"type": "Point", "coordinates": [2.56226715, 42.96036646]}, "properties": {"stage": 4, "label": "LAROQUE DE FA", "km_from_start": 50.6, "elevation_m": 445.02}}, {"type": "Feature", "geometry": {"type": "Point", "coordinates": [2.532188189, 42.960151537]}, "properties": {"stage": 4, "label": "Col des Fourches", "km_from_start": 53.4, "elevation_m": 556.12}}, {"type": "Feature", "geometry": {"type": "Point", "coordinates": [2.523257619, 42.957242073]}, "properties": {"stage": 4, "label": "MOUTHOUMET", "km_from_start": 54.3, "elevation_m": 547.2}}, {"type": "Feature", "geometry": {"type": "Point", "coordinates": [2.488974806, 42.954926463]}, "properties": {"stage": 4, "label": "Le Pont d'Orbieu (LANET)", "km_from_start": 58.1, "elevation_m": 381.69}}, {"type": "Feature", "geometry": {"type": "Point", "coordinates": [2.464874629, 42.944296526]}, "properties": {"stage": 4, "label": "ALBI\u00c8RES (pr\u00e8s)", "km_from_start": 61.2, "elevation_m": 464.48}}, {"type": "Feature", "geometry": {"type": "Point", "coordinates": [2.427377615, 42.945891638]}, "properties": {"stage": 4, "label": "Col du Paradis", "km_from_start": 64.9, "elevation_m": 615.79}}, {"type": "Feature", "geometry": {"type": "Point", "coordinates": [2.375659285, 42.952115358]}, "properties": {"stage": 4, "label": "ARQUES", "km_from_start": 70.8, "elevation_m": 360.05}}, {"type": "Feature", "geometry": {"type": "Point", "coordinates": [2.350551495, 42.947936121]}, "properties": {"stage": 4, "label": "La Parade", "km_from_start": 73.3, "elevation_m": 339.09}}, {"type": "Feature", "geometry": {"type": "Point", "coordinates": [2.346219906, 42.948100043]}, "properties": {"stage": 4, "label": "P\u00e9bri\u00e8res (PEYROLLES)", "km_from_start": 73.8, "elevation_m": 327.5}}, {"type": "Feature", "geometry": {"type": "Point", "coordinates": [2.339570458, 42.950850264]}, "properties": {"stage": 4, "label": "Les Pontils (PEYROLLES)", "km_from_start": 74.5, "elevation_m": 310.02}}, {"type": "Feature", "geometry": {"type": "Point", "coordinates": [2.323573476, 42.946287666]}, "properties": {"stage": 4, "label": "SERRES", "km_from_start": 76.1, "elevation_m": 274.89}}, {"type": "Feature", "geometry": {"type": "Point", "coordinates": [2.3124101, 42.942562079]}, "properties": {"stage": 4, "label": "Pachevan (pr\u00e8s) (CASSAIGNES)", "km_from_start": 77.3, "elevation_m": 264.51}}, {"type": "Feature", "geometry": {"type": "Point", "coordinates": [2.278382027, 42.938474458]}, "properties": {"stage": 4, "label": "COUSTAUSSA (pr\u00e8s)", "km_from_start": 80.5, "elevation_m": 243.73}}, {"type": "Feature", "geometry": {"type": "Point", "coordinates": [2.2627521, 42.941309361]}, "properties": {"stage": 4, "label": "COUIZA (D613-D118)", "km_from_start": 82.0, "elevation_m": 233.44}}, {"type": "Feature", "geometry": {"type": "Point", "coordinates": [2.229889173, 42.931911194]}, "properties": {"stage": 4, "label": "ESP\u00c9RAZA", "km_from_start": 85.4, "elevation_m": 246.54}}, {"type": "Feature", "geometry": {"type": "Point", "coordinates": [2.220456771, 42.929318092]}, "properties": {"stage": 4, "label": "D118 La Roquette", "km_from_start": 86.3, "elevation_m": 257.54}}, {"type": "Feature", "geometry": {"type": "Point", "coordinates": [2.219145289, 42.924509012]}, "properties": {"stage": 4, "label": "Campagne-les-Bains", "km_from_start": 86.8, "elevation_m": 252.83}}, {"type": "Feature", "geometry": {"type": "Point", "coordinates": [2.217721539, 42.922841534]}, "properties": {"stage": 4, "label": "CAMPAGNE SUR AUDE", "km_from_start": 87.0, "elevation_m": 251.04}}, {"type": "Feature", "geometry": {"type": "Point", "coordinates": [2.192936401, 42.894752479]}, "properties": {"stage": 4, "label": "QUILLAN (D118-D117) (entr\u00e9e)", "km_from_start": 91.6, "elevation_m": 278.65}}, {"type": "Feature", "geometry": {"type": "Point", "coordinates": [2.188375003, 42.878268753]}, "properties": {"stage": 4, "label": "QUILLAN", "km_from_start": 93.4, "elevation_m": 281.1}}, {"type": "Feature", "geometry": {"type": "Point", "coordinates": [2.16195162, 42.873785675]}, "properties": {"stage": 4, "label": "GINOLES (pr\u00e8s)", "km_from_start": 96.8, "elevation_m": 453.11}}, {"type": "Feature", "geometry": {"type": "Point", "coordinates": [2.157217735, 42.87849289]}, "properties": {"stage": 4, "label": "Col du Portel (pr\u00e8s) (D117-D59)", "km_from_start": 99.2, "elevation_m": 589.15}}, {"type": "Feature", "geometry": {"type": "Point", "coordinates": [2.150963003, 42.875138968]}, "properties": {"stage": 4, "label": "D59 Carrefour D59-D613", "km_from_start": 100.3, "elevation_m": 655.28}}, {"type": "Feature", "geometry": {"type": "Point", "coordinates": [2.12589723, 42.861991182]}, "properties": {"stage": 4, "label": "D613 COUDONS", "km_from_start": 104.1, "elevation_m": 844.71}}, {"type": "Feature", "geometry": {"type": "Point", "coordinates": [2.117664415, 42.863821196]}, "properties": {"stage": 4, "label": "Col de Coudons", "km_from_start": 104.9, "elevation_m": 874.9}}, {"type": "Feature", "geometry": {"type": "Point", "coordinates": [2.094394466, 42.844292111]}, "properties": {"stage": 4, "label": "Lapeyre (BELVIS)", "km_from_start": 108.4, "elevation_m": 884.89}}, {"type": "Feature", "geometry": {"type": "Point", "coordinates": [2.021030644, 42.824340054]}, "properties": {"stage": 4, "label": "ESPEZEL", "km_from_start": 116.0, "elevation_m": 896.28}}, {"type": "Feature", "geometry": {"type": "Point", "coordinates": [2.002043385, 42.829065152]}, "properties": {"stage": 4, "label": "D829 ROQUEFEUIL (pr\u00e8s) (D613-D29)", "km_from_start": 118.0, "elevation_m": 916.22}}, {"type": "Feature", "geometry": {"type": "Point", "coordinates": [1.99512277, 42.848696419]}, "properties": {"stage": 4, "label": "D29 Hameau de Lar\u00e9massadou", "km_from_start": 120.3, "elevation_m": 878.01}}, {"type": "Feature", "geometry": {"type": "Point", "coordinates": [1.968424686, 42.876388126]}, "properties": {"stage": 4, "label": "D16 Col de la Croix des Morts", "km_from_start": 125.4, "elevation_m": 898.29}}, {"type": "Feature", "geometry": {"type": "Point", "coordinates": [1.930310575, 42.897530805]}, "properties": {"stage": 4, "label": "B\u00c9LESTA (D16-D9)", "km_from_start": 132.2, "elevation_m": 506.53}}, {"type": "Feature", "geometry": {"type": "Point", "coordinates": [1.920163402, 42.889890994]}, "properties": {"stage": 4, "label": "D9 Fontaine de Fontestorbes", "km_from_start": 133.5, "elevation_m": 508.89}}, {"type": "Feature", "geometry": {"type": "Point", "coordinates": [1.911961573, 42.886710827]}, "properties": {"stage": 4, "label": "La Barraque", "km_from_start": 134.3, "elevation_m": 516.63}}, {"type": "Feature", "geometry": {"type": "Point", "coordinates": [1.902439189, 42.884465513]}, "properties": {"stage": 4, "label": "FOUGAX-ET-BARRINEUF", "km_from_start": 135.2, "elevation_m": 530.12}}, {"type": "Feature", "geometry": {"type": "Point", "coordinates": [1.876534268, 42.88379]}, "properties": {"stage": 4, "label": "Plaine Saint-Nicolas", "km_from_start": 137.9, "elevation_m": 563.96}}, {"type": "Feature", "geometry": {"type": "Point", "coordinates": [1.84193, 42.878228337]}, "properties": {"stage": 4, "label": "Serrelongue (pr\u00e8s) (B\u00c9NAIX)", "km_from_start": 141.7, "elevation_m": 691.99}}, {"type": "Feature", "geometry": {"type": "Point", "coordinates": [1.831982304, 42.872566152]}, "properties": {"stage": 4, "label": "MONTS\u00c9GUR", "km_from_start": 144.9, "elevation_m": 897.98}}, {"type": "Feature", "geometry": {"type": "Point", "coordinates": [1.820974837, 42.87840238]}, "properties": {"stage": 4, "label": "Col de Monts\u00e9gur", "km_from_start": 146.7, "elevation_m": 1049.23}}, {"type": "Feature", "geometry": {"type": "Point", "coordinates": [1.79912714, 42.898926023]}, "properties": {"stage": 4, "label": "MONTFERRIER", "km_from_start": 150.9, "elevation_m": 708.05}}, {"type": "Feature", "geometry": {"type": "Point", "coordinates": [1.821209523, 42.908426032]}, "properties": {"stage": 4, "label": "VILLENEUVE-D'OLMES", "km_from_start": 153.1, "elevation_m": 620.11}}, {"type": "Feature", "geometry": {"type": "Point", "coordinates": [1.835370415, 42.923003598]}, "properties": {"stage": 4, "label": "Les Chaubets (D9-D117)", "km_from_start": 155.2, "elevation_m": 586.03}}, {"type": "Feature", "geometry": {"type": "Point", "coordinates": [1.842178937, 42.928287262]}, "properties": {"stage": 4, "label": "D117 LAVELANET (D117-VC-D10)", "km_from_start": 156.0, "elevation_m": 567.74}}, {"type": "Feature", "geometry": {"type": "Point", "coordinates": [1.808020923, 42.942128974]}, "properties": {"stage": 4, "label": "D10 RAISSAC", "km_from_start": 160.3, "elevation_m": 580.44}}, {"type": "Feature", "geometry": {"type": "Point", "coordinates": [1.7856, 42.9509113]}, "properties": {"stage": 4, "label": "Tani\u00e8re", "km_from_start": 162.8, "elevation_m": 513.91}}, {"type": "Feature", "geometry": {"type": "Point", "coordinates": [1.772212904, 42.959029754]}, "properties": {"stage": 4, "label": "ILHAT (pr\u00e8s)", "km_from_start": 164.4, "elevation_m": 455.62}}, {"type": "Feature", "geometry": {"type": "Point", "coordinates": [1.769169461, 42.958361808]}, "properties": {"stage": 4, "label": "Rapy (D10-D1)", "km_from_start": 164.7, "elevation_m": 446.38}}, {"type": "Feature", "geometry": {"type": "Point", "coordinates": [1.751876668, 42.962762604]}, "properties": {"stage": 4, "label": "Le Carol (ROQUEFORT-LES-CASCADES)", "km_from_start": 166.5, "elevation_m": 478.41}}, {"type": "Feature", "geometry": {"type": "Point", "coordinates": [1.72262069, 42.968036815]}, "properties": {"stage": 4, "label": "Le Pradet (ROQUEFORT-LES-CASCADES)", "km_from_start": 169.4, "elevation_m": 544.4}}, {"type": "Feature", "geometry": {"type": "Point", "coordinates": [1.682287835, 42.976226494]}, "properties": {"stage": 4, "label": "Le Sabarth\u00e8s (L'HERM)", "km_from_start": 173.2, "elevation_m": 511.84}}, {"type": "Feature", "geometry": {"type": "Point", "coordinates": [1.643949503, 42.97855727]}, "properties": {"stage": 4, "label": "Le G\u00e9n\u00e9ral (ARABAUX)", "km_from_start": 176.9, "elevation_m": 427.94}}, {"type": "Feature", "geometry": {"type": "Point", "coordinates": [1.632728945, 42.974800117]}, "properties": {"stage": 4, "label": "Le Barbi\u00e9 (ARABAUX)", "km_from_start": 178.1, "elevation_m": 401.71}}, {"type": "Feature", "geometry": {"type": "Point", "coordinates": [1.614629116, 42.979072941]}, "properties": {"stage": 4, "label": "FOIX (D1-D919-D117) (entr\u00e9e)", "km_from_start": 179.8, "elevation_m": 415.35}}, {"type": "Feature", "geometry": {"type": "Point", "coordinates": [1.6074094, 42.9639576]}, "properties": {"stage": 4, "label": "D117 FOIX", "km_from_start": 181.9, "elevation_m": 386.09}}, {"type": "Feature", "geometry": {"type": "Point", "coordinates": [0.4165421, 43.1276419]}, "properties": {"stage": 5, "label": "LANNEMEZAN", "km_from_start": 0.0, "elevation_m": 593.11}}, {"type": "Feature", "geometry": {"type": "Point", "coordinates": [0.4165421, 43.1276419]}, "properties": {"stage": 5, "label": "D929 Passage \u00e0 niveau N\u00b0 125.", "km_from_start": 0.0, "elevation_m": 593.11}}, {"type": "Feature", "geometry": {"type": "Point", "coordinates": [0.4165421, 43.1276419]}, "properties": {"stage": 5, "label": "Carrefour D10-D929", "km_from_start": 0.0, "elevation_m": 593.11}}, {"type": "Feature", "geometry": {"type": "Point", "coordinates": [0.4165421, 43.1276419]}, "properties": {"stage": 5, "label": "D10 Passage \u00e0 niveau N\u00b0 126.", "km_from_start": 0.0, "elevation_m": 593.11}}, {"type": "Feature", "geometry": {"type": "Point", "coordinates": [0.4165421, 43.1276419]}, "properties": {"stage": 5, "label": "VC LANNEMEZAN (VC-D939-D817-D10)", "km_from_start": 0.0, "elevation_m": 593.11}}, {"type": "Feature", "geometry": {"type": "Point", "coordinates": [0.421544903, 43.137161383]}, "properties": {"stage": 5, "label": "UGLAS (pr\u00e8s)", "km_from_start": 1.0, "elevation_m": 575.7}}, {"type": "Feature", "geometry": {"type": "Point", "coordinates": [0.425543669, 43.144778795]}, "properties": {"stage": 5, "label": "Bordes Pl\u00e9gades (R\u00c9JAUMONT)", "km_from_start": 1.8, "elevation_m": 567.56}}, {"type": "Feature", "geometry": {"type": "Point", "coordinates": [0.447169241, 43.185634159]}, "properties": {"stage": 5, "label": "TAJAN (pr\u00e8s)", "km_from_start": 6.1, "elevation_m": 533.05}}, {"type": "Feature", "geometry": {"type": "Point", "coordinates": [0.467837045, 43.209857721]}, "properties": {"stage": 5, "label": "MONLONG", "km_from_start": 9.3, "elevation_m": 456.38}}, {"type": "Feature", "geometry": {"type": "Point", "coordinates": [0.483688247, 43.227420514]}, "properties": {"stage": 5, "label": "La Plaine", "km_from_start": 11.5, "elevation_m": 374.81}}, {"type": "Feature", "geometry": {"type": "Point", "coordinates": [0.493054884, 43.237798891]}, "properties": {"stage": 5, "label": "GAUSSAN (pr\u00e8s)", "km_from_start": 12.8, "elevation_m": 356.7}}, {"type": "Feature", "geometry": {"type": "Point", "coordinates": [0.497188491, 43.242725122]}, "properties": {"stage": 5, "label": "La Bourie (LARAN)", "km_from_start": 13.4, "elevation_m": 350.42}}, {"type": "Feature", "geometry": {"type": "Point", "coordinates": [0.502452704, 43.256829704]}, "properties": {"stage": 5, "label": "Le Goua (pr\u00e8s) (MONL\u00c9ON-MAGNOAC)", "km_from_start": 14.8, "elevation_m": 329.78}}, {"type": "Feature", "geometry": {"type": "Point", "coordinates": [0.50845838, 43.272952334]}, "properties": {"stage": 5, "label": "Cantaou (CIZOS)", "km_from_start": 16.4, "elevation_m": 311.84}}, {"type": "Feature", "geometry": {"type": "Point", "coordinates": [0.498527233, 43.296005633]}, "properties": {"stage": 5, "label": "CASTELNAU-MAGNOAC (D929-D632)", "km_from_start": 20.3, "elevation_m": 315.47}}, {"type": "Feature", "geometry": {"type": "Point", "coordinates": [0.480492775, 43.299853995]}, "properties": {"stage": 5, "label": "D632 Lac du Magnoac (LARROQUE)", "km_from_start": 22.2, "elevation_m": 322.36}}, {"type": "Feature", "geometry": {"type": "Point", "coordinates": [0.46347088, 43.298847912]}, "properties": {"stage": 5, "label": "PUNTOUS", "km_from_start": 24.4, "elevation_m": 300.15}}, {"type": "Feature", "geometry": {"type": "Point", "coordinates": [0.447411831, 43.300340776]}, "properties": {"stage": 5, "label": "La Rivi\u00e8re", "km_from_start": 25.9, "elevation_m": 289.68}}, {"type": "Feature", "geometry": {"type": "Point", "coordinates": [0.406839126, 43.300614093]}, "properties": {"stage": 5, "label": "Lac de Puydarrieux (pr\u00e8s) (PUYDARRIEUX)", "km_from_start": 29.8, "elevation_m": 274.6}}, {"type": "Feature", "geometry": {"type": "Point", "coordinates": [0.375838103, 43.325675998]}, "properties": {"stage": 5, "label": "TRIE-SUR-BA\u00cfSE (D632-D939)", "km_from_start": 35.1, "elevation_m": 239.3}}, {"type": "Feature", "geometry": {"type": "Point", "coordinates": [0.383784488, 43.351970245]}, "properties": {"stage": 5, "label": "D939 Montine (pr\u00e8s) (FONTRAILLES)", "km_from_start": 37.7, "elevation_m": 228.96}}, {"type": "Feature", "geometry": {"type": "Point", "coordinates": [0.38903979, 43.376745009]}, "properties": {"stage": 5, "label": "Montagnan (BARCUGNAN)", "km_from_start": 40.1, "elevation_m": 223.13}}, {"type": "Feature", "geometry": {"type": "Point", "coordinates": [0.393011191, 43.39179201]}, "properties": {"stage": 5, "label": "Tire-Houec (pr\u00e8s) (MANAS-BASTANOUS)", "km_from_start": 41.6, "elevation_m": 217.06}}, {"type": "Feature", "geometry": {"type": "Point", "coordinates": [0.394718182, 43.403377771]}, "properties": {"stage": 5, "label": "La Carr\u00e8re (BARCUGNAN)", "km_from_start": 42.7, "elevation_m": 209.87}}, {"type": "Feature", "geometry": {"type": "Point", "coordinates": [0.413774925, 43.448312289]}, "properties": {"stage": 5, "label": "SAINT-MICHEL", "km_from_start": 48.1, "elevation_m": 181.32}}, {"type": "Feature", "geometry": {"type": "Point", "coordinates": [0.404947809, 43.512182603]}, "properties": {"stage": 5, "label": "BERDOUES", "km_from_start": 54.6, "elevation_m": 162.96}}, {"type": "Feature", "geometry": {"type": "Point", "coordinates": [0.402315841, 43.536320457]}, "properties": {"stage": 5, "label": "MIRANDE (D939-D1021-D137)", "km_from_start": 57.8, "elevation_m": 164.87}}, {"type": "Feature", "geometry": {"type": "Point", "coordinates": [0.352971485, 43.553504556]}, "properties": {"stage": 5, "label": "D137 Le Couy (ESTIPOUY)", "km_from_start": 62.8, "elevation_m": 205.7}}, {"type": "Feature", "geometry": {"type": "Point", "coordinates": [0.296373458, 43.579423444]}, "properties": {"stage": 5, "label": "MONTESQUIOU (D137-D943)", "km_from_start": 69.5, "elevation_m": 210.87}}, {"type": "Feature", "geometry": {"type": "Point", "coordinates": [0.232284613, 43.567794921]}, "properties": {"stage": 5, "label": "D943 BASSOUES (D943-VC-D943)", "km_from_start": 76.8, "elevation_m": 180.05}}, {"type": "Feature", "geometry": {"type": "Point", "coordinates": [0.220937076, 43.535132862]}, "properties": {"stage": 5, "label": "MASCARAS", "km_from_start": 82.6, "elevation_m": 274.85}}, {"type": "Feature", "geometry": {"type": "Point", "coordinates": [0.206787024, 43.528314415]}, "properties": {"stage": 5, "label": "La Gravette (SAINT-CHRISTAUD) (pr\u00e8s)", "km_from_start": 84.1, "elevation_m": 275.98}}, {"type": "Feature", "geometry": {"type": "Point", "coordinates": [0.186890064, 43.525649759]}, "properties": {"stage": 5, "label": "LAVERA\u00cbT", "km_from_start": 86.2, "elevation_m": 238.82}}, {"type": "Feature", "geometry": {"type": "Point", "coordinates": [0.141971477, 43.521353562]}, "properties": {"stage": 5, "label": "MARCIAC (D943-D3-D3 B-D943)", "km_from_start": 90.8, "elevation_m": 151.35}}, {"type": "Feature", "geometry": {"type": "Point", "coordinates": [0.077986029, 43.505955107]}, "properties": {"stage": 5, "label": "ARMENTIEUX (pr\u00e8s)", "km_from_start": 97.4, "elevation_m": 161.44}}, {"type": "Feature", "geometry": {"type": "Point", "coordinates": [0.071050737, 43.497278352]}, "properties": {"stage": 5, "label": "Tucoulet (pr\u00e8s) (AURI\u00c9BAT)", "km_from_start": 98.5, "elevation_m": 178.5}}, {"type": "Feature", "geometry": {"type": "Point", "coordinates": [0.034690647, 43.468577347]}, "properties": {"stage": 5, "label": "MAUBOURGUET (D943-D835-D935)", "km_from_start": 103.1, "elevation_m": 174.98}}, {"type": "Feature", "geometry": {"type": "Point", "coordinates": [0.052616174, 43.403676246]}, "properties": {"stage": 5, "label": "D935 NOUILHAN", "km_from_start": 109.5, "elevation_m": 194.76}}, {"type": "Feature", "geometry": {"type": "Point", "coordinates": [0.037240131, 43.388448799]}, "properties": {"stage": 5, "label": "VIC-EN-BIGORRE (D935-D835-D6) (entr\u00e9e)", "km_from_start": 112.9, "elevation_m": 208.66}}, {"type": "Feature", "geometry": {"type": "Point", "coordinates": [0.031108264, 43.390457115]}, "properties": {"stage": 5, "label": "D835 VIC-EN-BIGORRE", "km_from_start": 113.5, "elevation_m": 211.4}}, {"type": "Feature", "geometry": {"type": "Point", "coordinates": [-0.021150149, 43.376427016]}, "properties": {"stage": 5, "label": "D6 SANOUS (pr\u00e8s)", "km_from_start": 118.7, "elevation_m": 218.05}}, {"type": "Feature", "geometry": {"type": "Point", "coordinates": [-0.033356612, 43.373092361]}, "properties": {"stage": 5, "label": "D7 CASTEIDE-DOAT", "km_from_start": 119.9, "elevation_m": 236.36}}, {"type": "Feature", "geometry": {"type": "Point", "coordinates": [-0.055542939, 43.374143528]}, "properties": {"stage": 5, "label": "LAMAYOU (pr\u00e8s)", "km_from_start": 122.2, "elevation_m": 336.38}}, {"type": "Feature", "geometry": {"type": "Point", "coordinates": [-0.083427464, 43.373739729]}, "properties": {"stage": 5, "label": "Viellepinte (pr\u00e8s) (PONTIACQ-VIELLEPINTE)", "km_from_start": 125.0, "elevation_m": 260.75}}, {"type": "Feature", "geometry": {"type": "Point", "coordinates": [-0.104472047, 43.375289284]}, "properties": {"stage": 5, "label": "MAURE (pr\u00e8s)", "km_from_start": 127.1, "elevation_m": 323.0}}, {"type": "Feature", "geometry": {"type": "Point", "coordinates": [-0.119215517, 43.377404172]}, "properties": {"stage": 5, "label": "Castelnau (pr\u00e8s) (MOMY)", "km_from_start": 128.9, "elevation_m": 348.76}}, {"type": "Feature", "geometry": {"type": "Point", "coordinates": [-0.145621779, 43.377064329]}, "properties": {"stage": 5, "label": "BALEIX", "km_from_start": 131.4, "elevation_m": 252.7}}, {"type": "Feature", "geometry": {"type": "Point", "coordinates": [-0.159412156, 43.374768417]}, "properties": {"stage": 5, "label": "C\u00f4te de Baleix", "km_from_start": 132.7, "elevation_m": 332.03}}, {"type": "Feature", "geometry": {"type": "Point", "coordinates": [-0.215420466, 43.36234937]}, "properties": {"stage": 5, "label": "GABASTON", "km_from_start": 138.2, "elevation_m": 287.66}}, {"type": "Feature", "geometry": {"type": "Point", "coordinates": [-0.248635443, 43.357421163]}, "properties": {"stage": 5, "label": "SAINT-JAMMES (D7-D943)", "km_from_start": 141.4, "elevation_m": 300.67}}, {"type": "Feature", "geometry": {"type": "Point", "coordinates": [-0.253271262, 43.344998349]}, "properties": {"stage": 5, "label": "D943 MORLA\u00c0S", "km_from_start": 143.4, "elevation_m": 286.19}}, {"type": "Feature", "geometry": {"type": "Point", "coordinates": [-0.277396726, 43.335382183]}, "properties": {"stage": 5, "label": "Quartier Haute-Vue", "km_from_start": 146.6, "elevation_m": 326.8}}, {"type": "Feature", "geometry": {"type": "Point", "coordinates": [-0.290068645, 43.327370369]}, "properties": {"stage": 5, "label": "Quartier Berlanne", "km_from_start": 148.7, "elevation_m": 243.85}}, {"type": "Feature", "geometry": {"type": "Point", "coordinates": [-0.306307142, 43.319557075]}, "properties": {"stage": 5, "label": "PAU (D943-VC) (entr\u00e9e)", "km_from_start": 150.4, "elevation_m": 243.07}}, {"type": "Feature", "geometry": {"type": "Point", "coordinates": [-0.37687, 43.29863]}, "properties": {"stage": 5, "label": "VC PAU", "km_from_start": 158.3, "elevation_m": 204.33}}, {"type": "Feature", "geometry": {"type": "Point", "coordinates": [-0.3562788, 43.282317]}, "properties": {"stage": 6, "label": "VC PAU", "km_from_start": 0.0, "elevation_m": 183.17}}, {"type": "Feature", "geometry": {"type": "Point", "coordinates": [-0.3562788, 43.282317]}, "properties": {"stage": 6, "label": "MAZ\u00c8RES-LEZONS (D37-D802)", "km_from_start": 0.0, "elevation_m": 183.17}}, {"type": "Feature", "geometry": {"type": "Point", "coordinates": [-0.3562788, 43.282317]}, "properties": {"stage": 6, "label": "PAU (VC-D37)", "km_from_start": 0.0, "elevation_m": 183.17}}, {"type": "Feature", "geometry": {"type": "Point", "coordinates": [-0.3562788, 43.282317]}, "properties": {"stage": 6, "label": "D802 PAU", "km_from_start": 0.0, "elevation_m": 183.17}}, {"type": "Feature", "geometry": {"type": "Point", "coordinates": [-0.3562788, 43.282317]}, "properties": {"stage": 6, "label": "D37 Passage \u00e0 niveau N\u00b0 3.", "km_from_start": 0.0, "elevation_m": 183.17}}, {"type": "Feature", "geometry": {"type": "Point", "coordinates": [-0.3562788, 43.282317]}, "properties": {"stage": 6, "label": "JURAN\u00c7ON", "km_from_start": 0.0, "elevation_m": 183.17}}, {"type": "Feature", "geometry": {"type": "Point", "coordinates": [-0.3562788, 43.282317]}, "properties": {"stage": 6, "label": "GELOS", "km_from_start": 0.0, "elevation_m": 183.17}}, {"type": "Feature", "geometry": {"type": "Point", "coordinates": [-0.347549535, 43.284625724]}, "properties": {"stage": 6, "label": "BIZANOS (pr\u00e8s)", "km_from_start": 0.9, "elevation_m": 195.97}}, {"type": "Feature", "geometry": {"type": "Point", "coordinates": [-0.345427134, 43.284795051]}, "properties": {"stage": 6, "label": "Tunnel de Franqueville", "km_from_start": 1.1, "elevation_m": 204.8}}, {"type": "Feature", "geometry": {"type": "Point", "coordinates": [-0.336770724, 43.287801348]}, "properties": {"stage": 6, "label": "Carrefour D802-D938", "km_from_start": 2.0, "elevation_m": 198.41}}, {"type": "Feature", "geometry": {"type": "Point", "coordinates": [-0.326305504, 43.28633693]}, "properties": {"stage": 6, "label": "D938 IDRON (pr\u00e8s)", "km_from_start": 3.0, "elevation_m": 218.91}}, {"type": "Feature", "geometry": {"type": "Point", "coordinates": [-0.312142322, 43.275776452]}, "properties": {"stage": 6, "label": "MEILLON (pr\u00e8s)", "km_from_start": 4.8, "elevation_m": 201.62}}, {"type": "Feature", "geometry": {"type": "Point", "coordinates": [-0.291378904, 43.261302481]}, "properties": {"stage": 6, "label": "ASSAT (pr\u00e8s)", "km_from_start": 7.2, "elevation_m": 212.11}}, {"type": "Feature", "geometry": {"type": "Point", "coordinates": [-0.272292346, 43.246718537]}, "properties": {"stage": 6, "label": "BORDES (pr\u00e8s)", "km_from_start": 9.5, "elevation_m": 221.12}}, {"type": "Feature", "geometry": {"type": "Point", "coordinates": [-0.255126696, 43.228381525]}, "properties": {"stage": 6, "label": "BOEIL-BEZING (pr\u00e8s)", "km_from_start": 12.0, "elevation_m": 234.64}}, {"type": "Feature", "geometry": {"type": "Point", "coordinates": [-0.241250099, 43.195738692]}, "properties": {"stage": 6, "label": "MIREPEIX (pr\u00e8s)", "km_from_start": 15.6, "elevation_m": 254.88}}, {"type": "Feature", "geometry": {"type": "Point", "coordinates": [-0.240113479, 43.179160402]}, "properties": {"stage": 6, "label": "COARRAZE", "km_from_start": 17.2, "elevation_m": 265.47}}, {"type": "Feature", "geometry": {"type": "Point", "coordinates": [-0.221837601, 43.148327786]}, "properties": {"stage": 6, "label": "IGON (pr\u00e8s) (D938-D937)", "km_from_start": 20.8, "elevation_m": 286.57}}, {"type": "Feature", "geometry": {"type": "Point", "coordinates": [-0.209008291, 43.130255169]}, "properties": {"stage": 6, "label": "D937 LESTELLE-B\u00c9THARRAM", "km_from_start": 22.9, "elevation_m": 292.32}}, {"type": "Feature", "geometry": {"type": "Point", "coordinates": [-0.197542522, 43.12060189]}, "properties": {"stage": 6, "label": "MONTAUT", "km_from_start": 24.5, "elevation_m": 304.12}}, {"type": "Feature", "geometry": {"type": "Point", "coordinates": [-0.177081496, 43.104815748]}, "properties": {"stage": 6, "label": "Passage \u00e0 niveau N\u00b0 192.", "km_from_start": 27.1, "elevation_m": 323.84}}, {"type": "Feature", "geometry": {"type": "Point", "coordinates": [-0.166898914, 43.102470613]}, "properties": {"stage": 6, "label": "SAINT-P\u00c9-DE-BIGORRE", "km_from_start": 28.1, "elevation_m": 340.95}}, {"type": "Feature", "geometry": {"type": "Point", "coordinates": [-0.118192319, 43.103652306]}, "properties": {"stage": 6, "label": "PEYROUSE", "km_from_start": 32.9, "elevation_m": 365.17}}, {"type": "Feature", "geometry": {"type": "Point", "coordinates": [-0.079546024, 43.099389568]}, "properties": {"stage": 6, "label": "Carrefour D937-D13", "km_from_start": 36.6, "elevation_m": 369.46}}, {"type": "Feature", "geometry": {"type": "Point", "coordinates": [-0.07851752, 43.099117669]}, "properties": {"stage": 6, "label": "D13 Passage \u00e0 niveau N\u00b0 182.", "km_from_start": 36.7, "elevation_m": 371.33}}, {"type": "Feature", "geometry": {"type": "Point", "coordinates": [-0.070478821, 43.100851389]}, "properties": {"stage": 6, "label": "LOURDES (D13-VC-D937)", "km_from_start": 37.5, "elevation_m": 369.93}}, {"type": "Feature", "geometry": {"type": "Point", "coordinates": [-0.009668168, 43.094700427]}, "properties": {"stage": 6, "label": "D937 L\u00c9ZIGNAN (pr\u00e8s)", "km_from_start": 44.3, "elevation_m": 406.17}}, {"type": "Feature", "geometry": {"type": "Point", "coordinates": [-0.004340689, 43.09468]}, "properties": {"stage": 6, "label": "ARCIZAC-EZ-ANGLES", "km_from_start": 44.8, "elevation_m": 406.98}}, {"type": "Feature", "geometry": {"type": "Point", "coordinates": [0.020389133, 43.09866173]}, "properties": {"stage": 6, "label": "ESCOUB\u00c8S-POUTS", "km_from_start": 47.2, "elevation_m": 391.83}}, {"type": "Feature", "geometry": {"type": "Point", "coordinates": [0.034147714, 43.108022163]}, "properties": {"stage": 6, "label": "Le Hameau (ORINCLES)", "km_from_start": 48.9, "elevation_m": 386.11}}, {"type": "Feature", "geometry": {"type": "Point", "coordinates": [0.05378371, 43.11243807]}, "properties": {"stage": 6, "label": "C\u00f4te de Loucrup", "km_from_start": 50.9, "elevation_m": 526.7}}, {"type": "Feature", "geometry": {"type": "Point", "coordinates": [0.05378371, 43.11243807]}, "properties": {"stage": 6, "label": "LOUCRUP", "km_from_start": 50.9, "elevation_m": 526.7}}, {"type": "Feature", "geometry": {"type": "Point", "coordinates": [0.08591456, 43.117950345]}, "properties": {"stage": 6, "label": "MONTGAILLARD", "km_from_start": 54.1, "elevation_m": 463.11}}, {"type": "Feature", "geometry": {"type": "Point", "coordinates": [0.092474896, 43.118155955]}, "properties": {"stage": 6, "label": "Carrefour D937-D935", "km_from_start": 54.9, "elevation_m": 451.18}}, {"type": "Feature", "geometry": {"type": "Point", "coordinates": [0.101362533, 43.116220242]}, "properties": {"stage": 6, "label": "D935 TR\u00c9BONS", "km_from_start": 55.8, "elevation_m": 462.9}}, {"type": "Feature", "geometry": {"type": "Point", "coordinates": [0.117791189, 43.105011994]}, "properties": {"stage": 6, "label": "POUZAC (entr\u00e9e)", "km_from_start": 58.0, "elevation_m": 493.52}}, {"type": "Feature", "geometry": {"type": "Point", "coordinates": [0.126541184, 43.097683239]}, "properties": {"stage": 6, "label": "POUZAC", "km_from_start": 59.1, "elevation_m": 508.83}}, {"type": "Feature", "geometry": {"type": "Point", "coordinates": [0.133737952, 43.089880399]}, "properties": {"stage": 6, "label": "BAGN\u00c8RES-DE-BIGORRE (D935-VC-D935-D938)", "km_from_start": 60.1, "elevation_m": 522.98}}, {"type": "Feature", "geometry": {"type": "Point", "coordinates": [0.156785626, 43.070336668]}, "properties": {"stage": 6, "label": "D938 Quartier Haut de la C\u00f4te", "km_from_start": 63.8, "elevation_m": 625.08}}, {"type": "Feature", "geometry": {"type": "Point", "coordinates": [0.166305445, 43.083261831]}, "properties": {"stage": 6, "label": "La Coume (pr\u00e8s) (M\u00c9RILHEU)", "km_from_start": 65.5, "elevation_m": 614.79}}, {"type": "Feature", "geometry": {"type": "Point", "coordinates": [0.183892488, 43.093112697]}, "properties": {"stage": 6, "label": "CIEUTAT", "km_from_start": 67.4, "elevation_m": 566.2}}, {"type": "Feature", "geometry": {"type": "Point", "coordinates": [0.238548579, 43.112967703]}, "properties": {"stage": 6, "label": "Abbaye de l'Escaladieu (BONNEMAZON)", "km_from_start": 73.9, "elevation_m": 309.07}}, {"type": "Feature", "geometry": {"type": "Point", "coordinates": [0.242231838, 43.111081507]}, "properties": {"stage": 6, "label": "L'Escaladieu (MAUVEZIN)", "km_from_start": 74.3, "elevation_m": 307.43}}, {"type": "Feature", "geometry": {"type": "Point", "coordinates": [0.266908199, 43.10990795]}, "properties": {"stage": 6, "label": "MAUVEZIN", "km_from_start": 77.1, "elevation_m": 489.76}}, {"type": "Feature", "geometry": {"type": "Point", "coordinates": [0.268994245, 43.110003036]}, "properties": {"stage": 6, "label": "C\u00f4te de Mauvezin", "km_from_start": 77.3, "elevation_m": 503.13}}, {"type": "Feature", "geometry": {"type": "Point", "coordinates": [0.286178601, 43.114140932]}, "properties": {"stage": 6, "label": "CAPVERN", "km_from_start": 79.8, "elevation_m": 584.33}}, {"type": "Feature", "geometry": {"type": "Point", "coordinates": [0.334831085, 43.091485643]}, "properties": {"stage": 6, "label": "Avezac-Gare (D938-D929 A) (AVEZAC-PRAT-LAHITTE)", "km_from_start": 85.1, "elevation_m": 661.07}}, {"type": "Feature", "geometry": {"type": "Point", "coordinates": [0.337493452, 43.08815764]}, "properties": {"stage": 6, "label": "Passage \u00e0 niveau :", "km_from_start": 85.5, "elevation_m": 653.25}}, {"type": "Feature", "geometry": {"type": "Point", "coordinates": [0.363771761, 43.041809541]}, "properties": {"stage": 6, "label": "D929 A Carrefour D929 A-D929", "km_from_start": 91.8, "elevation_m": 630.89}}, {"type": "Feature", "geometry": {"type": "Point", "coordinates": [0.364977316, 43.036626406]}, "properties": {"stage": 6, "label": "D929 H\u00c8CHES", "km_from_start": 92.3, "elevation_m": 620.43}}, {"type": "Feature", "geometry": {"type": "Point", "coordinates": [0.372822419, 43.012704071]}, "properties": {"stage": 6, "label": "Rebouc", "km_from_start": 94.9, "elevation_m": 601.76}}, {"type": "Feature", "geometry": {"type": "Point", "coordinates": [0.37595752, 42.9851676]}, "properties": {"stage": 6, "label": "SARRANCOLIN", "km_from_start": 98.0, "elevation_m": 614.21}}, {"type": "Feature", "geometry": {"type": "Point", "coordinates": [0.37689169, 42.966666959]}, "properties": {"stage": 6, "label": "Beyr\u00e8de (BEYR\u00c8DE-JUMET-CAMOUS)", "km_from_start": 99.8, "elevation_m": 634.47}}, {"type": "Feature", "geometry": {"type": "Point", "coordinates": [0.377660503, 42.953666141]}, "properties": {"stage": 6, "label": "Escal\u00e8re (BEYR\u00c8DE-JUMET-CAMOUS)", "km_from_start": 101.1, "elevation_m": 644.38}}, {"type": "Feature", "geometry": {"type": "Point", "coordinates": [0.360084554, 42.909370917]}, "properties": {"stage": 6, "label": "ARREAU (D929-D918)", "km_from_start": 106.0, "elevation_m": 694.8}}, {"type": "Feature", "geometry": {"type": "Point", "coordinates": [0.346991122, 42.920057102]}, "properties": {"stage": 6, "label": "D918 Le Plagnou (pr\u00e8s) (ASPIN-AURE)", "km_from_start": 108.1, "elevation_m": 784.12}}, {"type": "Feature", "geometry": {"type": "Point", "coordinates": [0.328949427, 42.942562828]}, "properties": {"stage": 6, "label": "Col d'Aspin", "km_from_start": 118.1, "elevation_m": 1480.46}}, {"type": "Feature", "geometry": {"type": "Point", "coordinates": [0.289864915, 42.94080728]}, "properties": {"stage": 6, "label": "Payolle (CAMPAN)", "km_from_start": 122.9, "elevation_m": 1126.54}}, {"type": "Feature", "geometry": {"type": "Point", "coordinates": [0.259337424, 42.955563124]}, "properties": {"stage": 6, "label": "La S\u00e9oube (CAMPAN)", "km_from_start": 126.6, "elevation_m": 985.69}}, {"type": "Feature", "geometry": {"type": "Point", "coordinates": [0.250104541, 42.962616222]}, "properties": {"stage": 6, "label": "Hountmelouse (CAMPAN)", "km_from_start": 127.7, "elevation_m": 945.15}}, {"type": "Feature", "geometry": {"type": "Point", "coordinates": [0.244952041, 42.967359095]}, "properties": {"stage": 6, "label": "Mariouse Daban (CAMPAN)", "km_from_start": 128.4, "elevation_m": 916.52}}, {"type": "Feature", "geometry": {"type": "Point", "coordinates": [0.242740042, 42.976561169]}, "properties": {"stage": 6, "label": "Trassouet (CAMPAN)", "km_from_start": 129.3, "elevation_m": 895.13}}, {"type": "Feature", "geometry": {"type": "Point", "coordinates": [0.235485611, 42.982317642]}, "properties": {"stage": 6, "label": "Sainte-Marie-de-Campan (CAMPAN)", "km_from_start": 130.2, "elevation_m": 868.9}}, {"type": "Feature", "geometry": {"type": "Point", "coordinates": [0.227962685, 42.983594339]}, "properties": {"stage": 6, "label": "Les Bulanettes (CAMPAN)", "km_from_start": 131.1, "elevation_m": 855.41}}, {"type": "Feature", "geometry": {"type": "Point", "coordinates": [0.230865864, 42.971190239]}, "properties": {"stage": 6, "label": "Las Basses (CAMPAN)", "km_from_start": 132.6, "elevation_m": 921.73}}, {"type": "Feature", "geometry": {"type": "Point", "coordinates": [0.23031161, 42.968261259]}, "properties": {"stage": 6, "label": "Pas de la Barane (CAMPAN)", "km_from_start": 132.9, "elevation_m": 934.1}}, {"type": "Feature", "geometry": {"type": "Point", "coordinates": [0.225429349, 42.949426437]}, "properties": {"stage": 6, "label": "Gripp (CAMPAN)", "km_from_start": 134.8, "elevation_m": 987.08}}, {"type": "Feature", "geometry": {"type": "Point", "coordinates": [0.205638714, 42.933372816]}, "properties": {"stage": 6, "label": "Artigues (CAMPAN)", "km_from_start": 137.3, "elevation_m": 1182.99}}, {"type": "Feature", "geometry": {"type": "Point", "coordinates": [0.182059914, 42.910672808]}, "properties": {"stage": 6, "label": "La Mongie", "km_from_start": 143.2, "elevation_m": 1699.1}}, {"type": "Feature", "geometry": {"type": "Point", "coordinates": [0.146542485, 42.908213606]}, "properties": {"stage": 6, "label": "Col du Tourmalet - Souvenir Jacques Goddet", "km_from_start": 147.8, "elevation_m": 2115.49}}, {"type": "Feature", "geometry": {"type": "Point", "coordinates": [0.130554462, 42.905435168]}, "properties": {"stage": 6, "label": "Super Bar\u00e8ges", "km_from_start": 152.4, "elevation_m": 1731.79}}, {"type": "Feature", "geometry": {"type": "Point", "coordinates": [0.103354022, 42.90561946]}, "properties": {"stage": 6, "label": "Tournaboup (BAR\u00c8GES, SERS)", "km_from_start": 156.0, "elevation_m": 1462.71}}, {"type": "Feature", "geometry": {"type": "Point", "coordinates": [0.080188358, 42.900499453]}, "properties": {"stage": 6, "label": "BAR\u00c8GES", "km_from_start": 158.7, "elevation_m": 1280.38}}, {"type": "Feature", "geometry": {"type": "Point", "coordinates": [0.044044638, 42.885915806]}, "properties": {"stage": 6, "label": "BETPOUEY (pr\u00e8s)", "km_from_start": 162.9, "elevation_m": 966.44}}, {"type": "Feature", "geometry": {"type": "Point", "coordinates": [0.031993366, 42.883193094]}, "properties": {"stage": 6, "label": "Lonquere Garets (VIELLA)", "km_from_start": 164.4, "elevation_m": 853.39}}, {"type": "Feature", "geometry": {"type": "Point", "coordinates": [0.020725962, 42.878483146]}, "properties": {"stage": 6, "label": "ESTERRE", "km_from_start": 165.6, "elevation_m": 760.95}}, {"type": "Feature", "geometry": {"type": "Point", "coordinates": [0.012242623, 42.877902424]}, "properties": {"stage": 6, "label": "LUZ-SAINT-SAUVEUR (D918-D921)", "km_from_start": 166.4, "elevation_m": 730.04}}, {"type": "Feature", "geometry": {"type": "Point", "coordinates": [-0.006543786, 42.848793301]}, "properties": {"stage": 6, "label": "D921 Sia", "km_from_start": 171.0, "elevation_m": 831.07}}, {"type": "Feature", "geometry": {"type": "Point", "coordinates": [0.00608585, 42.829175705]}, "properties": {"stage": 6, "label": "Pragn\u00e8res", "km_from_start": 173.5, "elevation_m": 907.46}}, {"type": "Feature", "geometry": {"type": "Point", "coordinates": [0.017101469, 42.795962195]}, "properties": {"stage": 6, "label": "G\u00e8dre", "km_from_start": 177.3, "elevation_m": 990.24}}, {"type": "Feature", "geometry": {"type": "Point", "coordinates": [0.018829739, 42.782392245]}, "properties": {"stage": 6, "label": "Biroulet", "km_from_start": 180.1, "elevation_m": 1110.82}}, {"type": "Feature", "geometry": {"type": "Point", "coordinates": [0.009661292, 42.772266607]}, "properties": {"stage": 6, "label": "Chaos de Coum\u00e9ly", "km_from_start": 181.5, "elevation_m": 1188.46}}, {"type": "Feature", "geometry": {"type": "Point", "coordinates": [0.003739196, 42.762635925]}, "properties": {"stage": 6, "label": "Couret", "km_from_start": 182.6, "elevation_m": 1217.1}}, {"type": "Feature", "geometry": {"type": "Point", "coordinates": [-0.010138309, 42.737356763]}, "properties": {"stage": 6, "label": "Gavarnie (D921-D128) (entr\u00e9e)", "km_from_start": 185.6, "elevation_m": 1353.1}}, {"type": "Feature", "geometry": {"type": "Point", "coordinates": [-0.0128085, 42.7368434]}, "properties": {"stage": 6, "label": "D128 GAVARNIE-G\u00c8DRE (1 380 m)", "km_from_start": 186.2, "elevation_m": 1374.46}}, {"type": "Feature", "geometry": {"type": "Point", "coordinates": [-0.5881394, 43.6679317]}, "properties": {"stage": 7, "label": "D933 S HAGETMAU", "km_from_start": 0.0, "elevation_m": 127.35}}, {"type": "Feature", "geometry": {"type": "Point", "coordinates": [-0.5881394, 43.6679317]}, "properties": {"stage": 7, "label": "VC HAGETMAU (VC-D933 S)", "km_from_start": 0.0, "elevation_m": 127.35}}, {"type": "Feature", "geometry": {"type": "Point", "coordinates": [-0.580591505, 43.69708135]}, "properties": {"stage": 7, "label": "Barrat (pr\u00e8s) (HORSARRIEU)", "km_from_start": 3.0, "elevation_m": 64.6}}, {"type": "Feature", "geometry": {"type": "Point", "coordinates": [-0.580314879, 43.699085876]}, "properties": {"stage": 7, "label": "Menhir de Capdoubos (pr\u00e8s) (SAINTE-COLOMBE)", "km_from_start": 3.2, "elevation_m": 62.39}}, {"type": "Feature", "geometry": {"type": "Point", "coordinates": [-0.578529912, 43.71211688]}, "properties": {"stage": 7, "label": "DUMES (pr\u00e8s)", "km_from_start": 4.5, "elevation_m": 95.68}}, {"type": "Feature", "geometry": {"type": "Point", "coordinates": [-0.556690394, 43.750361648]}, "properties": {"stage": 7, "label": "SAINT-SEVER", "km_from_start": 9.1, "elevation_m": 91.6}}, {"type": "Feature", "geometry": {"type": "Point", "coordinates": [-0.549027932, 43.805473624]}, "properties": {"stage": 7, "label": "BAS-MAUCO (pr\u00e8s)", "km_from_start": 15.5, "elevation_m": 59.19}}, {"type": "Feature", "geometry": {"type": "Point", "coordinates": [-0.532053251, 43.833700737]}, "properties": {"stage": 7, "label": "Castagnet (pr\u00e8s) (BENQUET)", "km_from_start": 18.8, "elevation_m": 76.28}}, {"type": "Feature", "geometry": {"type": "Point", "coordinates": [-0.518273534, 43.855387049]}, "properties": {"stage": 7, "label": "Quartier Sitton (pr\u00e8s) (HAUT-MAUCO)", "km_from_start": 21.4, "elevation_m": 84.87}}, {"type": "Feature", "geometry": {"type": "Point", "coordinates": [-0.502635602, 43.882465917]}, "properties": {"stage": 7, "label": "SAINT-PIERRE-DU-MONT", "km_from_start": 24.5, "elevation_m": 89.82}}, {"type": "Feature", "geometry": {"type": "Point", "coordinates": [-0.499936898, 43.89316331]}, "properties": {"stage": 7, "label": "MONT-DE-MARSAN (D933 S-VC-D53)", "km_from_start": 25.9, "elevation_m": 63.02}}, {"type": "Feature", "geometry": {"type": "Point", "coordinates": [-0.496916331, 43.89345481]}, "properties": {"stage": 7, "label": "Passage \u00e0 niveau N\u00b0 29.", "km_from_start": 26.2, "elevation_m": 64.3}}, {"type": "Feature", "geometry": {"type": "Point", "coordinates": [-0.501638514, 43.916549282]}, "properties": {"stage": 7, "label": "Carrefour D53-D53 E", "km_from_start": 32.6, "elevation_m": 65.78}}, {"type": "Feature", "geometry": {"type": "Point", "coordinates": [-0.52061345, 43.93707402]}, "properties": {"stage": 7, "label": "D53 E Carrefour D53 E-D651", "km_from_start": 35.9, "elevation_m": 66.09}}, {"type": "Feature", "geometry": {"type": "Point", "coordinates": [-0.52998374, 43.964126754]}, "properties": {"stage": 7, "label": "Parentis d'Uchacq (UCHACQ-ET-PARENTIS)", "km_from_start": 38.8, "elevation_m": 61.57}}, {"type": "Feature", "geometry": {"type": "Point", "coordinates": [-0.524994887, 44.000472529]}, "properties": {"stage": 7, "label": "C\u00c8RE", "km_from_start": 42.6, "elevation_m": 66.35}}, {"type": "Feature", "geometry": {"type": "Point", "coordinates": [-0.532834096, 44.059046298]}, "properties": {"stage": 7, "label": "BROCAS LES FORGES", "km_from_start": 49.0, "elevation_m": 80.39}}, {"type": "Feature", "geometry": {"type": "Point", "coordinates": [-0.547547136, 44.125689748]}, "properties": {"stage": 7, "label": "LABRIT", "km_from_start": 56.2, "elevation_m": 87.73}}, {"type": "Feature", "geometry": {"type": "Point", "coordinates": [-0.557468521, 44.265239938]}, "properties": {"stage": 7, "label": "LUXEY", "km_from_start": 73.9, "elevation_m": 90.18}}, {"type": "Feature", "geometry": {"type": "Point", "coordinates": [-0.563726207, 44.334825073]}, "properties": {"stage": 7, "label": "SORE (D651-D43)", "km_from_start": 84.0, "elevation_m": 75.21}}, {"type": "Feature", "geometry": {"type": "Point", "coordinates": [-0.493647, 44.449031748]}, "properties": {"stage": 7, "label": "SAINT-SYMPHORIEN (D220-D3-D11)", "km_from_start": 98.3, "elevation_m": 63.38}}, {"type": "Feature", "geometry": {"type": "Point", "coordinates": [-0.503259429, 44.490964612]}, "properties": {"stage": 7, "label": "D11 Carrefour D11-D220", "km_from_start": 103.2, "elevation_m": 59.3}}, {"type": "Feature", "geometry": {"type": "Point", "coordinates": [-0.500016119, 44.531295322]}, "properties": {"stage": 7, "label": "D220 ORIGNE (D220-D110-D220)", "km_from_start": 107.3, "elevation_m": 52.15}}, {"type": "Feature", "geometry": {"type": "Point", "coordinates": [-0.50153464, 44.545378196]}, "properties": {"stage": 7, "label": "Blaye", "km_from_start": 108.7, "elevation_m": 62.22}}, {"type": "Feature", "geometry": {"type": "Point", "coordinates": [-0.458325043, 44.556904421]}, "properties": {"stage": 7, "label": "GUILLOS (D220-D125)", "km_from_start": 113.5, "elevation_m": 77.53}}, {"type": "Feature", "geometry": {"type": "Point", "coordinates": [-0.400735784, 44.581080763]}, "properties": {"stage": 7, "label": "D125 LANDIRAS (D125-D11) (entr\u00e9e)", "km_from_start": 120.2, "elevation_m": 44.06}}, {"type": "Feature", "geometry": {"type": "Point", "coordinates": [-0.399910628, 44.581662479]}, "properties": {"stage": 7, "label": "LANDIRAS", "km_from_start": 120.3, "elevation_m": 44.06}}, {"type": "Feature", "geometry": {"type": "Point", "coordinates": [-0.375552701, 44.595078276]}, "properties": {"stage": 7, "label": "D11 Artigues", "km_from_start": 123.1, "elevation_m": 51.34}}, {"type": "Feature", "geometry": {"type": "Point", "coordinates": [-0.370308408, 44.611737126]}, "properties": {"stage": 7, "label": "ILLATS", "km_from_start": 125.5, "elevation_m": 37.04}}, {"type": "Feature", "geometry": {"type": "Point", "coordinates": [-0.3519989, 44.622902432]}, "properties": {"stage": 7, "label": "Carrefour D11-D117 E2", "km_from_start": 128.2, "elevation_m": 26.01}}, {"type": "Feature", "geometry": {"type": "Point", "coordinates": [-0.32596234, 44.633802953]}, "properties": {"stage": 7, "label": "C\u00c9RONS (D117 E2-D117-D11)", "km_from_start": 131.1, "elevation_m": 16.07}}, {"type": "Feature", "geometry": {"type": "Point", "coordinates": [-0.319271892, 44.651935405]}, "properties": {"stage": 7, "label": "D11 CADILLAC-SUR-GARONNE (D11-D10-D10 E7)", "km_from_start": 133.9, "elevation_m": 0.97}}, {"type": "Feature", "geometry": {"type": "Point", "coordinates": [-0.318991864, 44.655160883]}, "properties": {"stage": 7, "label": "D10 E7 B\u00c9GUEY (D10 E7-D13)", "km_from_start": 134.3, "elevation_m": 6.68}}, {"type": "Feature", "geometry": {"type": "Point", "coordinates": [-0.321228991, 44.67045321]}, "properties": {"stage": 7, "label": "D13 Reynon", "km_from_start": 136.0, "elevation_m": 25.41}}, {"type": "Feature", "geometry": {"type": "Point", "coordinates": [-0.320296717, 44.681247862]}, "properties": {"stage": 7, "label": "C\u00f4te de B\u00e9guey", "km_from_start": 137.3, "elevation_m": 78.36}}, {"type": "Feature", "geometry": {"type": "Point", "coordinates": [-0.315563733, 44.6906855]}, "properties": {"stage": 7, "label": "Jourdan (pr\u00e8s) (RIONS)", "km_from_start": 138.4, "elevation_m": 106.56}}, {"type": "Feature", "geometry": {"type": "Point", "coordinates": [-0.31415775, 44.696618019]}, "properties": {"stage": 7, "label": "CARDAN", "km_from_start": 139.1, "elevation_m": 108.08}}, {"type": "Feature", "geometry": {"type": "Point", "coordinates": [-0.33208018, 44.717061537]}, "properties": {"stage": 7, "label": "Gaudin", "km_from_start": 142.7, "elevation_m": 101.33}}, {"type": "Feature", "geometry": {"type": "Point", "coordinates": [-0.340976776, 44.722318087]}, "properties": {"stage": 7, "label": "CAPIAN", "km_from_start": 144.1, "elevation_m": 92.07}}, {"type": "Feature", "geometry": {"type": "Point", "coordinates": [-0.356353284, 44.720009001]}, "properties": {"stage": 7, "label": "Carrefour D13-D140", "km_from_start": 145.7, "elevation_m": 61.09}}, {"type": "Feature", "geometry": {"type": "Point", "coordinates": [-0.397506852, 44.713012209]}, "properties": {"stage": 7, "label": "D140 Carrefour D140-D239", "km_from_start": 150.1, "elevation_m": 23.28}}, {"type": "Feature", "geometry": {"type": "Point", "coordinates": [-0.401595314, 44.710259821]}, "properties": {"stage": 7, "label": "D239 LANGOIRAN (D239-D240)", "km_from_start": 150.6, "elevation_m": 9.98}}, {"type": "Feature", "geometry": {"type": "Point", "coordinates": [-0.410198654, 44.712422885]}, "properties": {"stage": 7, "label": "D240 LE TOURNE (D240-D10 E6-D10)", "km_from_start": 151.5, "elevation_m": 7.2}}, {"type": "Feature", "geometry": {"type": "Point", "coordinates": [-0.42666615, 44.721531143]}, "properties": {"stage": 7, "label": "D10 Rouquey (TABANAC)", "km_from_start": 153.4, "elevation_m": 7.04}}, {"type": "Feature", "geometry": {"type": "Point", "coordinates": [-0.443142956, 44.725736294]}, "properties": {"stage": 7, "label": "BAURECH", "km_from_start": 155.1, "elevation_m": 9.56}}, {"type": "Feature", "geometry": {"type": "Point", "coordinates": [-0.461628977, 44.729894794]}, "properties": {"stage": 7, "label": "CAMBES", "km_from_start": 157.0, "elevation_m": 9.26}}, {"type": "Feature", "geometry": {"type": "Point", "coordinates": [-0.480803245, 44.739363245]}, "properties": {"stage": 7, "label": "Esconac (CAMBES, QUINSAC)", "km_from_start": 159.2, "elevation_m": 7.23}}, {"type": "Feature", "geometry": {"type": "Point", "coordinates": [-0.487167634, 44.745786027]}, "properties": {"stage": 7, "label": "Le Joucla", "km_from_start": 160.1, "elevation_m": 5.74}}, {"type": "Feature", "geometry": {"type": "Point", "coordinates": [-0.491682622, 44.749802498]}, "properties": {"stage": 7, "label": "Bigueresse", "km_from_start": 160.7, "elevation_m": 7.02}}, {"type": "Feature", "geometry": {"type": "Point", "coordinates": [-0.496133607, 44.760751765]}, "properties": {"stage": 7, "label": "QUINSAC (pr\u00e8s)", "km_from_start": 162.0, "elevation_m": 7.2}}, {"type": "Feature", "geometry": {"type": "Point", "coordinates": [-0.492775071, 44.773356765]}, "properties": {"stage": 7, "label": "CAMBLANES-ET-MEYNAC", "km_from_start": 163.3, "elevation_m": 8.91}}, {"type": "Feature", "geometry": {"type": "Point", "coordinates": [-0.498704191, 44.780018973]}, "properties": {"stage": 7, "label": "Carrefour D10-D113", "km_from_start": 164.3, "elevation_m": 7.99}}, {"type": "Feature", "geometry": {"type": "Point", "coordinates": [-0.513963524, 44.800062887]}, "properties": {"stage": 7, "label": "D113 LATRESNE", "km_from_start": 166.9, "elevation_m": 4.77}}, {"type": "Feature", "geometry": {"type": "Point", "coordinates": [-0.52802189, 44.815335407]}, "properties": {"stage": 7, "label": "BOULIAC (D113-VC)", "km_from_start": 169.1, "elevation_m": 4.44}}, {"type": "Feature", "geometry": {"type": "Point", "coordinates": [-0.530991745, 44.819427374]}, "properties": {"stage": 7, "label": "VC FLOIRAC", "km_from_start": 169.6, "elevation_m": 4.26}}, {"type": "Feature", "geometry": {"type": "Point", "coordinates": [-0.536777945, 44.823122285]}, "properties": {"stage": 7, "label": "Pont Simone Veil", "km_from_start": 170.6, "elevation_m": 4.01}}, {"type": "Feature", "geometry": {"type": "Point", "coordinates": [-0.54175869, 44.821859188]}, "properties": {"stage": 7, "label": "BORDEAUX (entr\u00e9e)", "km_from_start": 171.2, "elevation_m": 2.72}}, {"type": "Feature", "geometry": {"type": "Point", "coordinates": [-0.570764, 44.8458569]}, "properties": {"stage": 7, "label": "BORDEAUX", "km_from_start": 175.1, "elevation_m": 6.21}}, {"type": "Feature", "geometry": {"type": "Point", "coordinates": [0.7698727, 45.167025]}, "properties": {"stage": 8, "label": "D6089 Boulazac (D6089-N221) (BOULAZAC ISLE MANOIRE)", "km_from_start": 0.0, "elevation_m": 99.88}}, {"type": "Feature", "geometry": {"type": "Point", "coordinates": [0.7698727, 45.167025]}, "properties": {"stage": 8, "label": "VC P\u00c9RIGUEUX (VC-D6021-D6089)", "km_from_start": 0.0, "elevation_m": 99.88}}, {"type": "Feature", "geometry": {"type": "Point", "coordinates": [0.7698727, 45.167025]}, "properties": {"stage": 8, "label": "N221 P\u00c9RIGUEUX", "km_from_start": 0.0, "elevation_m": 99.88}}, {"type": "Feature", "geometry": {"type": "Point", "coordinates": [0.790370333, 45.150708187]}, "properties": {"stage": 8, "label": "Saint-Laurent-sur-Manoire (N221-D6089) (BOULAZAC ISLE MANOIRE)", "km_from_start": 2.4, "elevation_m": 107.22}}, {"type": "Feature", "geometry": {"type": "Point", "coordinates": [0.811105699, 45.135437441]}, "properties": {"stage": 8, "label": "D6089 Niversac (BOULAZAC ISLE MANOIRE)", "km_from_start": 4.9, "elevation_m": 116.61}}, {"type": "Feature", "geometry": {"type": "Point", "coordinates": [0.811943354, 45.134677805]}, "properties": {"stage": 8, "label": "Passage \u00e0 niveau N\u00b0 294.", "km_from_start": 5.0, "elevation_m": 116.47}}, {"type": "Feature", "geometry": {"type": "Point", "coordinates": [0.823757026, 45.131651102]}, "properties": {"stage": 8, "label": "Sainte-Marie-de-Chignac (BOULAZAC ISLE MANOIRE)", "km_from_start": 6.1, "elevation_m": 117.7}}, {"type": "Feature", "geometry": {"type": "Point", "coordinates": [0.847780025, 45.122381489]}, "properties": {"stage": 8, "label": "SAINT-PIERRE-DE-CHIGNAC", "km_from_start": 8.4, "elevation_m": 130.36}}, {"type": "Feature", "geometry": {"type": "Point", "coordinates": [0.881365751, 45.122125309]}, "properties": {"stage": 8, "label": "SAINT-CR\u00c9PIN-D'AUBEROCHE", "km_from_start": 11.4, "elevation_m": 145.48}}, {"type": "Feature", "geometry": {"type": "Point", "coordinates": [0.911169759, 45.1261024]}, "properties": {"stage": 8, "label": "Milhac Gare (BASSILLAC ET AUBEROCHE)", "km_from_start": 14.1, "elevation_m": 160.83}}, {"type": "Feature", "geometry": {"type": "Point", "coordinates": [0.948001049, 45.122920917]}, "properties": {"stage": 8, "label": "La Ch\u00e8nevri\u00e8re", "km_from_start": 17.5, "elevation_m": 181.64}}, {"type": "Feature", "geometry": {"type": "Point", "coordinates": [0.968239813, 45.119956182]}, "properties": {"stage": 8, "label": "FOSSEMAGNE", "km_from_start": 19.4, "elevation_m": 197.81}}, {"type": "Feature", "geometry": {"type": "Point", "coordinates": [1.040773543, 45.135853361]}, "properties": {"stage": 8, "label": "THENON (D6089-D67)", "km_from_start": 26.2, "elevation_m": 257.68}}, {"type": "Feature", "geometry": {"type": "Point", "coordinates": [1.082381543, 45.124993646]}, "properties": {"stage": 8, "label": "D67 La Rivi\u00e8re", "km_from_start": 31.5, "elevation_m": 154.81}}, {"type": "Feature", "geometry": {"type": "Point", "coordinates": [1.111912716, 45.116015694]}, "properties": {"stage": 8, "label": "AURIAC-DU-P\u00c9RIGORD", "km_from_start": 34.3, "elevation_m": 126.44}}, {"type": "Feature", "geometry": {"type": "Point", "coordinates": [1.15765087, 45.084463758]}, "properties": {"stage": 8, "label": "Carrefour D67-D704", "km_from_start": 39.7, "elevation_m": 83.34}}, {"type": "Feature", "geometry": {"type": "Point", "coordinates": [1.159903708, 45.08197854]}, "properties": {"stage": 8, "label": "D704 MONTIGNAC-LASCAUX (D704-D704 E2-D704-D704 E1-VC-D704-D65)", "km_from_start": 40.0, "elevation_m": 80.91}}, {"type": "Feature", "geometry": {"type": "Point", "coordinates": [1.135844213, 45.039314173]}, "properties": {"stage": 8, "label": "D65 Les Bories (pr\u00e8s) (VALOJOULX)", "km_from_start": 47.9, "elevation_m": 71.33}}, {"type": "Feature", "geometry": {"type": "Point", "coordinates": [1.124936993, 45.021389742]}, "properties": {"stage": 8, "label": "Carrefour D65-D65 E", "km_from_start": 50.3, "elevation_m": 77.22}}, {"type": "Feature", "geometry": {"type": "Point", "coordinates": [1.122743695, 45.020891648]}, "properties": {"stage": 8, "label": "D65 E THONAC (D65 E-D706)", "km_from_start": 50.5, "elevation_m": 77.22}}, {"type": "Feature", "geometry": {"type": "Point", "coordinates": [1.094319452, 45.012701577]}, "properties": {"stage": 8, "label": "D706 SAINT-L\u00c9ON-SUR-V\u00c9Z\u00c8RE (pr\u00e8s)", "km_from_start": 54.3, "elevation_m": 83.53}}, {"type": "Feature", "geometry": {"type": "Point", "coordinates": [1.062802743, 44.99374]}, "properties": {"stage": 8, "label": "Le Moustier (PEYZAC-LE-MOUSTIER)", "km_from_start": 59.2, "elevation_m": 70.05}}, {"type": "Feature", "geometry": {"type": "Point", "coordinates": [1.06387754, 44.987702082]}, "properties": {"stage": 8, "label": "Roche Morel (PEYZAC-LE-MOUSTIER)", "km_from_start": 59.9, "elevation_m": 71.6}}, {"type": "Feature", "geometry": {"type": "Point", "coordinates": [1.053290882, 44.977715293]}, "properties": {"stage": 8, "label": "Maison Forte de Reignac", "km_from_start": 61.4, "elevation_m": 67.61}}, {"type": "Feature", "geometry": {"type": "Point", "coordinates": [1.045274197, 44.967711071]}, "properties": {"stage": 8, "label": "TURSAC", "km_from_start": 63.1, "elevation_m": 90.75}}, {"type": "Feature", "geometry": {"type": "Point", "coordinates": [1.033955345, 44.946967672]}, "properties": {"stage": 8, "label": "Les Cugnes", "km_from_start": 66.0, "elevation_m": 145.78}}, {"type": "Feature", "geometry": {"type": "Point", "coordinates": [1.025443097, 44.936860165]}, "properties": {"stage": 8, "label": "LES EYZIES (D706-D47)", "km_from_start": 68.3, "elevation_m": 88.67}}, {"type": "Feature", "geometry": {"type": "Point", "coordinates": [1.049664882, 44.944961474]}, "properties": {"stage": 8, "label": "D47 Grotte des Combarelles", "km_from_start": 70.7, "elevation_m": 80.92}}, {"type": "Feature", "geometry": {"type": "Point", "coordinates": [1.066957573, 44.93551857]}, "properties": {"stage": 8, "label": "Grottes du Roc de Cazelle", "km_from_start": 72.6, "elevation_m": 88.86}}, {"type": "Feature", "geometry": {"type": "Point", "coordinates": [1.080092322, 44.926785742]}, "properties": {"stage": 8, "label": "Grotte de Bernifal", "km_from_start": 74.1, "elevation_m": 96.49}}, {"type": "Feature", "geometry": {"type": "Point", "coordinates": [1.111580352, 44.913087017]}, "properties": {"stage": 8, "label": "Beniv\u00e8s", "km_from_start": 77.3, "elevation_m": 112.59}}, {"type": "Feature", "geometry": {"type": "Point", "coordinates": [1.12962374, 44.906119756]}, "properties": {"stage": 8, "label": "Allas (pr\u00e8s) (SAINT-ANDR\u00c9-D'ALLAS)", "km_from_start": 79.2, "elevation_m": 129.95}}, {"type": "Feature", "geometry": {"type": "Point", "coordinates": [1.194012615, 44.903317585]}, "properties": {"stage": 8, "label": "Carrefour D47-D6", "km_from_start": 85.7, "elevation_m": 262.51}}, {"type": "Feature", "geometry": {"type": "Point", "coordinates": [1.212420875, 44.898789593]}, "properties": {"stage": 8, "label": "D6 SARLAT-LA-CAN\u00c9DA (D6-D704-VC-D46)", "km_from_start": 87.6, "elevation_m": 190.45}}, {"type": "Feature", "geometry": {"type": "Point", "coordinates": [1.233205568, 44.818378029]}, "properties": {"stage": 8, "label": "Vitrac-Port (D46-D703-D46 E) (VITRAC)", "km_from_start": 96.7, "elevation_m": 86.38}}, {"type": "Feature", "geometry": {"type": "Point", "coordinates": [1.226681266, 44.807009113]}, "properties": {"stage": 8, "label": "D46 E Carrefour D46 E-D50-D46 E3", "km_from_start": 98.0, "elevation_m": 80.71}}, {"type": "Feature", "geometry": {"type": "Point", "coordinates": [1.230459091, 44.802836363]}, "properties": {"stage": 8, "label": "D46 E3 La Roche", "km_from_start": 99.0, "elevation_m": 90.89}}, {"type": "Feature", "geometry": {"type": "Point", "coordinates": [1.209988035, 44.803964379]}, "properties": {"stage": 8, "label": "DOMME (D46 E3-VC-D49)", "km_from_start": 102.2, "elevation_m": 178.44}}, {"type": "Feature", "geometry": {"type": "Point", "coordinates": [1.207745028, 44.803619685]}, "properties": {"stage": 8, "label": "VC C\u00f4te de Domme", "km_from_start": 102.6, "elevation_m": 208.43}}, {"type": "Feature", "geometry": {"type": "Point", "coordinates": [1.195138488, 44.813905448]}, "properties": {"stage": 8, "label": "D49 C\u00c9NAC-ET-SAINT-JULIEN (D49-D46)", "km_from_start": 104.8, "elevation_m": 90.98}}, {"type": "Feature", "geometry": {"type": "Point", "coordinates": [1.188522357, 44.821651704]}, "properties": {"stage": 8, "label": "D46 Le Port de Domme (D46-D703)", "km_from_start": 105.7, "elevation_m": 75.18}}, {"type": "Feature", "geometry": {"type": "Point", "coordinates": [1.184118141, 44.825114892]}, "properties": {"stage": 8, "label": "D703 Les Campagnes", "km_from_start": 106.2, "elevation_m": 75.95}}, {"type": "Feature", "geometry": {"type": "Point", "coordinates": [1.168115808, 44.82403424]}, "properties": {"stage": 8, "label": "Les \u00c9coles", "km_from_start": 107.7, "elevation_m": 73.45}}, {"type": "Feature", "geometry": {"type": "Point", "coordinates": [1.162832808, 44.822059382]}, "properties": {"stage": 8, "label": "LA ROQUE-GAGEAC", "km_from_start": 108.2, "elevation_m": 69.16}}, {"type": "Feature", "geometry": {"type": "Point", "coordinates": [1.153540177, 44.828290876]}, "properties": {"stage": 8, "label": "La Malartrie (V\u00c9ZAC)", "km_from_start": 109.3, "elevation_m": 70.56}}, {"type": "Feature", "geometry": {"type": "Point", "coordinates": [1.150833843, 44.837320388]}, "properties": {"stage": 8, "label": "Nineyrol (V\u00c9ZAC)", "km_from_start": 110.3, "elevation_m": 69.77}}, {"type": "Feature", "geometry": {"type": "Point", "coordinates": [1.132386784, 44.839410636]}, "properties": {"stage": 8, "label": "V\u00c9ZAC (pr\u00e8s)", "km_from_start": 112.0, "elevation_m": 67.62}}, {"type": "Feature", "geometry": {"type": "Point", "coordinates": [1.125989768, 44.838125233]}, "properties": {"stage": 8, "label": "BEYNAC-ET-CAZENAC", "km_from_start": 112.6, "elevation_m": 66.75}}, {"type": "Feature", "geometry": {"type": "Point", "coordinates": [1.093633064, 44.837587079]}, "properties": {"stage": 8, "label": "SAINT-VINCENT-DE-COSSE (pr\u00e8s)", "km_from_start": 115.5, "elevation_m": 67.69}}, {"type": "Feature", "geometry": {"type": "Point", "coordinates": [1.046113803, 44.864424195]}, "properties": {"stage": 8, "label": "Argentonnesse", "km_from_start": 120.5, "elevation_m": 70.34}}, {"type": "Feature", "geometry": {"type": "Point", "coordinates": [1.035157071, 44.854303063]}, "properties": {"stage": 8, "label": "CASTELS ET B\u00c9ZENAC", "km_from_start": 121.9, "elevation_m": 62.87}}, {"type": "Feature", "geometry": {"type": "Point", "coordinates": [1.033043525, 44.851657558]}, "properties": {"stage": 8, "label": "SAINT-CYPRIEN (entr\u00e9e)", "km_from_start": 122.2, "elevation_m": 62.58}}, {"type": "Feature", "geometry": {"type": "Point", "coordinates": [1.027835374, 44.847391071]}, "properties": {"stage": 8, "label": "SAINT-CYPRIEN", "km_from_start": 122.8, "elevation_m": 62.84}}, {"type": "Feature", "geometry": {"type": "Point", "coordinates": [1.000610153, 44.821792154]}, "properties": {"stage": 8, "label": "MARNAC (pr\u00e8s)", "km_from_start": 126.4, "elevation_m": 74.67}}, {"type": "Feature", "geometry": {"type": "Point", "coordinates": [0.969733509, 44.821448988]}, "properties": {"stage": 8, "label": "SIORAC-EN-P\u00c9RIGORD (D703-D25)", "km_from_start": 129.2, "elevation_m": 59.25}}, {"type": "Feature", "geometry": {"type": "Point", "coordinates": [0.897534104, 44.846186307]}, "properties": {"stage": 8, "label": "D25 LE BUISSON-DE-CADOUIN (D25-D29 E-D29)", "km_from_start": 136.3, "elevation_m": 59.58}}, {"type": "Feature", "geometry": {"type": "Point", "coordinates": [0.891511305, 44.843090832]}, "properties": {"stage": 8, "label": "Passage \u00e0 niveau N\u00b0 326.", "km_from_start": 136.9, "elevation_m": 62.94}}, {"type": "Feature", "geometry": {"type": "Point", "coordinates": [0.85577214, 44.84095577]}, "properties": {"stage": 8, "label": "D29 C\u00f4te du Buisson-de-Cadouin", "km_from_start": 140.4, "elevation_m": 190.15}}, {"type": "Feature", "geometry": {"type": "Point", "coordinates": [0.796190488, 44.846800927]}, "properties": {"stage": 8, "label": "CAL\u00c8S (pr\u00e8s)", "km_from_start": 146.5, "elevation_m": 50.51}}, {"type": "Feature", "geometry": {"type": "Point", "coordinates": [0.775381871, 44.839113019]}, "properties": {"stage": 8, "label": "BADEFOLS-SUR-DORDOGNE", "km_from_start": 148.5, "elevation_m": 45.03}}, {"type": "Feature", "geometry": {"type": "Point", "coordinates": [0.750046959, 44.834506175]}, "properties": {"stage": 8, "label": "PONTOURS", "km_from_start": 150.8, "elevation_m": 41.73}}, {"type": "Feature", "geometry": {"type": "Point", "coordinates": [0.731859238, 44.835547128]}, "properties": {"stage": 8, "label": "Saint-Front (pr\u00e8s) (D29-D8 E4) (COUZE-ET-SAINT-FRONT)", "km_from_start": 152.9, "elevation_m": 41.91}}, {"type": "Feature", "geometry": {"type": "Point", "coordinates": [0.728465924, 44.835359172]}, "properties": {"stage": 8, "label": "D8 E4 LALINDE (D8 E4-D703-D8 E3-D703)", "km_from_start": 153.2, "elevation_m": 43.57}}, {"type": "Feature", "geometry": {"type": "Point", "coordinates": [0.700486123, 44.83455291]}, "properties": {"stage": 8, "label": "D703 Port de Couze (LALINDE) (D703-D660)", "km_from_start": 155.7, "elevation_m": 39.75}}, {"type": "Feature", "geometry": {"type": "Point", "coordinates": [0.671618842, 44.840139515]}, "properties": {"stage": 8, "label": "D660 La Borie Basse (BANEUIL)", "km_from_start": 158.3, "elevation_m": 40.53}}, {"type": "Feature", "geometry": {"type": "Point", "coordinates": [0.650368164, 44.842555354]}, "properties": {"stage": 8, "label": "SAINT-CAPRAISE-DE-LALINDE", "km_from_start": 160.2, "elevation_m": 39.96}}, {"type": "Feature", "geometry": {"type": "Point", "coordinates": [0.627405723, 44.848727337]}, "properties": {"stage": 8, "label": "Tuili\u00e8res", "km_from_start": 162.3, "elevation_m": 38.25}}, {"type": "Feature", "geometry": {"type": "Point", "coordinates": [0.608766676, 44.852932221]}, "properties": {"stage": 8, "label": "MOULEYDIER", "km_from_start": 164.0, "elevation_m": 37.39}}, {"type": "Feature", "geometry": {"type": "Point", "coordinates": [0.577255061, 44.855315485]}, "properties": {"stage": 8, "label": "CREYSSE", "km_from_start": 166.8, "elevation_m": 39.59}}, {"type": "Feature", "geometry": {"type": "Point", "coordinates": [0.538390322, 44.85033888]}, "properties": {"stage": 8, "label": "La Nauve (D660-N21)", "km_from_start": 170.3, "elevation_m": 34.46}}, {"type": "Feature", "geometry": {"type": "Point", "coordinates": [0.504168711, 44.828178207]}, "properties": {"stage": 8, "label": "N21 Carrefour N21-D936 E1", "km_from_start": 174.5, "elevation_m": 44.26}}, {"type": "Feature", "geometry": {"type": "Point", "coordinates": [0.489322397, 44.838482829]}, "properties": {"stage": 8, "label": "D936 E1 BERGERAC (D936 E1-VC) (entr\u00e9e)", "km_from_start": 176.2, "elevation_m": 33.49}}, {"type": "Feature", "geometry": {"type": "Point", "coordinates": [0.5037812, 44.8469124]}, "properties": {"stage": 8, "label": "VC BERGERAC", "km_from_start": 180.4, "elevation_m": 31.33}}, {"type": "Feature", "geometry": {"type": "Point", "coordinates": [2.4065058, 44.8771351]}, "properties": {"stage": 10, "label": "Milly-Crespiat (ARPAJON-SUR-C\u00c8RE) (N122-D617)", "km_from_start": 0.0, "elevation_m": 570.77}}, {"type": "Feature", "geometry": {"type": "Point", "coordinates": [2.4065058, 44.8771351]}, "properties": {"stage": 10, "label": "VC AURILLAC (VC-N122)", "km_from_start": 0.0, "elevation_m": 570.77}}, {"type": "Feature", "geometry": {"type": "Point", "coordinates": [2.4065058, 44.8771351]}, "properties": {"stage": 10, "label": "D617 AURILLAC", "km_from_start": 0.0, "elevation_m": 570.77}}, {"type": "Feature", "geometry": {"type": "Point", "coordinates": [2.386394285, 44.865175714]}, "properties": {"stage": 10, "label": "La Course du Mouton", "km_from_start": 2.6, "elevation_m": 650.14}}, {"type": "Feature", "geometry": {"type": "Point", "coordinates": [2.385832449, 44.860424144]}, "properties": {"stage": 10, "label": "ROANNES-SAINT-MARY", "km_from_start": 3.4, "elevation_m": 632.08}}, {"type": "Feature", "geometry": {"type": "Point", "coordinates": [2.364249013, 44.822194367]}, "properties": {"stage": 10, "label": "Carrefour D617-D20", "km_from_start": 10.2, "elevation_m": 715.46}}, {"type": "Feature", "geometry": {"type": "Point", "coordinates": [2.370421968, 44.816730044]}, "properties": {"stage": 10, "label": "D20 Carrefour D20-D45", "km_from_start": 11.0, "elevation_m": 738.51}}, {"type": "Feature", "geometry": {"type": "Point", "coordinates": [2.35310453, 44.78398453]}, "properties": {"stage": 10, "label": "D45 La Loudi\u00e8re", "km_from_start": 15.0, "elevation_m": 640.96}}, {"type": "Feature", "geometry": {"type": "Point", "coordinates": [2.352321041, 44.78205715]}, "properties": {"stage": 10, "label": "MARCOL\u00c8S (D45-VC-D66)", "km_from_start": 15.2, "elevation_m": 665.02}}, {"type": "Feature", "geometry": {"type": "Point", "coordinates": [2.357064686, 44.774875823]}, "properties": {"stage": 10, "label": "D66 Carrefour D66-D51", "km_from_start": 16.3, "elevation_m": 717.92}}, {"type": "Feature", "geometry": {"type": "Point", "coordinates": [2.409357626, 44.760887646]}, "properties": {"stage": 10, "label": "D51 Carrefour D51-D601", "km_from_start": 21.9, "elevation_m": 784.43}}, {"type": "Feature", "geometry": {"type": "Point", "coordinates": [2.422447518, 44.772920792]}, "properties": {"stage": 10, "label": "D601 Le Garric", "km_from_start": 23.9, "elevation_m": 746.08}}, {"type": "Feature", "geometry": {"type": "Point", "coordinates": [2.435601075, 44.779558234]}, "properties": {"stage": 10, "label": "LACAPELLE-DEL-FRAISSE (entr\u00e9e)", "km_from_start": 25.3, "elevation_m": 792.38}}, {"type": "Feature", "geometry": {"type": "Point", "coordinates": [2.43731208, 44.780894094]}, "properties": {"stage": 10, "label": "LACAPELLE-DEL-FRAISSE", "km_from_start": 25.5, "elevation_m": 800.22}}, {"type": "Feature", "geometry": {"type": "Point", "coordinates": [2.450762606, 44.786254013]}, "properties": {"stage": 10, "label": "LAFEUILLADE-EN-V\u00c9ZIE (D601-D920)", "km_from_start": 26.9, "elevation_m": 759.7}}, {"type": "Feature", "geometry": {"type": "Point", "coordinates": [2.486032528, 44.816360506]}, "properties": {"stage": 10, "label": "D920 PRUNET (pr\u00e8s)", "km_from_start": 31.7, "elevation_m": 764.08}}, {"type": "Feature", "geometry": {"type": "Point", "coordinates": [2.490982454, 44.818587853]}, "properties": {"stage": 10, "label": "Lasprandine", "km_from_start": 32.2, "elevation_m": 761.88}}, {"type": "Feature", "geometry": {"type": "Point", "coordinates": [2.495878548, 44.823339114]}, "properties": {"stage": 10, "label": "La Croix d'Aubugues (D920-D8)", "km_from_start": 32.9, "elevation_m": 775.93}}, {"type": "Feature", "geometry": {"type": "Point", "coordinates": [2.508500668, 44.839410685]}, "properties": {"stage": 10, "label": "D8 Carrefour D8-D32", "km_from_start": 35.0, "elevation_m": 804.43}}, {"type": "Feature", "geometry": {"type": "Point", "coordinates": [2.506329156, 44.844980326]}, "properties": {"stage": 10, "label": "D32 La Joyeuse (D32-D8)", "km_from_start": 35.7, "elevation_m": 810.2}}, {"type": "Feature", "geometry": {"type": "Point", "coordinates": [2.548874506, 44.887120313]}, "properties": {"stage": 10, "label": "D8 Lachaux", "km_from_start": 42.8, "elevation_m": 815.96}}, {"type": "Feature", "geometry": {"type": "Point", "coordinates": [2.54378, 44.894915535]}, "properties": {"stage": 10, "label": "Feneyrols", "km_from_start": 43.9, "elevation_m": 767.95}}, {"type": "Feature", "geometry": {"type": "Point", "coordinates": [2.548807917, 44.896737063]}, "properties": {"stage": 10, "label": "Carrefour D8-D990", "km_from_start": 44.4, "elevation_m": 743.81}}, {"type": "Feature", "geometry": {"type": "Point", "coordinates": [2.56508387, 44.888475914]}, "properties": {"stage": 10, "label": "D990 CARLAT", "km_from_start": 48.3, "elevation_m": 751.9}}, {"type": "Feature", "geometry": {"type": "Point", "coordinates": [2.617534748, 44.900826069]}, "properties": {"stage": 10, "label": "Loub\u00e9jac", "km_from_start": 54.4, "elevation_m": 782.13}}, {"type": "Feature", "geometry": {"type": "Point", "coordinates": [2.659543207, 44.912448601]}, "properties": {"stage": 10, "label": "Carrefour D990-D59", "km_from_start": 59.5, "elevation_m": 672.43}}, {"type": "Feature", "geometry": {"type": "Point", "coordinates": [2.662157386, 44.924456717]}, "properties": {"stage": 10, "label": "D59 Cropi\u00e8res (RAULHAC)", "km_from_start": 60.7, "elevation_m": 713.46}}, {"type": "Feature", "geometry": {"type": "Point", "coordinates": [2.664391183, 44.941242985]}, "properties": {"stage": 10, "label": "JOU-SOUS-MONJOU", "km_from_start": 62.7, "elevation_m": 752.24}}, {"type": "Feature", "geometry": {"type": "Point", "coordinates": [2.66410935, 44.947450343]}, "properties": {"stage": 10, "label": "Carrefour D59-D54", "km_from_start": 64.9, "elevation_m": 825.3}}, {"type": "Feature", "geometry": {"type": "Point", "coordinates": [2.6690771, 44.944347235]}, "properties": {"stage": 10, "label": "D54 Cassagne", "km_from_start": 65.5, "elevation_m": 855.39}}, {"type": "Feature", "geometry": {"type": "Point", "coordinates": [2.685072789, 44.951196131]}, "properties": {"stage": 10, "label": "C\u00f4te de Pailherols", "km_from_start": 68.0, "elevation_m": 1034.86}}, {"type": "Feature", "geometry": {"type": "Point", "coordinates": [2.689671555, 44.952667524]}, "properties": {"stage": 10, "label": "PAILHEROLS", "km_from_start": 68.5, "elevation_m": 1043.25}}, {"type": "Feature", "geometry": {"type": "Point", "coordinates": [2.705726909, 44.949820164]}, "properties": {"stage": 10, "label": "La Bon\u00e9tie", "km_from_start": 70.4, "elevation_m": 1061.29}}, {"type": "Feature", "geometry": {"type": "Point", "coordinates": [2.72780409, 44.936655899]}, "properties": {"stage": 10, "label": "LACAPELLE-BARR\u00c8S (D54-D990)", "km_from_start": 73.4, "elevation_m": 1027.43}}, {"type": "Feature", "geometry": {"type": "Point", "coordinates": [2.734806956, 44.937281349]}, "properties": {"stage": 10, "label": "D990 Le Chambon (TH\u00c9RONDELS)", "km_from_start": 74.5, "elevation_m": 983.21}}, {"type": "Feature", "geometry": {"type": "Point", "coordinates": [2.748189213, 44.939319213]}, "properties": {"stage": 10, "label": "Pont la Vieille (D990-D57) (NARNHAC)", "km_from_start": 76.1, "elevation_m": 987.64}}, {"type": "Feature", "geometry": {"type": "Point", "coordinates": [2.797419983, 44.951434443]}, "properties": {"stage": 10, "label": "D57 Vigouroux (SAINT-MARTIN-SOUS-VIGOUROUX)", "km_from_start": 81.3, "elevation_m": 1070.21}}, {"type": "Feature", "geometry": {"type": "Point", "coordinates": [2.808806631, 44.972096524]}, "properties": {"stage": 10, "label": "Landonnes (BREZONS)", "km_from_start": 85.0, "elevation_m": 852.47}}, {"type": "Feature", "geometry": {"type": "Point", "coordinates": [2.810349929, 44.976037221]}, "properties": {"stage": 10, "label": "Chauteil (BREZONS)", "km_from_start": 85.4, "elevation_m": 830.21}}, {"type": "Feature", "geometry": {"type": "Point", "coordinates": [2.811109189, 44.979147568]}, "properties": {"stage": 10, "label": "Le Pessin (D57-D39) (BREZONS)", "km_from_start": 85.7, "elevation_m": 814.8}}, {"type": "Feature", "geometry": {"type": "Point", "coordinates": [2.809134299, 44.996485654]}, "properties": {"stage": 10, "label": "D39 Farreyre (BREZONS)", "km_from_start": 87.4, "elevation_m": 831.31}}, {"type": "Feature", "geometry": {"type": "Point", "coordinates": [2.78491997, 45.010155399]}, "properties": {"stage": 10, "label": "Les Roussinches (BREZONS)", "km_from_start": 90.0, "elevation_m": 905.86}}, {"type": "Feature", "geometry": {"type": "Point", "coordinates": [2.786137927, 45.011999211]}, "properties": {"stage": 10, "label": "Le Bourguet (BREZONS)", "km_from_start": 91.5, "elevation_m": 934.45}}, {"type": "Feature", "geometry": {"type": "Point", "coordinates": [2.815331999, 45.010974296]}, "properties": {"stage": 10, "label": "La Griffoul (BREZONS)", "km_from_start": 95.5, "elevation_m": 1222.03}}, {"type": "Feature", "geometry": {"type": "Point", "coordinates": [2.8231141, 45.026694614]}, "properties": {"stage": 10, "label": "Col de la Griffoul", "km_from_start": 97.3, "elevation_m": 1331.87}}, {"type": "Feature", "geometry": {"type": "Point", "coordinates": [2.814299987, 45.043012856]}, "properties": {"stage": 10, "label": "La Sagnette (PAULHAC)", "km_from_start": 100.7, "elevation_m": 1210.75}}, {"type": "Feature", "geometry": {"type": "Point", "coordinates": [2.800391069, 45.059815982]}, "properties": {"stage": 10, "label": "Col de Prat de Bouc", "km_from_start": 103.8, "elevation_m": 1393.03}}, {"type": "Feature", "geometry": {"type": "Point", "coordinates": [2.834719027, 45.081953078]}, "properties": {"stage": 10, "label": "Albepierre (ALBEPIERRE-BREDONS)", "km_from_start": 108.4, "elevation_m": 1072.29}}, {"type": "Feature", "geometry": {"type": "Point", "coordinates": [2.860417139, 45.111199417]}, "properties": {"stage": 10, "label": "MURAT (D39-D3-VC-D3)", "km_from_start": 112.7, "elevation_m": 895.85}}, {"type": "Feature", "geometry": {"type": "Point", "coordinates": [2.820444695, 45.141662541]}, "properties": {"stage": 10, "label": "D3 C\u00f4te de Murat", "km_from_start": 118.8, "elevation_m": 1181.06}}, {"type": "Feature", "geometry": {"type": "Point", "coordinates": [2.80527972, 45.15399014]}, "properties": {"stage": 10, "label": "Carrefour D3-D680", "km_from_start": 121.2, "elevation_m": 1177.35}}, {"type": "Feature", "geometry": {"type": "Point", "coordinates": [2.789083165, 45.158317557]}, "properties": {"stage": 10, "label": "D680 Le Peuch", "km_from_start": 122.8, "elevation_m": 1060.15}}, {"type": "Feature", "geometry": {"type": "Point", "coordinates": [2.782644661, 45.154933739]}, "properties": {"stage": 10, "label": "DIENNE", "km_from_start": 123.5, "elevation_m": 1054.83}}, {"type": "Feature", "geometry": {"type": "Point", "coordinates": [2.742853292, 45.137646858]}, "properties": {"stage": 10, "label": "LAVIGERIE", "km_from_start": 127.7, "elevation_m": 1114.26}}, {"type": "Feature", "geometry": {"type": "Point", "coordinates": [2.702705264, 45.130270316]}, "properties": {"stage": 10, "label": "Col de Serre", "km_from_start": 131.5, "elevation_m": 1328.81}}, {"type": "Feature", "geometry": {"type": "Point", "coordinates": [2.683725212, 45.109833531]}, "properties": {"stage": 10, "label": "Col d'Eylac", "km_from_start": 134.2, "elevation_m": 1442.35}}, {"type": "Feature", "geometry": {"type": "Point", "coordinates": [2.671795394, 45.114105461]}, "properties": {"stage": 10, "label": "Puy Mary - Pas de Peyrol", "km_from_start": 135.7, "elevation_m": 1577.82}}, {"type": "Feature", "geometry": {"type": "Point", "coordinates": [2.66414727, 45.103694207]}, "properties": {"stage": 10, "label": "D17 Col de Redondet", "km_from_start": 137.5, "elevation_m": 1531.04}}, {"type": "Feature", "geometry": {"type": "Point", "coordinates": [2.674925219, 45.085548406]}, "properties": {"stage": 10, "label": "Rudez", "km_from_start": 144.4, "elevation_m": 1055.99}}, {"type": "Feature", "geometry": {"type": "Point", "coordinates": [2.658319377, 45.070583657]}, "properties": {"stage": 10, "label": "MANDAILLES-SAINT-JULIEN (D17-D317)", "km_from_start": 147.0, "elevation_m": 924.87}}, {"type": "Feature", "geometry": {"type": "Point", "coordinates": [2.673473917, 45.058136083]}, "properties": {"stage": 10, "label": "Col de Pertus", "km_from_start": 152.1, "elevation_m": 1301.96}}, {"type": "Feature", "geometry": {"type": "Point", "coordinates": [2.709987762, 45.053404585]}, "properties": {"stage": 10, "label": "SAINT-JACQUES-DES-BLATS (D317-N122)", "km_from_start": 157.5, "elevation_m": 1035.1}}, {"type": "Feature", "geometry": {"type": "Point", "coordinates": [2.726016787, 45.07788886]}, "properties": {"stage": 10, "label": "Carrefour N122-D67", "km_from_start": 160.8, "elevation_m": 1116.83}}, {"type": "Feature", "geometry": {"type": "Point", "coordinates": [2.732843541, 45.082656615]}, "properties": {"stage": 10, "label": "D67 Carrefour D67-VC", "km_from_start": 163.4, "elevation_m": 1277.63}}, {"type": "Feature", "geometry": {"type": "Point", "coordinates": [2.734143187, 45.085382029]}, "properties": {"stage": 10, "label": "VC Col de Font de C\u00e8re", "km_from_start": 163.9, "elevation_m": 1294.0}}, {"type": "Feature", "geometry": {"type": "Point", "coordinates": [2.743809952, 45.086834058]}, "properties": {"stage": 10, "label": "Carrefour VC-D67", "km_from_start": 166.0, "elevation_m": 1194.28}}, {"type": "Feature", "geometry": {"type": "Point", "coordinates": [2.74803, 45.08432]}, "properties": {"stage": 10, "label": "D67 LE LIORAN", "km_from_start": 166.6, "elevation_m": 1233.39}}, {"type": "Feature", "geometry": {"type": "Point", "coordinates": [3.412656, 46.1580837]}, "properties": {"stage": 11, "label": "Pont de l'Europe (BELLERIVE-SUR-ALLIER)", "km_from_start": 0.0, "elevation_m": 250.6}}, {"type": "Feature", "geometry": {"type": "Point", "coordinates": [3.412656, 46.1580837]}, "properties": {"stage": 11, "label": "D174 VICHY", "km_from_start": 0.0, "elevation_m": 250.6}}, {"type": "Feature", "geometry": {"type": "Point", "coordinates": [3.412656, 46.1580837]}, "properties": {"stage": 11, "label": "D6 E Boutiron (D6 E-D174) (CREUZIER-LE-VIEUX)", "km_from_start": 0.0, "elevation_m": 250.6}}, {"type": "Feature", "geometry": {"type": "Point", "coordinates": [3.412656, 46.1580837]}, "properties": {"stage": 11, "label": "VICHY (VC-D6 E)", "km_from_start": 0.0, "elevation_m": 250.6}}, {"type": "Feature", "geometry": {"type": "Point", "coordinates": [3.412656, 46.1580837]}, "properties": {"stage": 11, "label": "VC VICHY", "km_from_start": 0.0, "elevation_m": 250.6}}, {"type": "Feature", "geometry": {"type": "Point", "coordinates": [3.420301421, 46.166346564]}, "properties": {"stage": 11, "label": "Rhue (D174-D258) (CREUZIER-LE-VIEUX)", "km_from_start": 1.1, "elevation_m": 253.73}}, {"type": "Feature", "geometry": {"type": "Point", "coordinates": [3.420394111, 46.182893778]}, "properties": {"stage": 11, "label": "D258 Bourzat", "km_from_start": 3.1, "elevation_m": 282.43}}, {"type": "Feature", "geometry": {"type": "Point", "coordinates": [3.430496651, 46.191574316]}, "properties": {"stage": 11, "label": "SAINT-GERMAIN-DES-FOSS\u00c9S (D258-D258 E-D77)", "km_from_start": 4.4, "elevation_m": 281.61}}, {"type": "Feature", "geometry": {"type": "Point", "coordinates": [3.450875949, 46.189768979]}, "properties": {"stage": 11, "label": "D77 Carrefour D77-N209", "km_from_start": 7.2, "elevation_m": 265.29}}, {"type": "Feature", "geometry": {"type": "Point", "coordinates": [3.445288776, 46.205437345]}, "properties": {"stage": 11, "label": "N209 Champs Rosier (SEUILLET)", "km_from_start": 9.0, "elevation_m": 281.95}}, {"type": "Feature", "geometry": {"type": "Point", "coordinates": [3.433507643, 46.221709429]}, "properties": {"stage": 11, "label": "Fougerat", "km_from_start": 11.0, "elevation_m": 298.6}}, {"type": "Feature", "geometry": {"type": "Point", "coordinates": [3.431644033, 46.233541392]}, "properties": {"stage": 11, "label": "BILLY (N209-D130)", "km_from_start": 12.2, "elevation_m": 276.07}}, {"type": "Feature", "geometry": {"type": "Point", "coordinates": [3.413018076, 46.235589704]}, "properties": {"stage": 11, "label": "D130 La Boire Henon", "km_from_start": 14.1, "elevation_m": 241.66}}, {"type": "Feature", "geometry": {"type": "Point", "coordinates": [3.402621357, 46.235107188]}, "properties": {"stage": 11, "label": "MARCENAT", "km_from_start": 15.1, "elevation_m": 247.03}}, {"type": "Feature", "geometry": {"type": "Point", "coordinates": [3.355067381, 46.262797878]}, "properties": {"stage": 11, "label": "LORIGES", "km_from_start": 20.9, "elevation_m": 257.38}}, {"type": "Feature", "geometry": {"type": "Point", "coordinates": [3.329586062, 46.278641943]}, "properties": {"stage": 11, "label": "Les Noix", "km_from_start": 23.9, "elevation_m": 244.75}}, {"type": "Feature", "geometry": {"type": "Point", "coordinates": [3.30997968, 46.292619377]}, "properties": {"stage": 11, "label": "SAINT-POUR\u00c7AIN-SUR-SIOULE (D130-D2009) (entr\u00e9e)", "km_from_start": 26.3, "elevation_m": 241.78}}, {"type": "Feature", "geometry": {"type": "Point", "coordinates": [3.298442367, 46.303645796]}, "properties": {"stage": 11, "label": "SAINT-POUR\u00c7AIN-SUR-SIOULE", "km_from_start": 27.9, "elevation_m": 238.64}}, {"type": "Feature", "geometry": {"type": "Point", "coordinates": [3.287279952, 46.312707847]}, "properties": {"stage": 11, "label": "Bouteresse (SAULCET)", "km_from_start": 29.5, "elevation_m": 244.02}}, {"type": "Feature", "geometry": {"type": "Point", "coordinates": [3.284877537, 46.347184663]}, "properties": {"stage": 11, "label": "C\u00f4te de Billonni\u00e8re", "km_from_start": 32.9, "elevation_m": 295.27}}, {"type": "Feature", "geometry": {"type": "Point", "coordinates": [3.28412257, 46.353125775]}, "properties": {"stage": 11, "label": "La Pierre Corbe (CONTIGNY)", "km_from_start": 33.5, "elevation_m": 302.68}}, {"type": "Feature", "geometry": {"type": "Point", "coordinates": [3.286574064, 46.364308257]}, "properties": {"stage": 11, "label": "Montigny (pr\u00e8s)", "km_from_start": 34.6, "elevation_m": 300.6}}, {"type": "Feature", "geometry": {"type": "Point", "coordinates": [3.292354759, 46.378508727]}, "properties": {"stage": 11, "label": "MON\u00c9TAY-SUR-ALLIER (pr\u00e8s)", "km_from_start": 36.1, "elevation_m": 296.71}}, {"type": "Feature", "geometry": {"type": "Point", "coordinates": [3.30937319, 46.398593442]}, "properties": {"stage": 11, "label": "CH\u00c2TEL-DE-NEUVRE", "km_from_start": 38.7, "elevation_m": 275.75}}, {"type": "Feature", "geometry": {"type": "Point", "coordinates": [3.315965642, 46.496845226]}, "properties": {"stage": 11, "label": "CHEMILLY", "km_from_start": 48.3, "elevation_m": 230.77}}, {"type": "Feature", "geometry": {"type": "Point", "coordinates": [3.31838656, 46.525885891]}, "properties": {"stage": 11, "label": "Les Gu\u00e9naudins-Longv\u00e9 (pr\u00e8s) (BRESSOLLES)", "km_from_start": 51.1, "elevation_m": 229.49}}, {"type": "Feature", "geometry": {"type": "Point", "coordinates": [3.319959746, 46.543508086]}, "properties": {"stage": 11, "label": "Les Bassets (BRESSOLLES)", "km_from_start": 52.8, "elevation_m": 225.13}}, {"type": "Feature", "geometry": {"type": "Point", "coordinates": [3.332688933, 46.561242879]}, "properties": {"stage": 11, "label": "MOULINS (D2009-VC)", "km_from_start": 55.7, "elevation_m": 214.04}}, {"type": "Feature", "geometry": {"type": "Point", "coordinates": [3.352813027, 46.577108684]}, "properties": {"stage": 11, "label": "VC Passage \u00e0 niveau N\u00b0 136.", "km_from_start": 59.1, "elevation_m": 222.67}}, {"type": "Feature", "geometry": {"type": "Point", "coordinates": [3.350805171, 46.581813807]}, "properties": {"stage": 11, "label": "YZEURE (VC-D493)", "km_from_start": 59.6, "elevation_m": 227.83}}, {"type": "Feature", "geometry": {"type": "Point", "coordinates": [3.360386352, 46.606267121]}, "properties": {"stage": 11, "label": "D493 L'\u00c9pine (D493-D979 A) (AVERMES)", "km_from_start": 62.5, "elevation_m": 238.12}}, {"type": "Feature", "geometry": {"type": "Point", "coordinates": [3.367240811, 46.615437101]}, "properties": {"stage": 11, "label": "D979 A Champ des Balais (AVERMES, YZEURE)", "km_from_start": 63.6, "elevation_m": 253.53}}, {"type": "Feature", "geometry": {"type": "Point", "coordinates": [3.380329499, 46.632941197]}, "properties": {"stage": 11, "label": "La Barbizenne (GENNETINES)", "km_from_start": 65.7, "elevation_m": 245.19}}, {"type": "Feature", "geometry": {"type": "Point", "coordinates": [3.425127451, 46.68925243]}, "properties": {"stage": 11, "label": "SAINT-ENNEMOND", "km_from_start": 73.2, "elevation_m": 223.6}}, {"type": "Feature", "geometry": {"type": "Point", "coordinates": [3.434418184, 46.705730966]}, "properties": {"stage": 11, "label": "Les Galmins", "km_from_start": 75.1, "elevation_m": 223.32}}, {"type": "Feature", "geometry": {"type": "Point", "coordinates": [3.437366977, 46.73064784]}, "properties": {"stage": 11, "label": "Banville (LUCENAY-L\u00c8S-AIX)", "km_from_start": 77.7, "elevation_m": 218.79}}, {"type": "Feature", "geometry": {"type": "Point", "coordinates": [3.435132498, 46.758126494]}, "properties": {"stage": 11, "label": "La Poulecaude (TOURY-LURCY)", "km_from_start": 80.4, "elevation_m": 224.62}}, {"type": "Feature", "geometry": {"type": "Point", "coordinates": [3.43093, 46.783210371]}, "properties": {"stage": 11, "label": "Les Oudilles (TOURY-LURCY)", "km_from_start": 83.1, "elevation_m": 233.32}}, {"type": "Feature", "geometry": {"type": "Point", "coordinates": [3.438201795, 46.791759808]}, "properties": {"stage": 11, "label": "Les Oudilles (SAINT-GERMAIN-CHASSENAY)", "km_from_start": 84.2, "elevation_m": 219.96}}, {"type": "Feature", "geometry": {"type": "Point", "coordinates": [3.448485565, 46.81160074]}, "properties": {"stage": 11, "label": "Carrefour D979 A-D978 A", "km_from_start": 86.4, "elevation_m": 199.59}}, {"type": "Feature", "geometry": {"type": "Point", "coordinates": [3.464597577, 46.836982269]}, "properties": {"stage": 11, "label": "DECIZE (D978 A-D981)", "km_from_start": 90.3, "elevation_m": 193.21}}, {"type": "Feature", "geometry": {"type": "Point", "coordinates": [3.458959518, 46.860611571]}, "properties": {"stage": 11, "label": "D981 SAINT-L\u00c9GER-DES-VIGNES (D981-D34)", "km_from_start": 93.5, "elevation_m": 192.72}}, {"type": "Feature", "geometry": {"type": "Point", "coordinates": [3.478480108, 46.913171065]}, "properties": {"stage": 11, "label": "D34 LA MACHINE", "km_from_start": 99.5, "elevation_m": 256.4}}, {"type": "Feature", "geometry": {"type": "Point", "coordinates": [3.50246097, 46.95244062]}, "properties": {"stage": 11, "label": "Le Bois Vieux (pr\u00e8s) (THIANGES)", "km_from_start": 104.2, "elevation_m": 224.46}}, {"type": "Feature", "geometry": {"type": "Point", "coordinates": [3.509764096, 46.969662279]}, "properties": {"stage": 11, "label": "La Chapelle", "km_from_start": 106.1, "elevation_m": 251.03}}, {"type": "Feature", "geometry": {"type": "Point", "coordinates": [3.511040575, 46.974707209]}, "properties": {"stage": 11, "label": "VILLE-LANGY", "km_from_start": 106.6, "elevation_m": 245.57}}, {"type": "Feature", "geometry": {"type": "Point", "coordinates": [3.509809541, 46.993082295]}, "properties": {"stage": 11, "label": "ANLEZY", "km_from_start": 108.5, "elevation_m": 224.88}}, {"type": "Feature", "geometry": {"type": "Point", "coordinates": [3.505911712, 47.015408859]}, "properties": {"stage": 11, "label": "FRASNAY-REUGNY", "km_from_start": 113.4, "elevation_m": 273.31}}, {"type": "Feature", "geometry": {"type": "Point", "coordinates": [3.476437763, 47.009734462]}, "properties": {"stage": 11, "label": "Carrefour D34-D978", "km_from_start": 116.3, "elevation_m": 251.46}}, {"type": "Feature", "geometry": {"type": "Point", "coordinates": [3.464007553, 47.010945753]}, "properties": {"stage": 11, "label": "D978 Conseuille (ROUY)", "km_from_start": 117.5, "elevation_m": 261.1}}, {"type": "Feature", "geometry": {"type": "Point", "coordinates": [3.425098613, 47.003800104]}, "properties": {"stage": 11, "label": "BILLY-CHEVANNES", "km_from_start": 121.5, "elevation_m": 285.84}}, {"type": "Feature", "geometry": {"type": "Point", "coordinates": [3.405509129, 47.005338773]}, "properties": {"stage": 11, "label": "C\u00f4te de Billy-Chevannes", "km_from_start": 123.4, "elevation_m": 357.51}}, {"type": "Feature", "geometry": {"type": "Point", "coordinates": [3.375660764, 47.003578638]}, "properties": {"stage": 11, "label": "SAINT-BENIN-D'AZY", "km_from_start": 126.3, "elevation_m": 259.88}}, {"type": "Feature", "geometry": {"type": "Point", "coordinates": [3.344478027, 47.010406234]}, "properties": {"stage": 11, "label": "Cougny (D978-D26)", "km_from_start": 129.6, "elevation_m": 222.52}}, {"type": "Feature", "geometry": {"type": "Point", "coordinates": [3.334433563, 47.015376351]}, "properties": {"stage": 11, "label": "D26 Tr\u00e9laigues", "km_from_start": 130.7, "elevation_m": 244.04}}, {"type": "Feature", "geometry": {"type": "Point", "coordinates": [3.326929421, 47.020618617]}, "properties": {"stage": 11, "label": "SAINT-JEAN-AUX-AMOGNES", "km_from_start": 131.6, "elevation_m": 236.35}}, {"type": "Feature", "geometry": {"type": "Point", "coordinates": [3.293953108, 47.064850081]}, "properties": {"stage": 11, "label": "Ourou\u00ebr (VAUX D'AMOGNES)", "km_from_start": 137.3, "elevation_m": 264.93}}, {"type": "Feature", "geometry": {"type": "Point", "coordinates": [3.267902564, 47.075917442]}, "properties": {"stage": 11, "label": "Balleray (VAUX D'AMOGNES)", "km_from_start": 140.1, "elevation_m": 234.71}}, {"type": "Feature", "geometry": {"type": "Point", "coordinates": [3.262044223, 47.077814932]}, "properties": {"stage": 11, "label": "La For\u00eat Ronde (VAUX D'AMOGNES)", "km_from_start": 140.7, "elevation_m": 229.91}}, {"type": "Feature", "geometry": {"type": "Point", "coordinates": [3.208852603, 47.085088573]}, "properties": {"stage": 11, "label": "GU\u00c9RIGNY (D26-D977)", "km_from_start": 146.0, "elevation_m": 234.55}}, {"type": "Feature", "geometry": {"type": "Point", "coordinates": [3.192557093, 47.082836095]}, "properties": {"stage": 11, "label": "D977 Demeurs", "km_from_start": 148.1, "elevation_m": 207.54}}, {"type": "Feature", "geometry": {"type": "Point", "coordinates": [3.205187012, 47.064143024]}, "properties": {"stage": 11, "label": "URZY", "km_from_start": 150.4, "elevation_m": 208.81}}, {"type": "Feature", "geometry": {"type": "Point", "coordinates": [3.215240568, 47.022286401]}, "properties": {"stage": 11, "label": "La Pacauderie (D977-D176) (SAINT-MARTIN-D'HEUILLE)", "km_from_start": 155.0, "elevation_m": 184.06}}, {"type": "Feature", "geometry": {"type": "Point", "coordinates": [3.215240568, 47.022286401]}, "properties": {"stage": 11, "label": "D176 La Grippe (SAINT-MARTIN-D'HEUILLE, COULANGES-L\u00c8S-NEVERS)", "km_from_start": 155.0, "elevation_m": 184.06}}, {"type": "Feature", "geometry": {"type": "Point", "coordinates": [3.209437698, 47.005288414]}, "properties": {"stage": 11, "label": "Trangy (pr\u00e8s) (SAINT-\u00c9LOI)", "km_from_start": 157.7, "elevation_m": 184.87}}, {"type": "Feature", "geometry": {"type": "Point", "coordinates": [3.19828849, 46.9976238]}, "properties": {"stage": 11, "label": "Chaluzy (SAINT-\u00c9LOI)", "km_from_start": 159.0, "elevation_m": 179.86}}, {"type": "Feature", "geometry": {"type": "Point", "coordinates": [3.193646046, 46.993533269]}, "properties": {"stage": 11, "label": "NEVERS (D176-VC) (entr\u00e9e)", "km_from_start": 159.6, "elevation_m": 179.77}}, {"type": "Feature", "geometry": {"type": "Point", "coordinates": [3.188671269, 46.989696279]}, "properties": {"stage": 11, "label": "Passage \u00e0 niveau N\u00b0 5.", "km_from_start": 160.3, "elevation_m": 180.48}}, {"type": "Feature", "geometry": {"type": "Point", "coordinates": [3.1812666, 46.9828196]}, "properties": {"stage": 11, "label": "VC NEVERS", "km_from_start": 161.3, "elevation_m": 176.94}}, {"type": "Feature", "geometry": {"type": "Point", "coordinates": [3.1616044, 46.8609893]}, "properties": {"stage": 12, "label": "Porte du Circuit (VC-D58) (MAGNY-COURS)", "km_from_start": 0.0, "elevation_m": 227.06}}, {"type": "Feature", "geometry": {"type": "Point", "coordinates": [3.1616044, 46.8609893]}, "properties": {"stage": 12, "label": "D58 CIRCUIT NEVERS MAGNY-COURS", "km_from_start": 0.0, "elevation_m": 227.06}}, {"type": "Feature", "geometry": {"type": "Point", "coordinates": [3.1616044, 46.8609893]}, "properties": {"stage": 12, "label": "VC CIRCUIT NEVERS MAGNY-COURS", "km_from_start": 0.0, "elevation_m": 227.06}}, {"type": "Feature", "geometry": {"type": "Point", "coordinates": [3.164388594, 46.858204623]}, "properties": {"stage": 12, "label": "SAINT-PARIZE-LE-CH\u00c2TEL (D58-D133)", "km_from_start": 0.4, "elevation_m": 237.24}}, {"type": "Feature", "geometry": {"type": "Point", "coordinates": [3.14826765, 46.853255668]}, "properties": {"stage": 12, "label": "D133 Moiry (D133-D907)", "km_from_start": 3.5, "elevation_m": 209.62}}, {"type": "Feature", "geometry": {"type": "Point", "coordinates": [3.110160817, 46.799355289]}, "properties": {"stage": 12, "label": "D907 Carrefour D907-D2076", "km_from_start": 10.7, "elevation_m": 234.02}}, {"type": "Feature", "geometry": {"type": "Point", "coordinates": [3.110922448, 46.794146871]}, "properties": {"stage": 12, "label": "D2076 Carrefour D2076-D108", "km_from_start": 11.2, "elevation_m": 223.08}}, {"type": "Feature", "geometry": {"type": "Point", "coordinates": [3.11461188, 46.791136416]}, "properties": {"stage": 12, "label": "D108 SAINT-PIERRE-LE-MO\u00dbTIER (D108-D978 A-D431-D978 A)", "km_from_start": 11.7, "elevation_m": 209.1}}, {"type": "Feature", "geometry": {"type": "Point", "coordinates": [3.233135431, 46.784796441]}, "properties": {"stage": 12, "label": "D978 A AZY-LE-VIF", "km_from_start": 22.2, "elevation_m": 232.7}}, {"type": "Feature", "geometry": {"type": "Point", "coordinates": [3.301116658, 46.772839621]}, "properties": {"stage": 12, "label": "Le Charme", "km_from_start": 28.0, "elevation_m": 261.48}}, {"type": "Feature", "geometry": {"type": "Point", "coordinates": [3.31170861, 46.771173016]}, "properties": {"stage": 12, "label": "NEUVILLE-L\u00c8S-DECIZE", "km_from_start": 28.9, "elevation_m": 252.24}}, {"type": "Feature", "geometry": {"type": "Point", "coordinates": [3.33777517, 46.772790486]}, "properties": {"stage": 12, "label": "Bruy\u00e8res-Paray (SAINT-PARIZE-EN-VIRY, AVRIL-SUR-LOIRE)", "km_from_start": 31.1, "elevation_m": 240.23}}, {"type": "Feature", "geometry": {"type": "Point", "coordinates": [3.382642019, 46.776484983]}, "properties": {"stage": 12, "label": "SAINT-GERMAIN-CHASSENAY", "km_from_start": 34.9, "elevation_m": 209.2}}, {"type": "Feature", "geometry": {"type": "Point", "coordinates": [3.407754261, 46.781341256]}, "properties": {"stage": 12, "label": "Boudrillon", "km_from_start": 37.1, "elevation_m": 225.82}}, {"type": "Feature", "geometry": {"type": "Point", "coordinates": [3.45023341, 46.816840242]}, "properties": {"stage": 12, "label": "DECIZE (D978 A-D981) (entr\u00e9e)", "km_from_start": 42.3, "elevation_m": 203.29}}, {"type": "Feature", "geometry": {"type": "Point", "coordinates": [3.482049691, 46.828029578]}, "properties": {"stage": 12, "label": "D981 DECIZE", "km_from_start": 45.8, "elevation_m": 199.34}}, {"type": "Feature", "geometry": {"type": "Point", "coordinates": [3.513776418, 46.831005621]}, "properties": {"stage": 12, "label": "Marcy (CHAMPVERT)", "km_from_start": 48.5, "elevation_m": 196.4}}, {"type": "Feature", "geometry": {"type": "Point", "coordinates": [3.581341441, 46.841722736]}, "properties": {"stage": 12, "label": "L'Ouche Migeard (VERNEUIL)", "km_from_start": 54.3, "elevation_m": 214.05}}, {"type": "Feature", "geometry": {"type": "Point", "coordinates": [3.617355311, 46.847451023]}, "properties": {"stage": 12, "label": "Les Arreaux (D981-D37)", "km_from_start": 57.4, "elevation_m": 221.46}}, {"type": "Feature", "geometry": {"type": "Point", "coordinates": [3.63505452, 46.853324398]}, "properties": {"stage": 12, "label": "D37 CERCY-LA-TOUR (D37-D10-D981)", "km_from_start": 59.0, "elevation_m": 203.6}}, {"type": "Feature", "geometry": {"type": "Point", "coordinates": [3.701983007, 46.824173963]}, "properties": {"stage": 12, "label": "D981 FOURS", "km_from_start": 66.1, "elevation_m": 221.64}}, {"type": "Feature", "geometry": {"type": "Point", "coordinates": [3.766853606, 46.80857158]}, "properties": {"stage": 12, "label": "Apponay (R\u00c9MILLY)", "km_from_start": 71.9, "elevation_m": 221.5}}, {"type": "Feature", "geometry": {"type": "Point", "coordinates": [3.819617546, 46.805548743]}, "properties": {"stage": 12, "label": "C\u00f4te de Lanty", "km_from_start": 76.5, "elevation_m": 292.16}}, {"type": "Feature", "geometry": {"type": "Point", "coordinates": [3.828414274, 46.808140458]}, "properties": {"stage": 12, "label": "LANTY (pr\u00e8s)", "km_from_start": 77.3, "elevation_m": 303.62}}, {"type": "Feature", "geometry": {"type": "Point", "coordinates": [3.86192384, 46.808561325]}, "properties": {"stage": 12, "label": "Les Flaudes (AVR\u00c9E)", "km_from_start": 80.2, "elevation_m": 314.84}}, {"type": "Feature", "geometry": {"type": "Point", "coordinates": [3.87985177, 46.810048027]}, "properties": {"stage": 12, "label": "Recoulon (FL\u00c9TY)", "km_from_start": 81.8, "elevation_m": 281.05}}, {"type": "Feature", "geometry": {"type": "Point", "coordinates": [3.930507097, 46.794481159]}, "properties": {"stage": 12, "label": "LUZY (D981-VC-D981-D985)", "km_from_start": 86.4, "elevation_m": 336.51}}, {"type": "Feature", "geometry": {"type": "Point", "coordinates": [4.005116769, 46.770933976]}, "properties": {"stage": 12, "label": "D985 Le Moulin de Cuzy (CUZY)", "km_from_start": 93.9, "elevation_m": 283.13}}, {"type": "Feature", "geometry": {"type": "Point", "coordinates": [4.035443737, 46.750918582]}, "properties": {"stage": 12, "label": "La Croix de l'Arbre (ISSY-L'\u00c9V\u00caQUE)", "km_from_start": 97.5, "elevation_m": 386.28}}, {"type": "Feature", "geometry": {"type": "Point", "coordinates": [4.038767432, 46.750174705]}, "properties": {"stage": 12, "label": "C\u00f4te de Cuzy", "km_from_start": 97.8, "elevation_m": 393.25}}, {"type": "Feature", "geometry": {"type": "Point", "coordinates": [4.077125864, 46.727063532]}, "properties": {"stage": 12, "label": "La Gare (MONTMORT)", "km_from_start": 102.4, "elevation_m": 294.39}}, {"type": "Feature", "geometry": {"type": "Point", "coordinates": [4.092639942, 46.71860358]}, "properties": {"stage": 12, "label": "Le Buisson Borget (SAINTE-RADEGONDE)", "km_from_start": 103.9, "elevation_m": 281.03}}, {"type": "Feature", "geometry": {"type": "Point", "coordinates": [4.121618867, 46.702083968]}, "properties": {"stage": 12, "label": "TOULON-SUR-ARROUX", "km_from_start": 106.7, "elevation_m": 263.16}}, {"type": "Feature", "geometry": {"type": "Point", "coordinates": [4.166897026, 46.685669703]}, "properties": {"stage": 12, "label": "Carrefour D985-D57", "km_from_start": 110.9, "elevation_m": 328.76}}, {"type": "Feature", "geometry": {"type": "Point", "coordinates": [4.209180577, 46.704548067]}, "properties": {"stage": 12, "label": "La Praye (SAINT-EUG\u00c8NE)", "km_from_start": 115.0, "elevation_m": 346.57}}, {"type": "Feature", "geometry": {"type": "Point", "coordinates": [4.252291326, 46.712339747]}, "properties": {"stage": 12, "label": "La Coudraye", "km_from_start": 118.7, "elevation_m": 357.87}}, {"type": "Feature", "geometry": {"type": "Point", "coordinates": [4.295733803, 46.704987262]}, "properties": {"stage": 12, "label": "La Villa Sirot", "km_from_start": 122.9, "elevation_m": 336.23}}, {"type": "Feature", "geometry": {"type": "Point", "coordinates": [4.324850156, 46.699249941]}, "properties": {"stage": 12, "label": "SAINT-BERAIN-SOUS-SANVIGNES", "km_from_start": 125.5, "elevation_m": 318.22}}, {"type": "Feature", "geometry": {"type": "Point", "coordinates": [4.336294929, 46.696774468]}, "properties": {"stage": 12, "label": "MONTCEAU-LES-MINES (D57-VC)", "km_from_start": 126.5, "elevation_m": 316.23}}, {"type": "Feature", "geometry": {"type": "Point", "coordinates": [4.380038046, 46.67899237]}, "properties": {"stage": 12, "label": "VC BLANZY (VC-D980-D974)", "km_from_start": 132.4, "elevation_m": 309.88}}, {"type": "Feature", "geometry": {"type": "Point", "coordinates": [4.391056134, 46.690500405]}, "properties": {"stage": 12, "label": "D980 Passage \u00e0 niveau N\u00b0 94.", "km_from_start": 133.9, "elevation_m": 298.83}}, {"type": "Feature", "geometry": {"type": "Point", "coordinates": [4.460956271, 46.727253136]}, "properties": {"stage": 12, "label": "D974 Pont des Morands (D974-D977) (SAINT-EUS\u00c8BE)", "km_from_start": 141.4, "elevation_m": 296.91}}, {"type": "Feature", "geometry": {"type": "Point", "coordinates": [4.473879508, 46.726562716]}, "properties": {"stage": 12, "label": "D977 Montchanin-le-Haut (SAINT-EUS\u00c8BE)", "km_from_start": 142.5, "elevation_m": 316.75}}, {"type": "Feature", "geometry": {"type": "Point", "coordinates": [4.484558861, 46.725608921]}, "properties": {"stage": 12, "label": "Les Cuisiniers (SAINT-EUS\u00c8BE)", "km_from_start": 143.4, "elevation_m": 354.63}}, {"type": "Feature", "geometry": {"type": "Point", "coordinates": [4.492442735, 46.723561848]}, "properties": {"stage": 12, "label": "Moulin \u00e0 Vent (SAINT-LAURENT-D'ANDENAY)", "km_from_start": 144.1, "elevation_m": 372.8}}, {"type": "Feature", "geometry": {"type": "Point", "coordinates": [4.504232998, 46.72303]}, "properties": {"stage": 12, "label": "Les Grandes Bruy\u00e8res (SAINT-LAURENT-D'ANDENAY)", "km_from_start": 145.1, "elevation_m": 390.21}}, {"type": "Feature", "geometry": {"type": "Point", "coordinates": [4.545928829, 46.737406589]}, "properties": {"stage": 12, "label": "La Grosse Auberge (SAINT-MARTIN-D'AUXY)", "km_from_start": 148.9, "elevation_m": 432.79}}, {"type": "Feature", "geometry": {"type": "Point", "coordinates": [4.547101593, 46.737616286]}, "properties": {"stage": 12, "label": "Les Baudots (MARCILLY-L\u00c8S-BUXY)", "km_from_start": 149.0, "elevation_m": 432.06}}, {"type": "Feature", "geometry": {"type": "Point", "coordinates": [4.563280024, 46.735928757]}, "properties": {"stage": 12, "label": "La Croix Pautet (MARCILLY-L\u00c8S-BUXY)", "km_from_start": 150.4, "elevation_m": 448.65}}, {"type": "Feature", "geometry": {"type": "Point", "coordinates": [4.584762558, 46.725232277]}, "properties": {"stage": 12, "label": "Le Reuil (MARCILLY-L\u00c8S-BUXY)", "km_from_start": 152.7, "elevation_m": 325.31}}, {"type": "Feature", "geometry": {"type": "Point", "coordinates": [4.611076916, 46.716999505]}, "properties": {"stage": 12, "label": "Les Blignys", "km_from_start": 155.1, "elevation_m": 302.61}}, {"type": "Feature", "geometry": {"type": "Point", "coordinates": [4.616598815, 46.714770395]}, "properties": {"stage": 12, "label": "CERSOT", "km_from_start": 155.6, "elevation_m": 299.46}}, {"type": "Feature", "geometry": {"type": "Point", "coordinates": [4.628321547, 46.709186298]}, "properties": {"stage": 12, "label": "La Redoute (pr\u00e8s) (SASSANGY)", "km_from_start": 156.8, "elevation_m": 274.58}}, {"type": "Feature", "geometry": {"type": "Point", "coordinates": [4.65808838, 46.713034469]}, "properties": {"stage": 12, "label": "C\u00f4te de Montagny-l\u00e8s-Buxy", "km_from_start": 159.4, "elevation_m": 380.73}}, {"type": "Feature", "geometry": {"type": "Point", "coordinates": [4.667248604, 46.71529]}, "properties": {"stage": 12, "label": "MONTAGNY-L\u00c8S-BUXY (pr\u00e8s)", "km_from_start": 160.2, "elevation_m": 352.48}}, {"type": "Feature", "geometry": {"type": "Point", "coordinates": [4.687687837, 46.707753643]}, "properties": {"stage": 12, "label": "BUXY", "km_from_start": 162.3, "elevation_m": 268.51}}, {"type": "Feature", "geometry": {"type": "Point", "coordinates": [4.721145855, 46.712129779]}, "properties": {"stage": 12, "label": "Les Grands Champs", "km_from_start": 165.4, "elevation_m": 219.41}}, {"type": "Feature", "geometry": {"type": "Point", "coordinates": [4.748749655, 46.716008423]}, "properties": {"stage": 12, "label": "Les Ponts (GRANGES)", "km_from_start": 167.8, "elevation_m": 196.32}}, {"type": "Feature", "geometry": {"type": "Point", "coordinates": [4.788693761, 46.733069333]}, "properties": {"stage": 12, "label": "Sienne-le-Haut (pr\u00e8s) (LA CHARM\u00c9E)", "km_from_start": 171.5, "elevation_m": 199.63}}, {"type": "Feature", "geometry": {"type": "Point", "coordinates": [4.814487792, 46.744253279]}, "properties": {"stage": 12, "label": "Cortelin", "km_from_start": 174.0, "elevation_m": 190.31}}, {"type": "Feature", "geometry": {"type": "Point", "coordinates": [4.828113791, 46.758564502]}, "properties": {"stage": 12, "label": "SAINT-R\u00c9MY (D977-VC-D906)", "km_from_start": 175.8, "elevation_m": 185.07}}, {"type": "Feature", "geometry": {"type": "Point", "coordinates": [4.844464278, 46.772961413]}, "properties": {"stage": 12, "label": "D906 CHALON-SUR-SA\u00d4NE (D906-VC) (entr\u00e9e)", "km_from_start": 178.4, "elevation_m": 176.73}}, {"type": "Feature", "geometry": {"type": "Point", "coordinates": [4.8508178, 46.7780237]}, "properties": {"stage": 12, "label": "VC CHALON-SUR-SA\u00d4NE", "km_from_start": 179.1, "elevation_m": 180.31}}, {"type": "Feature", "geometry": {"type": "Point", "coordinates": [5.5434724, 47.0957371]}, "properties": {"stage": 13, "label": "D229 Carrefour D229-D244", "km_from_start": 0.0, "elevation_m": 203.15}}, {"type": "Feature", "geometry": {"type": "Point", "coordinates": [5.5434724, 47.0957371]}, "properties": {"stage": 13, "label": "D244 DOLE", "km_from_start": 0.0, "elevation_m": 203.15}}, {"type": "Feature", "geometry": {"type": "Point", "coordinates": [5.5434724, 47.0957371]}, "properties": {"stage": 13, "label": "VC DOLE (VC-D405-VC-D229)", "km_from_start": 0.0, "elevation_m": 203.15}}, {"type": "Feature", "geometry": {"type": "Point", "coordinates": [5.556814375, 47.102080781]}, "properties": {"stage": 13, "label": "FALLETANS", "km_from_start": 1.4, "elevation_m": 204.71}}, {"type": "Feature", "geometry": {"type": "Point", "coordinates": [5.568757581, 47.110713394]}, "properties": {"stage": 13, "label": "Gros Buisson (pr\u00e8s) (ROCHEFORT-SUR-NENON)", "km_from_start": 3.3, "elevation_m": 227.87}}, {"type": "Feature", "geometry": {"type": "Point", "coordinates": [5.566664094, 47.120631295]}, "properties": {"stage": 13, "label": "Carrefour D244-D76", "km_from_start": 4.8, "elevation_m": 205.8}}, {"type": "Feature", "geometry": {"type": "Point", "coordinates": [5.578417648, 47.12509483]}, "properties": {"stage": 13, "label": "D76 Nenon (\u00c9CLANS-NENON)", "km_from_start": 6.0, "elevation_m": 212.4}}, {"type": "Feature", "geometry": {"type": "Point", "coordinates": [5.593652635, 47.127205493]}, "properties": {"stage": 13, "label": "\u00c9clans (\u00c9CLANS-NENON)", "km_from_start": 7.4, "elevation_m": 207.95}}, {"type": "Feature", "geometry": {"type": "Point", "coordinates": [5.635950571, 47.135277608]}, "properties": {"stage": 13, "label": "OUR", "km_from_start": 11.4, "elevation_m": 211.87}}, {"type": "Feature", "geometry": {"type": "Point", "coordinates": [5.650514638, 47.13247583]}, "properties": {"stage": 13, "label": "Carrefour D76-D12", "km_from_start": 12.8, "elevation_m": 210.04}}, {"type": "Feature", "geometry": {"type": "Point", "coordinates": [5.650631635, 47.136568994]}, "properties": {"stage": 13, "label": "D12 ORCHAMPS (D12-D673)", "km_from_start": 13.2, "elevation_m": 210.19}}, {"type": "Feature", "geometry": {"type": "Point", "coordinates": [5.667709569, 47.144990547]}, "properties": {"stage": 13, "label": "D673 LA BARRE (pr\u00e8s)", "km_from_start": 15.5, "elevation_m": 214.75}}, {"type": "Feature", "geometry": {"type": "Point", "coordinates": [5.695072667, 47.148138845]}, "properties": {"stage": 13, "label": "MONTEPLAIN (pr\u00e8s)", "km_from_start": 18.1, "elevation_m": 214.45}}, {"type": "Feature", "geometry": {"type": "Point", "coordinates": [5.702570506, 47.15050702]}, "properties": {"stage": 13, "label": "RANCHOT", "km_from_start": 18.8, "elevation_m": 230.83}}, {"type": "Feature", "geometry": {"type": "Point", "coordinates": [5.718195341, 47.151106648]}, "properties": {"stage": 13, "label": "DAMPIERRE", "km_from_start": 20.2, "elevation_m": 239.94}}, {"type": "Feature", "geometry": {"type": "Point", "coordinates": [5.737874499, 47.153364256]}, "properties": {"stage": 13, "label": "Ch\u00e2teauneuf", "km_from_start": 22.0, "elevation_m": 248.96}}, {"type": "Feature", "geometry": {"type": "Point", "coordinates": [5.748389066, 47.157096879]}, "properties": {"stage": 13, "label": "\u00c9VANS (pr\u00e8s)", "km_from_start": 23.0, "elevation_m": 255.23}}, {"type": "Feature", "geometry": {"type": "Point", "coordinates": [5.76893968, 47.165973428]}, "properties": {"stage": 13, "label": "SAINT-VIT (D673-D13)", "km_from_start": 25.0, "elevation_m": 246.54}}, {"type": "Feature", "geometry": {"type": "Point", "coordinates": [5.812206255, 47.18256825]}, "properties": {"stage": 13, "label": "D13 FERRI\u00c8RES-LES-BOIS", "km_from_start": 29.3, "elevation_m": 291.56}}, {"type": "Feature", "geometry": {"type": "Point", "coordinates": [5.803506383, 47.209821722]}, "properties": {"stage": 13, "label": "CORCELLES-FERRI\u00c8RES (D13-D11-D13)", "km_from_start": 32.2, "elevation_m": 223.5}}, {"type": "Feature", "geometry": {"type": "Point", "coordinates": [5.811431841, 47.229854676]}, "properties": {"stage": 13, "label": "LAVERNAY", "km_from_start": 34.5, "elevation_m": 230.6}}, {"type": "Feature", "geometry": {"type": "Point", "coordinates": [5.81610155, 47.249242715]}, "properties": {"stage": 13, "label": "FRANEY", "km_from_start": 36.5, "elevation_m": 210.58}}, {"type": "Feature", "geometry": {"type": "Point", "coordinates": [5.818072024, 47.263856888]}, "properties": {"stage": 13, "label": "RECOLOGNE (pr\u00e8s) (D13-D5-D67)", "km_from_start": 37.9, "elevation_m": 213.47}}, {"type": "Feature", "geometry": {"type": "Point", "coordinates": [5.804753643, 47.280124243]}, "properties": {"stage": 13, "label": "D67 RUFFEY-LE-CH\u00c2TEAU (pr\u00e8s)", "km_from_start": 40.4, "elevation_m": 232.13}}, {"type": "Feature", "geometry": {"type": "Point", "coordinates": [5.800492357, 47.281559178]}, "properties": {"stage": 13, "label": "Carrefour D67-D279", "km_from_start": 40.8, "elevation_m": 225.16}}, {"type": "Feature", "geometry": {"type": "Point", "coordinates": [5.789852937, 47.285184422]}, "properties": {"stage": 13, "label": "D29 A MARNAY (D29 A-D29-D15)", "km_from_start": 41.8, "elevation_m": 205.52}}, {"type": "Feature", "geometry": {"type": "Point", "coordinates": [5.785304395, 47.29383]}, "properties": {"stage": 13, "label": "D15 BRUSSEY", "km_from_start": 44.6, "elevation_m": 218.7}}, {"type": "Feature", "geometry": {"type": "Point", "coordinates": [5.817094125, 47.301187026]}, "properties": {"stage": 13, "label": "BEAUMOTTE-L\u00c8S-PIN (pr\u00e8s)", "km_from_start": 47.7, "elevation_m": 210.98}}, {"type": "Feature", "geometry": {"type": "Point", "coordinates": [5.840573692, 47.30780983]}, "properties": {"stage": 13, "label": "PIN", "km_from_start": 49.9, "elevation_m": 206.64}}, {"type": "Feature", "geometry": {"type": "Point", "coordinates": [5.873039999, 47.319008772]}, "properties": {"stage": 13, "label": "VREGILLE (pr\u00e8s)", "km_from_start": 53.0, "elevation_m": 222.51}}, {"type": "Feature", "geometry": {"type": "Point", "coordinates": [5.879485412, 47.320986822]}, "properties": {"stage": 13, "label": "CHAMBORNAY-L\u00c8S-PIN", "km_from_start": 53.6, "elevation_m": 233.93}}, {"type": "Feature", "geometry": {"type": "Point", "coordinates": [5.910764867, 47.33881115]}, "properties": {"stage": 13, "label": "\u00c9TUZ (D15-D3-D15)", "km_from_start": 56.9, "elevation_m": 224.81}}, {"type": "Feature", "geometry": {"type": "Point", "coordinates": [5.926153875, 47.345326794]}, "properties": {"stage": 13, "label": "BOULOT", "km_from_start": 58.4, "elevation_m": 231.78}}, {"type": "Feature", "geometry": {"type": "Point", "coordinates": [5.956349214, 47.346785329]}, "properties": {"stage": 13, "label": "Fusier", "km_from_start": 61.4, "elevation_m": 232.12}}, {"type": "Feature", "geometry": {"type": "Point", "coordinates": [5.975427404, 47.363247981]}, "properties": {"stage": 13, "label": "BOULT", "km_from_start": 63.8, "elevation_m": 230.04}}, {"type": "Feature", "geometry": {"type": "Point", "coordinates": [6.008906564, 47.386433139]}, "properties": {"stage": 13, "label": "Breurey (pr\u00e8s) (SORANS-L\u00c8S-BREUREY)", "km_from_start": 67.5, "elevation_m": 269.93}}, {"type": "Feature", "geometry": {"type": "Point", "coordinates": [6.023280384, 47.388435632]}, "properties": {"stage": 13, "label": "Sorans (pr\u00e8s) (SORANS-L\u00c8S-BREUREY)", "km_from_start": 68.8, "elevation_m": 238.9}}, {"type": "Feature", "geometry": {"type": "Point", "coordinates": [6.049487087, 47.398688478]}, "properties": {"stage": 13, "label": "Le Verjoulot (D15-D232) (NEUVELLE-L\u00c8S-CROMARY)", "km_from_start": 71.5, "elevation_m": 255.93}}, {"type": "Feature", "geometry": {"type": "Point", "coordinates": [6.050654692, 47.400609359]}, "properties": {"stage": 13, "label": "D232 RIOZ (D232-D15)", "km_from_start": 71.7, "elevation_m": 252.21}}, {"type": "Feature", "geometry": {"type": "Point", "coordinates": [6.079748343, 47.425795669]}, "properties": {"stage": 13, "label": "D15 Anthon", "km_from_start": 75.5, "elevation_m": 281.11}}, {"type": "Feature", "geometry": {"type": "Point", "coordinates": [6.104202754, 47.431704353]}, "properties": {"stage": 13, "label": "Marloz (CIREY)", "km_from_start": 77.8, "elevation_m": 277.94}}, {"type": "Feature", "geometry": {"type": "Point", "coordinates": [6.159564398, 47.44112376]}, "properties": {"stage": 13, "label": "LOULANS-VERCHAMP", "km_from_start": 83.4, "elevation_m": 249.53}}, {"type": "Feature", "geometry": {"type": "Point", "coordinates": [6.186663915, 47.44485471]}, "properties": {"stage": 13, "label": "Le Poirier (pr\u00e8s) (ORMENANS)", "km_from_start": 85.9, "elevation_m": 277.38}}, {"type": "Feature", "geometry": {"type": "Point", "coordinates": [6.210788096, 47.449288829]}, "properties": {"stage": 13, "label": "MONTBOZON (D15-D49)", "km_from_start": 88.2, "elevation_m": 304.01}}, {"type": "Feature", "geometry": {"type": "Point", "coordinates": [6.230738992, 47.456208793]}, "properties": {"stage": 13, "label": "D49 THI\u00c9NANS (pr\u00e8s)", "km_from_start": 90.1, "elevation_m": 282.52}}, {"type": "Feature", "geometry": {"type": "Point", "coordinates": [6.248752901, 47.462252603]}, "properties": {"stage": 13, "label": "BOUHANS-L\u00c8S-MONTBOZON (pr\u00e8s)", "km_from_start": 91.8, "elevation_m": 257.3}}, {"type": "Feature", "geometry": {"type": "Point", "coordinates": [6.258043085, 47.466039234]}, "properties": {"stage": 13, "label": "COGNI\u00c8RES (pr\u00e8s) (D49-D76)", "km_from_start": 92.7, "elevation_m": 271.52}}, {"type": "Feature", "geometry": {"type": "Point", "coordinates": [6.266740198, 47.472832063]}, "properties": {"stage": 13, "label": "D29 La Forge (pr\u00e8s) (MONTAGNEY-SERVIGNEY)", "km_from_start": 93.9, "elevation_m": 271.35}}, {"type": "Feature", "geometry": {"type": "Point", "coordinates": [6.286243418, 47.478431383]}, "properties": {"stage": 13, "label": "Montferney", "km_from_start": 95.8, "elevation_m": 251.29}}, {"type": "Feature", "geometry": {"type": "Point", "coordinates": [6.299983098, 47.487032201]}, "properties": {"stage": 13, "label": "ROUGEMONT (D29-D486)", "km_from_start": 97.3, "elevation_m": 253.9}}, {"type": "Feature", "geometry": {"type": "Point", "coordinates": [6.328333664, 47.479439355]}, "properties": {"stage": 13, "label": "D486 Le Pr\u00e9 Rond (D486-D50) (CUSE-ET-ADRISANS)", "km_from_start": 100.0, "elevation_m": 268.64}}, {"type": "Feature", "geometry": {"type": "Point", "coordinates": [6.352901536, 47.477701648]}, "properties": {"stage": 13, "label": "D50 CUBRIAL", "km_from_start": 102.3, "elevation_m": 291.01}}, {"type": "Feature", "geometry": {"type": "Point", "coordinates": [6.385095261, 47.482571315]}, "properties": {"stage": 13, "label": "Ferme de la P\u00e2ture (pr\u00e8s) (CUBRY)", "km_from_start": 105.4, "elevation_m": 272.43}}, {"type": "Feature", "geometry": {"type": "Point", "coordinates": [6.397018688, 47.48577921]}, "properties": {"stage": 13, "label": "D486 Rullet (pr\u00e8s) (LES MAGNY)", "km_from_start": 106.5, "elevation_m": 266.03}}, {"type": "Feature", "geometry": {"type": "Point", "coordinates": [6.41873341, 47.507204363]}, "properties": {"stage": 13, "label": "MOIMAY (pr\u00e8s)", "km_from_start": 109.3, "elevation_m": 267.1}}, {"type": "Feature", "geometry": {"type": "Point", "coordinates": [6.418281575, 47.518208292]}, "properties": {"stage": 13, "label": "VILLERSEXEL (pr\u00e8s)", "km_from_start": 110.3, "elevation_m": 264.49}}, {"type": "Feature", "geometry": {"type": "Point", "coordinates": [6.419494445, 47.556600616]}, "properties": {"stage": 13, "label": "AILLEVANS (pr\u00e8s)", "km_from_start": 114.1, "elevation_m": 271.9}}, {"type": "Feature", "geometry": {"type": "Point", "coordinates": [6.429074114, 47.58871349]}, "properties": {"stage": 13, "label": "La Tuilerie (ARPENANS, LES AYNANS)", "km_from_start": 117.8, "elevation_m": 276.99}}, {"type": "Feature", "geometry": {"type": "Point", "coordinates": [6.432078054, 47.612882378]}, "properties": {"stage": 13, "label": "VY-L\u00c8S-LURE", "km_from_start": 120.1, "elevation_m": 304.39}}, {"type": "Feature", "geometry": {"type": "Point", "coordinates": [6.443830021, 47.644705489]}, "properties": {"stage": 13, "label": "MAGNY-VERNOIS", "km_from_start": 123.2, "elevation_m": 285.23}}, {"type": "Feature", "geometry": {"type": "Point", "coordinates": [6.455591399, 47.651120186]}, "properties": {"stage": 13, "label": "Tuilerie", "km_from_start": 124.4, "elevation_m": 289.38}}, {"type": "Feature", "geometry": {"type": "Point", "coordinates": [6.473658124, 47.65620966]}, "properties": {"stage": 13, "label": "LURE (D486-VC-D486 B-D486)", "km_from_start": 126.1, "elevation_m": 295.37}}, {"type": "Feature", "geometry": {"type": "Point", "coordinates": [6.485727935, 47.662119943]}, "properties": {"stage": 13, "label": "VC Passage \u00e0 niveau N\u00b0 225.", "km_from_start": 127.3, "elevation_m": 293.44}}, {"type": "Feature", "geometry": {"type": "Point", "coordinates": [6.495917169, 47.690331915]}, "properties": {"stage": 13, "label": "D486 FROIDETERRE (pr\u00e8s)", "km_from_start": 130.9, "elevation_m": 333.62}}, {"type": "Feature", "geometry": {"type": "Point", "coordinates": [6.504261883, 47.694515371]}, "properties": {"stage": 13, "label": "Le Mont de Saint-Germain", "km_from_start": 131.8, "elevation_m": 318.32}}, {"type": "Feature", "geometry": {"type": "Point", "coordinates": [6.509599312, 47.698018199]}, "properties": {"stage": 13, "label": "SAINT-GERMAIN", "km_from_start": 132.4, "elevation_m": 312.28}}, {"type": "Feature", "geometry": {"type": "Point", "coordinates": [6.53846913, 47.727491844]}, "properties": {"stage": 13, "label": "M\u00c9LISEY (entr\u00e9e)", "km_from_start": 136.2, "elevation_m": 329.0}}, {"type": "Feature", "geometry": {"type": "Point", "coordinates": [6.552179937, 47.739102187]}, "properties": {"stage": 13, "label": "M\u00c9LISEY", "km_from_start": 137.8, "elevation_m": 330.58}}, {"type": "Feature", "geometry": {"type": "Point", "coordinates": [6.576572804, 47.752834561]}, "properties": {"stage": 13, "label": "BELONCHAMP", "km_from_start": 140.4, "elevation_m": 338.01}}, {"type": "Feature", "geometry": {"type": "Point", "coordinates": [6.608351903, 47.760783551]}, "properties": {"stage": 13, "label": "Ternuay (TERNUAY-MELAY-ET-SAINT-HILAIRE)", "km_from_start": 143.4, "elevation_m": 349.24}}, {"type": "Feature", "geometry": {"type": "Point", "coordinates": [6.622107817, 47.776061838]}, "properties": {"stage": 13, "label": "Les Champs Journet (TERNUAY-MELAY-ET-SAINT-HILAIRE)", "km_from_start": 145.5, "elevation_m": 371.76}}, {"type": "Feature", "geometry": {"type": "Point", "coordinates": [6.633501372, 47.786761715]}, "properties": {"stage": 13, "label": "Le Ru-Jeannot (TERNUAY-MELAY-ET-SAINT-HILAIRE)", "km_from_start": 147.0, "elevation_m": 384.22}}, {"type": "Feature", "geometry": {"type": "Point", "coordinates": [6.652518936, 47.796601236]}, "properties": {"stage": 13, "label": "Servance (SERVANCE-MIELLIN)", "km_from_start": 149.0, "elevation_m": 408.71}}, {"type": "Feature", "geometry": {"type": "Point", "coordinates": [6.671142067, 47.802754766]}, "properties": {"stage": 13, "label": "Le Them (SERVANCE-MIELLIN)", "km_from_start": 150.8, "elevation_m": 414.86}}, {"type": "Feature", "geometry": {"type": "Point", "coordinates": [6.680020312, 47.807391678]}, "properties": {"stage": 13, "label": "Les Grands Champs (HAUT-DU-THEM-CH\u00c2TEAU-LAMBERT)", "km_from_start": 151.7, "elevation_m": 422.42}}, {"type": "Feature", "geometry": {"type": "Point", "coordinates": [6.693719415, 47.821674863]}, "properties": {"stage": 13, "label": "Haut-du-Them (pr\u00e8s) (HAUT-DU-THEM-CH\u00c2TEAU-LAMBERT)", "km_from_start": 153.7, "elevation_m": 493.9}}, {"type": "Feature", "geometry": {"type": "Point", "coordinates": [6.723958801, 47.84852513]}, "properties": {"stage": 13, "label": "Col des Croix", "km_from_start": 157.4, "elevation_m": 671.66}}, {"type": "Feature", "geometry": {"type": "Point", "coordinates": [6.746572697, 47.858935257]}, "properties": {"stage": 13, "label": "LE THILLOT (D486-N66)", "km_from_start": 160.1, "elevation_m": 530.36}}, {"type": "Feature", "geometry": {"type": "Point", "coordinates": [6.754866678, 47.865010954]}, "properties": {"stage": 13, "label": "N66 FRESSE-SUR-MOSELLE", "km_from_start": 161.9, "elevation_m": 498.14}}, {"type": "Feature", "geometry": {"type": "Point", "coordinates": [6.779049011, 47.876621248]}, "properties": {"stage": 13, "label": "Le Pont Jean", "km_from_start": 165.3, "elevation_m": 531.78}}, {"type": "Feature", "geometry": {"type": "Point", "coordinates": [6.78652847, 47.874265765]}, "properties": {"stage": 13, "label": "SAINT-MAURICE-SUR-MOSELLE (N66-D465)", "km_from_start": 166.0, "elevation_m": 537.71}}, {"type": "Feature", "geometry": {"type": "Point", "coordinates": [6.827409979, 47.837012571]}, "properties": {"stage": 13, "label": "D465 La Jumenterie", "km_from_start": 174.2, "elevation_m": 1058.0}}, {"type": "Feature", "geometry": {"type": "Point", "coordinates": [6.832854644, 47.834938208]}, "properties": {"stage": 13, "label": "Ballon d'Alsace", "km_from_start": 175.9, "elevation_m": 1174.25}}, {"type": "Feature", "geometry": {"type": "Point", "coordinates": [6.839635184, 47.834647508]}, "properties": {"stage": 13, "label": "Les Sapins", "km_from_start": 177.0, "elevation_m": 1136.99}}, {"type": "Feature", "geometry": {"type": "Point", "coordinates": [6.836485765, 47.827304617]}, "properties": {"stage": 13, "label": "La Chaumi\u00e8re", "km_from_start": 178.1, "elevation_m": 1089.66}}, {"type": "Feature", "geometry": {"type": "Point", "coordinates": [6.840728211, 47.799830596]}, "properties": {"stage": 13, "label": "Saut de la Truite", "km_from_start": 185.0, "elevation_m": 699.01}}, {"type": "Feature", "geometry": {"type": "Point", "coordinates": [6.83533354, 47.79899]}, "properties": {"stage": 13, "label": "Malvaux", "km_from_start": 187.0, "elevation_m": 591.36}}, {"type": "Feature", "geometry": {"type": "Point", "coordinates": [6.834093198, 47.776265856]}, "properties": {"stage": 13, "label": "LEPUIX", "km_from_start": 190.0, "elevation_m": 504.15}}, {"type": "Feature", "geometry": {"type": "Point", "coordinates": [6.824295621, 47.765056213]}, "properties": {"stage": 13, "label": "GIROMAGNY", "km_from_start": 191.4, "elevation_m": 495.82}}, {"type": "Feature", "geometry": {"type": "Point", "coordinates": [6.828279479, 47.73845073]}, "properties": {"stage": 13, "label": "CHAUX", "km_from_start": 194.3, "elevation_m": 447.27}}, {"type": "Feature", "geometry": {"type": "Point", "coordinates": [6.836438668, 47.703821871]}, "properties": {"stage": 13, "label": "SERMAMAGNY (D465-D5)", "km_from_start": 197.6, "elevation_m": 406.23}}, {"type": "Feature", "geometry": {"type": "Point", "coordinates": [6.843180325, 47.678050238]}, "properties": {"stage": 13, "label": "D5 VALDOIE (D5-D13)", "km_from_start": 200.6, "elevation_m": 379.29}}, {"type": "Feature", "geometry": {"type": "Point", "coordinates": [6.855171187, 47.661195074]}, "properties": {"stage": 13, "label": "D13 OFFEMONT", "km_from_start": 202.7, "elevation_m": 382.86}}, {"type": "Feature", "geometry": {"type": "Point", "coordinates": [6.862891763, 47.656146102]}, "properties": {"stage": 13, "label": "BELFORT (D13-VC) (entr\u00e9e)", "km_from_start": 203.7, "elevation_m": 368.49}}, {"type": "Feature", "geometry": {"type": "Point", "coordinates": [6.8539854, 47.6413067]}, "properties": {"stage": 13, "label": "VC BELFORT", "km_from_start": 205.8, "elevation_m": 361.05}}, {"type": "Feature", "geometry": {"type": "Point", "coordinates": [7.30361, 47.82122]}, "properties": {"stage": 14, "label": "WITTENHEIM", "km_from_start": 0.0, "elevation_m": 229.0}}, {"type": "Feature", "geometry": {"type": "Point", "coordinates": [7.30361, 47.82122]}, "properties": {"stage": 14, "label": "MULHOUSE", "km_from_start": 0.0, "elevation_m": 229.0}}, {"type": "Feature", "geometry": {"type": "Point", "coordinates": [7.30361, 47.82122]}, "properties": {"stage": 14, "label": "Le Kaligone", "km_from_start": 0.0, "elevation_m": 229.0}}, {"type": "Feature", "geometry": {"type": "Point", "coordinates": [7.30361, 47.82122]}, "properties": {"stage": 14, "label": "D429 KINGERSHEIM", "km_from_start": 0.0, "elevation_m": 229.0}}, {"type": "Feature", "geometry": {"type": "Point", "coordinates": [7.30361, 47.82122]}, "properties": {"stage": 14, "label": "Passage \u00e0 niveau : tramway", "km_from_start": 0.0, "elevation_m": 229.0}}, {"type": "Feature", "geometry": {"type": "Point", "coordinates": [7.30361, 47.82122]}, "properties": {"stage": 14, "label": "Passage \u00e0 niveau : tramway", "km_from_start": 0.0, "elevation_m": 229.0}}, {"type": "Feature", "geometry": {"type": "Point", "coordinates": [7.30361, 47.82122]}, "properties": {"stage": 14, "label": "VC MULHOUSE (VC-D429)", "km_from_start": 0.0, "elevation_m": 229.0}}, {"type": "Feature", "geometry": {"type": "Point", "coordinates": [7.301648811, 47.823847518]}, "properties": {"stage": 14, "label": "Schoenensteinbach", "km_from_start": 0.3, "elevation_m": 232.0}}, {"type": "Feature", "geometry": {"type": "Point", "coordinates": [7.301062312, 47.832820406]}, "properties": {"stage": 14, "label": "PULVERSHEIM", "km_from_start": 1.1, "elevation_m": 232.0}}, {"type": "Feature", "geometry": {"type": "Point", "coordinates": [7.281861431, 47.846089239]}, "properties": {"stage": 14, "label": "Alex-Thur (PULVERSHEIM)", "km_from_start": 3.3, "elevation_m": 231.0}}, {"type": "Feature", "geometry": {"type": "Point", "coordinates": [7.275500224, 47.850597387]}, "properties": {"stage": 14, "label": "Carrefour VC-D429", "km_from_start": 4.0, "elevation_m": 230.0}}, {"type": "Feature", "geometry": {"type": "Point", "coordinates": [7.269953451, 47.854563063]}, "properties": {"stage": 14, "label": "Cit\u00e9 Alex (FELDKIRCH)", "km_from_start": 4.6, "elevation_m": 231.0}}, {"type": "Feature", "geometry": {"type": "Point", "coordinates": [7.263988841, 47.85883685]}, "properties": {"stage": 14, "label": "BOLLWILLER (D429-D44)", "km_from_start": 5.3, "elevation_m": 233.0}}, {"type": "Feature", "geometry": {"type": "Point", "coordinates": [7.235788477, 47.854644606]}, "properties": {"stage": 14, "label": "D44 Carrefour D44-D44 I", "km_from_start": 8.0, "elevation_m": 241.0}}, {"type": "Feature", "geometry": {"type": "Point", "coordinates": [7.22201013, 47.847342533]}, "properties": {"stage": 14, "label": "D44 I BERRWILLER (D44 I-D505)", "km_from_start": 9.4, "elevation_m": 251.0}}, {"type": "Feature", "geometry": {"type": "Point", "coordinates": [7.191482207, 47.836857497]}, "properties": {"stage": 14, "label": "D505 WATTWILLER", "km_from_start": 12.6, "elevation_m": 322.0}}, {"type": "Feature", "geometry": {"type": "Point", "coordinates": [7.190515224, 47.83626285]}, "properties": {"stage": 14, "label": "WATTWILLER (entr\u00e9e)", "km_from_start": 12.7, "elevation_m": 324.0}}, {"type": "Feature", "geometry": {"type": "Point", "coordinates": [7.182303147, 47.820457308]}, "properties": {"stage": 14, "label": "UFFHOLTZ (D505-D431)", "km_from_start": 14.4, "elevation_m": 299.0}}, {"type": "Feature", "geometry": {"type": "Point", "coordinates": [7.146066831, 47.855697789]}, "properties": {"stage": 14, "label": "Hartmannswillerkopf Vieil-Armand", "km_from_start": 25.5, "elevation_m": 894.0}}, {"type": "Feature", "geometry": {"type": "Point", "coordinates": [7.126044771, 47.865408053]}, "properties": {"stage": 14, "label": "Freundstein (WILLER-SUR-THUR)", "km_from_start": 28.2, "elevation_m": 892.0}}, {"type": "Feature", "geometry": {"type": "Point", "coordinates": [7.128513415, 47.87378683]}, "properties": {"stage": 14, "label": "Col Amic (SOULTZ-HAUT-RHIN)", "km_from_start": 30.1, "elevation_m": 830.0}}, {"type": "Feature", "geometry": {"type": "Point", "coordinates": [7.117510394, 47.893620263]}, "properties": {"stage": 14, "label": "La Ferme du Grand Ballon (SOULTZ-HAUT-RHIN)", "km_from_start": 33.6, "elevation_m": 1102.0}}, {"type": "Feature", "geometry": {"type": "Point", "coordinates": [7.10351977, 47.905582109]}, "properties": {"stage": 14, "label": "Grand Ballon", "km_from_start": 36.6, "elevation_m": 1333.0}}, {"type": "Feature", "geometry": {"type": "Point", "coordinates": [7.089463313, 47.905815503]}, "properties": {"stage": 14, "label": "Le Haag (LAUTENBACHZELL, GEISHOUSE)", "km_from_start": 38.1, "elevation_m": 1225.0}}, {"type": "Feature", "geometry": {"type": "Point", "coordinates": [7.03919808, 47.921154364]}, "properties": {"stage": 14, "label": "Le Markstein (D431-D27) (entr\u00e9e) (RANSPACH, FELLERING)", "km_from_start": 43.3, "elevation_m": 1171.0}}, {"type": "Feature", "geometry": {"type": "Point", "coordinates": [7.032877713, 47.922925521]}, "properties": {"stage": 14, "label": "D27 LE MARKSTEIN FELLERING - 1er passage sur la ligne d'arriv\u00e9e", "km_from_start": 43.9, "elevation_m": 1189.0}}, {"type": "Feature", "geometry": {"type": "Point", "coordinates": [7.022968494, 47.923656742]}, "properties": {"stage": 14, "label": "Le Treh (RANSPACH)", "km_from_start": 44.8, "elevation_m": 1199.0}}, {"type": "Feature", "geometry": {"type": "Point", "coordinates": [6.961747303, 47.955467834]}, "properties": {"stage": 14, "label": "Lac de Kruth-Wildenstein (D27-D13 BIS)", "km_from_start": 58.3, "elevation_m": 555.0}}, {"type": "Feature", "geometry": {"type": "Point", "coordinates": [6.962948783, 47.935038869]}, "properties": {"stage": 14, "label": "D13 BIS KRUTH (D13 BIS-D13 BIS I)", "km_from_start": 60.2, "elevation_m": 498.0}}, {"type": "Feature", "geometry": {"type": "Point", "coordinates": [6.950164656, 47.918687834]}, "properties": {"stage": 14, "label": "Werschmatt (ODEREN)", "km_from_start": 63.4, "elevation_m": 601.0}}, {"type": "Feature", "geometry": {"type": "Point", "coordinates": [6.918045304, 47.922615023]}, "properties": {"stage": 14, "label": "Col d'Oderen", "km_from_start": 68.3, "elevation_m": 894.0}}, {"type": "Feature", "geometry": {"type": "Point", "coordinates": [6.902893524, 47.926484361]}, "properties": {"stage": 14, "label": "D43 Carrefour D43-VC (VENTRON)", "km_from_start": 69.7, "elevation_m": 833.0}}, {"type": "Feature", "geometry": {"type": "Point", "coordinates": [6.891741762, 47.916720881]}, "properties": {"stage": 14, "label": "Col du Page", "km_from_start": 71.3, "elevation_m": 962.0}}, {"type": "Feature", "geometry": {"type": "Point", "coordinates": [6.863648548, 47.901097139]}, "properties": {"stage": 14, "label": "Larcenaire (VC-D89)", "km_from_start": 75.1, "elevation_m": 840.0}}, {"type": "Feature", "geometry": {"type": "Point", "coordinates": [6.880580088, 47.902585588]}, "properties": {"stage": 14, "label": "D89 La Hutte", "km_from_start": 77.6, "elevation_m": 689.0}}, {"type": "Feature", "geometry": {"type": "Point", "coordinates": [6.872664689, 47.892223192]}, "properties": {"stage": 14, "label": "BUSSANG (D89-N66)", "km_from_start": 79.2, "elevation_m": 633.0}}, {"type": "Feature", "geometry": {"type": "Point", "coordinates": [6.82845143, 47.866006004]}, "properties": {"stage": 14, "label": "N66 SAINT-MAURICE-SUR-MOSELLE (N66-D465)", "km_from_start": 84.0, "elevation_m": 566.0}}, {"type": "Feature", "geometry": {"type": "Point", "coordinates": [6.838650256, 47.83351312]}, "properties": {"stage": 14, "label": "La Jumenterie", "km_from_start": 92.7, "elevation_m": 1043.0}}, {"type": "Feature", "geometry": {"type": "Point", "coordinates": [6.837628086, 47.820843734]}, "properties": {"stage": 14, "label": "Ballon d'Alsace", "km_from_start": 94.4, "elevation_m": 1167.0}}, {"type": "Feature", "geometry": {"type": "Point", "coordinates": [6.839354426, 47.811099177]}, "properties": {"stage": 14, "label": "Les Sapins (LEPUIX)", "km_from_start": 95.6, "elevation_m": 1136.0}}, {"type": "Feature", "geometry": {"type": "Point", "coordinates": [6.84831775, 47.807277127]}, "properties": {"stage": 14, "label": "La Chaumi\u00e8re (D465-D466) (LEPUIX)", "km_from_start": 96.7, "elevation_m": 1100.0}}, {"type": "Feature", "geometry": {"type": "Point", "coordinates": [6.853433694, 47.804945738]}, "properties": {"stage": 14, "label": "D466 La Gentiane", "km_from_start": 97.7, "elevation_m": 1078.0}}, {"type": "Feature", "geometry": {"type": "Point", "coordinates": [6.868633939, 47.81657]}, "properties": {"stage": 14, "label": "Lac d'Alfeld", "km_from_start": 103.5, "elevation_m": 661.0}}, {"type": "Feature", "geometry": {"type": "Point", "coordinates": [6.89348458, 47.811017738]}, "properties": {"stage": 14, "label": "Lac de Sewen", "km_from_start": 106.4, "elevation_m": 508.0}}, {"type": "Feature", "geometry": {"type": "Point", "coordinates": [6.898866144, 47.81022]}, "properties": {"stage": 14, "label": "SEWEN", "km_from_start": 106.9, "elevation_m": 508.0}}, {"type": "Feature", "geometry": {"type": "Point", "coordinates": [6.920058297, 47.808103006]}, "properties": {"stage": 14, "label": "DOLLEREN", "km_from_start": 108.9, "elevation_m": 481.0}}, {"type": "Feature", "geometry": {"type": "Point", "coordinates": [6.9329707, 47.805694361]}, "properties": {"stage": 14, "label": "OBERBRUCK", "km_from_start": 110.1, "elevation_m": 464.0}}, {"type": "Feature", "geometry": {"type": "Point", "coordinates": [6.946401713, 47.805825286]}, "properties": {"stage": 14, "label": "WEGSCHEID", "km_from_start": 111.5, "elevation_m": 461.0}}, {"type": "Feature", "geometry": {"type": "Point", "coordinates": [6.959228676, 47.799332354]}, "properties": {"stage": 14, "label": "KIRCHBERG", "km_from_start": 112.8, "elevation_m": 445.0}}, {"type": "Feature", "geometry": {"type": "Point", "coordinates": [6.965546183, 47.787476321]}, "properties": {"stage": 14, "label": "Niederbruck (MASEVAUX-NIEDERBRUCK)", "km_from_start": 114.1, "elevation_m": 431.0}}, {"type": "Feature", "geometry": {"type": "Point", "coordinates": [6.971210881, 47.783950294]}, "properties": {"stage": 14, "label": "SICKERT", "km_from_start": 114.7, "elevation_m": 427.0}}, {"type": "Feature", "geometry": {"type": "Point", "coordinates": [6.984760601, 47.778816227]}, "properties": {"stage": 14, "label": "Masevaux (D466-D14 BIS IV) (MASEVAUX-NIEDERBRUCK)", "km_from_start": 116.0, "elevation_m": 411.0}}, {"type": "Feature", "geometry": {"type": "Point", "coordinates": [7.000906606, 47.776785075]}, "properties": {"stage": 14, "label": "D14 BIS IV Houppach (MASEVAUX-NIEDERBRUCK)", "km_from_start": 117.6, "elevation_m": 442.0}}, {"type": "Feature", "geometry": {"type": "Point", "coordinates": [7.017754362, 47.787827201]}, "properties": {"stage": 14, "label": "Col du Schirm (MASEVAUX-NIEDERBRUCK)", "km_from_start": 120.4, "elevation_m": 595.0}}, {"type": "Feature", "geometry": {"type": "Point", "coordinates": [7.025801797, 47.790304363]}, "properties": {"stage": 14, "label": "BOURBACH-LE-HAUT", "km_from_start": 121.4, "elevation_m": 577.0}}, {"type": "Feature", "geometry": {"type": "Point", "coordinates": [7.03535007, 47.80501007]}, "properties": {"stage": 14, "label": "Col du Hundsruck", "km_from_start": 125.2, "elevation_m": 726.0}}, {"type": "Feature", "geometry": {"type": "Point", "coordinates": [7.074100894, 47.819511545]}, "properties": {"stage": 14, "label": "BITSCHWILLER-L\u00c8S-THANN (D14 BIS IV-D1066)", "km_from_start": 130.5, "elevation_m": 405.0}}, {"type": "Feature", "geometry": {"type": "Point", "coordinates": [7.071906169, 47.823721213]}, "properties": {"stage": 14, "label": "Passage \u00e0 niveau N\u00b0 33.", "km_from_start": 131.3, "elevation_m": 365.0}}, {"type": "Feature", "geometry": {"type": "Point", "coordinates": [7.078918815, 47.829746919]}, "properties": {"stage": 14, "label": "D1066 WILLER-SUR-THUR", "km_from_start": 132.4, "elevation_m": 359.0}}, {"type": "Feature", "geometry": {"type": "Point", "coordinates": [7.066222242, 47.847744906]}, "properties": {"stage": 14, "label": "Gehren (MOOSCH)", "km_from_start": 134.4, "elevation_m": 373.0}}, {"type": "Feature", "geometry": {"type": "Point", "coordinates": [7.064560297, 47.84929505]}, "properties": {"stage": 14, "label": "Passage \u00e0 niveau N\u00b0 38.", "km_from_start": 134.6, "elevation_m": 374.0}}, {"type": "Feature", "geometry": {"type": "Point", "coordinates": [7.059985933, 47.852617528]}, "properties": {"stage": 14, "label": "MOOSCH", "km_from_start": 135.1, "elevation_m": 377.0}}, {"type": "Feature", "geometry": {"type": "Point", "coordinates": [7.044633563, 47.864135663]}, "properties": {"stage": 14, "label": "MALMERSPACH (pr\u00e8s) (D1066-D741)", "km_from_start": 136.8, "elevation_m": 392.0}}, {"type": "Feature", "geometry": {"type": "Point", "coordinates": [7.041497213, 47.865368971]}, "properties": {"stage": 14, "label": "D741 SAINT-AMARIN (D741-VC)", "km_from_start": 137.1, "elevation_m": 393.0}}, {"type": "Feature", "geometry": {"type": "Point", "coordinates": [7.040407311, 47.865691167]}, "properties": {"stage": 14, "label": "Passage \u00e0 niveau N\u00b0 44 BIS.", "km_from_start": 137.2, "elevation_m": 395.0}}, {"type": "Feature", "geometry": {"type": "Point", "coordinates": [7.049688706, 47.885861573]}, "properties": {"stage": 14, "label": "VC GEISHOUSE", "km_from_start": 142.3, "elevation_m": 753.0}}, {"type": "Feature", "geometry": {"type": "Point", "coordinates": [7.063097155, 47.884696612]}, "properties": {"stage": 14, "label": "Voie verte du Haag", "km_from_start": 143.8, "elevation_m": 746.0}}, {"type": "Feature", "geometry": {"type": "Point", "coordinates": [7.090388559, 47.893053055]}, "properties": {"stage": 14, "label": "Virage du Hibou", "km_from_start": 147.8, "elevation_m": 1049.0}}, {"type": "Feature", "geometry": {"type": "Point", "coordinates": [7.089777424, 47.905699546]}, "properties": {"stage": 14, "label": "Col du Haag", "km_from_start": 149.4, "elevation_m": 1195.0}}, {"type": "Feature", "geometry": {"type": "Point", "coordinates": [7.03945616, 47.920946201]}, "properties": {"stage": 14, "label": "Le Markstein (D431-D27) (entr\u00e9e) (RANSPACH, FELLERING)", "km_from_start": 154.6, "elevation_m": 1176.0}}, {"type": "Feature", "geometry": {"type": "Point", "coordinates": [7.032093351, 47.923079282]}, "properties": {"stage": 14, "label": "D27 LE MARKSTEIN FELLERING", "km_from_start": 155.3, "elevation_m": 1176.0}}, {"type": "Feature", "geometry": {"type": "Point", "coordinates": [5.9238161, 46.7175946]}, "properties": {"stage": 15, "label": "VC CHAMPAGNOLE (VC-D471 E-N5)", "km_from_start": 0.0, "elevation_m": 559.03}}, {"type": "Feature", "geometry": {"type": "Point", "coordinates": [5.9238161, 46.7175946]}, "properties": {"stage": 15, "label": "CHAMPAGNOLE", "km_from_start": 0.0, "elevation_m": 559.03}}, {"type": "Feature", "geometry": {"type": "Point", "coordinates": [5.9238161, 46.7175946]}, "properties": {"stage": 15, "label": "N5 CIZE (pr\u00e8s)", "km_from_start": 0.0, "elevation_m": 559.03}}, {"type": "Feature", "geometry": {"type": "Point", "coordinates": [5.930228272, 46.691041262]}, "properties": {"stage": 15, "label": "LE VAUDIOUX (pr\u00e8s)", "km_from_start": 2.7, "elevation_m": 653.39}}, {"type": "Feature", "geometry": {"type": "Point", "coordinates": [5.930700017, 46.682443116]}, "properties": {"stage": 15, "label": "N5 Passage \u00e0 niveau N\u00b0 15.", "km_from_start": 3.5, "elevation_m": 647.47}}, {"type": "Feature", "geometry": {"type": "Point", "coordinates": [5.935143198, 46.675039535]}, "properties": {"stage": 15, "label": "La Billaude", "km_from_start": 4.3, "elevation_m": 616.7}}, {"type": "Feature", "geometry": {"type": "Point", "coordinates": [5.941733672, 46.652395556]}, "properties": {"stage": 15, "label": "Pont-de-la-Chaux (CHAUX-DES-CROTENAY)", "km_from_start": 7.3, "elevation_m": 706.4}}, {"type": "Feature", "geometry": {"type": "Point", "coordinates": [5.940050182, 46.642116001]}, "properties": {"stage": 15, "label": "Passage \u00e0 niveau N\u00b0 17.", "km_from_start": 8.3, "elevation_m": 721.07}}, {"type": "Feature", "geometry": {"type": "Point", "coordinates": [5.94583367, 46.635989908]}, "properties": {"stage": 15, "label": "Morillon (ENTRE-DEUX-MONTS)", "km_from_start": 9.1, "elevation_m": 716.45}}, {"type": "Feature", "geometry": {"type": "Point", "coordinates": [5.959630999, 46.612829163]}, "properties": {"stage": 15, "label": "Le Bourg Derri\u00e8re (pr\u00e8s) (FORT-DU-PLASNE)", "km_from_start": 12.1, "elevation_m": 803.31}}, {"type": "Feature", "geometry": {"type": "Point", "coordinates": [5.959644374, 46.59770747]}, "properties": {"stage": 15, "label": "Le Pont de Lemme (LA CHAUMUSSE)", "km_from_start": 13.6, "elevation_m": 818.16}}, {"type": "Feature", "geometry": {"type": "Point", "coordinates": [5.963658223, 46.577153827]}, "properties": {"stage": 15, "label": "SAINT-LAURENT-EN-GRANDVAUX (N5-VC-D678-N5) (entr\u00e9e)", "km_from_start": 16.8, "elevation_m": 883.2}}, {"type": "Feature", "geometry": {"type": "Point", "coordinates": [5.968975186, 46.577516742]}, "properties": {"stage": 15, "label": "VC SAINT-LAURENT-EN-GRANDVAUX", "km_from_start": 17.3, "elevation_m": 901.38}}, {"type": "Feature", "geometry": {"type": "Point", "coordinates": [5.98408691, 46.575645056]}, "properties": {"stage": 15, "label": "N5 La Savine", "km_from_start": 18.8, "elevation_m": 898.25}}, {"type": "Feature", "geometry": {"type": "Point", "coordinates": [6.011921719, 46.556873028]}, "properties": {"stage": 15, "label": "Col de la Savine", "km_from_start": 22.0, "elevation_m": 987.11}}, {"type": "Feature", "geometry": {"type": "Point", "coordinates": [6.017538513, 46.546933611]}, "properties": {"stage": 15, "label": "Le Marais", "km_from_start": 23.1, "elevation_m": 943.72}}, {"type": "Feature", "geometry": {"type": "Point", "coordinates": [6.019185487, 46.532719451]}, "properties": {"stage": 15, "label": "MORBIER", "km_from_start": 24.7, "elevation_m": 867.71}}, {"type": "Feature", "geometry": {"type": "Point", "coordinates": [6.023606043, 46.520020691]}, "properties": {"stage": 15, "label": "Morez (N5-VC-N5) (HAUTS DE BIENNE)", "km_from_start": 27.4, "elevation_m": 722.73}}, {"type": "Feature", "geometry": {"type": "Point", "coordinates": [6.043734219, 46.483619218]}, "properties": {"stage": 15, "label": "Sous les Barres", "km_from_start": 33.8, "elevation_m": 915.34}}, {"type": "Feature", "geometry": {"type": "Point", "coordinates": [6.052084077, 46.484246282]}, "properties": {"stage": 15, "label": "Le Sagy", "km_from_start": 34.7, "elevation_m": 973.05}}, {"type": "Feature", "geometry": {"type": "Point", "coordinates": [6.064675982, 46.475208539]}, "properties": {"stage": 15, "label": "LES ROUSSES", "km_from_start": 36.5, "elevation_m": 1072.29}}, {"type": "Feature", "geometry": {"type": "Point", "coordinates": [6.064494158, 46.472007383]}, "properties": {"stage": 15, "label": "C\u00f4te des Rousses", "km_from_start": 36.8, "elevation_m": 1082.75}}, {"type": "Feature", "geometry": {"type": "Point", "coordinates": [6.074587692, 46.449729121]}, "properties": {"stage": 15, "label": "La Cure (pr\u00e8s) (N5-D1005)", "km_from_start": 39.8, "elevation_m": 1151.79}}, {"type": "Feature", "geometry": {"type": "Point", "coordinates": [6.05899832, 46.418410291]}, "properties": {"stage": 15, "label": "D1005 Le Tabagnoz (D1005-D313) (PR\u00c9MANON)", "km_from_start": 44.5, "elevation_m": 1251.27}}, {"type": "Feature", "geometry": {"type": "Point", "coordinates": [6.04529641, 46.405110632]}, "properties": {"stage": 15, "label": "D313 La Combe en Haut (LAJOUX)", "km_from_start": 46.4, "elevation_m": 1185.01}}, {"type": "Feature", "geometry": {"type": "Point", "coordinates": [6.002331778, 46.369259992]}, "properties": {"stage": 15, "label": "D50 Combe en Haut", "km_from_start": 52.3, "elevation_m": 998.59}}, {"type": "Feature", "geometry": {"type": "Point", "coordinates": [5.982266717, 46.357190126]}, "properties": {"stage": 15, "label": "MIJOUX (D50-D936-D991)", "km_from_start": 54.5, "elevation_m": 992.24}}, {"type": "Feature", "geometry": {"type": "Point", "coordinates": [5.944865353, 46.306448841]}, "properties": {"stage": 15, "label": "D991 Les Sept Fontaines", "km_from_start": 60.5, "elevation_m": 930.78}}, {"type": "Feature", "geometry": {"type": "Point", "coordinates": [5.932226555, 46.29364515]}, "properties": {"stage": 15, "label": "Les Mars", "km_from_start": 62.2, "elevation_m": 899.78}}, {"type": "Feature", "geometry": {"type": "Point", "coordinates": [5.929766644, 46.290368848]}, "properties": {"stage": 15, "label": "L\u00c9LEX", "km_from_start": 62.6, "elevation_m": 903.37}}, {"type": "Feature", "geometry": {"type": "Point", "coordinates": [5.882864819, 46.230271672]}, "properties": {"stage": 15, "label": "Tunnel des Hirondelles", "km_from_start": 70.8, "elevation_m": 748.43}}, {"type": "Feature", "geometry": {"type": "Point", "coordinates": [5.874848393, 46.225516787]}, "properties": {"stage": 15, "label": "La RIvi\u00e8re", "km_from_start": 71.7, "elevation_m": 732.64}}, {"type": "Feature", "geometry": {"type": "Point", "coordinates": [5.858200919, 46.203136976]}, "properties": {"stage": 15, "label": "CH\u00c9ZERY-FORENS", "km_from_start": 74.7, "elevation_m": 613.02}}, {"type": "Feature", "geometry": {"type": "Point", "coordinates": [5.840419124, 46.191768575]}, "properties": {"stage": 15, "label": "Le Grand Essert", "km_from_start": 76.8, "elevation_m": 578.81}}, {"type": "Feature", "geometry": {"type": "Point", "coordinates": [5.826031482, 46.144084409]}, "properties": {"stage": 15, "label": "La Serpentouze", "km_from_start": 83.3, "elevation_m": 612.52}}, {"type": "Feature", "geometry": {"type": "Point", "coordinates": [5.828053581, 46.139126309]}, "properties": {"stage": 15, "label": "La Mulaz", "km_from_start": 83.8, "elevation_m": 593.15}}, {"type": "Feature", "geometry": {"type": "Point", "coordinates": [5.828645349, 46.126235582]}, "properties": {"stage": 15, "label": "CONFORT", "km_from_start": 85.1, "elevation_m": 557.13}}, {"type": "Feature", "geometry": {"type": "Point", "coordinates": [5.825446605, 46.11638413]}, "properties": {"stage": 15, "label": "La Grande C\u00f4te (VALSERH\u00d4NE)", "km_from_start": 87.3, "elevation_m": 564.68}}, {"type": "Feature", "geometry": {"type": "Point", "coordinates": [5.829734244, 46.108378394]}, "properties": {"stage": 15, "label": "Lancrans (VALSERH\u00d4NE)", "km_from_start": 88.4, "elevation_m": 515.44}}, {"type": "Feature", "geometry": {"type": "Point", "coordinates": [5.846259496, 46.097294222]}, "properties": {"stage": 15, "label": "La Pierre (VALSERH\u00d4NE)", "km_from_start": 90.4, "elevation_m": 412.05}}, {"type": "Feature", "geometry": {"type": "Point", "coordinates": [5.850348774, 46.09608371]}, "properties": {"stage": 15, "label": "Bellegarde-sur-Valserine (D991-D1084-D1206) (VALSERH\u00d4NE)", "km_from_start": 90.8, "elevation_m": 390.95}}, {"type": "Feature", "geometry": {"type": "Point", "coordinates": [5.877353678, 46.104763678]}, "properties": {"stage": 15, "label": "D1206 Gr\u00e9sin", "km_from_start": 95.2, "elevation_m": 473.84}}, {"type": "Feature", "geometry": {"type": "Point", "coordinates": [5.88433808, 46.11663808]}, "properties": {"stage": 15, "label": "L\u00c9AZ", "km_from_start": 96.9, "elevation_m": 512.4}}, {"type": "Feature", "geometry": {"type": "Point", "coordinates": [5.909251438, 46.128172226]}, "properties": {"stage": 15, "label": "Longeray", "km_from_start": 99.6, "elevation_m": 480.98}}, {"type": "Feature", "geometry": {"type": "Point", "coordinates": [5.903577108, 46.122179865]}, "properties": {"stage": 15, "label": "Tunnel du Fort l'\u00c9cluse", "km_from_start": 100.7, "elevation_m": 444.17}}, {"type": "Feature", "geometry": {"type": "Point", "coordinates": [5.91860976, 46.118422068]}, "properties": {"stage": 15, "label": "Villard (pr\u00e8s) (COLLONGES)", "km_from_start": 102.6, "elevation_m": 372.47}}, {"type": "Feature", "geometry": {"type": "Point", "coordinates": [5.947489636, 46.102134268]}, "properties": {"stage": 15, "label": "CHEVRIER (pr\u00e8s)", "km_from_start": 106.1, "elevation_m": 431.24}}, {"type": "Feature", "geometry": {"type": "Point", "coordinates": [5.957016128, 46.104068562]}, "properties": {"stage": 15, "label": "VULBENS", "km_from_start": 107.0, "elevation_m": 459.16}}, {"type": "Feature", "geometry": {"type": "Point", "coordinates": [5.985372873, 46.110766986]}, "properties": {"stage": 15, "label": "Les Vernes", "km_from_start": 109.7, "elevation_m": 490.17}}, {"type": "Feature", "geometry": {"type": "Point", "coordinates": [5.986452693, 46.110887964]}, "properties": {"stage": 15, "label": "VALLEIRY", "km_from_start": 109.8, "elevation_m": 486.88}}, {"type": "Feature", "geometry": {"type": "Point", "coordinates": [6.009100344, 46.113663662]}, "properties": {"stage": 15, "label": "La Boutique (CH\u00caNEX)", "km_from_start": 111.9, "elevation_m": 472.68}}, {"type": "Feature", "geometry": {"type": "Point", "coordinates": [6.035953707, 46.117708741]}, "properties": {"stage": 15, "label": "Essertet", "km_from_start": 114.4, "elevation_m": 495.83}}, {"type": "Feature", "geometry": {"type": "Point", "coordinates": [6.046176065, 46.113877802]}, "properties": {"stage": 15, "label": "VIRY (D1206-D992-D18)", "km_from_start": 115.8, "elevation_m": 498.79}}, {"type": "Feature", "geometry": {"type": "Point", "coordinates": [6.056911269, 46.105631337]}, "properties": {"stage": 15, "label": "D18 La C\u00f4te", "km_from_start": 117.1, "elevation_m": 523.26}}, {"type": "Feature", "geometry": {"type": "Point", "coordinates": [6.064854245, 46.102132682]}, "properties": {"stage": 15, "label": "Vaux", "km_from_start": 117.9, "elevation_m": 541.23}}, {"type": "Feature", "geometry": {"type": "Point", "coordinates": [6.077574015, 46.101550595]}, "properties": {"stage": 15, "label": "Malchamp (FEIG\u00c8RES)", "km_from_start": 119.1, "elevation_m": 572.2}}, {"type": "Feature", "geometry": {"type": "Point", "coordinates": [6.091222973, 46.093321938]}, "properties": {"stage": 15, "label": "La Tuili\u00e8re (PR\u00c9SILLY)", "km_from_start": 120.7, "elevation_m": 626.95}}, {"type": "Feature", "geometry": {"type": "Point", "coordinates": [6.104024916, 46.099445832]}, "properties": {"stage": 15, "label": "Le Ch\u00e2ble (D18-D1201-D18) (PR\u00c9SILLY, BEAUMONT)", "km_from_start": 122.4, "elevation_m": 655.42}}, {"type": "Feature", "geometry": {"type": "Point", "coordinates": [6.107899214, 46.110181517]}, "properties": {"stage": 15, "label": "Les Roquettes (BEAUMONT)", "km_from_start": 123.5, "elevation_m": 651.12}}, {"type": "Feature", "geometry": {"type": "Point", "coordinates": [6.118153063, 46.126780517]}, "properties": {"stage": 15, "label": "La Forge (NEYDENS)", "km_from_start": 125.4, "elevation_m": 580.49}}, {"type": "Feature", "geometry": {"type": "Point", "coordinates": [6.13404809, 46.134695227]}, "properties": {"stage": 15, "label": "ARCHAMPS (D18-D318)", "km_from_start": 127.6, "elevation_m": 519.65}}, {"type": "Feature", "geometry": {"type": "Point", "coordinates": [6.15061154, 46.12879154]}, "properties": {"stage": 15, "label": "D318 Aux Peupliers", "km_from_start": 129.5, "elevation_m": 549.24}}, {"type": "Feature", "geometry": {"type": "Point", "coordinates": [6.156785498, 46.132228682]}, "properties": {"stage": 15, "label": "La Montagn\u00e8re", "km_from_start": 130.2, "elevation_m": 597.76}}, {"type": "Feature", "geometry": {"type": "Point", "coordinates": [6.157489322, 46.129924887]}, "properties": {"stage": 15, "label": "Chotard (D318-D145)", "km_from_start": 130.5, "elevation_m": 613.49}}, {"type": "Feature", "geometry": {"type": "Point", "coordinates": [6.158171112, 46.129861853]}, "properties": {"stage": 15, "label": "D145 Vovray", "km_from_start": 130.6, "elevation_m": 628.19}}, {"type": "Feature", "geometry": {"type": "Point", "coordinates": [6.157042725, 46.128076253]}, "properties": {"stage": 15, "label": "Chez Voirier (COLLONGES-SOUS-SAL\u00c8VE)", "km_from_start": 130.8, "elevation_m": 631.83}}, {"type": "Feature", "geometry": {"type": "Point", "coordinates": [6.158046044, 46.125212674]}, "properties": {"stage": 15, "label": "Le Coin (D145-D45) (COLLONGES-SOUS-SAL\u00c8VE)", "km_from_start": 131.3, "elevation_m": 640.0}}, {"type": "Feature", "geometry": {"type": "Point", "coordinates": [6.178222316, 46.118377103]}, "properties": {"stage": 15, "label": "D45 La Croisette (D45-D41 A-D215) (LA MURAZ, COLLONGES-SOUS-SAL\u00c8VE)", "km_from_start": 135.9, "elevation_m": 1167.94}}, {"type": "Feature", "geometry": {"type": "Point", "coordinates": [6.178794728, 46.117552013]}, "properties": {"stage": 15, "label": "Le Sal\u00e8ve - Col de la Croisette", "km_from_start": 136.0, "elevation_m": 1167.94}}, {"type": "Feature", "geometry": {"type": "Point", "coordinates": [6.192759488, 46.115700853]}, "properties": {"stage": 15, "label": "D215 Le Tournier (D215-D48)", "km_from_start": 138.5, "elevation_m": 973.13}}, {"type": "Feature", "geometry": {"type": "Point", "coordinates": [6.196648951, 46.125160893]}, "properties": {"stage": 15, "label": "D48 Les Mouilles", "km_from_start": 140.5, "elevation_m": 847.66}}, {"type": "Feature", "geometry": {"type": "Point", "coordinates": [6.200821488, 46.123880791]}, "properties": {"stage": 15, "label": "Chez Blondin", "km_from_start": 141.5, "elevation_m": 790.74}}, {"type": "Feature", "geometry": {"type": "Point", "coordinates": [6.206657962, 46.119969681]}, "properties": {"stage": 15, "label": "Chez Joindet", "km_from_start": 142.3, "elevation_m": 735.26}}, {"type": "Feature", "geometry": {"type": "Point", "coordinates": [6.209084527, 46.117375305]}, "properties": {"stage": 15, "label": "LA MURAZ (D48-D15-VC)", "km_from_start": 143.0, "elevation_m": 680.62}}, {"type": "Feature", "geometry": {"type": "Point", "coordinates": [6.211879302, 46.111017308]}, "properties": {"stage": 15, "label": "VC Champs de la Pierre", "km_from_start": 144.1, "elevation_m": 639.89}}, {"type": "Feature", "geometry": {"type": "Point", "coordinates": [6.21379859, 46.106241347]}, "properties": {"stage": 15, "label": "Les C\u00f4tes du Fernex", "km_from_start": 144.6, "elevation_m": 695.45}}, {"type": "Feature", "geometry": {"type": "Point", "coordinates": [6.218968365, 46.096275842]}, "properties": {"stage": 15, "label": "Le Mont (pr\u00e8s)", "km_from_start": 145.7, "elevation_m": 774.06}}, {"type": "Feature", "geometry": {"type": "Point", "coordinates": [6.218549626, 46.093625651]}, "properties": {"stage": 15, "label": "C\u00f4te du Mont", "km_from_start": 146.0, "elevation_m": 807.78}}, {"type": "Feature", "geometry": {"type": "Point", "coordinates": [6.217538707, 46.086918408]}, "properties": {"stage": 15, "label": "La Moussi\u00e8re", "km_from_start": 146.8, "elevation_m": 850.35}}, {"type": "Feature", "geometry": {"type": "Point", "coordinates": [6.226350771, 46.083941594]}, "properties": {"stage": 15, "label": "ARBUSIGNY (VC-D6)", "km_from_start": 147.7, "elevation_m": 847.36}}, {"type": "Feature", "geometry": {"type": "Point", "coordinates": [6.232364036, 46.092407495]}, "properties": {"stage": 15, "label": "D6 La Plati\u00e8re", "km_from_start": 149.0, "elevation_m": 799.92}}, {"type": "Feature", "geometry": {"type": "Point", "coordinates": [6.236204943, 46.096137132]}, "properties": {"stage": 15, "label": "Le Souget", "km_from_start": 149.5, "elevation_m": 796.44}}, {"type": "Feature", "geometry": {"type": "Point", "coordinates": [6.241908736, 46.106252947]}, "properties": {"stage": 15, "label": "Marny (PERS-JUSSY)", "km_from_start": 150.6, "elevation_m": 790.38}}, {"type": "Feature", "geometry": {"type": "Point", "coordinates": [6.260224823, 46.106938199]}, "properties": {"stage": 15, "label": "Ornex Haut (PERS-JUSSY)", "km_from_start": 152.4, "elevation_m": 758.63}}, {"type": "Feature", "geometry": {"type": "Point", "coordinates": [6.267248977, 46.102152743]}, "properties": {"stage": 15, "label": "Ornex Bas (PERS-JUSSY)", "km_from_start": 153.2, "elevation_m": 728.48}}, {"type": "Feature", "geometry": {"type": "Point", "coordinates": [6.294243383, 46.080183626]}, "properties": {"stage": 15, "label": "Moussy (D6-D2) (CORNIER)", "km_from_start": 156.7, "elevation_m": 579.87}}, {"type": "Feature", "geometry": {"type": "Point", "coordinates": [6.30846702, 46.068127135]}, "properties": {"stage": 15, "label": "LA ROCHE-SUR-FORON (D2-VC-D2 B)", "km_from_start": 158.7, "elevation_m": 582.51}}, {"type": "Feature", "geometry": {"type": "Point", "coordinates": [6.338365898, 46.069626614]}, "properties": {"stage": 15, "label": "D2 B Valli\u00e8res (AMANCY) (D2 B-D1203)", "km_from_start": 161.6, "elevation_m": 521.07}}, {"type": "Feature", "geometry": {"type": "Point", "coordinates": [6.345956604, 46.070108495]}, "properties": {"stage": 15, "label": "D1203 AMANCY (pr\u00e8s)", "km_from_start": 162.3, "elevation_m": 500.31}}, {"type": "Feature", "geometry": {"type": "Point", "coordinates": [6.369535599, 46.071595242]}, "properties": {"stage": 15, "label": "Passeirier (SAINT-PIERRE-EN-FAUCIGNY)", "km_from_start": 164.5, "elevation_m": 457.32}}, {"type": "Feature", "geometry": {"type": "Point", "coordinates": [6.397284287, 46.07268]}, "properties": {"stage": 15, "label": "Toisinges (SAINT-PIERRE-EN-FAUCIGNY)", "km_from_start": 167.1, "elevation_m": 461.3}}, {"type": "Feature", "geometry": {"type": "Point", "coordinates": [6.404515566, 46.073464447]}, "properties": {"stage": 15, "label": "BONNEVILLE (D1203-D1205-D19)", "km_from_start": 167.8, "elevation_m": 455.37}}, {"type": "Feature", "geometry": {"type": "Point", "coordinates": [6.441859584, 46.066324865]}, "properties": {"stage": 15, "label": "Thuet (D19-D186)", "km_from_start": 171.6, "elevation_m": 453.27}}, {"type": "Feature", "geometry": {"type": "Point", "coordinates": [6.450115076, 46.052625076]}, "properties": {"stage": 15, "label": "D186 BRISON (D186-D186 A)", "km_from_start": 177.2, "elevation_m": 948.08}}, {"type": "Feature", "geometry": {"type": "Point", "coordinates": [6.443166689, 46.052148528]}, "properties": {"stage": 15, "label": "D186 A Les Croix", "km_from_start": 178.8, "elevation_m": 1080.28}}, {"type": "Feature", "geometry": {"type": "Point", "coordinates": [6.439760771, 46.049901093]}, "properties": {"stage": 15, "label": "Les Saillets", "km_from_start": 179.4, "elevation_m": 1125.03}}, {"type": "Feature", "geometry": {"type": "Point", "coordinates": [6.43918296, 46.048018618]}, "properties": {"stage": 15, "label": "Les Esserts", "km_from_start": 179.6, "elevation_m": 1142.45}}, {"type": "Feature", "geometry": {"type": "Point", "coordinates": [6.4272011, 46.032825]}, "properties": {"stage": 15, "label": "PLATEAU DE SOLAISON BRISON (1 508 m)", "km_from_start": 183.9, "elevation_m": 1500.55}}, {"type": "Feature", "geometry": {"type": "Point", "coordinates": [6.5948648, 46.4004893]}, "properties": {"stage": 16, "label": "VC \u00c9VIAN-LES-BAINS (VC-D24)", "km_from_start": 0.0, "elevation_m": 382.99}}, {"type": "Feature", "geometry": {"type": "Point", "coordinates": [6.607550792, 46.399380922]}, "properties": {"stage": 16, "label": "D24 NEUVECELLE (D24-D21)", "km_from_start": 1.1, "elevation_m": 440.35}}, {"type": "Feature", "geometry": {"type": "Point", "coordinates": [6.596128645, 46.390788184]}, "properties": {"stage": 16, "label": "D21 \u00c9VIAN-LES-BAINS", "km_from_start": 3.8, "elevation_m": 558.88}}, {"type": "Feature", "geometry": {"type": "Point", "coordinates": [6.585135302, 46.387084877]}, "properties": {"stage": 16, "label": "L'X (D21-D11)", "km_from_start": 4.8, "elevation_m": 612.34}}, {"type": "Feature", "geometry": {"type": "Point", "coordinates": [6.585135302, 46.387084877]}, "properties": {"stage": 16, "label": "Point chrono n\u00b01 / L'X", "km_from_start": 4.8, "elevation_m": 612.34}}, {"type": "Feature", "geometry": {"type": "Point", "coordinates": [6.569784872, 46.383339109]}, "properties": {"stage": 16, "label": "D11 La Guinch\u00e8re (PUBLIER) (pr\u00e8s)", "km_from_start": 6.2, "elevation_m": 662.2}}, {"type": "Feature", "geometry": {"type": "Point", "coordinates": [6.55978574, 46.380214824]}, "properties": {"stage": 16, "label": "CHAMPANGES (D11-D32)", "km_from_start": 7.1, "elevation_m": 684.64}}, {"type": "Feature", "geometry": {"type": "Point", "coordinates": [6.562834583, 46.369423126]}, "properties": {"stage": 16, "label": "D32 LARRINGES (D32-D121) (entr\u00e9e)", "km_from_start": 9.1, "elevation_m": 782.81}}, {"type": "Feature", "geometry": {"type": "Point", "coordinates": [6.568701342, 46.367468431]}, "properties": {"stage": 16, "label": "Point chrono n\u00b02 / C\u00f4te de Larringes", "km_from_start": 9.7, "elevation_m": 796.02}}, {"type": "Feature", "geometry": {"type": "Point", "coordinates": [6.570511995, 46.357594064]}, "properties": {"stage": 16, "label": "D121 Curninge (D121-D21)", "km_from_start": 11.1, "elevation_m": 799.59}}, {"type": "Feature", "geometry": {"type": "Point", "coordinates": [6.566367867, 46.35417668]}, "properties": {"stage": 16, "label": "D21 F\u00c9TERNES", "km_from_start": 11.6, "elevation_m": 790.19}}, {"type": "Feature", "geometry": {"type": "Point", "coordinates": [6.550638835, 46.354718712]}, "properties": {"stage": 16, "label": "Ch\u00e2teau Vieux", "km_from_start": 13.0, "elevation_m": 695.79}}, {"type": "Feature", "geometry": {"type": "Point", "coordinates": [6.518612822, 46.363818119]}, "properties": {"stage": 16, "label": "Carrefour D21-D902", "km_from_start": 17.0, "elevation_m": 424.61}}, {"type": "Feature", "geometry": {"type": "Point", "coordinates": [6.517511117, 46.364129137]}, "properties": {"stage": 16, "label": "D902 Pont de la Douceur (MARIN)", "km_from_start": 17.1, "elevation_m": 426.51}}, {"type": "Feature", "geometry": {"type": "Point", "coordinates": [6.506030726, 46.365361587]}, "properties": {"stage": 16, "label": "Point chrono n\u00b03 / THONON-LES-BAINS-Bords de Dranse", "km_from_start": 18.1, "elevation_m": 441.82}}, {"type": "Feature", "geometry": {"type": "Point", "coordinates": [6.503292656, 46.367487141]}, "properties": {"stage": 16, "label": "THONON-LES-BAINS (D902-VC) (entr\u00e9e)", "km_from_start": 18.4, "elevation_m": 442.56}}, {"type": "Feature", "geometry": {"type": "Point", "coordinates": [6.480970938, 46.373947615]}, "properties": {"stage": 16, "label": "Place du Ch\u00e2teau", "km_from_start": 22.9, "elevation_m": 426.72}}, {"type": "Feature", "geometry": {"type": "Point", "coordinates": [6.479201863, 46.376410394]}, "properties": {"stage": 16, "label": "Quai de Ripaille", "km_from_start": 24.7, "elevation_m": 374.52}}, {"type": "Feature", "geometry": {"type": "Point", "coordinates": [6.4876502, 46.3869254]}, "properties": {"stage": 16, "label": "VC THONON-LES-BAINS", "km_from_start": 26.1, "elevation_m": 393.23}}, {"type": "Feature", "geometry": {"type": "Point", "coordinates": [5.9133678, 45.6329177]}, "properties": {"stage": 17, "label": "Les Hauts-de-Chamb\u00e9ry (VC-D991)", "km_from_start": 0.0, "elevation_m": 285.92}}, {"type": "Feature", "geometry": {"type": "Point", "coordinates": [5.9133678, 45.6329177]}, "properties": {"stage": 17, "label": "VC CHAMB\u00c9RY", "km_from_start": 0.0, "elevation_m": 285.92}}, {"type": "Feature", "geometry": {"type": "Point", "coordinates": [5.9133678, 45.6329177]}, "properties": {"stage": 17, "label": "D991 SONNAZ (pr\u00e8s)", "km_from_start": 0.0, "elevation_m": 285.92}}, {"type": "Feature", "geometry": {"type": "Point", "coordinates": [5.9133678, 45.6329177]}, "properties": {"stage": 17, "label": "CHAMB\u00c9RY", "km_from_start": 0.0, "elevation_m": 285.92}}, {"type": "Feature", "geometry": {"type": "Point", "coordinates": [5.910116768, 45.645447684]}, "properties": {"stage": 17, "label": "VIVIERS-DU-LAC (D991-D17-D17 B)", "km_from_start": 1.2, "elevation_m": 273.13}}, {"type": "Feature", "geometry": {"type": "Point", "coordinates": [5.894057986, 45.647899105]}, "properties": {"stage": 17, "label": "D17 B Carrefour D17 B-D1201", "km_from_start": 3.3, "elevation_m": 233.84}}, {"type": "Feature", "geometry": {"type": "Point", "coordinates": [5.895299177, 45.686499445]}, "properties": {"stage": 17, "label": "D1201 TRESSERVE", "km_from_start": 7.2, "elevation_m": 235.2}}, {"type": "Feature", "geometry": {"type": "Point", "coordinates": [5.899401959, 45.694263612]}, "properties": {"stage": 17, "label": "AIX-LES-BAINS", "km_from_start": 8.2, "elevation_m": 235.1}}, {"type": "Feature", "geometry": {"type": "Point", "coordinates": [5.923048665, 45.720423828]}, "properties": {"stage": 17, "label": "GR\u00c9SY-SUR-AIX (D1201-D911)", "km_from_start": 11.9, "elevation_m": 273.0}}, {"type": "Feature", "geometry": {"type": "Point", "coordinates": [5.963808934, 45.733793493]}, "properties": {"stage": 17, "label": "D911 La Verdasse (ENTRELACS)", "km_from_start": 16.1, "elevation_m": 350.25}}, {"type": "Feature", "geometry": {"type": "Point", "coordinates": [5.978963522, 45.74395]}, "properties": {"stage": 17, "label": "Les Chenevriers (SAINT-OFFENGE)", "km_from_start": 17.9, "elevation_m": 399.5}}, {"type": "Feature", "geometry": {"type": "Point", "coordinates": [5.989833109, 45.748383851]}, "properties": {"stage": 17, "label": "Bassa (SAINT-OURS)", "km_from_start": 19.0, "elevation_m": 454.92}}, {"type": "Feature", "geometry": {"type": "Point", "coordinates": [5.991765221, 45.749324128]}, "properties": {"stage": 17, "label": "C\u00f4te de Bassa", "km_from_start": 19.2, "elevation_m": 465.5}}, {"type": "Feature", "geometry": {"type": "Point", "coordinates": [6.005556082, 45.757384638]}, "properties": {"stage": 17, "label": "Lachat", "km_from_start": 20.7, "elevation_m": 531.65}}, {"type": "Feature", "geometry": {"type": "Point", "coordinates": [6.023444147, 45.76204]}, "properties": {"stage": 17, "label": "CUSY", "km_from_start": 22.4, "elevation_m": 533.98}}, {"type": "Feature", "geometry": {"type": "Point", "coordinates": [6.089472158, 45.746105392]}, "properties": {"stage": 17, "label": "Pont de Banges", "km_from_start": 29.2, "elevation_m": 558.03}}, {"type": "Feature", "geometry": {"type": "Point", "coordinates": [6.095622316, 45.744263329]}, "properties": {"stage": 17, "label": "Martinod (ALL\u00c8VES)", "km_from_start": 29.8, "elevation_m": 558.49}}, {"type": "Feature", "geometry": {"type": "Point", "coordinates": [6.097910299, 45.723055255]}, "properties": {"stage": 17, "label": "La Charniaz (BELLECOMBE-EN-BAUGES)", "km_from_start": 32.1, "elevation_m": 587.34}}, {"type": "Feature", "geometry": {"type": "Point", "coordinates": [6.103617492, 45.721143862]}, "properties": {"stage": 17, "label": "Le Pont (D911-D912)", "km_from_start": 33.0, "elevation_m": 586.59}}, {"type": "Feature", "geometry": {"type": "Point", "coordinates": [6.104007223, 45.710579287]}, "properties": {"stage": 17, "label": "D912 LESCHERAINES (D912-D59)", "km_from_start": 34.6, "elevation_m": 622.87}}, {"type": "Feature", "geometry": {"type": "Point", "coordinates": [6.106244774, 45.701943872]}, "properties": {"stage": 17, "label": "C\u00f4te de Rossillon", "km_from_start": 35.5, "elevation_m": 663.32}}, {"type": "Feature", "geometry": {"type": "Point", "coordinates": [6.106244774, 45.701943872]}, "properties": {"stage": 17, "label": "D59 Rossillon", "km_from_start": 35.5, "elevation_m": 663.32}}, {"type": "Feature", "geometry": {"type": "Point", "coordinates": [6.094441043, 45.667976565]}, "properties": {"stage": 17, "label": "Le Cimeter\u00eat (AILLON-LE-VIEUX)", "km_from_start": 39.8, "elevation_m": 781.71}}, {"type": "Feature", "geometry": {"type": "Point", "coordinates": [6.086053759, 45.650024781]}, "properties": {"stage": 17, "label": "Blanchin (AILLON-LE-VIEUX)", "km_from_start": 41.7, "elevation_m": 812.09}}, {"type": "Feature", "geometry": {"type": "Point", "coordinates": [6.08031333, 45.621234688]}, "properties": {"stage": 17, "label": "Sur la Vy (AILLON-LE-VIEUX)", "km_from_start": 44.5, "elevation_m": 896.99}}, {"type": "Feature", "geometry": {"type": "Point", "coordinates": [6.077569452, 45.61474189]}, "properties": {"stage": 17, "label": "Rocquerand", "km_from_start": 45.2, "elevation_m": 897.34}}, {"type": "Feature", "geometry": {"type": "Point", "coordinates": [6.07242864, 45.613277028]}, "properties": {"stage": 17, "label": "AILLON-LE-JEUNE (D59-D206)", "km_from_start": 45.7, "elevation_m": 898.56}}, {"type": "Feature", "geometry": {"type": "Point", "coordinates": [6.070223432, 45.613002268]}, "properties": {"stage": 17, "label": "D206 Mas Dessous", "km_from_start": 46.3, "elevation_m": 906.8}}, {"type": "Feature", "geometry": {"type": "Point", "coordinates": [6.062143379, 45.581857646]}, "properties": {"stage": 17, "label": "Col des Pr\u00e8s", "km_from_start": 49.6, "elevation_m": 1132.32}}, {"type": "Feature", "geometry": {"type": "Point", "coordinates": [6.027491825, 45.590831968]}, "properties": {"stage": 17, "label": "THOIRY", "km_from_start": 55.5, "elevation_m": 733.81}}, {"type": "Feature", "geometry": {"type": "Point", "coordinates": [5.996884036, 45.585981703]}, "properties": {"stage": 17, "label": "C\u00f4te de Saint-Jean d'Arvey", "km_from_start": 59.5, "elevation_m": 601.3}}, {"type": "Feature", "geometry": {"type": "Point", "coordinates": [5.994738631, 45.58605677]}, "properties": {"stage": 17, "label": "SAINT-JEAN-D'ARVEY (D206-D912)", "km_from_start": 59.7, "elevation_m": 607.81}}, {"type": "Feature", "geometry": {"type": "Point", "coordinates": [5.96692673, 45.57865673]}, "properties": {"stage": 17, "label": "D912 Tunnel de Plamaz", "km_from_start": 63.7, "elevation_m": 406.83}}, {"type": "Feature", "geometry": {"type": "Point", "coordinates": [5.959004537, 45.571839913]}, "properties": {"stage": 17, "label": "SAINT-ALBAN-LEYSSE", "km_from_start": 64.8, "elevation_m": 337.42}}, {"type": "Feature", "geometry": {"type": "Point", "coordinates": [5.949282548, 45.570599787]}, "properties": {"stage": 17, "label": "LA RAVOIRE (D912-D11-D1006)", "km_from_start": 65.7, "elevation_m": 303.99}}, {"type": "Feature", "geometry": {"type": "Point", "coordinates": [5.937773307, 45.567440917]}, "properties": {"stage": 17, "label": "D1006 BARBERAZ", "km_from_start": 66.8, "elevation_m": 293.9}}, {"type": "Feature", "geometry": {"type": "Point", "coordinates": [5.929388659, 45.56498309]}, "properties": {"stage": 17, "label": "CHAMB\u00c9RY (D1006-VC-D1006)", "km_from_start": 67.7, "elevation_m": 282.49}}, {"type": "Feature", "geometry": {"type": "Point", "coordinates": [5.895107175, 45.557967175]}, "properties": {"stage": 17, "label": "COGNIN", "km_from_start": 71.4, "elevation_m": 288.85}}, {"type": "Feature", "geometry": {"type": "Point", "coordinates": [5.860420125, 45.52857522]}, "properties": {"stage": 17, "label": "La Cascade (SAINT-CASSIN)", "km_from_start": 75.8, "elevation_m": 386.87}}, {"type": "Feature", "geometry": {"type": "Point", "coordinates": [5.859567971, 45.527897515]}, "properties": {"stage": 17, "label": "Passage \u00e0 niveau N\u00b0 34.", "km_from_start": 75.9, "elevation_m": 386.87}}, {"type": "Feature", "geometry": {"type": "Point", "coordinates": [5.850620103, 45.51155479]}, "properties": {"stage": 17, "label": "La Praire", "km_from_start": 77.7, "elevation_m": 462.3}}, {"type": "Feature", "geometry": {"type": "Point", "coordinates": [5.838992272, 45.496904627]}, "properties": {"stage": 17, "label": "SAINT-THIBAUD-DE-COUZ", "km_from_start": 79.5, "elevation_m": 482.12}}, {"type": "Feature", "geometry": {"type": "Point", "coordinates": [5.826752958, 45.476182958]}, "properties": {"stage": 17, "label": "Les Gros Louis", "km_from_start": 81.8, "elevation_m": 550.72}}, {"type": "Feature", "geometry": {"type": "Point", "coordinates": [5.809997172, 45.459660303]}, "properties": {"stage": 17, "label": "Col de Couz", "km_from_start": 84.0, "elevation_m": 624.12}}, {"type": "Feature", "geometry": {"type": "Point", "coordinates": [5.806979019, 45.45886547]}, "properties": {"stage": 17, "label": "SAINT-JEAN-DE-COUZ (pr\u00e8s)", "km_from_start": 84.3, "elevation_m": 625.99}}, {"type": "Feature", "geometry": {"type": "Point", "coordinates": [5.778094505, 45.455311193]}, "properties": {"stage": 17, "label": "Tunnel des \u00c9chelles", "km_from_start": 87.5, "elevation_m": 545.08}}, {"type": "Feature", "geometry": {"type": "Point", "coordinates": [5.768426409, 45.451923856]}, "properties": {"stage": 17, "label": "SAINT-CHRISTOPHE-LA-GROTTE", "km_from_start": 88.5, "elevation_m": 495.8}}, {"type": "Feature", "geometry": {"type": "Point", "coordinates": [5.748081159, 45.440412717]}, "properties": {"stage": 17, "label": "LES \u00c9CHELLES", "km_from_start": 91.2, "elevation_m": 396.25}}, {"type": "Feature", "geometry": {"type": "Point", "coordinates": [5.72317885, 45.482322982]}, "properties": {"stage": 17, "label": "Chailles (SAINT-FRANC)", "km_from_start": 96.7, "elevation_m": 368.14}}, {"type": "Feature", "geometry": {"type": "Point", "coordinates": [5.712020023, 45.510397426]}, "properties": {"stage": 17, "label": "SAINT-B\u00c9RON", "km_from_start": 100.7, "elevation_m": 341.08}}, {"type": "Feature", "geometry": {"type": "Point", "coordinates": [5.680426845, 45.528195802]}, "properties": {"stage": 17, "label": "Passage \u00e0 niveau N\u00b0 15.", "km_from_start": 104.6, "elevation_m": 265.03}}, {"type": "Feature", "geometry": {"type": "Point", "coordinates": [5.68008324, 45.527165638]}, "properties": {"stage": 17, "label": "Le Bonnard (DOMESSIN)", "km_from_start": 104.7, "elevation_m": 265.03}}, {"type": "Feature", "geometry": {"type": "Point", "coordinates": [5.682850039, 45.523258195]}, "properties": {"stage": 17, "label": "LE PONT-DE-BEAUVOISIN (D1006-D82 M)", "km_from_start": 105.2, "elevation_m": 258.83}}, {"type": "Feature", "geometry": {"type": "Point", "coordinates": [5.694395428, 45.512360433]}, "properties": {"stage": 17, "label": "D82 M Les \u00c9teppes-La Gare (LE PONT-DE-BEAUVOISIN) (D82 M-D82)", "km_from_start": 106.7, "elevation_m": 283.81}}, {"type": "Feature", "geometry": {"type": "Point", "coordinates": [5.69614229, 45.511057597]}, "properties": {"stage": 17, "label": "D82 Passage \u00e0 niveau N\u00b0 77.", "km_from_start": 106.9, "elevation_m": 284.12}}, {"type": "Feature", "geometry": {"type": "Point", "coordinates": [5.697889398, 45.509755114]}, "properties": {"stage": 17, "label": "SAINT-JEAN-D'AVELANNE", "km_from_start": 107.1, "elevation_m": 278.5}}, {"type": "Feature", "geometry": {"type": "Point", "coordinates": [5.702083126, 45.48868878]}, "properties": {"stage": 17, "label": "SAINT-ALBIN-DE-VAULSERRE", "km_from_start": 109.7, "elevation_m": 294.39}}, {"type": "Feature", "geometry": {"type": "Point", "coordinates": [5.666485491, 45.472033114]}, "properties": {"stage": 17, "label": "SAINT-BUEIL-La Roche", "km_from_start": 113.4, "elevation_m": 346.49}}, {"type": "Feature", "geometry": {"type": "Point", "coordinates": [5.655300363, 45.466626719]}, "properties": {"stage": 17, "label": "La Rosetta (SAINT-BUEIL)", "km_from_start": 114.6, "elevation_m": 367.13}}, {"type": "Feature", "geometry": {"type": "Point", "coordinates": [5.638496484, 45.454476869]}, "properties": {"stage": 17, "label": "Champet", "km_from_start": 116.6, "elevation_m": 379.89}}, {"type": "Feature", "geometry": {"type": "Point", "coordinates": [5.629943568, 45.447959563]}, "properties": {"stage": 17, "label": "SAINT-GEOIRE-EN-VALDAINE", "km_from_start": 117.6, "elevation_m": 399.65}}, {"type": "Feature", "geometry": {"type": "Point", "coordinates": [5.603585066, 45.439836535]}, "properties": {"stage": 17, "label": "La C\u00f4te-d'Ainan", "km_from_start": 120.2, "elevation_m": 433.51}}, {"type": "Feature", "geometry": {"type": "Point", "coordinates": [5.586565735, 45.437327145]}, "properties": {"stage": 17, "label": "MASSIEU (pr\u00e8s)", "km_from_start": 121.8, "elevation_m": 443.38}}, {"type": "Feature", "geometry": {"type": "Point", "coordinates": [5.561433536, 45.426250876]}, "properties": {"stage": 17, "label": "L'Arsenal (D82-D1075)", "km_from_start": 124.4, "elevation_m": 453.32}}, {"type": "Feature", "geometry": {"type": "Point", "coordinates": [5.557072119, 45.410368474]}, "properties": {"stage": 17, "label": "D1075 CHIRENS (D1075-D50 A)", "km_from_start": 126.6, "elevation_m": 459.86}}, {"type": "Feature", "geometry": {"type": "Point", "coordinates": [5.532817122, 45.409082878]}, "properties": {"stage": 17, "label": "D50 A Carrefour D50 A-D50", "km_from_start": 130.2, "elevation_m": 447.82}}, {"type": "Feature", "geometry": {"type": "Point", "coordinates": [5.524130852, 45.417369161]}, "properties": {"stage": 17, "label": "Le Guillermet", "km_from_start": 131.4, "elevation_m": 461.3}}, {"type": "Feature", "geometry": {"type": "Point", "coordinates": [5.512662548, 45.429973535]}, "properties": {"stage": 17, "label": "CHARAVINES", "km_from_start": 133.2, "elevation_m": 494.59}}, {"type": "Feature", "geometry": {"type": "Point", "coordinates": [5.496383855, 45.443330911]}, "properties": {"stage": 17, "label": "Vers Ars (D50-D17) (VILLAGES DU LAC DE PALADRU)", "km_from_start": 136.8, "elevation_m": 507.43}}, {"type": "Feature", "geometry": {"type": "Point", "coordinates": [5.46066258, 45.416872015]}, "properties": {"stage": 17, "label": "D17 OYEU (pr\u00e8s)", "km_from_start": 141.3, "elevation_m": 555.51}}, {"type": "Feature", "geometry": {"type": "Point", "coordinates": [5.46645431, 45.401222102]}, "properties": {"stage": 17, "label": "Carrefour D17-D520", "km_from_start": 143.0, "elevation_m": 525.11}}, {"type": "Feature", "geometry": {"type": "Point", "coordinates": [5.448651612, 45.397671351]}, "properties": {"stage": 17, "label": "D520 APPRIEU (pr\u00e8s) (D520-D73 A)", "km_from_start": 144.9, "elevation_m": 500.87}}, {"type": "Feature", "geometry": {"type": "Point", "coordinates": [5.445399487, 45.397347357]}, "properties": {"stage": 17, "label": "D73 A COLOMBE (entr\u00e9e)", "km_from_start": 145.2, "elevation_m": 504.91}}, {"type": "Feature", "geometry": {"type": "Point", "coordinates": [5.424544262, 45.393767272]}, "properties": {"stage": 17, "label": "COLOMBE", "km_from_start": 147.5, "elevation_m": 464.72}}, {"type": "Feature", "geometry": {"type": "Point", "coordinates": [5.42131052, 45.393291768]}, "properties": {"stage": 17, "label": "LE GRAND-LEMPS (D73 A-VC-D73 B)", "km_from_start": 147.8, "elevation_m": 467.47}}, {"type": "Feature", "geometry": {"type": "Point", "coordinates": [5.451064771, 45.3543789]}, "properties": {"stage": 17, "label": "D73 B Mi-Plaine (D73 B-D1085) (IZEAUX)", "km_from_start": 152.9, "elevation_m": 443.37}}, {"type": "Feature", "geometry": {"type": "Point", "coordinates": [5.496284898, 45.346271275]}, "properties": {"stage": 17, "label": "D1085 BEAUCROISSANT (pr\u00e8s)", "km_from_start": 157.3, "elevation_m": 430.23}}, {"type": "Feature", "geometry": {"type": "Point", "coordinates": [5.520329457, 45.344368428]}, "properties": {"stage": 17, "label": "RIVES (pr\u00e8s)", "km_from_start": 159.6, "elevation_m": 355.98}}, {"type": "Feature", "geometry": {"type": "Point", "coordinates": [5.533958986, 45.341147585]}, "properties": {"stage": 17, "label": "CHARN\u00c8CLES (pr\u00e8s)", "km_from_start": 160.9, "elevation_m": 379.89}}, {"type": "Feature", "geometry": {"type": "Point", "coordinates": [5.568306811, 45.330281132]}, "properties": {"stage": 17, "label": "MOIRANS (pr\u00e8s)", "km_from_start": 164.3, "elevation_m": 224.28}}, {"type": "Feature", "geometry": {"type": "Point", "coordinates": [5.588095657, 45.327504942]}, "properties": {"stage": 17, "label": "L'Archat (D1085-D128 B-D120) (SAINT-JEAN-DE-MOIRANS)", "km_from_start": 166.3, "elevation_m": 193.02}}, {"type": "Feature", "geometry": {"type": "Point", "coordinates": [5.599491984, 45.330814812]}, "properties": {"stage": 17, "label": "D120 Le Gay (SAINT-JEAN-DE-MOIRANS, LA BUISSE)", "km_from_start": 167.4, "elevation_m": 195.1}}, {"type": "Feature", "geometry": {"type": "Point", "coordinates": [5.611327723, 45.331431838]}, "properties": {"stage": 17, "label": "Carrefour D120-D121", "km_from_start": 168.5, "elevation_m": 194.42}}, {"type": "Feature", "geometry": {"type": "Point", "coordinates": [5.618356658, 45.33740874]}, "properties": {"stage": 17, "label": "D121 LA BUISSE (pr\u00e8s) (D121-D1075)", "km_from_start": 169.4, "elevation_m": 217.6}}, {"type": "Feature", "geometry": {"type": "Point", "coordinates": [5.601264854, 45.345550332]}, "properties": {"stage": 17, "label": "La Commanderie (SAINT-JEAN-DE-MOIRANS)", "km_from_start": 171.2, "elevation_m": 282.52}}, {"type": "Feature", "geometry": {"type": "Point", "coordinates": [5.594670734, 45.348131573]}, "properties": {"stage": 17, "label": "COUBLEVIE", "km_from_start": 171.9, "elevation_m": 299.69}}, {"type": "Feature", "geometry": {"type": "Point", "coordinates": [5.600892281, 45.358990291]}, "properties": {"stage": 17, "label": "VOIRON (D1075-VC) (entr\u00e9e)", "km_from_start": 173.1, "elevation_m": 288.31}}, {"type": "Feature", "geometry": {"type": "Point", "coordinates": [5.5911077, 45.3665684]}, "properties": {"stage": 17, "label": "VC VOIRON", "km_from_start": 174.7, "elevation_m": 289.56}}, {"type": "Feature", "geometry": {"type": "Point", "coordinates": [5.5183009, 45.3174368]}, "properties": {"stage": 18, "label": "VOIRON", "km_from_start": 0.0, "elevation_m": 197.26}}, {"type": "Feature", "geometry": {"type": "Point", "coordinates": [5.5183009, 45.3174368]}, "properties": {"stage": 18, "label": "D1092 VOUREY", "km_from_start": 0.0, "elevation_m": 197.26}}, {"type": "Feature", "geometry": {"type": "Point", "coordinates": [5.5183009, 45.3174368]}, "properties": {"stage": 18, "label": "MOIRANS (D592-D1092)", "km_from_start": 0.0, "elevation_m": 197.26}}, {"type": "Feature", "geometry": {"type": "Point", "coordinates": [5.5183009, 45.3174368]}, "properties": {"stage": 18, "label": "La Patini\u00e8re", "km_from_start": 0.0, "elevation_m": 197.26}}, {"type": "Feature", "geometry": {"type": "Point", "coordinates": [5.5183009, 45.3174368]}, "properties": {"stage": 18, "label": "VOIRON", "km_from_start": 0.0, "elevation_m": 197.26}}, {"type": "Feature", "geometry": {"type": "Point", "coordinates": [5.5183009, 45.3174368]}, "properties": {"stage": 18, "label": "D592 SAINT-JEAN-DE-MOIRANS", "km_from_start": 0.0, "elevation_m": 197.26}}, {"type": "Feature", "geometry": {"type": "Point", "coordinates": [5.5183009, 45.3174368]}, "properties": {"stage": 18, "label": "VC VOIRON (VC-D592)", "km_from_start": 0.0, "elevation_m": 197.26}}, {"type": "Feature", "geometry": {"type": "Point", "coordinates": [5.50568826, 45.311511477]}, "properties": {"stage": 18, "label": "TULLINS-FURES (D1092-D45 A-D45)", "km_from_start": 1.3, "elevation_m": 196.29}}, {"type": "Feature", "geometry": {"type": "Point", "coordinates": [5.527565909, 45.28591548]}, "properties": {"stage": 18, "label": "D45 SAINT-QUENTIN-SUR-IS\u00c8RE (D45-D1532)", "km_from_start": 7.1, "elevation_m": 183.88}}, {"type": "Feature", "geometry": {"type": "Point", "coordinates": [5.582103589, 45.293039417]}, "properties": {"stage": 18, "label": "D1532 L'\u00c9chaillon", "km_from_start": 12.5, "elevation_m": 196.21}}, {"type": "Feature", "geometry": {"type": "Point", "coordinates": [5.617804943, 45.279547792]}, "properties": {"stage": 18, "label": "VEUREY-VOROIZE (pr\u00e8s)", "km_from_start": 17.3, "elevation_m": 196.09}}, {"type": "Feature", "geometry": {"type": "Point", "coordinates": [5.618860118, 45.273199447]}, "properties": {"stage": 18, "label": "Actipole", "km_from_start": 17.9, "elevation_m": 195.36}}, {"type": "Feature", "geometry": {"type": "Point", "coordinates": [5.629609753, 45.253392119]}, "properties": {"stage": 18, "label": "NOYAREY", "km_from_start": 20.1, "elevation_m": 196.32}}, {"type": "Feature", "geometry": {"type": "Point", "coordinates": [5.640414527, 45.235033885]}, "properties": {"stage": 18, "label": "Pra-Paris", "km_from_start": 22.3, "elevation_m": 199.21}}, {"type": "Feature", "geometry": {"type": "Point", "coordinates": [5.653175294, 45.227124548]}, "properties": {"stage": 18, "label": "SASSENAGE (D1532-D531)", "km_from_start": 23.7, "elevation_m": 200.98}}, {"type": "Feature", "geometry": {"type": "Point", "coordinates": [5.649912558, 45.219842558]}, "properties": {"stage": 18, "label": "D531 Les C\u00f4tes", "km_from_start": 27.8, "elevation_m": 359.44}}, {"type": "Feature", "geometry": {"type": "Point", "coordinates": [5.640434227, 45.218484793]}, "properties": {"stage": 18, "label": "Les Grandes C\u00f4tes", "km_from_start": 30.0, "elevation_m": 477.38}}, {"type": "Feature", "geometry": {"type": "Point", "coordinates": [5.63698447, 45.204187076]}, "properties": {"stage": 18, "label": "Laliarey le Bas", "km_from_start": 31.7, "elevation_m": 580.38}}, {"type": "Feature", "geometry": {"type": "Point", "coordinates": [5.618872231, 45.177577169]}, "properties": {"stage": 18, "label": "ENGINS", "km_from_start": 36.7, "elevation_m": 843.56}}, {"type": "Feature", "geometry": {"type": "Point", "coordinates": [5.618872231, 45.177577169]}, "properties": {"stage": 18, "label": "C\u00f4te d'Engins", "km_from_start": 36.7, "elevation_m": 843.56}}, {"type": "Feature", "geometry": {"type": "Point", "coordinates": [5.589958322, 45.14088313]}, "properties": {"stage": 18, "label": "L'Olette", "km_from_start": 41.5, "elevation_m": 928.39}}, {"type": "Feature", "geometry": {"type": "Point", "coordinates": [5.583867453, 45.129668677]}, "properties": {"stage": 18, "label": "LANS-EN-VERCORS (D531-D106)", "km_from_start": 43.0, "elevation_m": 995.93}}, {"type": "Feature", "geometry": {"type": "Point", "coordinates": [5.605504404, 45.135523908]}, "properties": {"stage": 18, "label": "D106 La Chenevarie", "km_from_start": 45.6, "elevation_m": 1060.9}}, {"type": "Feature", "geometry": {"type": "Point", "coordinates": [5.618386079, 45.158827181]}, "properties": {"stage": 18, "label": "Les Volants", "km_from_start": 49.7, "elevation_m": 1129.94}}, {"type": "Feature", "geometry": {"type": "Point", "coordinates": [5.631512718, 45.172452104]}, "properties": {"stage": 18, "label": "SAINT-NIZIER-DU-MOUCHEROTTE", "km_from_start": 52.3, "elevation_m": 1167.73}}, {"type": "Feature", "geometry": {"type": "Point", "coordinates": [5.663556973, 45.173130226]}, "properties": {"stage": 18, "label": "Pariset (SEYSSINET-PARISET)", "km_from_start": 59.0, "elevation_m": 745.18}}, {"type": "Feature", "geometry": {"type": "Point", "coordinates": [5.66875, 45.164689715]}, "properties": {"stage": 18, "label": "La Tour Sans Venin", "km_from_start": 60.1, "elevation_m": 664.99}}, {"type": "Feature", "geometry": {"type": "Point", "coordinates": [5.676909244, 45.159528963]}, "properties": {"stage": 18, "label": "SEYSSINS (D106-D106 D)", "km_from_start": 63.1, "elevation_m": 468.93}}, {"type": "Feature", "geometry": {"type": "Point", "coordinates": [5.676247324, 45.121068662]}, "properties": {"stage": 18, "label": "D106 D CLAIX (D106 D-D269)", "km_from_start": 67.9, "elevation_m": 406.11}}, {"type": "Feature", "geometry": {"type": "Point", "coordinates": [5.688565714, 45.110217153]}, "properties": {"stage": 18, "label": "D269 CLAIX-Le Pont Rouge (D269-D1075)", "km_from_start": 70.6, "elevation_m": 245.5}}, {"type": "Feature", "geometry": {"type": "Point", "coordinates": [5.683742879, 45.095583324]}, "properties": {"stage": 18, "label": "D1075 VARCES ALLI\u00c8RES ET RISSET", "km_from_start": 72.1, "elevation_m": 248.75}}, {"type": "Feature", "geometry": {"type": "Point", "coordinates": [5.685551039, 45.048376935]}, "properties": {"stage": 18, "label": "VIF (D1075-D63)", "km_from_start": 78.1, "elevation_m": 299.99}}, {"type": "Feature", "geometry": {"type": "Point", "coordinates": [5.703979951, 45.035399135]}, "properties": {"stage": 18, "label": "D63 SAINT-GEORGES-DE-COMMIERS-Gare (D63-D529)", "km_from_start": 81.6, "elevation_m": 304.31}}, {"type": "Feature", "geometry": {"type": "Point", "coordinates": [5.705584791, 45.020491444]}, "properties": {"stage": 18, "label": "D529 SAINT-GEORGES-DE-COMMIERS", "km_from_start": 83.2, "elevation_m": 383.02}}, {"type": "Feature", "geometry": {"type": "Point", "coordinates": [5.701896187, 45.013156543]}, "properties": {"stage": 18, "label": "Hameau de Saint-Pierre", "km_from_start": 84.1, "elevation_m": 411.11}}, {"type": "Feature", "geometry": {"type": "Point", "coordinates": [5.697442074, 44.992580287]}, "properties": {"stage": 18, "label": "NOTRE-DAME-DE-COMMIERS", "km_from_start": 86.3, "elevation_m": 485.41}}, {"type": "Feature", "geometry": {"type": "Point", "coordinates": [5.70975144, 44.961998683]}, "properties": {"stage": 18, "label": "MONTEYNARD-Les Ripeaux", "km_from_start": 90.4, "elevation_m": 734.33}}, {"type": "Feature", "geometry": {"type": "Point", "coordinates": [5.714044326, 44.961909036]}, "properties": {"stage": 18, "label": "Les Blais (MONTEYNARD)", "km_from_start": 90.8, "elevation_m": 753.93}}, {"type": "Feature", "geometry": {"type": "Point", "coordinates": [5.723048659, 44.966120163]}, "properties": {"stage": 18, "label": "MONTEYNARD-La Ville", "km_from_start": 91.9, "elevation_m": 812.4}}, {"type": "Feature", "geometry": {"type": "Point", "coordinates": [5.72581103, 44.967400034]}, "properties": {"stage": 18, "label": "C\u00f4te de Monteynard", "km_from_start": 92.2, "elevation_m": 832.96}}, {"type": "Feature", "geometry": {"type": "Point", "coordinates": [5.738308952, 44.961817107]}, "properties": {"stage": 18, "label": "Le Mollard (LA MOTTE-SAINT-MARTIN)", "km_from_start": 94.1, "elevation_m": 858.63}}, {"type": "Feature", "geometry": {"type": "Point", "coordinates": [5.74592786, 44.961281485]}, "properties": {"stage": 18, "label": "Au-Cours (LA MOTTE-SAINT-MARTIN)", "km_from_start": 94.9, "elevation_m": 834.96}}, {"type": "Feature", "geometry": {"type": "Point", "coordinates": [5.75704914, 44.951890616]}, "properties": {"stage": 18, "label": "LA MOTTE-D'AVEILLANS", "km_from_start": 96.3, "elevation_m": 840.01}}, {"type": "Feature", "geometry": {"type": "Point", "coordinates": [5.770952999, 44.935026288]}, "properties": {"stage": 18, "label": "La Festini\u00e8re (LA MOTTE-D'AVEILLANS) (entr\u00e9e)", "km_from_start": 98.5, "elevation_m": 954.89}}, {"type": "Feature", "geometry": {"type": "Point", "coordinates": [5.771906533, 44.933096934]}, "properties": {"stage": 18, "label": "La Festini\u00e8re (PIERRE-CH\u00c2TEL)", "km_from_start": 98.7, "elevation_m": 954.89}}, {"type": "Feature", "geometry": {"type": "Point", "coordinates": [5.775330262, 44.928978479]}, "properties": {"stage": 18, "label": "Le Collet (PIERRE-CH\u00c2TEL)", "km_from_start": 99.2, "elevation_m": 952.84}}, {"type": "Feature", "geometry": {"type": "Point", "coordinates": [5.779368315, 44.923031709]}, "properties": {"stage": 18, "label": "Passage \u00e0 niveau N\u00b0 11.", "km_from_start": 99.9, "elevation_m": 932.05}}, {"type": "Feature", "geometry": {"type": "Point", "coordinates": [5.780545635, 44.918890551]}, "properties": {"stage": 18, "label": "Le Crey (SUSVILLE)", "km_from_start": 100.3, "elevation_m": 910.56}}, {"type": "Feature", "geometry": {"type": "Point", "coordinates": [5.783977347, 44.910281039]}, "properties": {"stage": 18, "label": "Les Mouti\u00e8res (SUSVILLE)", "km_from_start": 101.2, "elevation_m": 892.03}}, {"type": "Feature", "geometry": {"type": "Point", "coordinates": [5.787541195, 44.90552494]}, "properties": {"stage": 18, "label": "Le Villaret (SUSVILLE)", "km_from_start": 102.0, "elevation_m": 891.67}}, {"type": "Feature", "geometry": {"type": "Point", "coordinates": [5.798893282, 44.901756641]}, "properties": {"stage": 18, "label": "SUSVILLE-Nantizon", "km_from_start": 103.3, "elevation_m": 884.28}}, {"type": "Feature", "geometry": {"type": "Point", "coordinates": [5.805367385, 44.898725286]}, "properties": {"stage": 18, "label": "LA MURE (D529-D1085-D1085 F-D1085)", "km_from_start": 104.0, "elevation_m": 882.39}}, {"type": "Feature", "geometry": {"type": "Point", "coordinates": [5.816456979, 44.899330476]}, "properties": {"stage": 18, "label": "D1085 Le Crozet (SOUSVILLE)", "km_from_start": 106.7, "elevation_m": 793.3}}, {"type": "Feature", "geometry": {"type": "Point", "coordinates": [5.825575266, 44.885500563]}, "properties": {"stage": 18, "label": "Pont Haut (SOUSVILLE)", "km_from_start": 109.3, "elevation_m": 609.08}}, {"type": "Feature", "geometry": {"type": "Point", "coordinates": [5.828227836, 44.878265661]}, "properties": {"stage": 18, "label": "Charlaix (SAINT-LAURENT-EN-BEAUMONT)", "km_from_start": 110.1, "elevation_m": 650.01}}, {"type": "Feature", "geometry": {"type": "Point", "coordinates": [5.843588746, 44.868890715]}, "properties": {"stage": 18, "label": "Les Terrasses (SAINT-LAURENT-EN-BEAUMONT)", "km_from_start": 112.0, "elevation_m": 775.1}}, {"type": "Feature", "geometry": {"type": "Point", "coordinates": [5.851339861, 44.865228181]}, "properties": {"stage": 18, "label": "C\u00f4te des Terrasses", "km_from_start": 112.8, "elevation_m": 828.23}}, {"type": "Feature", "geometry": {"type": "Point", "coordinates": [5.859642209, 44.863847975]}, "properties": {"stage": 18, "label": "Les \u00c9gats (SAINT-LAURENT-EN-BEAUMONT)", "km_from_start": 113.6, "elevation_m": 844.55}}, {"type": "Feature", "geometry": {"type": "Point", "coordinates": [5.858417178, 44.850346773]}, "properties": {"stage": 18, "label": "Les Allauves (LA SALLE-EN-BEAUMONT)", "km_from_start": 115.8, "elevation_m": 794.27}}, {"type": "Feature", "geometry": {"type": "Point", "coordinates": [5.861427203, 44.846029778]}, "properties": {"stage": 18, "label": "LA SALLE-EN-BEAUMONT", "km_from_start": 116.3, "elevation_m": 758.49}}, {"type": "Feature", "geometry": {"type": "Point", "coordinates": [5.879474677, 44.836664872]}, "properties": {"stage": 18, "label": "Les Marcoux (LA SALLE-EN-BEAUMONT)", "km_from_start": 118.3, "elevation_m": 845.63}}, {"type": "Feature", "geometry": {"type": "Point", "coordinates": [5.901911024, 44.83308556]}, "properties": {"stage": 18, "label": "QUET-EN-BEAUMONT", "km_from_start": 120.6, "elevation_m": 909.86}}, {"type": "Feature", "geometry": {"type": "Point", "coordinates": [5.938442883, 44.824695233]}, "properties": {"stage": 18, "label": "Le Cardaire (LES C\u00d4TES-DE-CORPS)", "km_from_start": 125.0, "elevation_m": 910.1}}, {"type": "Feature", "geometry": {"type": "Point", "coordinates": [5.954557913, 44.805658986]}, "properties": {"stage": 18, "label": "CORPS", "km_from_start": 129.0, "elevation_m": 911.18}}, {"type": "Feature", "geometry": {"type": "Point", "coordinates": [5.955543804, 44.805478888]}, "properties": {"stage": 18, "label": "CORPS", "km_from_start": 129.1, "elevation_m": 911.18}}, {"type": "Feature", "geometry": {"type": "Point", "coordinates": [5.983773615, 44.782595963]}, "properties": {"stage": 18, "label": "N85 ASPRES-L\u00c8S-CORPS (pr\u00e8s)", "km_from_start": 133.2, "elevation_m": 895.15}}, {"type": "Feature", "geometry": {"type": "Point", "coordinates": [5.991276593, 44.776684578]}, "properties": {"stage": 18, "label": "Le Motty (ASPRES-L\u00c8S-CORPS, SAINT-FIRMIN)", "km_from_start": 134.2, "elevation_m": 805.23}}, {"type": "Feature", "geometry": {"type": "Point", "coordinates": [6.009209395, 44.77727]}, "properties": {"stage": 18, "label": "La Trinit\u00e9 (SAINT-FIRMIN)", "km_from_start": 135.9, "elevation_m": 800.15}}, {"type": "Feature", "geometry": {"type": "Point", "coordinates": [6.006181406, 44.738850463]}, "properties": {"stage": 18, "label": "Chauffayer (AUBESSAGNE)", "km_from_start": 141.8, "elevation_m": 911.06}}, {"type": "Feature", "geometry": {"type": "Point", "coordinates": [6.026521776, 44.715737384]}, "properties": {"stage": 18, "label": "La Guinguette (LE NOYER)", "km_from_start": 145.1, "elevation_m": 853.52}}, {"type": "Feature", "geometry": {"type": "Point", "coordinates": [6.058487432, 44.697518919]}, "properties": {"stage": 18, "label": "Les Basses-Barraques (POLIGNY)", "km_from_start": 148.6, "elevation_m": 906.47}}, {"type": "Feature", "geometry": {"type": "Point", "coordinates": [6.074589152, 44.672589991]}, "properties": {"stage": 18, "label": "L'Estiquaire (POLIGNY)", "km_from_start": 151.4, "elevation_m": 942.26}}, {"type": "Feature", "geometry": {"type": "Point", "coordinates": [6.084286216, 44.66007928]}, "properties": {"stage": 18, "label": "LA FARE-EN-CHAMPSAUR-Les Barraques", "km_from_start": 152.9, "elevation_m": 961.08}}, {"type": "Feature", "geometry": {"type": "Point", "coordinates": [6.094423178, 44.649535416]}, "properties": {"stage": 18, "label": "Bonnette (LA FARE-EN-CHAMPSAUR)", "km_from_start": 154.5, "elevation_m": 979.58}}, {"type": "Feature", "geometry": {"type": "Point", "coordinates": [6.099387556, 44.647709968]}, "properties": {"stage": 18, "label": "Brutinel (LAYE)", "km_from_start": 155.0, "elevation_m": 998.48}}, {"type": "Feature", "geometry": {"type": "Point", "coordinates": [6.10996817, 44.647275173]}, "properties": {"stage": 18, "label": "Carrefour N85-D14", "km_from_start": 156.0, "elevation_m": 1037.65}}, {"type": "Feature", "geometry": {"type": "Point", "coordinates": [6.12175224, 44.646256285]}, "properties": {"stage": 18, "label": "D14 Le Cros (SAINT-LAURENT-DU-CROS)", "km_from_start": 157.1, "elevation_m": 1056.44}}, {"type": "Feature", "geometry": {"type": "Point", "coordinates": [6.132360974, 44.645094482]}, "properties": {"stage": 18, "label": "SAINT-LAURENT-DU-CROS (pr\u00e8s) (D14-D114)", "km_from_start": 158.1, "elevation_m": 1059.7}}, {"type": "Feature", "geometry": {"type": "Point", "coordinates": [6.148787814, 44.641189411]}, "properties": {"stage": 18, "label": "D114 FOREST-SAINT-JULIEN", "km_from_start": 159.9, "elevation_m": 1045.05}}, {"type": "Feature", "geometry": {"type": "Point", "coordinates": [6.163767562, 44.642293146]}, "properties": {"stage": 18, "label": "Pont de Frappe (D114-D944) (FOREST-SAINT-JUILEN)", "km_from_start": 161.3, "elevation_m": 1072.17}}, {"type": "Feature", "geometry": {"type": "Point", "coordinates": [6.173504672, 44.640743467]}, "properties": {"stage": 18, "label": "D944 La Basse Plaine (CHABOTTES)", "km_from_start": 162.6, "elevation_m": 1051.28}}, {"type": "Feature", "geometry": {"type": "Point", "coordinates": [6.182698509, 44.642163042]}, "properties": {"stage": 18, "label": "La Haute Plaine (D944-D113) (CHABOTTES)", "km_from_start": 163.5, "elevation_m": 1055.4}}, {"type": "Feature", "geometry": {"type": "Point", "coordinates": [6.20731242, 44.649574938]}, "properties": {"stage": 18, "label": "D113 SAINT-L\u00c9GER-LES-M\u00c9L\u00c8ZES (D113-D13)", "km_from_start": 166.1, "elevation_m": 1222.52}}, {"type": "Feature", "geometry": {"type": "Point", "coordinates": [6.208274773, 44.650044569]}, "properties": {"stage": 18, "label": "C\u00f4te de Saint-L\u00e9ger-les-M\u00e9l\u00e8zes", "km_from_start": 166.2, "elevation_m": 1231.65}}, {"type": "Feature", "geometry": {"type": "Point", "coordinates": [6.221446509, 44.659967681]}, "properties": {"stage": 18, "label": "D13 Les Forests", "km_from_start": 167.8, "elevation_m": 1203.16}}, {"type": "Feature", "geometry": {"type": "Point", "coordinates": [6.229508878, 44.667343402]}, "properties": {"stage": 18, "label": "Les Arieys (SAINT-JEAN-SAINT-NICOLAS)", "km_from_start": 168.9, "elevation_m": 1157.77}}, {"type": "Feature", "geometry": {"type": "Point", "coordinates": [6.239736398, 44.670570801]}, "properties": {"stage": 18, "label": "Pont-du-Foss\u00e9 (D13-D944) (SAINT-JEAN-SAINT-NICOLAS)", "km_from_start": 169.9, "elevation_m": 1128.86}}, {"type": "Feature", "geometry": {"type": "Point", "coordinates": [6.24861835, 44.674338253]}, "properties": {"stage": 18, "label": "D944 Les Foulons (SAINT-JEAN-SAINT-NICOLAS)", "km_from_start": 170.8, "elevation_m": 1130.57}}, {"type": "Feature", "geometry": {"type": "Point", "coordinates": [6.256320335, 44.680175307]}, "properties": {"stage": 18, "label": "Le Villaret (SAINT-JEAN-SAINT-NICOLAS)", "km_from_start": 171.7, "elevation_m": 1143.2}}, {"type": "Feature", "geometry": {"type": "Point", "coordinates": [6.276101726, 44.68644]}, "properties": {"stage": 18, "label": "Pont de Corbi\u00e8res (CHAMPOL\u00c9ON)", "km_from_start": 174.0, "elevation_m": 1185.42}}, {"type": "Feature", "geometry": {"type": "Point", "coordinates": [6.283047789, 44.684312362]}, "properties": {"stage": 18, "label": "Les Garnauds (CHAMPOL\u00c9ON)", "km_from_start": 174.7, "elevation_m": 1185.81}}, {"type": "Feature", "geometry": {"type": "Point", "coordinates": [6.289151177, 44.682467511]}, "properties": {"stage": 18, "label": "Laye (CHAMPOL\u00c9ON)", "km_from_start": 175.3, "elevation_m": 1213.39}}, {"type": "Feature", "geometry": {"type": "Point", "coordinates": [6.31851077, 44.682981539]}, "properties": {"stage": 18, "label": "Bousenayes", "km_from_start": 178.1, "elevation_m": 1345.7}}, {"type": "Feature", "geometry": {"type": "Point", "coordinates": [6.324868544, 44.684254839]}, "properties": {"stage": 18, "label": "ORCI\u00c8RES (D944-D76)", "km_from_start": 179.0, "elevation_m": 1394.7}}, {"type": "Feature", "geometry": {"type": "Point", "coordinates": [6.322024564, 44.691182069]}, "properties": {"stage": 18, "label": "D76 Les Veyers", "km_from_start": 182.5, "elevation_m": 1639.23}}, {"type": "Feature", "geometry": {"type": "Point", "coordinates": [6.314362977, 44.690997234]}, "properties": {"stage": 18, "label": "Les Plautus", "km_from_start": 183.7, "elevation_m": 1732.26}}, {"type": "Feature", "geometry": {"type": "Point", "coordinates": [6.31653579, 44.693150967]}, "properties": {"stage": 18, "label": "Merlette (D76-VC)", "km_from_start": 184.5, "elevation_m": 1794.79}}, {"type": "Feature", "geometry": {"type": "Point", "coordinates": [6.3220935, 44.6966748]}, "properties": {"stage": 18, "label": "VC ORCI\u00c8RES-MERLETTE (1 825 m)", "km_from_start": 185.2, "elevation_m": 1818.73}}, {"type": "Feature", "geometry": {"type": "Point", "coordinates": [6.0822395, 44.5787431]}, "properties": {"stage": 19, "label": "VC GAP (VC-N85-VC-N85-VC-N85)", "km_from_start": 0.0, "elevation_m": 889.85}}, {"type": "Feature", "geometry": {"type": "Point", "coordinates": [6.0822395, 44.5787431]}, "properties": {"stage": 19, "label": "Passage \u00e0 niveau N\u00b0 20.", "km_from_start": 0.0, "elevation_m": 889.85}}, {"type": "Feature", "geometry": {"type": "Point", "coordinates": [6.0822395, 44.5787431]}, "properties": {"stage": 19, "label": "N85 GAP", "km_from_start": 0.0, "elevation_m": 889.85}}, {"type": "Feature", "geometry": {"type": "Point", "coordinates": [6.080843107, 44.611946415]}, "properties": {"stage": 19, "label": "Col Bayard", "km_from_start": 4.8, "elevation_m": 1239.77}}, {"type": "Feature", "geometry": {"type": "Point", "coordinates": [6.078947325, 44.66808866]}, "properties": {"stage": 19, "label": "Brutinel (LAYE)", "km_from_start": 10.4, "elevation_m": 1002.2}}, {"type": "Feature", "geometry": {"type": "Point", "coordinates": [6.073780861, 44.673484661]}, "properties": {"stage": 19, "label": "Bonnette (LA FARE-EN-CHAMPSAUR)", "km_from_start": 11.1, "elevation_m": 987.18}}, {"type": "Feature", "geometry": {"type": "Point", "coordinates": [6.066970534, 44.682775134]}, "properties": {"stage": 19, "label": "LA FARE-EN-CHAMPSAUR-Les Barraques", "km_from_start": 12.2, "elevation_m": 974.04}}, {"type": "Feature", "geometry": {"type": "Point", "coordinates": [6.056647862, 44.689655154]}, "properties": {"stage": 19, "label": "Carrefour N85-D17", "km_from_start": 13.4, "elevation_m": 960.38}}, {"type": "Feature", "geometry": {"type": "Point", "coordinates": [6.040022176, 44.693864663]}, "properties": {"stage": 19, "label": "D17 POLIGNY", "km_from_start": 15.1, "elevation_m": 1057.11}}, {"type": "Feature", "geometry": {"type": "Point", "coordinates": [6.01102, 44.694775811]}, "properties": {"stage": 19, "label": "LE NOYER-Le Marthouret (pr\u00e8s) (D17-VC)", "km_from_start": 18.5, "elevation_m": 1098.56}}, {"type": "Feature", "geometry": {"type": "Point", "coordinates": [6.011877138, 44.692327138]}, "properties": {"stage": 19, "label": "VC Le Villard (VC-D817) (LE NOYER)", "km_from_start": 18.8, "elevation_m": 1118.69}}, {"type": "Feature", "geometry": {"type": "Point", "coordinates": [6.009863067, 44.69187]}, "properties": {"stage": 19, "label": "D817 Carrefour D817-D17", "km_from_start": 19.0, "elevation_m": 1124.01}}, {"type": "Feature", "geometry": {"type": "Point", "coordinates": [5.976752166, 44.696163934]}, "properties": {"stage": 19, "label": "Col du Noyer", "km_from_start": 25.2, "elevation_m": 1659.64}}, {"type": "Feature", "geometry": {"type": "Point", "coordinates": [5.955900679, 44.680112857]}, "properties": {"stage": 19, "label": "Truziaud (D\u00c9VOLUY)", "km_from_start": 29.9, "elevation_m": 1392.12}}, {"type": "Feature", "geometry": {"type": "Point", "coordinates": [5.949598931, 44.681866183]}, "properties": {"stage": 19, "label": "Le Fourniel (D\u00c9VOLUY)", "km_from_start": 31.2, "elevation_m": 1333.84}}, {"type": "Feature", "geometry": {"type": "Point", "coordinates": [5.941865225, 44.691816512]}, "properties": {"stage": 19, "label": "Saint-\u00c9tienne-en-D\u00e9voluy (D\u00c9VOLUY)", "km_from_start": 32.4, "elevation_m": 1283.28}}, {"type": "Feature", "geometry": {"type": "Point", "coordinates": [5.923198182, 44.705417955]}, "properties": {"stage": 19, "label": "Carrefour D17-D117", "km_from_start": 34.8, "elevation_m": 1213.15}}, {"type": "Feature", "geometry": {"type": "Point", "coordinates": [5.917958193, 44.710226323]}, "properties": {"stage": 19, "label": "D117 Giers Le Courtil (D\u00c9VOLUY)", "km_from_start": 35.5, "elevation_m": 1231.12}}, {"type": "Feature", "geometry": {"type": "Point", "coordinates": [5.893307215, 44.736621908]}, "properties": {"stage": 19, "label": "Saint-Disdier (D117-D937) (D\u00c9VOLUY)", "km_from_start": 39.5, "elevation_m": 1042.78}}, {"type": "Feature", "geometry": {"type": "Point", "coordinates": [5.884778368, 44.75539751]}, "properties": {"stage": 19, "label": "D937 Tunnel de la Beaume (D\u00c9VOLUY)", "km_from_start": 41.9, "elevation_m": 985.19}}, {"type": "Feature", "geometry": {"type": "Point", "coordinates": [5.88508778, 44.759962238]}, "properties": {"stage": 19, "label": "D537 Pont de la Beaume (PELLAFOL)", "km_from_start": 42.4, "elevation_m": 917.04}}, {"type": "Feature", "geometry": {"type": "Point", "coordinates": [5.907452815, 44.778005848]}, "properties": {"stage": 19, "label": "La Posterle (PELLAFOL)", "km_from_start": 46.1, "elevation_m": 964.34}}, {"type": "Feature", "geometry": {"type": "Point", "coordinates": [5.911414301, 44.80964098]}, "properties": {"stage": 19, "label": "Les Payas (PELLAFOL)", "km_from_start": 49.1, "elevation_m": 929.56}}, {"type": "Feature", "geometry": {"type": "Point", "coordinates": [5.919336906, 44.81815346]}, "properties": {"stage": 19, "label": "Le Sautet (PELLAFOL)", "km_from_start": 51.8, "elevation_m": 823.17}}, {"type": "Feature", "geometry": {"type": "Point", "coordinates": [5.922524856, 44.818198301]}, "properties": {"stage": 19, "label": "Barrage du Sautet (PELLAFOL)", "km_from_start": 52.1, "elevation_m": 803.4}}, {"type": "Feature", "geometry": {"type": "Point", "coordinates": [5.951979586, 44.823113004]}, "properties": {"stage": 19, "label": "CORPS (D537-D1085)", "km_from_start": 55.4, "elevation_m": 924.98}}, {"type": "Feature", "geometry": {"type": "Point", "coordinates": [5.912985183, 44.833459846]}, "properties": {"stage": 19, "label": "D1085 LES C\u00d4TES-DE-CORPS (pr\u00e8s)", "km_from_start": 59.7, "elevation_m": 920.87}}, {"type": "Feature", "geometry": {"type": "Point", "coordinates": [5.873379283, 44.840766406]}, "properties": {"stage": 19, "label": "QUET-EN-BEAUMONT", "km_from_start": 64.2, "elevation_m": 904.22}}, {"type": "Feature", "geometry": {"type": "Point", "coordinates": [5.858437854, 44.853697234]}, "properties": {"stage": 19, "label": "Les Marcoux", "km_from_start": 66.3, "elevation_m": 862.32}}, {"type": "Feature", "geometry": {"type": "Point", "coordinates": [5.863657517, 44.862130965]}, "properties": {"stage": 19, "label": "LA SALLE-EN-BEAUMONT", "km_from_start": 67.5, "elevation_m": 815.51}}, {"type": "Feature", "geometry": {"type": "Point", "coordinates": [5.837101988, 44.875987923]}, "properties": {"stage": 19, "label": "Les \u00c9gats (SAINT-LAURENT-EN-BEAUMONT)", "km_from_start": 70.8, "elevation_m": 848.4}}, {"type": "Feature", "geometry": {"type": "Point", "coordinates": [5.827950615, 44.87904246]}, "properties": {"stage": 19, "label": "Carrefour D1085-D212 B", "km_from_start": 71.8, "elevation_m": 845.77}}, {"type": "Feature", "geometry": {"type": "Point", "coordinates": [5.837449421, 44.888708209]}, "properties": {"stage": 19, "label": "D212 B Les Miards (D212 B-D26 A) (SAINT-LAURENT-EN-BEAUMONT)", "km_from_start": 73.2, "elevation_m": 842.3}}, {"type": "Feature", "geometry": {"type": "Point", "coordinates": [5.858948362, 44.894600604]}, "properties": {"stage": 19, "label": "D26 A Carrefour D26 A-D526", "km_from_start": 76.1, "elevation_m": 698.45}}, {"type": "Feature", "geometry": {"type": "Point", "coordinates": [5.892242091, 44.896017259]}, "properties": {"stage": 19, "label": "D526 VALBONNAIS", "km_from_start": 79.7, "elevation_m": 779.57}}, {"type": "Feature", "geometry": {"type": "Point", "coordinates": [5.918537383, 44.897485906]}, "properties": {"stage": 19, "label": "Pont des Fayettes", "km_from_start": 82.4, "elevation_m": 737.58}}, {"type": "Feature", "geometry": {"type": "Point", "coordinates": [5.934933357, 44.90013]}, "properties": {"stage": 19, "label": "ENTRAIGUES", "km_from_start": 84.1, "elevation_m": 778.16}}, {"type": "Feature", "geometry": {"type": "Point", "coordinates": [5.960841308, 44.917943011]}, "properties": {"stage": 19, "label": "Les Doras (CHANTEP\u00c9RIER)", "km_from_start": 87.8, "elevation_m": 849.44}}, {"type": "Feature", "geometry": {"type": "Point", "coordinates": [5.970377925, 44.930219531]}, "properties": {"stage": 19, "label": "Le P\u00e9rier (entr\u00e9e) (CHANTEP\u00c9RIER)", "km_from_start": 89.3, "elevation_m": 885.53}}, {"type": "Feature", "geometry": {"type": "Point", "coordinates": [5.970898957, 44.931147913]}, "properties": {"stage": 19, "label": "LE P\u00c9RIER", "km_from_start": 89.4, "elevation_m": 893.09}}, {"type": "Feature", "geometry": {"type": "Point", "coordinates": [5.973900538, 44.936314101]}, "properties": {"stage": 19, "label": "Les Rambeaux (CHANTEP\u00c9RIER)", "km_from_start": 90.0, "elevation_m": 903.1}}, {"type": "Feature", "geometry": {"type": "Point", "coordinates": [5.965313006, 44.953768506]}, "properties": {"stage": 19, "label": "Les Daurens (CHANTEP\u00c9RIER)", "km_from_start": 91.9, "elevation_m": 967.34}}, {"type": "Feature", "geometry": {"type": "Point", "coordinates": [5.961325315, 44.968210745]}, "properties": {"stage": 19, "label": "La Chalp (CHANTEP\u00c9RIER)", "km_from_start": 93.5, "elevation_m": 1017.9}}, {"type": "Feature", "geometry": {"type": "Point", "coordinates": [5.965441922, 44.983248091]}, "properties": {"stage": 19, "label": "Chantelouve (CHANTEP\u00c9RIER)", "km_from_start": 95.3, "elevation_m": 1101.92}}, {"type": "Feature", "geometry": {"type": "Point", "coordinates": [5.969425102, 44.995870307]}, "properties": {"stage": 19, "label": "Les Siauds (CHANTEP\u00c9RIER)", "km_from_start": 97.6, "elevation_m": 1275.63}}, {"type": "Feature", "geometry": {"type": "Point", "coordinates": [5.967337184, 45.007738349]}, "properties": {"stage": 19, "label": "Col d'Ornon", "km_from_start": 99.2, "elevation_m": 1369.62}}, {"type": "Feature", "geometry": {"type": "Point", "coordinates": [5.974936784, 45.030907137]}, "properties": {"stage": 19, "label": "Le Rivier (ORNON)", "km_from_start": 102.3, "elevation_m": 1185.34}}, {"type": "Feature", "geometry": {"type": "Point", "coordinates": [5.980341439, 45.040805034]}, "properties": {"stage": 19, "label": "Pont des Oulles (ORNON)", "km_from_start": 104.3, "elevation_m": 1035.0}}, {"type": "Feature", "geometry": {"type": "Point", "coordinates": [5.989810863, 45.053454814]}, "properties": {"stage": 19, "label": "La Pallud (ORNON)", "km_from_start": 106.0, "elevation_m": 957.27}}, {"type": "Feature", "geometry": {"type": "Point", "coordinates": [6.014238116, 45.073464122]}, "properties": {"stage": 19, "label": "La Paute (D526-D1091) (LE BOURG-D'OISANS)", "km_from_start": 109.7, "elevation_m": 739.96}}, {"type": "Feature", "geometry": {"type": "Point", "coordinates": [6.027412446, 45.059768023]}, "properties": {"stage": 19, "label": "D1091 LE BOURG D'OISANS (D1091-D1091 B-D211)", "km_from_start": 111.6, "elevation_m": 718.06}}, {"type": "Feature", "geometry": {"type": "Point", "coordinates": [6.038947549, 45.069634596]}, "properties": {"stage": 19, "label": "D211 La Ferri\u00e8re (LE BOURG-D'OISANS)", "km_from_start": 114.2, "elevation_m": 722.83}}, {"type": "Feature", "geometry": {"type": "Point", "coordinates": [6.047404302, 45.071469535]}, "properties": {"stage": 19, "label": "LA GARDE-EN-OISANS", "km_from_start": 116.7, "elevation_m": 967.02}}, {"type": "Feature", "geometry": {"type": "Point", "coordinates": [6.048310344, 45.074972103]}, "properties": {"stage": 19, "label": "Ribot d'en Bas", "km_from_start": 118.2, "elevation_m": 1098.33}}, {"type": "Feature", "geometry": {"type": "Point", "coordinates": [6.051292263, 45.074151906]}, "properties": {"stage": 19, "label": "Le Ribot (HUEZ-EN-OISANS)", "km_from_start": 118.9, "elevation_m": 1149.85}}, {"type": "Feature", "geometry": {"type": "Point", "coordinates": [6.05568526, 45.080448693]}, "properties": {"stage": 19, "label": "Saint-Ferr\u00e9ol (HUEZ-EN-OISANS)", "km_from_start": 121.6, "elevation_m": 1385.26}}, {"type": "Feature", "geometry": {"type": "Point", "coordinates": [6.061572423, 45.081940101]}, "properties": {"stage": 19, "label": "HUEZ-Village", "km_from_start": 122.2, "elevation_m": 1435.58}}, {"type": "Feature", "geometry": {"type": "Point", "coordinates": [6.055864829, 45.091404193]}, "properties": {"stage": 19, "label": "ALPE D'HUEZ (D211-VC) (entr\u00e9e)", "km_from_start": 125.2, "elevation_m": 1686.07}}, {"type": "Feature", "geometry": {"type": "Point", "coordinates": [6.0712364, 45.0939955]}, "properties": {"stage": 19, "label": "VC ALPE D'HUEZ (1 850 m)", "km_from_start": 127.9, "elevation_m": 1834.83}}, {"type": "Feature", "geometry": {"type": "Point", "coordinates": [6.0095864, 45.0982318]}, "properties": {"stage": 20, "label": "D1091 La Paute", "km_from_start": 0.0, "elevation_m": 712.29}}, {"type": "Feature", "geometry": {"type": "Point", "coordinates": [6.0095864, 45.0982318]}, "properties": {"stage": 20, "label": "VC LE BOURG D'OISANS (VC-D1091 B-D1091)", "km_from_start": 0.0, "elevation_m": 712.29}}, {"type": "Feature", "geometry": {"type": "Point", "coordinates": [6.0095864, 45.0982318]}, "properties": {"stage": 20, "label": "LE BOURG D'OISANS", "km_from_start": 0.0, "elevation_m": 712.29}}, {"type": "Feature", "geometry": {"type": "Point", "coordinates": [6.007562545, 45.106831785]}, "properties": {"stage": 20, "label": "Les Sables", "km_from_start": 0.8, "elevation_m": 711.78}}, {"type": "Feature", "geometry": {"type": "Point", "coordinates": [6.006044478, 45.113282089]}, "properties": {"stage": 20, "label": "Rochetaill\u00e9e (D1091-D526)", "km_from_start": 1.4, "elevation_m": 711.63}}, {"type": "Feature", "geometry": {"type": "Point", "coordinates": [6.017301304, 45.119121662]}, "properties": {"stage": 20, "label": "D526 ALLEMOND", "km_from_start": 2.7, "elevation_m": 713.01}}, {"type": "Feature", "geometry": {"type": "Point", "coordinates": [6.047997837, 45.130295483]}, "properties": {"stage": 20, "label": "Viaduc de l'Eau d'Olle (ALLEMOND)", "km_from_start": 6.6, "elevation_m": 772.28}}, {"type": "Feature", "geometry": {"type": "Point", "coordinates": [6.049271143, 45.136636071]}, "properties": {"stage": 20, "label": "Le Roberand (pr\u00e8s) (OZ-EN-OISANS)", "km_from_start": 7.2, "elevation_m": 768.0}}, {"type": "Feature", "geometry": {"type": "Point", "coordinates": [6.053935527, 45.145671627]}, "properties": {"stage": 20, "label": "Le Verney (VAUJANY)", "km_from_start": 8.4, "elevation_m": 784.87}}, {"type": "Feature", "geometry": {"type": "Point", "coordinates": [6.035078182, 45.181695817]}, "properties": {"stage": 20, "label": "Articol (ALLEMOND)", "km_from_start": 12.4, "elevation_m": 995.08}}, {"type": "Feature", "geometry": {"type": "Point", "coordinates": [6.044648969, 45.207117939]}, "properties": {"stage": 20, "label": "Le Rivier-d'Allemond (ALLEMOND)", "km_from_start": 15.1, "elevation_m": 1256.99}}, {"type": "Feature", "geometry": {"type": "Point", "coordinates": [6.120777163, 45.208695433]}, "properties": {"stage": 20, "label": "Barrage de Grand'Maison (VAUJANY)", "km_from_start": 24.8, "elevation_m": 1698.99}}, {"type": "Feature", "geometry": {"type": "Point", "coordinates": [6.144119664, 45.226096303]}, "properties": {"stage": 20, "label": "D926 Rieu Claret (SAINT-COLOMBAN-DES-VILLARDS)", "km_from_start": 27.6, "elevation_m": 1777.36}}, {"type": "Feature", "geometry": {"type": "Point", "coordinates": [6.169909722, 45.234121921]}, "properties": {"stage": 20, "label": "Plan du Suel (SAINT-COLOMBAN-DES-VILLARDS)", "km_from_start": 30.1, "elevation_m": 1806.67}}, {"type": "Feature", "geometry": {"type": "Point", "coordinates": [6.179064727, 45.238939167]}, "properties": {"stage": 20, "label": "Col du Glandon (pr\u00e8s)", "km_from_start": 31.1, "elevation_m": 1900.87}}, {"type": "Feature", "geometry": {"type": "Point", "coordinates": [6.202917776, 45.227591112]}, "properties": {"stage": 20, "label": "Col de la Croix de Fer", "km_from_start": 33.7, "elevation_m": 2057.69}}, {"type": "Feature", "geometry": {"type": "Point", "coordinates": [6.219834032, 45.220858224]}, "properties": {"stage": 20, "label": "SAINT-SORLIN-D'ARVES", "km_from_start": 39.0, "elevation_m": 1653.2}}, {"type": "Feature", "geometry": {"type": "Point", "coordinates": [6.261248583, 45.208792205]}, "properties": {"stage": 20, "label": "Les Chambons (SAINT-JEAN-D'ARVES)", "km_from_start": 43.5, "elevation_m": 1411.32}}, {"type": "Feature", "geometry": {"type": "Point", "coordinates": [6.28447766, 45.193656991]}, "properties": {"stage": 20, "label": "Entraigues (pr\u00e8s) (SAINT-JEAN-D'ARVES)", "km_from_start": 46.2, "elevation_m": 1291.48}}, {"type": "Feature", "geometry": {"type": "Point", "coordinates": [6.302613613, 45.19981998]}, "properties": {"stage": 20, "label": "Viaduc des Sallanches", "km_from_start": 48.4, "elevation_m": 1247.94}}, {"type": "Feature", "geometry": {"type": "Point", "coordinates": [6.306535226, 45.211283794]}, "properties": {"stage": 20, "label": "Grand Tunnel", "km_from_start": 49.9, "elevation_m": 1279.72}}, {"type": "Feature", "geometry": {"type": "Point", "coordinates": [6.305603374, 45.217649878]}, "properties": {"stage": 20, "label": "Tunnel de Combe Soudan", "km_from_start": 50.5, "elevation_m": 1285.63}}, {"type": "Feature", "geometry": {"type": "Point", "coordinates": [6.303736783, 45.221962104]}, "properties": {"stage": 20, "label": "Tunnel des Quatre Jarriens - L'Arcellaz", "km_from_start": 51.0, "elevation_m": 1283.37}}, {"type": "Feature", "geometry": {"type": "Point", "coordinates": [6.306442789, 45.22852]}, "properties": {"stage": 20, "label": "Charvin (FONTCOUVERTE-LA-TOUSSUIRE)", "km_from_start": 53.0, "elevation_m": 1116.6}}, {"type": "Feature", "geometry": {"type": "Point", "coordinates": [6.30819, 45.223662418]}, "properties": {"stage": 20, "label": "La Combe B\u00e9rard (FONTCOUVERTE-LA-TOUSSUIRE)", "km_from_start": 53.7, "elevation_m": 1042.49}}, {"type": "Feature", "geometry": {"type": "Point", "coordinates": [6.316434335, 45.245403498]}, "properties": {"stage": 20, "label": "Le Cr\u00eat (FONTCOUVERTE-LA-TOUSSUIRE)", "km_from_start": 56.9, "elevation_m": 802.0}}, {"type": "Feature", "geometry": {"type": "Point", "coordinates": [6.317364527, 45.253416132]}, "properties": {"stage": 20, "label": "La Bettaz (FONTCOUVERTE-LA-TOUSSUIRE)", "km_from_start": 58.0, "elevation_m": 839.62}}, {"type": "Feature", "geometry": {"type": "Point", "coordinates": [6.320850506, 45.257708182]}, "properties": {"stage": 20, "label": "Pierre-Pin Dessous", "km_from_start": 58.6, "elevation_m": 845.28}}, {"type": "Feature", "geometry": {"type": "Point", "coordinates": [6.336139985, 45.269412487]}, "properties": {"stage": 20, "label": "Les Oulles", "km_from_start": 60.4, "elevation_m": 745.77}}, {"type": "Feature", "geometry": {"type": "Point", "coordinates": [6.341520366, 45.272389744]}, "properties": {"stage": 20, "label": "La Fournache", "km_from_start": 61.2, "elevation_m": 685.23}}, {"type": "Feature", "geometry": {"type": "Point", "coordinates": [6.34549222, 45.272674446]}, "properties": {"stage": 20, "label": "SAINT-JEAN-DE-MAURIENNE (D926-D110-D906)", "km_from_start": 61.6, "elevation_m": 653.46}}, {"type": "Feature", "geometry": {"type": "Point", "coordinates": [6.384357946, 45.265952054]}, "properties": {"stage": 20, "label": "D906 Carrefour D906-D1006", "km_from_start": 65.3, "elevation_m": 548.45}}, {"type": "Feature", "geometry": {"type": "Point", "coordinates": [6.39115973, 45.255135135]}, "properties": {"stage": 20, "label": "D1006 SAINT-JULIEN-MONT-DENIS", "km_from_start": 66.5, "elevation_m": 582.8}}, {"type": "Feature", "geometry": {"type": "Point", "coordinates": [6.434244551, 45.241215835]}, "properties": {"stage": 20, "label": "Les \u0152illettes (pr\u00e8s) (SAINT-MARTIN-DE-LA-PORTE)", "km_from_start": 70.7, "elevation_m": 677.03}}, {"type": "Feature", "geometry": {"type": "Point", "coordinates": [6.473425361, 45.214594875]}, "properties": {"stage": 20, "label": "SAINT-MICHEL-DE-MAURIENNE (D1006-D902)", "km_from_start": 75.6, "elevation_m": 713.37}}, {"type": "Feature", "geometry": {"type": "Point", "coordinates": [6.469054837, 45.214326405]}, "properties": {"stage": 20, "label": "D902 SAINT-MARTIN-D'ARC", "km_from_start": 76.1, "elevation_m": 726.23}}, {"type": "Feature", "geometry": {"type": "Point", "coordinates": [6.464018021, 45.208165053]}, "properties": {"stage": 20, "label": "Les Petites Seign\u00e8res", "km_from_start": 78.1, "elevation_m": 872.65}}, {"type": "Feature", "geometry": {"type": "Point", "coordinates": [6.457975826, 45.207872523]}, "properties": {"stage": 20, "label": "Les Grandes Seign\u00e8res", "km_from_start": 78.7, "elevation_m": 922.58}}, {"type": "Feature", "geometry": {"type": "Point", "coordinates": [6.468534079, 45.196335019]}, "properties": {"stage": 20, "label": "Lavizard d'en Bas", "km_from_start": 83.1, "elevation_m": 1256.74}}, {"type": "Feature", "geometry": {"type": "Point", "coordinates": [6.466847172, 45.195642176]}, "properties": {"stage": 20, "label": "Lavizard Dessus", "km_from_start": 84.1, "elevation_m": 1319.24}}, {"type": "Feature", "geometry": {"type": "Point", "coordinates": [6.442979282, 45.198854881]}, "properties": {"stage": 20, "label": "Col du T\u00e9l\u00e9graphe", "km_from_start": 87.6, "elevation_m": 1558.01}}, {"type": "Feature", "geometry": {"type": "Point", "coordinates": [6.434095662, 45.170925382]}, "properties": {"stage": 20, "label": "Les Granges", "km_from_start": 90.7, "elevation_m": 1502.44}}, {"type": "Feature", "geometry": {"type": "Point", "coordinates": [6.433754642, 45.167065832]}, "properties": {"stage": 20, "label": "VALLOIRE (D902-VC-D902)", "km_from_start": 91.1, "elevation_m": 1480.82}}, {"type": "Feature", "geometry": {"type": "Point", "coordinates": [6.420786093, 45.154592888]}, "properties": {"stage": 20, "label": "La Borg\u00e9", "km_from_start": 93.2, "elevation_m": 1429.48}}, {"type": "Feature", "geometry": {"type": "Point", "coordinates": [6.419290856, 45.134312299]}, "properties": {"stage": 20, "label": "Les Verneys", "km_from_start": 95.1, "elevation_m": 1557.41}}, {"type": "Feature", "geometry": {"type": "Point", "coordinates": [6.41761, 45.123830587]}, "properties": {"stage": 20, "label": "Hameau de la Rivine", "km_from_start": 96.1, "elevation_m": 1582.14}}, {"type": "Feature", "geometry": {"type": "Point", "coordinates": [6.425465666, 45.107482871]}, "properties": {"stage": 20, "label": "Hameau de Bonnenuit", "km_from_start": 98.1, "elevation_m": 1669.33}}, {"type": "Feature", "geometry": {"type": "Point", "coordinates": [6.431447578, 45.086879417]}, "properties": {"stage": 20, "label": "Plan Lachat", "km_from_start": 102.1, "elevation_m": 1956.34}}, {"type": "Feature", "geometry": {"type": "Point", "coordinates": [6.411522421, 45.071195993]}, "properties": {"stage": 20, "label": "Les Granges", "km_from_start": 106.1, "elevation_m": 2262.11}}, {"type": "Feature", "geometry": {"type": "Point", "coordinates": [6.407016416, 45.06214516]}, "properties": {"stage": 20, "label": "Carrefour D902-D902 B", "km_from_start": 109.5, "elevation_m": 2525.48}}, {"type": "Feature", "geometry": {"type": "Point", "coordinates": [6.406883588, 45.060044085]}, "properties": {"stage": 20, "label": "Col du Galibier - Souvenir Henri Desgrange", "km_from_start": 110.5, "elevation_m": 2617.16}}, {"type": "Feature", "geometry": {"type": "Point", "coordinates": [6.403906469, 45.05382]}, "properties": {"stage": 20, "label": "Carrefour D902 B-D902", "km_from_start": 111.4, "elevation_m": 2568.42}}, {"type": "Feature", "geometry": {"type": "Point", "coordinates": [6.385244794, 45.03344905]}, "properties": {"stage": 20, "label": "D902 Col du Lautaret (D902-D1091) (LE MON\u00caTIER-LES-BAINS)", "km_from_start": 119.0, "elevation_m": 2064.22}}, {"type": "Feature", "geometry": {"type": "Point", "coordinates": [6.328939242, 45.045887346]}, "properties": {"stage": 20, "label": "D1091 VILLAR-D'AR\u00caNE", "km_from_start": 125.9, "elevation_m": 1693.18}}, {"type": "Feature", "geometry": {"type": "Point", "coordinates": [6.313001608, 45.047492686]}, "properties": {"stage": 20, "label": "Tunnel des Ardoisi\u00e8res", "km_from_start": 127.6, "elevation_m": 1584.85}}, {"type": "Feature", "geometry": {"type": "Point", "coordinates": [6.298825534, 45.044522071]}, "properties": {"stage": 20, "label": "Tunnel du Serre du Coin", "km_from_start": 129.0, "elevation_m": 1510.78}}, {"type": "Feature", "geometry": {"type": "Point", "coordinates": [6.294492725, 45.043997107]}, "properties": {"stage": 20, "label": "LA GRAVE-LA MEIJE", "km_from_start": 129.4, "elevation_m": 1556.31}}, {"type": "Feature", "geometry": {"type": "Point", "coordinates": [6.268500535, 45.042823606]}, "properties": {"stage": 20, "label": "Les Fr\u00e9aux (LA GRAVE)", "km_from_start": 131.8, "elevation_m": 1388.42}}, {"type": "Feature", "geometry": {"type": "Point", "coordinates": [6.240900318, 45.037728032]}, "properties": {"stage": 20, "label": "Tunnel du Grand Clot", "km_from_start": 134.4, "elevation_m": 1315.05}}, {"type": "Feature", "geometry": {"type": "Point", "coordinates": [6.154883028, 45.045299055]}, "properties": {"stage": 20, "label": "Grand Tunnel du Chambon", "km_from_start": 142.5, "elevation_m": 1083.57}}, {"type": "Feature", "geometry": {"type": "Point", "coordinates": [6.142038082, 45.047669964]}, "properties": {"stage": 20, "label": "Carrefour D1091-D25", "km_from_start": 143.7, "elevation_m": 1050.81}}, {"type": "Feature", "geometry": {"type": "Point", "coordinates": [6.142344395, 45.048596572]}, "properties": {"stage": 20, "label": "D25 MIZO\u00cbN", "km_from_start": 144.4, "elevation_m": 1121.15}}, {"type": "Feature", "geometry": {"type": "Point", "coordinates": [6.150909227, 45.064615271]}, "properties": {"stage": 20, "label": "Carrefour D25-D25 A", "km_from_start": 147.2, "elevation_m": 1287.78}}, {"type": "Feature", "geometry": {"type": "Point", "coordinates": [6.155177276, 45.071465759]}, "properties": {"stage": 20, "label": "D25 A Clavans-le-Bas (CLAVANS-EN-HAUT-OISANS)", "km_from_start": 148.0, "elevation_m": 1359.06}}, {"type": "Feature", "geometry": {"type": "Point", "coordinates": [6.159829964, 45.081442282]}, "properties": {"stage": 20, "label": "Clavans-le-Haut (CLAVANS-EN-HAUT-OISANS)", "km_from_start": 149.4, "elevation_m": 1388.76}}, {"type": "Feature", "geometry": {"type": "Point", "coordinates": [6.161146303, 45.098149591]}, "properties": {"stage": 20, "label": "VC Le Perron (CLAVANS-EN-HAUT-OISANS)", "km_from_start": 152.3, "elevation_m": 1598.31}}, {"type": "Feature", "geometry": {"type": "Point", "coordinates": [6.142766957, 45.082342243]}, "properties": {"stage": 20, "label": "Col de Sarenne", "km_from_start": 156.5, "elevation_m": 1999.16}}, {"type": "Feature", "geometry": {"type": "Point", "coordinates": [6.077693913, 45.089042466]}, "properties": {"stage": 20, "label": "ALPE D'HUEZ (VC-D211 F)", "km_from_start": 164.0, "elevation_m": 1826.2}}, {"type": "Feature", "geometry": {"type": "Point", "coordinates": [6.05763956, 45.087830997]}, "properties": {"stage": 20, "label": "D211 F Carrefour D211 F-D211", "km_from_start": 167.1, "elevation_m": 1613.88}}, {"type": "Feature", "geometry": {"type": "Point", "coordinates": [6.058387008, 45.090507837]}, "properties": {"stage": 20, "label": "D211 ALPE D'HUEZ (D211-VC) (entr\u00e9e)", "km_from_start": 168.0, "elevation_m": 1671.51}}, {"type": "Feature", "geometry": {"type": "Point", "coordinates": [6.0711993, 45.094079]}, "properties": {"stage": 20, "label": "VC ALPE D'HUEZ (1 850 m)", "km_from_start": 170.9, "elevation_m": 1835.54}}, {"type": "Feature", "geometry": {"type": "Point", "coordinates": [1.77013, 48.85122]}, "properties": {"stage": 21, "label": "Paris", "km_from_start": 0.0, "elevation_m": 121.0}}, {"type": "Feature", "geometry": {"type": "Point", "coordinates": [1.77013, 48.85122]}, "properties": {"stage": 21, "label": "THOIRY", "km_from_start": 0.0, "elevation_m": 121.0}}, {"type": "Feature", "geometry": {"type": "Point", "coordinates": [1.77013, 48.85122]}, "properties": {"stage": 21, "label": "Transfert vers PARIS Champs-\u00c9lys\u00e9es", "km_from_start": 0.0, "elevation_m": 121.0}}, {"type": "Feature", "geometry": {"type": "Point", "coordinates": [1.77013, 48.85122]}, "properties": {"stage": 21, "label": "PARIS Champs-\u00c9lys\u00e9es", "km_from_start": 0.0, "elevation_m": 113.0}}, {"type": "Feature", "geometry": {"type": "Point", "coordinates": [1.806417986, 48.819183073]}, "properties": {"stage": 21, "label": "2e passage sur la ligne d'arriv\u00e9e", "km_from_start": 6.8, "elevation_m": 100.0}}, {"type": "Feature", "geometry": {"type": "Point", "coordinates": [1.883687801, 48.809031757]}, "properties": {"stage": 21, "label": "3e passage sur la ligne d'arriv\u00e9e", "km_from_start": 13.6, "elevation_m": 105.0}}, {"type": "Feature", "geometry": {"type": "Point", "coordinates": [1.964542222, 48.792256201]}, "properties": {"stage": 21, "label": "4e passage sur la ligne d'arriv\u00e9e", "km_from_start": 20.4, "elevation_m": 75.0}}, {"type": "Feature", "geometry": {"type": "Point", "coordinates": [2.004870991, 48.770565758]}, "properties": {"stage": 21, "label": "D36 Carrefour D36-D38", "km_from_start": 24.7, "elevation_m": 170.0}}, {"type": "Feature", "geometry": {"type": "Point", "coordinates": [2.014133284, 48.773370946]}, "properties": {"stage": 21, "label": "D38 MONTIGNY-LE-BRETONNEUX", "km_from_start": 25.5, "elevation_m": 167.0}}, {"type": "Feature", "geometry": {"type": "Point", "coordinates": [2.032961706, 48.781665654]}, "properties": {"stage": 21, "label": "5e passage sur la ligne d'arriv\u00e9e", "km_from_start": 27.2, "elevation_m": 72.0}}, {"type": "Feature", "geometry": {"type": "Point", "coordinates": [2.040803853, 48.785015021]}, "properties": {"stage": 21, "label": "PARIS - HAUT DES CHAMPS-\u00c9LYS\u00c9ES (5E PASSAGE)", "km_from_start": 27.9, "elevation_m": 63.0}}, {"type": "Feature", "geometry": {"type": "Point", "coordinates": [2.04823707, 48.789279701]}, "properties": {"stage": 21, "label": "GUYANCOURT (D38-D127)", "km_from_start": 28.9, "elevation_m": 167.0}}, {"type": "Feature", "geometry": {"type": "Point", "coordinates": [2.051210615, 48.791071072]}, "properties": {"stage": 21, "label": "D127 MONTIGNY-LE-BRETONNEUX (D127-D10)", "km_from_start": 29.2, "elevation_m": 165.0}}, {"type": "Feature", "geometry": {"type": "Point", "coordinates": [2.055476413, 48.796664775]}, "properties": {"stage": 21, "label": "D10 SAINT-CYR-L'\u00c9COLE", "km_from_start": 30.0, "elevation_m": 163.0}}, {"type": "Feature", "geometry": {"type": "Point", "coordinates": [2.104453449, 48.80331]}, "properties": {"stage": 21, "label": "6e passage sur la ligne d'arriv\u00e9e", "km_from_start": 34.0, "elevation_m": 63.0}}, {"type": "Feature", "geometry": {"type": "Point", "coordinates": [2.117963872, 48.801438953]}, "properties": {"stage": 21, "label": "Ch\u00e2teau de Versailles", "km_from_start": 35.1, "elevation_m": 121.0}}, {"type": "Feature", "geometry": {"type": "Point", "coordinates": [2.120216074, 48.801168256]}, "properties": {"stage": 21, "label": "VERSAILLES (D10-VC-D186-D10-D56)", "km_from_start": 35.3, "elevation_m": 126.0}}, {"type": "Feature", "geometry": {"type": "Point", "coordinates": [2.165549089, 48.798705151]}, "properties": {"stage": 21, "label": "D56 VIROFLAY (D56-VC)", "km_from_start": 39.2, "elevation_m": 128.0}}, {"type": "Feature", "geometry": {"type": "Point", "coordinates": [2.180189644, 48.795934337]}, "properties": {"stage": 21, "label": "VC V\u00c9LIZY-VILLACOUBLAY (VC-D53)", "km_from_start": 40.4, "elevation_m": 120.0}}, {"type": "Feature", "geometry": {"type": "Point", "coordinates": [2.184090847, 48.798230847]}, "properties": {"stage": 21, "label": "7e passage sur la ligne d'arriv\u00e9e", "km_from_start": 40.8, "elevation_m": 75.0}}, {"type": "Feature", "geometry": {"type": "Point", "coordinates": [2.188290846, 48.803776003]}, "properties": {"stage": 21, "label": "D53 CHAVILLE (D53-D181)", "km_from_start": 41.4, "elevation_m": 101.0}}, {"type": "Feature", "geometry": {"type": "Point", "coordinates": [2.205210038, 48.80908251]}, "properties": {"stage": 21, "label": "D181 C\u00f4te du Pav\u00e9 des Gardes", "km_from_start": 43.1, "elevation_m": 169.0}}, {"type": "Feature", "geometry": {"type": "Point", "coordinates": [2.206327271, 48.809486041]}, "properties": {"stage": 21, "label": "S\u00c8VRES", "km_from_start": 43.2, "elevation_m": 172.0}}, {"type": "Feature", "geometry": {"type": "Point", "coordinates": [2.215529565, 48.812617225]}, "properties": {"stage": 21, "label": "MEUDON (D181-D989)", "km_from_start": 44.0, "elevation_m": 160.0}}, {"type": "Feature", "geometry": {"type": "Point", "coordinates": [2.24303937, 48.81994937]}, "properties": {"stage": 21, "label": "D989 ISSY-LES-MOULINEAUX (D989-D7)", "km_from_start": 46.4, "elevation_m": 35.0}}, {"type": "Feature", "geometry": {"type": "Point", "coordinates": [2.24303937, 48.81994937]}, "properties": {"stage": 21, "label": "C\u00f4te de la Butte Montmartre", "km_from_start": 46.4, "elevation_m": 67.0}}, {"type": "Feature", "geometry": {"type": "Point", "coordinates": [2.266477381, 48.835225212]}, "properties": {"stage": 21, "label": "D7 Carrefour D7-VC", "km_from_start": 48.8, "elevation_m": 33.0}}, {"type": "Feature", "geometry": {"type": "Point", "coordinates": [2.268240984, 48.836924731]}, "properties": {"stage": 21, "label": "VC PARIS (entr\u00e9e)", "km_from_start": 49.0, "elevation_m": 33.0}}, {"type": "Feature", "geometry": {"type": "Point", "coordinates": [2.29251927, 48.858373585]}, "properties": {"stage": 21, "label": "Tour Eiffel", "km_from_start": 51.7, "elevation_m": 37.0}}, {"type": "Feature", "geometry": {"type": "Point", "coordinates": [2.321135435, 48.86624029]}, "properties": {"stage": 21, "label": "8e passage sur la ligne d'arriv\u00e9e", "km_from_start": 56.7, "elevation_m": 93.0}}, {"type": "Feature", "geometry": {"type": "Point", "coordinates": [2.313034003, 48.868109305]}, "properties": {"stage": 21, "label": "1er passage sur la ligne d'arriv\u00e9e", "km_from_start": 57.4, "elevation_m": 33.0}}, {"type": "Feature", "geometry": {"type": "Point", "coordinates": [2.330841766, 48.862047061]}, "properties": {"stage": 21, "label": "C\u00f4te de la Butte Montmartre", "km_from_start": 62.4, "elevation_m": 171.0}}, {"type": "Feature", "geometry": {"type": "Point", "coordinates": [2.313004784, 48.868118846]}, "properties": {"stage": 21, "label": "2e passage sur la ligne d'arriv\u00e9e", "km_from_start": 64.2, "elevation_m": 35.0}}, {"type": "Feature", "geometry": {"type": "Point", "coordinates": [2.312969694, 48.868130304]}, "properties": {"stage": 21, "label": "3e passage sur la ligne d'arriv\u00e9e", "km_from_start": 71.0, "elevation_m": 36.0}}, {"type": "Feature", "geometry": {"type": "Point", "coordinates": [2.304690634, 48.870772676]}, "properties": {"stage": 21, "label": "PARIS - HAUT DES CHAMPS-ELYS\u00c9ES (3E PASSAGE)", "km_from_start": 71.7, "elevation_m": 46.0}}, {"type": "Feature", "geometry": {"type": "Point", "coordinates": [2.294610752, 48.873303083]}, "properties": {"stage": 21, "label": "9e passage sur la ligne d'arriv\u00e9e", "km_from_start": 72.7, "elevation_m": 170.0}}, {"type": "Feature", "geometry": {"type": "Point", "coordinates": [2.31175242, 48.86851921]}, "properties": {"stage": 21, "label": "4e passage sur la ligne d'arriv\u00e9e", "km_from_start": 77.9, "elevation_m": 35.0}}, {"type": "Feature", "geometry": {"type": "Point", "coordinates": [2.305843458, 48.870414175]}, "properties": {"stage": 21, "label": "C\u00f4te de la Butte Montmartre", "km_from_start": 78.4, "elevation_m": 169.0}}, {"type": "Feature", "geometry": {"type": "Point", "coordinates": [2.31171591, 48.868531056]}, "properties": {"stage": 21, "label": "5e passage sur la ligne d'arriv\u00e9e", "km_from_start": 84.7, "elevation_m": 34.0}}, {"type": "Feature", "geometry": {"type": "Point", "coordinates": [2.325182546, 48.882942165]}, "properties": {"stage": 21, "label": "PARIS Champs-\u00c9lys\u00e9es", "km_from_start": 88.7, "elevation_m": 166.0}}, {"type": "Feature", "geometry": {"type": "Point", "coordinates": [2.340450734, 48.886864633]}, "properties": {"stage": 21, "label": "C\u00f4te de la Butte Montmartre", "km_from_start": 90.3, "elevation_m": 122.0}}, {"type": "Feature", "geometry": {"type": "Point", "coordinates": [2.311954523, 48.868453217]}, "properties": {"stage": 21, "label": "6e passage sur la ligne d'arriv\u00e9e", "km_from_start": 100.6, "elevation_m": 34.0}}, {"type": "Feature", "geometry": {"type": "Point", "coordinates": [2.340215457, 48.886942507]}, "properties": {"stage": 21, "label": "C\u00f4te de la Butte Montmartre", "km_from_start": 106.2, "elevation_m": 122.0}}, {"type": "Feature", "geometry": {"type": "Point", "coordinates": [2.311010198, 48.868759936]}, "properties": {"stage": 21, "label": "7e passage sur la ligne d'arriv\u00e9e", "km_from_start": 116.6, "elevation_m": 32.0}}, {"type": "Feature", "geometry": {"type": "Point", "coordinates": [2.341149761, 48.88664668]}, "properties": {"stage": 21, "label": "C\u00f4te de la Butte Montmartre", "km_from_start": 122.2, "elevation_m": 127.0}}, {"type": "Feature", "geometry": {"type": "Point", "coordinates": [2.31125081, 48.868681899]}, "properties": {"stage": 21, "label": "PARIS Champs-\u00c9lys\u00e9es", "km_from_start": 132.5, "elevation_m": 33.0}}]}